order_item_id,order_id,product_id,quantity,unit_price,discount_amount,source_system,created_at,updated_at
ITM00012718,ORD005001,PRD000343,1,6980000.00,0.00,ecommerce_api,2026-07-01T18:57:00+07:00,2026-07-01T18:57:00+07:00
ITM00012719,ORD005001,PRD000462,1,5460000.00,0.00,ecommerce_api,2026-07-01T18:57:00+07:00,2026-07-01T18:57:00+07:00
ITM00012720,ORD005001,PRD000093,1,7070000.00,353500.00,ecommerce_api,2026-07-01T18:57:00+07:00,2026-07-01T18:57:00+07:00
ITM00012721,ORD005002,PRD000326,1,5750000.00,575000.00,ecommerce_api,2026-07-01T20:47:00+07:00,2026-07-01T20:47:00+07:00
ITM00012722,ORD005002,PRD000012,1,2130000.00,213000.00,ecommerce_api,2026-07-01T20:47:00+07:00,2026-07-01T20:47:00+07:00
ITM00012723,ORD005003,PRD000179,1,4410000.00,441000.00,ecommerce_api,2026-07-01T14:44:00+07:00,2026-07-01T14:44:00+07:00
ITM00012724,ORD005003,PRD000289,1,3910000.00,0.00,ecommerce_api,2026-07-01T14:44:00+07:00,2026-07-01T14:44:00+07:00
ITM00012725,ORD005003,PRD000467,1,6530000.00,326500.00,ecommerce_api,2026-07-01T14:44:00+07:00,2026-07-01T14:44:00+07:00
ITM00012726,ORD005004,PRD000114,2,6180000.00,1236000.00,ecommerce_api,2026-07-01T18:51:00+07:00,2026-07-01T18:51:00+07:00
ITM00012727,ORD005004,PRD000323,1,5630000.00,563000.00,ecommerce_api,2026-07-01T18:51:00+07:00,2026-07-01T18:51:00+07:00
ITM00012728,ORD005004,PRD000359,1,5480000.00,0.00,ecommerce_api,2026-07-01T18:51:00+07:00,2026-07-01T18:51:00+07:00
ITM00012729,ORD005005,PRD000075,1,5480000.00,548000.00,ecommerce_api,2026-07-01T08:59:00+07:00,2026-07-01T08:59:00+07:00
ITM00012730,ORD005005,PRD000136,2,4120000.00,0.00,ecommerce_api,2026-07-01T08:59:00+07:00,2026-07-01T08:59:00+07:00
ITM00012731,ORD005006,PRD000063,1,7100000.00,0.00,ecommerce_api,2026-07-01T15:05:00+07:00,2026-07-01T15:05:00+07:00
ITM00012732,ORD005006,PRD000297,1,7950000.00,0.00,ecommerce_api,2026-07-01T15:05:00+07:00,2026-07-01T15:05:00+07:00
ITM00012733,ORD005007,PRD000131,1,5310000.00,0.00,ecommerce_api,2026-07-01T08:20:00+07:00,2026-07-01T08:20:00+07:00
ITM00012734,ORD005007,PRD000006,1,2320000.00,116000.00,ecommerce_api,2026-07-01T08:20:00+07:00,2026-07-01T08:20:00+07:00
ITM00012735,ORD005007,PRD000247,2,5400000.00,540000.00,ecommerce_api,2026-07-01T08:20:00+07:00,2026-07-01T08:20:00+07:00
ITM00012736,ORD005008,PRD000225,2,5090000.00,1018000.00,ecommerce_api,2026-07-01T17:39:00+07:00,2026-07-01T17:39:00+07:00
ITM00012737,ORD005008,PRD000194,1,6220000.00,622000.00,ecommerce_api,2026-07-01T17:39:00+07:00,2026-07-01T17:39:00+07:00
ITM00012738,ORD005009,PRD000503,1,3500000.00,0.00,ecommerce_api,2026-07-01T12:32:00+07:00,2026-07-01T12:32:00+07:00
ITM00012739,ORD005009,PRD000394,1,1510000.00,0.00,ecommerce_api,2026-07-01T12:32:00+07:00,2026-07-01T12:32:00+07:00
ITM00012740,ORD005010,PRD000374,1,760000.00,38000.00,ecommerce_api,2026-07-01T08:44:00+07:00,2026-07-01T08:44:00+07:00
ITM00012741,ORD005011,PRD000455,1,3730000.00,0.00,ecommerce_api,2026-07-01T12:38:00+07:00,2026-07-01T12:38:00+07:00
ITM00012742,ORD005012,PRD000017,1,4240000.00,424000.00,ecommerce_api,2026-07-01T22:43:00+07:00,2026-07-01T22:43:00+07:00
ITM00012743,ORD005012,PRD000281,2,7210000.00,721000.00,ecommerce_api,2026-07-01T22:43:00+07:00,2026-07-01T22:43:00+07:00
ITM00012744,ORD005013,PRD000030,1,1340000.00,134000.00,ecommerce_api,2026-07-01T10:25:00+07:00,2026-07-01T10:25:00+07:00
ITM00012745,ORD005013,PRD000474,1,1280000.00,0.00,ecommerce_api,2026-07-01T10:25:00+07:00,2026-07-01T10:25:00+07:00
ITM00012746,ORD005013,PRD000217,1,4790000.00,239500.00,ecommerce_api,2026-07-01T10:25:00+07:00,2026-07-01T10:25:00+07:00
ITM00012747,ORD005014,PRD000297,1,7950000.00,795000.00,ecommerce_api,2026-07-01T18:50:00+07:00,2026-07-01T18:50:00+07:00
ITM00012748,ORD005015,PRD000147,1,6710000.00,671000.00,ecommerce_api,2026-07-01T18:22:00+07:00,2026-07-01T18:22:00+07:00
ITM00012749,ORD005015,PRD000189,2,610000.00,122000.00,ecommerce_api,2026-07-01T18:22:00+07:00,2026-07-01T18:22:00+07:00
ITM00012750,ORD005016,PRD000441,1,1440000.00,144000.00,ecommerce_api,2026-07-01T15:45:00+07:00,2026-07-01T15:45:00+07:00
ITM00012751,ORD005016,PRD000273,1,1830000.00,0.00,ecommerce_api,2026-07-01T15:45:00+07:00,2026-07-01T15:45:00+07:00
ITM00012752,ORD005016,PRD000192,1,470000.00,23500.00,ecommerce_api,2026-07-01T15:45:00+07:00,2026-07-01T15:45:00+07:00
ITM00012753,ORD005016,PRD000202,1,5600000.00,280000.00,ecommerce_api,2026-07-01T15:45:00+07:00,2026-07-01T15:45:00+07:00
ITM00012754,ORD005017,PRD000292,1,1750000.00,87500.00,ecommerce_api,2026-07-01T19:55:00+07:00,2026-07-01T19:55:00+07:00
ITM00012755,ORD005018,PRD000054,1,5460000.00,0.00,ecommerce_api,2026-07-01T15:07:00+07:00,2026-07-01T15:07:00+07:00
ITM00012756,ORD005018,PRD000511,1,150000.00,0.00,ecommerce_api,2026-07-01T15:07:00+07:00,2026-07-01T15:07:00+07:00
ITM00012757,ORD005019,PRD000098,1,4550000.00,227500.00,ecommerce_api,2026-07-01T20:49:00+07:00,2026-07-01T20:49:00+07:00
ITM00012758,ORD005019,PRD000120,2,730000.00,0.00,ecommerce_api,2026-07-01T20:49:00+07:00,2026-07-01T20:49:00+07:00
ITM00012759,ORD005019,PRD000035,1,1900000.00,0.00,ecommerce_api,2026-07-01T20:49:00+07:00,2026-07-01T20:49:00+07:00
ITM00012760,ORD005020,PRD000173,1,7850000.00,785000.00,ecommerce_api,2026-07-01T19:33:00+07:00,2026-07-01T19:33:00+07:00
ITM00012761,ORD005020,PRD000366,1,2930000.00,0.00,ecommerce_api,2026-07-01T19:33:00+07:00,2026-07-01T19:33:00+07:00
ITM00012762,ORD005020,PRD000297,2,7950000.00,0.00,ecommerce_api,2026-07-01T19:33:00+07:00,2026-07-01T19:33:00+07:00
ITM00012763,ORD005021,PRD000363,2,4330000.00,866000.00,ecommerce_api,2026-07-01T22:28:00+07:00,2026-07-01T22:28:00+07:00
ITM00012764,ORD005022,PRD000031,1,2510000.00,0.00,ecommerce_api,2026-07-01T11:28:00+07:00,2026-07-01T11:28:00+07:00
ITM00012765,ORD005023,PRD000248,1,3240000.00,0.00,ecommerce_api,2026-07-01T08:47:00+07:00,2026-07-01T08:47:00+07:00
ITM00012766,ORD005023,PRD000113,1,4290000.00,0.00,ecommerce_api,2026-07-01T08:47:00+07:00,2026-07-01T08:47:00+07:00
ITM00012767,ORD005023,PRD000198,1,1090000.00,54500.00,ecommerce_api,2026-07-01T08:47:00+07:00,2026-07-01T08:47:00+07:00
ITM00012768,ORD005024,PRD000518,2,430000.00,86000.00,ecommerce_api,2026-07-01T22:23:00+07:00,2026-07-01T22:23:00+07:00
ITM00012769,ORD005024,PRD000189,2,610000.00,0.00,ecommerce_api,2026-07-01T22:23:00+07:00,2026-07-01T22:23:00+07:00
ITM00012770,ORD005024,PRD000120,2,730000.00,146000.00,ecommerce_api,2026-07-01T22:23:00+07:00,2026-07-01T22:23:00+07:00
ITM00012771,ORD005025,PRD000377,1,2310000.00,0.00,ecommerce_api,2026-07-01T08:21:00+07:00,2026-07-01T08:21:00+07:00
ITM00012772,ORD005025,PRD000351,2,5360000.00,1072000.00,ecommerce_api,2026-07-01T08:21:00+07:00,2026-07-01T08:21:00+07:00
ITM00012773,ORD005025,PRD000182,1,3580000.00,179000.00,ecommerce_api,2026-07-01T08:21:00+07:00,2026-07-01T08:21:00+07:00
ITM00012774,ORD005025,PRD000206,1,3140000.00,314000.00,ecommerce_api,2026-07-01T08:21:00+07:00,2026-07-01T08:21:00+07:00
ITM00012775,ORD005026,PRD000457,2,5890000.00,0.00,ecommerce_api,2026-07-01T14:29:00+07:00,2026-07-01T14:29:00+07:00
ITM00012776,ORD005026,PRD000411,1,500000.00,0.00,ecommerce_api,2026-07-01T14:29:00+07:00,2026-07-01T14:29:00+07:00
ITM00012777,ORD005026,PRD000465,1,7680000.00,768000.00,ecommerce_api,2026-07-01T14:29:00+07:00,2026-07-01T14:29:00+07:00
ITM00012778,ORD005027,PRD000007,1,5780000.00,0.00,ecommerce_api,2026-07-01T19:27:00+07:00,2026-07-01T19:27:00+07:00
ITM00012779,ORD005027,PRD000035,1,1900000.00,190000.00,ecommerce_api,2026-07-01T19:27:00+07:00,2026-07-01T19:27:00+07:00
ITM00012780,ORD005027,PRD000461,1,4980000.00,249000.00,ecommerce_api,2026-07-01T19:27:00+07:00,2026-07-01T19:27:00+07:00
ITM00012781,ORD005028,PRD000479,1,4710000.00,0.00,ecommerce_api,2026-07-01T18:51:00+07:00,2026-07-01T18:51:00+07:00
ITM00012782,ORD005028,PRD000095,1,830000.00,41500.00,ecommerce_api,2026-07-01T18:51:00+07:00,2026-07-01T18:51:00+07:00
ITM00012783,ORD005028,PRD000279,2,6980000.00,1396000.00,ecommerce_api,2026-07-01T18:51:00+07:00,2026-07-01T18:51:00+07:00
ITM00012784,ORD005029,PRD000068,1,7700000.00,385000.00,ecommerce_api,2026-07-01T08:15:00+07:00,2026-07-01T08:15:00+07:00
ITM00012785,ORD005029,PRD000351,1,5360000.00,0.00,ecommerce_api,2026-07-01T08:15:00+07:00,2026-07-01T08:15:00+07:00
ITM00012786,ORD005029,PRD000451,2,7360000.00,1472000.00,ecommerce_api,2026-07-01T08:15:00+07:00,2026-07-01T08:15:00+07:00
ITM00012787,ORD005030,PRD000514,2,600000.00,60000.00,ecommerce_api,2026-07-01T17:21:00+07:00,2026-07-01T17:21:00+07:00
ITM00012788,ORD005030,PRD000032,2,7120000.00,712000.00,ecommerce_api,2026-07-01T17:21:00+07:00,2026-07-01T17:21:00+07:00
ITM00012789,ORD005031,PRD000064,1,3580000.00,358000.00,ecommerce_api,2026-07-01T16:57:00+07:00,2026-07-01T16:57:00+07:00
ITM00012790,ORD005032,PRD000247,2,5400000.00,540000.00,ecommerce_api,2026-07-01T13:40:00+07:00,2026-07-01T13:40:00+07:00
ITM00012791,ORD005032,PRD000156,1,3130000.00,156500.00,ecommerce_api,2026-07-01T13:40:00+07:00,2026-07-01T13:40:00+07:00
ITM00012792,ORD005033,PRD000272,2,1790000.00,358000.00,ecommerce_api,2026-07-01T09:27:00+07:00,2026-07-01T09:27:00+07:00
ITM00012793,ORD005034,PRD000169,1,1180000.00,0.00,ecommerce_api,2026-07-01T17:12:00+07:00,2026-07-01T17:12:00+07:00
ITM00012794,ORD005035,PRD000076,2,3090000.00,618000.00,ecommerce_api,2026-07-01T17:45:00+07:00,2026-07-01T17:45:00+07:00
ITM00012795,ORD005035,PRD000020,1,1130000.00,113000.00,ecommerce_api,2026-07-01T17:45:00+07:00,2026-07-01T17:45:00+07:00
ITM00012796,ORD005035,PRD000434,1,2080000.00,208000.00,ecommerce_api,2026-07-01T17:45:00+07:00,2026-07-01T17:45:00+07:00
ITM00012797,ORD005036,PRD000281,1,7210000.00,360500.00,ecommerce_api,2026-07-01T18:41:00+07:00,2026-07-01T18:41:00+07:00
ITM00012798,ORD005036,PRD000443,1,5070000.00,0.00,ecommerce_api,2026-07-01T18:41:00+07:00,2026-07-01T18:41:00+07:00
ITM00012799,ORD005036,PRD000024,1,5820000.00,0.00,ecommerce_api,2026-07-01T18:41:00+07:00,2026-07-01T18:41:00+07:00
ITM00012800,ORD005037,PRD000323,2,5630000.00,0.00,ecommerce_api,2026-07-01T09:39:00+07:00,2026-07-01T09:39:00+07:00
ITM00012801,ORD005037,PRD000429,2,4770000.00,0.00,ecommerce_api,2026-07-01T09:39:00+07:00,2026-07-01T09:39:00+07:00
ITM00012802,ORD005037,PRD000423,1,7250000.00,725000.00,ecommerce_api,2026-07-01T09:39:00+07:00,2026-07-01T09:39:00+07:00
ITM00012803,ORD005038,PRD000424,1,1990000.00,0.00,ecommerce_api,2026-07-01T22:11:00+07:00,2026-07-01T22:11:00+07:00
ITM00012804,ORD005038,PRD000360,2,3980000.00,0.00,ecommerce_api,2026-07-01T22:11:00+07:00,2026-07-01T22:11:00+07:00
ITM00012805,ORD005039,PRD000042,2,5120000.00,512000.00,ecommerce_api,2026-07-01T21:26:00+07:00,2026-07-01T21:26:00+07:00
ITM00012806,ORD005039,PRD000141,1,650000.00,0.00,ecommerce_api,2026-07-01T21:26:00+07:00,2026-07-01T21:26:00+07:00
ITM00012807,ORD005040,PRD000207,1,5070000.00,0.00,ecommerce_api,2026-07-01T08:15:00+07:00,2026-07-01T08:15:00+07:00
ITM00012808,ORD005040,PRD000418,1,5200000.00,260000.00,ecommerce_api,2026-07-01T08:15:00+07:00,2026-07-01T08:15:00+07:00
ITM00012809,ORD005041,PRD000150,1,5990000.00,0.00,ecommerce_api,2026-07-01T16:32:00+07:00,2026-07-01T16:32:00+07:00
ITM00012810,ORD005041,PRD000221,2,4680000.00,0.00,ecommerce_api,2026-07-01T16:32:00+07:00,2026-07-01T16:32:00+07:00
ITM00012811,ORD005042,PRD000226,1,5130000.00,0.00,ecommerce_api,2026-07-01T19:54:00+07:00,2026-07-01T19:54:00+07:00
ITM00012812,ORD005042,PRD000141,1,650000.00,0.00,ecommerce_api,2026-07-01T19:54:00+07:00,2026-07-01T19:54:00+07:00
ITM00012813,ORD005042,PRD000409,1,1990000.00,0.00,ecommerce_api,2026-07-01T19:54:00+07:00,2026-07-01T19:54:00+07:00
ITM00012814,ORD005043,PRD000261,2,6910000.00,0.00,ecommerce_api,2026-07-01T12:02:00+07:00,2026-07-01T12:02:00+07:00
ITM00012815,ORD005044,PRD000329,1,1770000.00,177000.00,ecommerce_api,2026-07-01T20:47:00+07:00,2026-07-01T20:47:00+07:00
ITM00012816,ORD005044,PRD000395,2,720000.00,72000.00,ecommerce_api,2026-07-01T20:47:00+07:00,2026-07-01T20:47:00+07:00
ITM00012817,ORD005044,PRD000176,1,4870000.00,0.00,ecommerce_api,2026-07-01T20:47:00+07:00,2026-07-01T20:47:00+07:00
ITM00012818,ORD005045,PRD000280,1,3870000.00,0.00,ecommerce_api,2026-07-01T11:58:00+07:00,2026-07-01T11:58:00+07:00
ITM00012819,ORD005045,PRD000354,2,7550000.00,0.00,ecommerce_api,2026-07-01T11:58:00+07:00,2026-07-01T11:58:00+07:00
ITM00012820,ORD005045,PRD000208,1,420000.00,21000.00,ecommerce_api,2026-07-01T11:58:00+07:00,2026-07-01T11:58:00+07:00
ITM00012821,ORD005045,PRD000015,2,6690000.00,0.00,ecommerce_api,2026-07-01T11:58:00+07:00,2026-07-01T11:58:00+07:00
ITM00012822,ORD005046,PRD000192,1,470000.00,0.00,ecommerce_api,2026-07-01T20:24:00+07:00,2026-07-01T20:24:00+07:00
ITM00012823,ORD005046,PRD000266,1,3990000.00,199500.00,ecommerce_api,2026-07-01T20:24:00+07:00,2026-07-01T20:24:00+07:00
ITM00012824,ORD005046,PRD000390,1,290000.00,0.00,ecommerce_api,2026-07-01T20:24:00+07:00,2026-07-01T20:24:00+07:00
ITM00012825,ORD005047,PRD000353,2,2000000.00,0.00,ecommerce_api,2026-07-01T17:28:00+07:00,2026-07-01T17:28:00+07:00
ITM00012826,ORD005047,PRD000318,1,4170000.00,0.00,ecommerce_api,2026-07-01T17:28:00+07:00,2026-07-01T17:28:00+07:00
ITM00012827,ORD005047,PRD000493,1,2120000.00,0.00,ecommerce_api,2026-07-01T17:28:00+07:00,2026-07-01T17:28:00+07:00
ITM00012828,ORD005048,PRD000093,1,7070000.00,0.00,ecommerce_api,2026-07-01T12:19:00+07:00,2026-07-01T12:19:00+07:00
ITM00012829,ORD005048,PRD000176,1,4870000.00,243500.00,ecommerce_api,2026-07-01T12:19:00+07:00,2026-07-01T12:19:00+07:00
ITM00012830,ORD005048,PRD000018,1,1550000.00,0.00,ecommerce_api,2026-07-01T12:19:00+07:00,2026-07-01T12:19:00+07:00
ITM00012831,ORD005049,PRD000177,1,6020000.00,0.00,ecommerce_api,2026-07-01T10:40:00+07:00,2026-07-01T10:40:00+07:00
ITM00012832,ORD005049,PRD000456,2,6670000.00,0.00,ecommerce_api,2026-07-01T10:40:00+07:00,2026-07-01T10:40:00+07:00
ITM00012833,ORD005050,PRD000084,1,7710000.00,385500.00,ecommerce_api,2026-07-01T09:11:00+07:00,2026-07-01T09:11:00+07:00
ITM00012834,ORD005050,PRD000459,1,3980000.00,0.00,ecommerce_api,2026-07-01T09:11:00+07:00,2026-07-01T09:11:00+07:00
ITM00012835,ORD005051,PRD000204,1,7340000.00,367000.00,ecommerce_api,2026-07-01T12:40:00+07:00,2026-07-01T12:40:00+07:00
ITM00012836,ORD005051,PRD000049,2,1000000.00,0.00,ecommerce_api,2026-07-01T12:40:00+07:00,2026-07-01T12:40:00+07:00
ITM00012837,ORD005051,PRD000504,1,3860000.00,0.00,ecommerce_api,2026-07-01T12:40:00+07:00,2026-07-01T12:40:00+07:00
ITM00012838,ORD005052,PRD000424,1,1990000.00,199000.00,ecommerce_api,2026-07-01T13:03:00+07:00,2026-07-01T13:03:00+07:00
ITM00012839,ORD005052,PRD000074,1,6290000.00,0.00,ecommerce_api,2026-07-01T13:03:00+07:00,2026-07-01T13:03:00+07:00
ITM00012840,ORD005052,PRD000155,1,1030000.00,51500.00,ecommerce_api,2026-07-01T13:03:00+07:00,2026-07-01T13:03:00+07:00
ITM00012841,ORD005053,PRD000319,2,6820000.00,682000.00,ecommerce_api,2026-07-01T15:10:00+07:00,2026-07-01T15:10:00+07:00
ITM00012842,ORD005053,PRD000495,2,1520000.00,152000.00,ecommerce_api,2026-07-01T15:10:00+07:00,2026-07-01T15:10:00+07:00
ITM00012843,ORD005053,PRD000136,1,4120000.00,206000.00,ecommerce_api,2026-07-01T15:10:00+07:00,2026-07-01T15:10:00+07:00
ITM00012844,ORD005053,PRD000188,1,6640000.00,0.00,ecommerce_api,2026-07-01T15:10:00+07:00,2026-07-01T15:10:00+07:00
ITM00012845,ORD005054,PRD000381,1,2410000.00,120500.00,ecommerce_api,2026-07-01T08:17:00+07:00,2026-07-01T08:17:00+07:00
ITM00012846,ORD005054,PRD000279,2,6980000.00,1396000.00,ecommerce_api,2026-07-01T08:17:00+07:00,2026-07-01T08:17:00+07:00
ITM00012847,ORD005054,PRD000362,1,3630000.00,0.00,ecommerce_api,2026-07-01T08:17:00+07:00,2026-07-01T08:17:00+07:00
ITM00012848,ORD005055,PRD000279,1,6980000.00,0.00,ecommerce_api,2026-07-01T19:00:00+07:00,2026-07-01T19:00:00+07:00
ITM00012849,ORD005055,PRD000218,2,7500000.00,750000.00,ecommerce_api,2026-07-01T19:00:00+07:00,2026-07-01T19:00:00+07:00
ITM00012850,ORD005056,PRD000201,1,5810000.00,581000.00,ecommerce_api,2026-07-01T20:08:00+07:00,2026-07-01T20:08:00+07:00
ITM00012851,ORD005056,PRD000495,1,1520000.00,152000.00,ecommerce_api,2026-07-01T20:08:00+07:00,2026-07-01T20:08:00+07:00
ITM00012852,ORD005056,PRD000253,1,2950000.00,295000.00,ecommerce_api,2026-07-01T20:08:00+07:00,2026-07-01T20:08:00+07:00
ITM00012853,ORD005057,PRD000250,1,6250000.00,0.00,ecommerce_api,2026-07-01T08:10:00+07:00,2026-07-01T08:10:00+07:00
ITM00012854,ORD005057,PRD000107,1,3180000.00,318000.00,ecommerce_api,2026-07-01T08:10:00+07:00,2026-07-01T08:10:00+07:00
ITM00012855,ORD005057,PRD000399,2,6190000.00,619000.00,ecommerce_api,2026-07-01T08:10:00+07:00,2026-07-01T08:10:00+07:00
ITM00012856,ORD005058,PRD000411,1,500000.00,50000.00,ecommerce_api,2026-07-01T09:02:00+07:00,2026-07-01T09:02:00+07:00
ITM00012857,ORD005058,PRD000201,1,5810000.00,581000.00,ecommerce_api,2026-07-01T09:02:00+07:00,2026-07-01T09:02:00+07:00
ITM00012858,ORD005059,PRD000080,1,2170000.00,108500.00,ecommerce_api,2026-07-01T12:16:00+07:00,2026-07-01T12:16:00+07:00
ITM00012859,ORD005059,PRD000068,1,7700000.00,0.00,ecommerce_api,2026-07-01T12:16:00+07:00,2026-07-01T12:16:00+07:00
ITM00012860,ORD005059,PRD000260,1,4070000.00,203500.00,ecommerce_api,2026-07-01T12:16:00+07:00,2026-07-01T12:16:00+07:00
ITM00012861,ORD005060,PRD000458,1,3470000.00,173500.00,ecommerce_api,2026-07-01T22:10:00+07:00,2026-07-01T22:10:00+07:00
ITM00012862,ORD005060,PRD000226,2,5130000.00,0.00,ecommerce_api,2026-07-01T22:10:00+07:00,2026-07-01T22:10:00+07:00
ITM00012863,ORD005060,PRD000310,1,920000.00,92000.00,ecommerce_api,2026-07-01T22:10:00+07:00,2026-07-01T22:10:00+07:00
ITM00012864,ORD005061,PRD000214,2,6470000.00,1294000.00,ecommerce_api,2026-07-01T21:44:00+07:00,2026-07-01T21:44:00+07:00
ITM00012865,ORD005061,PRD000355,2,7560000.00,756000.00,ecommerce_api,2026-07-01T21:44:00+07:00,2026-07-01T21:44:00+07:00
ITM00012866,ORD005062,PRD000243,2,2910000.00,582000.00,ecommerce_api,2026-07-01T18:19:00+07:00,2026-07-01T18:19:00+07:00
ITM00012867,ORD005062,PRD000234,1,90000.00,4500.00,ecommerce_api,2026-07-01T18:19:00+07:00,2026-07-01T18:19:00+07:00
ITM00012868,ORD005063,PRD000178,1,290000.00,0.00,ecommerce_api,2026-07-01T16:51:00+07:00,2026-07-01T16:51:00+07:00
ITM00012869,ORD005063,PRD000281,2,7210000.00,0.00,ecommerce_api,2026-07-01T16:51:00+07:00,2026-07-01T16:51:00+07:00
ITM00012870,ORD005063,PRD000197,1,5410000.00,0.00,ecommerce_api,2026-07-01T16:51:00+07:00,2026-07-01T16:51:00+07:00
ITM00012871,ORD005064,PRD000402,2,4000000.00,800000.00,ecommerce_api,2026-07-01T12:14:00+07:00,2026-07-01T12:14:00+07:00
ITM00012872,ORD005064,PRD000024,1,5820000.00,0.00,ecommerce_api,2026-07-01T12:14:00+07:00,2026-07-01T12:14:00+07:00
ITM00012873,ORD005064,PRD000475,1,6570000.00,657000.00,ecommerce_api,2026-07-01T12:14:00+07:00,2026-07-01T12:14:00+07:00
ITM00012874,ORD005065,PRD000196,1,6870000.00,343500.00,ecommerce_api,2026-07-01T16:19:00+07:00,2026-07-01T16:19:00+07:00
ITM00012875,ORD005065,PRD000414,1,2190000.00,0.00,ecommerce_api,2026-07-01T16:19:00+07:00,2026-07-01T16:19:00+07:00
ITM00012876,ORD005066,PRD000449,1,6030000.00,301500.00,ecommerce_api,2026-07-01T19:06:00+07:00,2026-07-01T19:06:00+07:00
ITM00012877,ORD005066,PRD000520,1,4190000.00,0.00,ecommerce_api,2026-07-01T19:06:00+07:00,2026-07-01T19:06:00+07:00
ITM00012878,ORD005066,PRD000133,2,1430000.00,0.00,ecommerce_api,2026-07-01T19:06:00+07:00,2026-07-01T19:06:00+07:00
ITM00012879,ORD005066,PRD000392,2,4720000.00,944000.00,ecommerce_api,2026-07-01T19:06:00+07:00,2026-07-01T19:06:00+07:00
ITM00012880,ORD005067,PRD000136,1,4120000.00,206000.00,ecommerce_api,2026-07-01T11:41:00+07:00,2026-07-01T11:41:00+07:00
ITM00012881,ORD005067,PRD000142,1,3810000.00,0.00,ecommerce_api,2026-07-01T11:41:00+07:00,2026-07-01T11:41:00+07:00
ITM00012882,ORD005068,PRD000263,1,6160000.00,0.00,ecommerce_api,2026-07-01T21:27:00+07:00,2026-07-01T21:27:00+07:00
ITM00012883,ORD005068,PRD000412,2,7960000.00,0.00,ecommerce_api,2026-07-01T21:27:00+07:00,2026-07-01T21:27:00+07:00
ITM00012884,ORD005069,PRD000367,2,420000.00,0.00,ecommerce_api,2026-07-01T08:55:00+07:00,2026-07-01T08:55:00+07:00
ITM00012885,ORD005069,PRD000435,2,4250000.00,850000.00,ecommerce_api,2026-07-01T08:55:00+07:00,2026-07-01T08:55:00+07:00
ITM00012886,ORD005069,PRD000183,2,4980000.00,996000.00,ecommerce_api,2026-07-01T08:55:00+07:00,2026-07-01T08:55:00+07:00
ITM00012887,ORD005069,PRD000025,1,980000.00,49000.00,ecommerce_api,2026-07-01T08:55:00+07:00,2026-07-01T08:55:00+07:00
ITM00012888,ORD005070,PRD000428,2,5610000.00,0.00,ecommerce_api,2026-07-01T18:31:00+07:00,2026-07-01T18:31:00+07:00
ITM00012889,ORD005070,PRD000391,2,6650000.00,1330000.00,ecommerce_api,2026-07-01T18:31:00+07:00,2026-07-01T18:31:00+07:00
ITM00012890,ORD005071,PRD000194,1,6220000.00,622000.00,ecommerce_api,2026-07-01T13:07:00+07:00,2026-07-01T13:07:00+07:00
ITM00012891,ORD005071,PRD000192,1,470000.00,47000.00,ecommerce_api,2026-07-01T13:07:00+07:00,2026-07-01T13:07:00+07:00
ITM00012892,ORD005071,PRD000088,1,5170000.00,517000.00,ecommerce_api,2026-07-01T13:07:00+07:00,2026-07-01T13:07:00+07:00
ITM00012893,ORD005072,PRD000443,1,5070000.00,253500.00,ecommerce_api,2026-07-01T12:43:00+07:00,2026-07-01T12:43:00+07:00
ITM00012894,ORD005072,PRD000281,1,7210000.00,360500.00,ecommerce_api,2026-07-01T12:43:00+07:00,2026-07-01T12:43:00+07:00
ITM00012895,ORD005073,PRD000448,2,7130000.00,713000.00,ecommerce_api,2026-07-01T14:08:00+07:00,2026-07-01T14:08:00+07:00
ITM00012896,ORD005073,PRD000176,1,4870000.00,0.00,ecommerce_api,2026-07-01T14:08:00+07:00,2026-07-01T14:08:00+07:00
ITM00012897,ORD005073,PRD000266,1,3990000.00,0.00,ecommerce_api,2026-07-01T14:08:00+07:00,2026-07-01T14:08:00+07:00
ITM00012898,ORD005073,PRD000340,1,4100000.00,0.00,ecommerce_api,2026-07-01T14:08:00+07:00,2026-07-01T14:08:00+07:00
ITM00012899,ORD005074,PRD000060,2,850000.00,0.00,ecommerce_api,2026-07-01T17:18:00+07:00,2026-07-01T17:18:00+07:00
ITM00012900,ORD005074,PRD000122,1,4580000.00,0.00,ecommerce_api,2026-07-01T17:18:00+07:00,2026-07-01T17:18:00+07:00
ITM00012901,ORD005075,PRD000236,1,3580000.00,0.00,ecommerce_api,2026-07-01T22:08:00+07:00,2026-07-01T22:08:00+07:00
ITM00012902,ORD005075,PRD000512,1,4980000.00,0.00,ecommerce_api,2026-07-01T22:08:00+07:00,2026-07-01T22:08:00+07:00
ITM00012903,ORD005075,PRD000376,1,5190000.00,0.00,ecommerce_api,2026-07-01T22:08:00+07:00,2026-07-01T22:08:00+07:00
ITM00012904,ORD005076,PRD000098,2,4550000.00,910000.00,ecommerce_api,2026-07-01T14:04:00+07:00,2026-07-01T14:04:00+07:00
ITM00012905,ORD005076,PRD000270,1,3940000.00,0.00,ecommerce_api,2026-07-01T14:04:00+07:00,2026-07-01T14:04:00+07:00
ITM00012906,ORD005077,PRD000198,2,1090000.00,0.00,ecommerce_api,2026-07-01T09:46:00+07:00,2026-07-01T09:46:00+07:00
ITM00012907,ORD005077,PRD000216,1,7180000.00,0.00,ecommerce_api,2026-07-01T09:46:00+07:00,2026-07-01T09:46:00+07:00
ITM00012908,ORD005077,PRD000050,2,180000.00,36000.00,ecommerce_api,2026-07-01T09:46:00+07:00,2026-07-01T09:46:00+07:00
ITM00012909,ORD005078,PRD000114,1,6180000.00,309000.00,ecommerce_api,2026-07-01T21:06:00+07:00,2026-07-01T21:06:00+07:00
ITM00012910,ORD005078,PRD000054,1,5460000.00,546000.00,ecommerce_api,2026-07-01T21:06:00+07:00,2026-07-01T21:06:00+07:00
ITM00012911,ORD005078,PRD000322,1,6900000.00,0.00,ecommerce_api,2026-07-01T21:06:00+07:00,2026-07-01T21:06:00+07:00
ITM00012912,ORD005079,PRD000446,1,3190000.00,0.00,ecommerce_api,2026-07-01T14:11:00+07:00,2026-07-01T14:11:00+07:00
ITM00012913,ORD005080,PRD000060,1,850000.00,85000.00,ecommerce_api,2026-07-01T12:34:00+07:00,2026-07-01T12:34:00+07:00
ITM00012914,ORD005080,PRD000009,1,810000.00,0.00,ecommerce_api,2026-07-01T12:34:00+07:00,2026-07-01T12:34:00+07:00
ITM00012915,ORD005080,PRD000438,1,5010000.00,0.00,ecommerce_api,2026-07-01T12:34:00+07:00,2026-07-01T12:34:00+07:00
ITM00012916,ORD005080,PRD000058,1,4390000.00,0.00,ecommerce_api,2026-07-01T12:34:00+07:00,2026-07-01T12:34:00+07:00
ITM00012917,ORD005081,PRD000090,1,5270000.00,263500.00,ecommerce_api,2026-07-01T12:56:00+07:00,2026-07-01T12:56:00+07:00
ITM00012918,ORD005081,PRD000108,1,6610000.00,0.00,ecommerce_api,2026-07-01T12:56:00+07:00,2026-07-01T12:56:00+07:00
ITM00012919,ORD005081,PRD000312,2,4520000.00,452000.00,ecommerce_api,2026-07-01T12:56:00+07:00,2026-07-01T12:56:00+07:00
ITM00012920,ORD005081,PRD000045,1,2790000.00,139500.00,ecommerce_api,2026-07-01T12:56:00+07:00,2026-07-01T12:56:00+07:00
ITM00012921,ORD005082,PRD000164,1,6350000.00,635000.00,ecommerce_api,2026-07-01T22:19:00+07:00,2026-07-01T22:19:00+07:00
ITM00012922,ORD005082,PRD000240,1,6060000.00,606000.00,ecommerce_api,2026-07-01T22:19:00+07:00,2026-07-01T22:19:00+07:00
ITM00012923,ORD005083,PRD000116,2,6680000.00,1336000.00,ecommerce_api,2026-07-01T15:16:00+07:00,2026-07-01T15:16:00+07:00
ITM00012924,ORD005083,PRD000333,1,4870000.00,487000.00,ecommerce_api,2026-07-01T15:16:00+07:00,2026-07-01T15:16:00+07:00
ITM00012925,ORD005083,PRD000460,1,440000.00,44000.00,ecommerce_api,2026-07-01T15:16:00+07:00,2026-07-01T15:16:00+07:00
ITM00012926,ORD005083,PRD000040,1,6300000.00,315000.00,ecommerce_api,2026-07-01T15:16:00+07:00,2026-07-01T15:16:00+07:00
ITM00012927,ORD005084,PRD000256,1,7380000.00,738000.00,ecommerce_api,2026-07-01T08:44:00+07:00,2026-07-01T08:44:00+07:00
ITM00012928,ORD005085,PRD000035,2,1900000.00,190000.00,ecommerce_api,2026-07-01T12:58:00+07:00,2026-07-01T12:58:00+07:00
ITM00012929,ORD005085,PRD000328,2,3680000.00,0.00,ecommerce_api,2026-07-01T12:58:00+07:00,2026-07-01T12:58:00+07:00
ITM00012930,ORD005086,PRD000179,1,4410000.00,0.00,ecommerce_api,2026-07-01T20:56:00+07:00,2026-07-01T20:56:00+07:00
ITM00012931,ORD005086,PRD000487,1,780000.00,0.00,ecommerce_api,2026-07-01T20:56:00+07:00,2026-07-01T20:56:00+07:00
ITM00012932,ORD005087,PRD000110,1,4870000.00,487000.00,ecommerce_api,2026-07-01T18:33:00+07:00,2026-07-01T18:33:00+07:00
ITM00012933,ORD005087,PRD000027,1,5010000.00,0.00,ecommerce_api,2026-07-01T18:33:00+07:00,2026-07-01T18:33:00+07:00
ITM00012934,ORD005087,PRD000145,1,800000.00,80000.00,ecommerce_api,2026-07-01T18:33:00+07:00,2026-07-01T18:33:00+07:00
ITM00012935,ORD005088,PRD000183,2,4980000.00,498000.00,ecommerce_api,2026-07-01T22:59:00+07:00,2026-07-01T22:59:00+07:00
ITM00012936,ORD005089,PRD000279,1,6980000.00,0.00,ecommerce_api,2026-07-01T19:04:00+07:00,2026-07-01T19:04:00+07:00
ITM00012937,ORD005090,PRD000398,1,6290000.00,0.00,ecommerce_api,2026-07-01T09:26:00+07:00,2026-07-01T09:26:00+07:00
ITM00012938,ORD005090,PRD000234,1,90000.00,4500.00,ecommerce_api,2026-07-01T09:26:00+07:00,2026-07-01T09:26:00+07:00
ITM00012939,ORD005090,PRD000473,1,3820000.00,382000.00,ecommerce_api,2026-07-01T09:26:00+07:00,2026-07-01T09:26:00+07:00
ITM00012940,ORD005091,PRD000122,1,4580000.00,458000.00,ecommerce_api,2026-07-01T21:21:00+07:00,2026-07-01T21:21:00+07:00
ITM00012941,ORD005091,PRD000095,2,830000.00,0.00,ecommerce_api,2026-07-01T21:21:00+07:00,2026-07-01T21:21:00+07:00
ITM00012942,ORD005092,PRD000203,2,7720000.00,1544000.00,ecommerce_api,2026-07-01T10:56:00+07:00,2026-07-01T10:56:00+07:00
ITM00012943,ORD005092,PRD000508,2,2800000.00,560000.00,ecommerce_api,2026-07-01T10:56:00+07:00,2026-07-01T10:56:00+07:00
ITM00012944,ORD005093,PRD000429,2,4770000.00,0.00,ecommerce_api,2026-07-01T09:41:00+07:00,2026-07-01T09:41:00+07:00
ITM00012945,ORD005093,PRD000064,1,3580000.00,0.00,ecommerce_api,2026-07-01T09:41:00+07:00,2026-07-01T09:41:00+07:00
ITM00012946,ORD005094,PRD000074,1,6290000.00,0.00,ecommerce_api,2026-07-01T20:39:00+07:00,2026-07-01T20:39:00+07:00
ITM00012947,ORD005094,PRD000453,1,7200000.00,0.00,ecommerce_api,2026-07-01T20:39:00+07:00,2026-07-01T20:39:00+07:00
ITM00012948,ORD005095,PRD000120,1,730000.00,0.00,ecommerce_api,2026-07-01T21:19:00+07:00,2026-07-01T21:19:00+07:00
ITM00012949,ORD005095,PRD000392,1,4720000.00,0.00,ecommerce_api,2026-07-01T21:19:00+07:00,2026-07-01T21:19:00+07:00
ITM00012950,ORD005095,PRD000428,1,5610000.00,0.00,ecommerce_api,2026-07-01T21:19:00+07:00,2026-07-01T21:19:00+07:00
ITM00012951,ORD005096,PRD000047,1,5010000.00,501000.00,ecommerce_api,2026-07-01T16:42:00+07:00,2026-07-01T16:42:00+07:00
ITM00012952,ORD005096,PRD000003,1,6380000.00,638000.00,ecommerce_api,2026-07-01T16:42:00+07:00,2026-07-01T16:42:00+07:00
ITM00012953,ORD005096,PRD000089,2,3880000.00,776000.00,ecommerce_api,2026-07-01T16:42:00+07:00,2026-07-01T16:42:00+07:00
ITM00012954,ORD005097,PRD000486,1,440000.00,44000.00,ecommerce_api,2026-07-01T21:49:00+07:00,2026-07-01T21:49:00+07:00
ITM00012955,ORD005098,PRD000153,1,4520000.00,226000.00,ecommerce_api,2026-07-01T16:03:00+07:00,2026-07-01T16:03:00+07:00
ITM00012956,ORD005098,PRD000079,1,4590000.00,229500.00,ecommerce_api,2026-07-01T16:03:00+07:00,2026-07-01T16:03:00+07:00
ITM00012957,ORD005099,PRD000341,2,3270000.00,0.00,ecommerce_api,2026-07-01T11:03:00+07:00,2026-07-01T11:03:00+07:00
ITM00012958,ORD005099,PRD000394,1,1510000.00,75500.00,ecommerce_api,2026-07-01T11:03:00+07:00,2026-07-01T11:03:00+07:00
ITM00012959,ORD005099,PRD000310,2,920000.00,0.00,ecommerce_api,2026-07-01T11:03:00+07:00,2026-07-01T11:03:00+07:00
ITM00012960,ORD005099,PRD000299,1,5460000.00,273000.00,ecommerce_api,2026-07-01T11:03:00+07:00,2026-07-01T11:03:00+07:00
ITM00012961,ORD005100,PRD000226,2,5130000.00,0.00,ecommerce_api,2026-07-01T20:24:00+07:00,2026-07-01T20:24:00+07:00
ITM00012962,ORD005100,PRD000055,1,5270000.00,0.00,ecommerce_api,2026-07-01T20:24:00+07:00,2026-07-01T20:24:00+07:00
ITM00012963,ORD005100,PRD000314,1,7690000.00,0.00,ecommerce_api,2026-07-01T20:24:00+07:00,2026-07-01T20:24:00+07:00
ITM00012964,ORD005101,PRD000150,1,5990000.00,0.00,ecommerce_api,2026-07-01T20:32:00+07:00,2026-07-01T20:32:00+07:00
ITM00012965,ORD005101,PRD000060,2,850000.00,0.00,ecommerce_api,2026-07-01T20:32:00+07:00,2026-07-01T20:32:00+07:00
ITM00012966,ORD005102,PRD000219,2,810000.00,162000.00,ecommerce_api,2026-07-01T22:45:00+07:00,2026-07-01T22:45:00+07:00
ITM00012967,ORD005102,PRD000450,2,5800000.00,1160000.00,ecommerce_api,2026-07-01T22:45:00+07:00,2026-07-01T22:45:00+07:00
ITM00012968,ORD005102,PRD000281,1,7210000.00,0.00,ecommerce_api,2026-07-01T22:45:00+07:00,2026-07-01T22:45:00+07:00
ITM00012969,ORD005103,PRD000483,2,5890000.00,589000.00,ecommerce_api,2026-07-01T08:30:00+07:00,2026-07-01T08:30:00+07:00
ITM00012970,ORD005104,PRD000079,1,4590000.00,459000.00,ecommerce_api,2026-07-01T14:29:00+07:00,2026-07-01T14:29:00+07:00
ITM00012971,ORD005104,PRD000122,1,4580000.00,458000.00,ecommerce_api,2026-07-01T14:29:00+07:00,2026-07-01T14:29:00+07:00
ITM00012972,ORD005104,PRD000509,1,2970000.00,0.00,ecommerce_api,2026-07-01T14:29:00+07:00,2026-07-01T14:29:00+07:00
ITM00012973,ORD005104,PRD000463,2,5890000.00,0.00,ecommerce_api,2026-07-01T14:29:00+07:00,2026-07-01T14:29:00+07:00
ITM00012974,ORD005105,PRD000247,2,5400000.00,0.00,ecommerce_api,2026-07-01T09:26:00+07:00,2026-07-01T09:26:00+07:00
ITM00012975,ORD005105,PRD000306,2,1920000.00,0.00,ecommerce_api,2026-07-01T09:26:00+07:00,2026-07-01T09:26:00+07:00
ITM00012976,ORD005105,PRD000249,1,7470000.00,373500.00,ecommerce_api,2026-07-01T09:26:00+07:00,2026-07-01T09:26:00+07:00
ITM00012977,ORD005106,PRD000422,1,3880000.00,194000.00,ecommerce_api,2026-07-01T17:43:00+07:00,2026-07-01T17:43:00+07:00
ITM00012978,ORD005106,PRD000445,1,2310000.00,0.00,ecommerce_api,2026-07-01T17:43:00+07:00,2026-07-01T17:43:00+07:00
ITM00012979,ORD005106,PRD000047,1,5010000.00,501000.00,ecommerce_api,2026-07-01T17:43:00+07:00,2026-07-01T17:43:00+07:00
ITM00012980,ORD005106,PRD000496,1,2600000.00,130000.00,ecommerce_api,2026-07-01T17:43:00+07:00,2026-07-01T17:43:00+07:00
ITM00012981,ORD005107,PRD000004,1,6080000.00,0.00,ecommerce_api,2026-07-01T08:55:00+07:00,2026-07-01T08:55:00+07:00
ITM00012982,ORD005107,PRD000035,1,1900000.00,190000.00,ecommerce_api,2026-07-01T08:55:00+07:00,2026-07-01T08:55:00+07:00
ITM00012983,ORD005107,PRD000402,1,4000000.00,200000.00,ecommerce_api,2026-07-01T08:55:00+07:00,2026-07-01T08:55:00+07:00
ITM00012984,ORD005108,PRD000520,1,4190000.00,209500.00,ecommerce_api,2026-07-01T15:50:00+07:00,2026-07-01T15:50:00+07:00
ITM00012985,ORD005109,PRD000143,1,5060000.00,253000.00,ecommerce_api,2026-07-01T12:52:00+07:00,2026-07-01T12:52:00+07:00
ITM00012986,ORD005109,PRD000155,2,1030000.00,0.00,ecommerce_api,2026-07-01T12:52:00+07:00,2026-07-01T12:52:00+07:00
ITM00012987,ORD005109,PRD000234,1,90000.00,0.00,ecommerce_api,2026-07-01T12:52:00+07:00,2026-07-01T12:52:00+07:00
ITM00012988,ORD005110,PRD000168,1,730000.00,0.00,ecommerce_api,2026-07-01T16:55:00+07:00,2026-07-01T16:55:00+07:00
ITM00012989,ORD005110,PRD000378,2,4280000.00,428000.00,ecommerce_api,2026-07-01T16:55:00+07:00,2026-07-01T16:55:00+07:00
ITM00012990,ORD005110,PRD000244,2,3950000.00,395000.00,ecommerce_api,2026-07-01T16:55:00+07:00,2026-07-01T16:55:00+07:00
ITM00012991,ORD005110,PRD000474,1,1280000.00,0.00,ecommerce_api,2026-07-01T16:55:00+07:00,2026-07-01T16:55:00+07:00
ITM00012992,ORD005111,PRD000184,1,3370000.00,168500.00,ecommerce_api,2026-07-01T21:57:00+07:00,2026-07-01T21:57:00+07:00
ITM00012993,ORD005112,PRD000209,2,1220000.00,122000.00,ecommerce_api,2026-07-01T19:09:00+07:00,2026-07-01T19:09:00+07:00
ITM00012994,ORD005112,PRD000427,1,2310000.00,115500.00,ecommerce_api,2026-07-01T19:09:00+07:00,2026-07-01T19:09:00+07:00
ITM00012995,ORD005113,PRD000503,1,3500000.00,350000.00,ecommerce_api,2026-07-01T10:32:00+07:00,2026-07-01T10:32:00+07:00
ITM00012996,ORD005113,PRD000009,1,810000.00,81000.00,ecommerce_api,2026-07-01T10:32:00+07:00,2026-07-01T10:32:00+07:00
ITM00012997,ORD005113,PRD000318,2,4170000.00,417000.00,ecommerce_api,2026-07-01T10:32:00+07:00,2026-07-01T10:32:00+07:00
ITM00012998,ORD005114,PRD000166,1,3150000.00,157500.00,ecommerce_api,2026-07-01T20:43:00+07:00,2026-07-01T20:43:00+07:00
ITM00012999,ORD005114,PRD000144,1,4200000.00,0.00,ecommerce_api,2026-07-01T20:43:00+07:00,2026-07-01T20:43:00+07:00
ITM00013000,ORD005114,PRD000445,2,2310000.00,0.00,ecommerce_api,2026-07-01T20:43:00+07:00,2026-07-01T20:43:00+07:00
ITM00013001,ORD005115,PRD000479,1,4710000.00,0.00,ecommerce_api,2026-07-01T15:54:00+07:00,2026-07-01T15:54:00+07:00
ITM00013002,ORD005115,PRD000235,1,1910000.00,0.00,ecommerce_api,2026-07-01T15:54:00+07:00,2026-07-01T15:54:00+07:00
ITM00013003,ORD005115,PRD000518,1,430000.00,21500.00,ecommerce_api,2026-07-01T15:54:00+07:00,2026-07-01T15:54:00+07:00
ITM00013004,ORD005116,PRD000273,1,1830000.00,183000.00,ecommerce_api,2026-07-01T19:16:00+07:00,2026-07-01T19:16:00+07:00
ITM00013005,ORD005116,PRD000368,1,7670000.00,0.00,ecommerce_api,2026-07-01T19:16:00+07:00,2026-07-01T19:16:00+07:00
ITM00013006,ORD005116,PRD000121,2,2620000.00,0.00,ecommerce_api,2026-07-01T19:16:00+07:00,2026-07-01T19:16:00+07:00
ITM00013007,ORD005116,PRD000043,1,790000.00,79000.00,ecommerce_api,2026-07-01T19:16:00+07:00,2026-07-01T19:16:00+07:00
ITM00013008,ORD005117,PRD000010,1,2980000.00,0.00,ecommerce_api,2026-07-01T16:41:00+07:00,2026-07-01T16:41:00+07:00
ITM00013009,ORD005117,PRD000045,2,2790000.00,0.00,ecommerce_api,2026-07-01T16:41:00+07:00,2026-07-01T16:41:00+07:00
ITM00013010,ORD005117,PRD000319,1,6820000.00,0.00,ecommerce_api,2026-07-01T16:41:00+07:00,2026-07-01T16:41:00+07:00
ITM00013011,ORD005118,PRD000387,1,1460000.00,73000.00,ecommerce_api,2026-07-01T19:25:00+07:00,2026-07-01T19:25:00+07:00
ITM00013012,ORD005118,PRD000421,2,6540000.00,1308000.00,ecommerce_api,2026-07-01T19:25:00+07:00,2026-07-01T19:25:00+07:00
ITM00013013,ORD005118,PRD000474,1,1280000.00,0.00,ecommerce_api,2026-07-01T19:25:00+07:00,2026-07-01T19:25:00+07:00
ITM00013014,ORD005118,PRD000033,1,6110000.00,305500.00,ecommerce_api,2026-07-01T19:25:00+07:00,2026-07-01T19:25:00+07:00
ITM00013015,ORD005119,PRD000049,2,1000000.00,0.00,ecommerce_api,2026-07-01T08:28:00+07:00,2026-07-01T08:28:00+07:00
ITM00013016,ORD005119,PRD000422,1,3880000.00,0.00,ecommerce_api,2026-07-01T08:28:00+07:00,2026-07-01T08:28:00+07:00
ITM00013017,ORD005119,PRD000377,2,2310000.00,0.00,ecommerce_api,2026-07-01T08:28:00+07:00,2026-07-01T08:28:00+07:00
ITM00013018,ORD005120,PRD000118,2,740000.00,74000.00,ecommerce_api,2026-07-01T13:31:00+07:00,2026-07-01T13:31:00+07:00
ITM00013019,ORD005121,PRD000462,2,5460000.00,1092000.00,ecommerce_api,2026-07-01T09:56:00+07:00,2026-07-01T09:56:00+07:00
ITM00013020,ORD005121,PRD000464,1,4170000.00,208500.00,ecommerce_api,2026-07-01T09:56:00+07:00,2026-07-01T09:56:00+07:00
ITM00013021,ORD005122,PRD000227,2,7680000.00,0.00,ecommerce_api,2026-07-01T22:28:00+07:00,2026-07-01T22:28:00+07:00
ITM00013022,ORD005122,PRD000191,1,5970000.00,0.00,ecommerce_api,2026-07-01T22:28:00+07:00,2026-07-01T22:28:00+07:00
ITM00013023,ORD005123,PRD000492,2,3620000.00,724000.00,ecommerce_api,2026-07-01T19:47:00+07:00,2026-07-01T19:47:00+07:00
ITM00013024,ORD005123,PRD000305,2,2160000.00,432000.00,ecommerce_api,2026-07-01T19:47:00+07:00,2026-07-01T19:47:00+07:00
ITM00013025,ORD005124,PRD000283,1,7040000.00,704000.00,ecommerce_api,2026-07-01T09:43:00+07:00,2026-07-01T09:43:00+07:00
ITM00013026,ORD005124,PRD000110,1,4870000.00,0.00,ecommerce_api,2026-07-01T09:43:00+07:00,2026-07-01T09:43:00+07:00
ITM00013027,ORD005125,PRD000212,1,4690000.00,0.00,ecommerce_api,2026-07-01T19:44:00+07:00,2026-07-01T19:44:00+07:00
ITM00013028,ORD005125,PRD000190,1,6200000.00,0.00,ecommerce_api,2026-07-01T19:44:00+07:00,2026-07-01T19:44:00+07:00
ITM00013029,ORD005126,PRD000139,1,4900000.00,0.00,ecommerce_api,2026-07-01T12:13:00+07:00,2026-07-01T12:13:00+07:00
ITM00013030,ORD005126,PRD000009,1,810000.00,0.00,ecommerce_api,2026-07-01T12:13:00+07:00,2026-07-01T12:13:00+07:00
ITM00013031,ORD005127,PRD000453,1,7200000.00,720000.00,ecommerce_api,2026-07-01T13:52:00+07:00,2026-07-01T13:52:00+07:00
ITM00013032,ORD005127,PRD000173,1,7850000.00,0.00,ecommerce_api,2026-07-01T13:52:00+07:00,2026-07-01T13:52:00+07:00
ITM00013033,ORD005127,PRD000104,1,2560000.00,256000.00,ecommerce_api,2026-07-01T13:52:00+07:00,2026-07-01T13:52:00+07:00
ITM00013034,ORD005128,PRD000303,1,1520000.00,0.00,ecommerce_api,2026-07-01T12:44:00+07:00,2026-07-01T12:44:00+07:00
ITM00013035,ORD005128,PRD000417,1,6400000.00,640000.00,ecommerce_api,2026-07-01T12:44:00+07:00,2026-07-01T12:44:00+07:00
ITM00013036,ORD005128,PRD000230,1,1360000.00,68000.00,ecommerce_api,2026-07-01T12:44:00+07:00,2026-07-01T12:44:00+07:00
ITM00013037,ORD005129,PRD000274,2,3120000.00,624000.00,ecommerce_api,2026-07-01T12:24:00+07:00,2026-07-01T12:24:00+07:00
ITM00013038,ORD005130,PRD000182,1,3580000.00,358000.00,ecommerce_api,2026-07-01T21:12:00+07:00,2026-07-01T21:12:00+07:00
ITM00013039,ORD005130,PRD000401,1,2320000.00,232000.00,ecommerce_api,2026-07-01T21:12:00+07:00,2026-07-01T21:12:00+07:00
ITM00013040,ORD005130,PRD000349,1,5630000.00,281500.00,ecommerce_api,2026-07-01T21:12:00+07:00,2026-07-01T21:12:00+07:00
ITM00013041,ORD005130,PRD000141,1,650000.00,32500.00,ecommerce_api,2026-07-01T21:12:00+07:00,2026-07-01T21:12:00+07:00
ITM00013042,ORD005131,PRD000091,1,5340000.00,0.00,ecommerce_api,2026-07-01T12:07:00+07:00,2026-07-01T12:07:00+07:00
ITM00013043,ORD005131,PRD000019,1,3820000.00,382000.00,ecommerce_api,2026-07-01T12:07:00+07:00,2026-07-01T12:07:00+07:00
ITM00013044,ORD005131,PRD000032,1,7120000.00,356000.00,ecommerce_api,2026-07-01T12:07:00+07:00,2026-07-01T12:07:00+07:00
ITM00013045,ORD005131,PRD000305,1,2160000.00,108000.00,ecommerce_api,2026-07-01T12:07:00+07:00,2026-07-01T12:07:00+07:00
ITM00013046,ORD005132,PRD000068,1,7700000.00,770000.00,ecommerce_api,2026-07-01T20:56:00+07:00,2026-07-01T20:56:00+07:00
ITM00013047,ORD005132,PRD000287,1,7260000.00,726000.00,ecommerce_api,2026-07-01T20:56:00+07:00,2026-07-01T20:56:00+07:00
ITM00013048,ORD005132,PRD000087,1,240000.00,0.00,ecommerce_api,2026-07-01T20:56:00+07:00,2026-07-01T20:56:00+07:00
ITM00013049,ORD005133,PRD000406,2,2780000.00,556000.00,ecommerce_api,2026-07-01T14:33:00+07:00,2026-07-01T14:33:00+07:00
ITM00013050,ORD005134,PRD000518,1,430000.00,0.00,ecommerce_api,2026-07-01T08:12:00+07:00,2026-07-01T08:12:00+07:00
ITM00013051,ORD005134,PRD000372,1,6170000.00,0.00,ecommerce_api,2026-07-01T08:12:00+07:00,2026-07-01T08:12:00+07:00
ITM00013052,ORD005134,PRD000401,1,2320000.00,0.00,ecommerce_api,2026-07-01T08:12:00+07:00,2026-07-01T08:12:00+07:00
ITM00013053,ORD005134,PRD000447,1,5000000.00,0.00,ecommerce_api,2026-07-01T08:12:00+07:00,2026-07-01T08:12:00+07:00
ITM00013054,ORD005135,PRD000270,1,3940000.00,394000.00,ecommerce_api,2026-07-01T17:57:00+07:00,2026-07-01T17:57:00+07:00
ITM00013055,ORD005135,PRD000175,1,360000.00,18000.00,ecommerce_api,2026-07-01T17:57:00+07:00,2026-07-01T17:57:00+07:00
ITM00013056,ORD005135,PRD000055,1,5270000.00,263500.00,ecommerce_api,2026-07-01T17:57:00+07:00,2026-07-01T17:57:00+07:00
ITM00013057,ORD005135,PRD000239,1,3680000.00,368000.00,ecommerce_api,2026-07-01T17:57:00+07:00,2026-07-01T17:57:00+07:00
ITM00013058,ORD005136,PRD000391,1,6650000.00,0.00,ecommerce_api,2026-07-01T09:48:00+07:00,2026-07-01T09:48:00+07:00
ITM00013059,ORD005137,PRD000330,1,6780000.00,339000.00,ecommerce_api,2026-07-01T21:02:00+07:00,2026-07-01T21:02:00+07:00
ITM00013060,ORD005137,PRD000012,1,2130000.00,106500.00,ecommerce_api,2026-07-01T21:02:00+07:00,2026-07-01T21:02:00+07:00
ITM00013061,ORD005137,PRD000136,1,4120000.00,0.00,ecommerce_api,2026-07-01T21:02:00+07:00,2026-07-01T21:02:00+07:00
ITM00013062,ORD005137,PRD000219,2,810000.00,0.00,ecommerce_api,2026-07-01T21:02:00+07:00,2026-07-01T21:02:00+07:00
ITM00013063,ORD005138,PRD000392,1,4720000.00,472000.00,ecommerce_api,2026-07-01T12:33:00+07:00,2026-07-01T12:33:00+07:00
ITM00013064,ORD005138,PRD000341,1,3270000.00,0.00,ecommerce_api,2026-07-01T12:33:00+07:00,2026-07-01T12:33:00+07:00
ITM00013065,ORD005138,PRD000029,2,3740000.00,374000.00,ecommerce_api,2026-07-01T12:33:00+07:00,2026-07-01T12:33:00+07:00
ITM00013066,ORD005138,PRD000286,1,5700000.00,285000.00,ecommerce_api,2026-07-01T12:33:00+07:00,2026-07-01T12:33:00+07:00
ITM00013067,ORD005139,PRD000279,1,6980000.00,0.00,ecommerce_api,2026-07-01T18:09:00+07:00,2026-07-01T18:09:00+07:00
ITM00013068,ORD005139,PRD000257,1,1310000.00,131000.00,ecommerce_api,2026-07-01T18:09:00+07:00,2026-07-01T18:09:00+07:00
ITM00013069,ORD005139,PRD000375,1,4900000.00,245000.00,ecommerce_api,2026-07-01T18:09:00+07:00,2026-07-01T18:09:00+07:00
ITM00013070,ORD005139,PRD000252,1,7050000.00,0.00,ecommerce_api,2026-07-01T18:09:00+07:00,2026-07-01T18:09:00+07:00
ITM00013071,ORD005140,PRD000119,2,380000.00,38000.00,ecommerce_api,2026-07-01T20:37:00+07:00,2026-07-01T20:37:00+07:00
ITM00013072,ORD005140,PRD000013,1,2600000.00,260000.00,ecommerce_api,2026-07-01T20:37:00+07:00,2026-07-01T20:37:00+07:00
ITM00013073,ORD005141,PRD000363,1,4330000.00,216500.00,ecommerce_api,2026-07-01T10:14:00+07:00,2026-07-01T10:14:00+07:00
ITM00013074,ORD005141,PRD000351,1,5360000.00,536000.00,ecommerce_api,2026-07-01T10:14:00+07:00,2026-07-01T10:14:00+07:00
ITM00013075,ORD005141,PRD000320,2,2070000.00,0.00,ecommerce_api,2026-07-01T10:14:00+07:00,2026-07-01T10:14:00+07:00
ITM00013076,ORD005142,PRD000479,1,4710000.00,0.00,ecommerce_api,2026-07-01T22:22:00+07:00,2026-07-01T22:22:00+07:00
ITM00013077,ORD005142,PRD000326,1,5750000.00,287500.00,ecommerce_api,2026-07-01T22:22:00+07:00,2026-07-01T22:22:00+07:00
ITM00013078,ORD005142,PRD000514,1,600000.00,0.00,ecommerce_api,2026-07-01T22:22:00+07:00,2026-07-01T22:22:00+07:00
ITM00013079,ORD005143,PRD000209,1,1220000.00,0.00,ecommerce_api,2026-07-01T14:48:00+07:00,2026-07-01T14:48:00+07:00
ITM00013080,ORD005143,PRD000184,1,3370000.00,0.00,ecommerce_api,2026-07-01T14:48:00+07:00,2026-07-01T14:48:00+07:00
ITM00013081,ORD005143,PRD000041,2,6370000.00,1274000.00,ecommerce_api,2026-07-01T14:48:00+07:00,2026-07-01T14:48:00+07:00
ITM00013082,ORD005143,PRD000424,1,1990000.00,0.00,ecommerce_api,2026-07-01T14:48:00+07:00,2026-07-01T14:48:00+07:00
ITM00013083,ORD005144,PRD000032,2,7120000.00,0.00,ecommerce_api,2026-07-01T15:47:00+07:00,2026-07-01T15:47:00+07:00
ITM00013084,ORD005144,PRD000428,1,5610000.00,280500.00,ecommerce_api,2026-07-01T15:47:00+07:00,2026-07-01T15:47:00+07:00
ITM00013085,ORD005144,PRD000196,1,6870000.00,0.00,ecommerce_api,2026-07-01T15:47:00+07:00,2026-07-01T15:47:00+07:00
ITM00013086,ORD005145,PRD000395,1,720000.00,0.00,ecommerce_api,2026-07-01T15:56:00+07:00,2026-07-01T15:56:00+07:00
ITM00013087,ORD005145,PRD000431,1,5050000.00,0.00,ecommerce_api,2026-07-01T15:56:00+07:00,2026-07-01T15:56:00+07:00
ITM00013088,ORD005146,PRD000189,1,610000.00,30500.00,ecommerce_api,2026-07-01T19:21:00+07:00,2026-07-01T19:21:00+07:00
ITM00013089,ORD005146,PRD000226,1,5130000.00,0.00,ecommerce_api,2026-07-01T19:21:00+07:00,2026-07-01T19:21:00+07:00
ITM00013090,ORD005147,PRD000293,1,6490000.00,649000.00,ecommerce_api,2026-07-01T22:31:00+07:00,2026-07-01T22:31:00+07:00
ITM00013091,ORD005147,PRD000357,1,2360000.00,0.00,ecommerce_api,2026-07-01T22:31:00+07:00,2026-07-01T22:31:00+07:00
ITM00013092,ORD005148,PRD000337,1,6770000.00,0.00,ecommerce_api,2026-07-01T09:18:00+07:00,2026-07-01T09:18:00+07:00
ITM00013093,ORD005149,PRD000361,1,7860000.00,786000.00,ecommerce_api,2026-07-01T10:59:00+07:00,2026-07-01T10:59:00+07:00
ITM00013094,ORD005149,PRD000329,1,1770000.00,0.00,ecommerce_api,2026-07-01T10:59:00+07:00,2026-07-01T10:59:00+07:00
ITM00013095,ORD005149,PRD000230,1,1360000.00,136000.00,ecommerce_api,2026-07-01T10:59:00+07:00,2026-07-01T10:59:00+07:00
ITM00013096,ORD005149,PRD000094,1,5840000.00,292000.00,ecommerce_api,2026-07-01T10:59:00+07:00,2026-07-01T10:59:00+07:00
ITM00013097,ORD005150,PRD000328,1,3680000.00,0.00,ecommerce_api,2026-07-01T09:09:00+07:00,2026-07-01T09:09:00+07:00
ITM00013098,ORD005150,PRD000024,1,5820000.00,291000.00,ecommerce_api,2026-07-01T09:09:00+07:00,2026-07-01T09:09:00+07:00
ITM00013099,ORD005151,PRD000434,1,2080000.00,208000.00,ecommerce_api,2026-07-01T18:57:00+07:00,2026-07-01T18:57:00+07:00
ITM00013100,ORD005151,PRD000017,2,4240000.00,0.00,ecommerce_api,2026-07-01T18:57:00+07:00,2026-07-01T18:57:00+07:00
ITM00013101,ORD005151,PRD000030,1,1340000.00,0.00,ecommerce_api,2026-07-01T18:57:00+07:00,2026-07-01T18:57:00+07:00
ITM00013102,ORD005152,PRD000126,1,7050000.00,705000.00,ecommerce_api,2026-07-01T11:17:00+07:00,2026-07-01T11:17:00+07:00
ITM00013103,ORD005152,PRD000382,2,4700000.00,470000.00,ecommerce_api,2026-07-01T11:17:00+07:00,2026-07-01T11:17:00+07:00
ITM00013104,ORD005152,PRD000142,2,3810000.00,0.00,ecommerce_api,2026-07-01T11:17:00+07:00,2026-07-01T11:17:00+07:00
ITM00013105,ORD005153,PRD000293,1,6490000.00,0.00,ecommerce_api,2026-07-01T15:31:00+07:00,2026-07-01T15:31:00+07:00
ITM00013106,ORD005153,PRD000500,2,1940000.00,0.00,ecommerce_api,2026-07-01T15:31:00+07:00,2026-07-01T15:31:00+07:00
ITM00013107,ORD005153,PRD000484,1,4500000.00,225000.00,ecommerce_api,2026-07-01T15:31:00+07:00,2026-07-01T15:31:00+07:00
ITM00013108,ORD005153,PRD000308,1,1660000.00,83000.00,ecommerce_api,2026-07-01T15:31:00+07:00,2026-07-01T15:31:00+07:00
ITM00013109,ORD005154,PRD000461,1,4980000.00,498000.00,ecommerce_api,2026-07-01T14:17:00+07:00,2026-07-01T14:17:00+07:00
ITM00013110,ORD005155,PRD000105,1,2130000.00,106500.00,ecommerce_api,2026-07-01T19:48:00+07:00,2026-07-01T19:48:00+07:00
ITM00013111,ORD005155,PRD000090,2,5270000.00,527000.00,ecommerce_api,2026-07-01T19:48:00+07:00,2026-07-01T19:48:00+07:00
ITM00013112,ORD005156,PRD000087,1,240000.00,24000.00,ecommerce_api,2026-07-01T14:37:00+07:00,2026-07-01T14:37:00+07:00
ITM00013113,ORD005156,PRD000286,1,5700000.00,285000.00,ecommerce_api,2026-07-01T14:37:00+07:00,2026-07-01T14:37:00+07:00
ITM00013114,ORD005156,PRD000090,1,5270000.00,0.00,ecommerce_api,2026-07-01T14:37:00+07:00,2026-07-01T14:37:00+07:00
ITM00013115,ORD005157,PRD000045,1,2790000.00,279000.00,ecommerce_api,2026-07-01T08:46:00+07:00,2026-07-01T08:46:00+07:00
ITM00013116,ORD005157,PRD000205,1,2780000.00,278000.00,ecommerce_api,2026-07-01T08:46:00+07:00,2026-07-01T08:46:00+07:00
ITM00013117,ORD005158,PRD000287,1,7260000.00,0.00,ecommerce_api,2026-07-01T11:09:00+07:00,2026-07-01T11:09:00+07:00
ITM00013118,ORD005159,PRD000087,1,240000.00,0.00,ecommerce_api,2026-07-01T17:11:00+07:00,2026-07-01T17:11:00+07:00
ITM00013119,ORD005159,PRD000099,2,3190000.00,0.00,ecommerce_api,2026-07-01T17:11:00+07:00,2026-07-01T17:11:00+07:00
ITM00013120,ORD005159,PRD000325,1,1510000.00,0.00,ecommerce_api,2026-07-01T17:11:00+07:00,2026-07-01T17:11:00+07:00
ITM00013121,ORD005160,PRD000441,1,1440000.00,0.00,ecommerce_api,2026-07-01T20:59:00+07:00,2026-07-01T20:59:00+07:00
ITM00013122,ORD005160,PRD000222,2,6400000.00,0.00,ecommerce_api,2026-07-01T20:59:00+07:00,2026-07-01T20:59:00+07:00
ITM00013123,ORD005161,PRD000266,1,3990000.00,0.00,ecommerce_api,2026-07-01T22:58:00+07:00,2026-07-01T22:58:00+07:00
ITM00013124,ORD005162,PRD000203,1,7720000.00,386000.00,ecommerce_api,2026-07-01T16:36:00+07:00,2026-07-01T16:36:00+07:00
ITM00013125,ORD005162,PRD000195,1,3340000.00,0.00,ecommerce_api,2026-07-01T16:36:00+07:00,2026-07-01T16:36:00+07:00
ITM00013126,ORD005162,PRD000178,1,290000.00,0.00,ecommerce_api,2026-07-01T16:36:00+07:00,2026-07-01T16:36:00+07:00
ITM00013127,ORD005163,PRD000264,1,5710000.00,285500.00,ecommerce_api,2026-07-01T10:41:00+07:00,2026-07-01T10:41:00+07:00
ITM00013128,ORD005163,PRD000416,1,3670000.00,183500.00,ecommerce_api,2026-07-01T10:41:00+07:00,2026-07-01T10:41:00+07:00
ITM00013129,ORD005163,PRD000008,2,1180000.00,0.00,ecommerce_api,2026-07-01T10:41:00+07:00,2026-07-01T10:41:00+07:00
ITM00013130,ORD005164,PRD000213,2,3610000.00,0.00,ecommerce_api,2026-07-01T14:49:00+07:00,2026-07-01T14:49:00+07:00
ITM00013131,ORD005164,PRD000299,1,5460000.00,0.00,ecommerce_api,2026-07-01T14:49:00+07:00,2026-07-01T14:49:00+07:00
ITM00013132,ORD005164,PRD000479,1,4710000.00,235500.00,ecommerce_api,2026-07-01T14:49:00+07:00,2026-07-01T14:49:00+07:00
ITM00013133,ORD005165,PRD000480,1,1150000.00,115000.00,ecommerce_api,2026-07-01T16:43:00+07:00,2026-07-01T16:43:00+07:00
ITM00013134,ORD005165,PRD000142,1,3810000.00,0.00,ecommerce_api,2026-07-01T16:43:00+07:00,2026-07-01T16:43:00+07:00
ITM00013135,ORD005165,PRD000427,2,2310000.00,462000.00,ecommerce_api,2026-07-01T16:43:00+07:00,2026-07-01T16:43:00+07:00
ITM00013136,ORD005166,PRD000357,1,2360000.00,0.00,ecommerce_api,2026-07-01T11:26:00+07:00,2026-07-01T11:26:00+07:00
ITM00013137,ORD005166,PRD000312,1,4520000.00,452000.00,ecommerce_api,2026-07-01T11:26:00+07:00,2026-07-01T11:26:00+07:00
ITM00013138,ORD005166,PRD000126,1,7050000.00,0.00,ecommerce_api,2026-07-01T11:26:00+07:00,2026-07-01T11:26:00+07:00
ITM00013139,ORD005167,PRD000228,1,3910000.00,0.00,ecommerce_api,2026-07-01T17:46:00+07:00,2026-07-01T17:46:00+07:00
ITM00013140,ORD005167,PRD000322,1,6900000.00,345000.00,ecommerce_api,2026-07-01T17:46:00+07:00,2026-07-01T17:46:00+07:00
ITM00013141,ORD005168,PRD000442,1,5640000.00,0.00,ecommerce_api,2026-07-01T11:50:00+07:00,2026-07-01T11:50:00+07:00
ITM00013142,ORD005168,PRD000294,1,5180000.00,518000.00,ecommerce_api,2026-07-01T11:50:00+07:00,2026-07-01T11:50:00+07:00
ITM00013143,ORD005169,PRD000478,1,4590000.00,0.00,ecommerce_api,2026-07-01T15:31:00+07:00,2026-07-01T15:31:00+07:00
ITM00013144,ORD005169,PRD000462,2,5460000.00,546000.00,ecommerce_api,2026-07-01T15:31:00+07:00,2026-07-01T15:31:00+07:00
ITM00013145,ORD005169,PRD000297,1,7950000.00,397500.00,ecommerce_api,2026-07-01T15:31:00+07:00,2026-07-01T15:31:00+07:00
ITM00013146,ORD005169,PRD000013,2,2600000.00,0.00,ecommerce_api,2026-07-01T15:31:00+07:00,2026-07-01T15:31:00+07:00
ITM00013147,ORD005170,PRD000281,1,7210000.00,721000.00,ecommerce_api,2026-07-01T14:02:00+07:00,2026-07-01T14:02:00+07:00
ITM00013148,ORD005170,PRD000185,1,720000.00,0.00,ecommerce_api,2026-07-01T14:02:00+07:00,2026-07-01T14:02:00+07:00
ITM00013149,ORD005170,PRD000004,2,6080000.00,0.00,ecommerce_api,2026-07-01T14:02:00+07:00,2026-07-01T14:02:00+07:00
ITM00013150,ORD005171,PRD000455,1,3730000.00,373000.00,ecommerce_api,2026-07-01T11:57:00+07:00,2026-07-01T11:57:00+07:00
ITM00013151,ORD005171,PRD000020,2,1130000.00,226000.00,ecommerce_api,2026-07-01T11:57:00+07:00,2026-07-01T11:57:00+07:00
ITM00013152,ORD005172,PRD000455,2,3730000.00,373000.00,ecommerce_api,2026-07-01T08:33:00+07:00,2026-07-01T08:33:00+07:00
ITM00013153,ORD005172,PRD000097,1,4110000.00,0.00,ecommerce_api,2026-07-01T08:33:00+07:00,2026-07-01T08:33:00+07:00
ITM00013154,ORD005173,PRD000159,1,1430000.00,71500.00,ecommerce_api,2026-07-01T22:26:00+07:00,2026-07-01T22:26:00+07:00
ITM00013155,ORD005173,PRD000067,1,4190000.00,0.00,ecommerce_api,2026-07-01T22:26:00+07:00,2026-07-01T22:26:00+07:00
ITM00013156,ORD005173,PRD000229,2,3090000.00,618000.00,ecommerce_api,2026-07-01T22:26:00+07:00,2026-07-01T22:26:00+07:00
ITM00013157,ORD005174,PRD000280,2,3870000.00,0.00,ecommerce_api,2026-07-01T12:57:00+07:00,2026-07-01T12:57:00+07:00
ITM00013158,ORD005174,PRD000195,2,3340000.00,0.00,ecommerce_api,2026-07-01T12:57:00+07:00,2026-07-01T12:57:00+07:00
ITM00013159,ORD005174,PRD000406,1,2780000.00,0.00,ecommerce_api,2026-07-01T12:57:00+07:00,2026-07-01T12:57:00+07:00
ITM00013160,ORD005175,PRD000020,1,1130000.00,0.00,ecommerce_api,2026-07-01T11:12:00+07:00,2026-07-01T11:12:00+07:00
ITM00013161,ORD005175,PRD000100,2,2060000.00,0.00,ecommerce_api,2026-07-01T11:12:00+07:00,2026-07-01T11:12:00+07:00
ITM00013162,ORD005175,PRD000115,1,3010000.00,0.00,ecommerce_api,2026-07-01T11:12:00+07:00,2026-07-01T11:12:00+07:00
ITM00013163,ORD005175,PRD000415,1,3420000.00,0.00,ecommerce_api,2026-07-01T11:12:00+07:00,2026-07-01T11:12:00+07:00
ITM00013164,ORD005176,PRD000342,1,3820000.00,0.00,ecommerce_api,2026-07-01T18:46:00+07:00,2026-07-01T18:46:00+07:00
ITM00013165,ORD005176,PRD000201,1,5810000.00,290500.00,ecommerce_api,2026-07-01T18:46:00+07:00,2026-07-01T18:46:00+07:00
ITM00013166,ORD005177,PRD000265,2,1720000.00,172000.00,ecommerce_api,2026-07-01T21:44:00+07:00,2026-07-01T21:44:00+07:00
ITM00013167,ORD005178,PRD000485,1,6250000.00,625000.00,ecommerce_api,2026-07-01T18:05:00+07:00,2026-07-01T18:05:00+07:00
ITM00013168,ORD005178,PRD000095,1,830000.00,83000.00,ecommerce_api,2026-07-01T18:05:00+07:00,2026-07-01T18:05:00+07:00
ITM00013169,ORD005179,PRD000335,1,2390000.00,0.00,ecommerce_api,2026-07-01T21:41:00+07:00,2026-07-01T21:41:00+07:00
ITM00013170,ORD005180,PRD000444,1,2460000.00,0.00,ecommerce_api,2026-07-01T12:53:00+07:00,2026-07-01T12:53:00+07:00
ITM00013171,ORD005180,PRD000386,1,3450000.00,172500.00,ecommerce_api,2026-07-01T12:53:00+07:00,2026-07-01T12:53:00+07:00
ITM00013172,ORD005181,PRD000435,1,4250000.00,0.00,ecommerce_api,2026-07-01T08:32:00+07:00,2026-07-01T08:32:00+07:00
ITM00013173,ORD005182,PRD000064,1,3580000.00,179000.00,ecommerce_api,2026-07-01T14:30:00+07:00,2026-07-01T14:30:00+07:00
ITM00013174,ORD005182,PRD000216,1,7180000.00,0.00,ecommerce_api,2026-07-01T14:30:00+07:00,2026-07-01T14:30:00+07:00
ITM00013175,ORD005182,PRD000082,1,7660000.00,383000.00,ecommerce_api,2026-07-01T14:30:00+07:00,2026-07-01T14:30:00+07:00
ITM00013176,ORD005182,PRD000460,1,440000.00,22000.00,ecommerce_api,2026-07-01T14:30:00+07:00,2026-07-01T14:30:00+07:00
ITM00013177,ORD005183,PRD000074,1,6290000.00,0.00,ecommerce_api,2026-07-01T12:56:00+07:00,2026-07-01T12:56:00+07:00
ITM00013178,ORD005183,PRD000132,1,960000.00,0.00,ecommerce_api,2026-07-01T12:56:00+07:00,2026-07-01T12:56:00+07:00
ITM00013179,ORD005183,PRD000105,1,2130000.00,0.00,ecommerce_api,2026-07-01T12:56:00+07:00,2026-07-01T12:56:00+07:00
ITM00013180,ORD005184,PRD000155,1,1030000.00,51500.00,ecommerce_api,2026-07-01T10:25:00+07:00,2026-07-01T10:25:00+07:00
ITM00013181,ORD005184,PRD000452,2,2800000.00,0.00,ecommerce_api,2026-07-01T10:25:00+07:00,2026-07-01T10:25:00+07:00
ITM00013182,ORD005184,PRD000036,2,4290000.00,429000.00,ecommerce_api,2026-07-01T10:25:00+07:00,2026-07-01T10:25:00+07:00
ITM00013183,ORD005184,PRD000399,1,6190000.00,619000.00,ecommerce_api,2026-07-01T10:25:00+07:00,2026-07-01T10:25:00+07:00
ITM00013184,ORD005185,PRD000220,1,1540000.00,0.00,ecommerce_api,2026-07-01T11:29:00+07:00,2026-07-01T11:29:00+07:00
ITM00013185,ORD005185,PRD000008,2,1180000.00,0.00,ecommerce_api,2026-07-01T11:29:00+07:00,2026-07-01T11:29:00+07:00
ITM00013186,ORD005185,PRD000185,1,720000.00,0.00,ecommerce_api,2026-07-01T11:29:00+07:00,2026-07-01T11:29:00+07:00
ITM00013187,ORD005185,PRD000286,1,5700000.00,570000.00,ecommerce_api,2026-07-01T11:29:00+07:00,2026-07-01T11:29:00+07:00
ITM00013188,ORD005186,PRD000138,2,6040000.00,1208000.00,ecommerce_api,2026-07-01T11:57:00+07:00,2026-07-01T11:57:00+07:00
ITM00013189,ORD005186,PRD000048,2,4930000.00,0.00,ecommerce_api,2026-07-01T11:57:00+07:00,2026-07-01T11:57:00+07:00
ITM00013190,ORD005186,PRD000008,2,1180000.00,236000.00,ecommerce_api,2026-07-01T11:57:00+07:00,2026-07-01T11:57:00+07:00
ITM00013191,ORD005187,PRD000331,2,330000.00,0.00,ecommerce_api,2026-07-01T20:41:00+07:00,2026-07-01T20:41:00+07:00
ITM00013192,ORD005187,PRD000229,1,3090000.00,154500.00,ecommerce_api,2026-07-01T20:41:00+07:00,2026-07-01T20:41:00+07:00
ITM00013193,ORD005188,PRD000475,1,6570000.00,328500.00,ecommerce_api,2026-07-01T13:37:00+07:00,2026-07-01T13:37:00+07:00
ITM00013194,ORD005188,PRD000311,1,2050000.00,205000.00,ecommerce_api,2026-07-01T13:37:00+07:00,2026-07-01T13:37:00+07:00
ITM00013195,ORD005189,PRD000216,1,7180000.00,0.00,ecommerce_api,2026-07-01T22:58:00+07:00,2026-07-01T22:58:00+07:00
ITM00013196,ORD005190,PRD000277,1,350000.00,35000.00,ecommerce_api,2026-07-01T21:38:00+07:00,2026-07-01T21:38:00+07:00
ITM00013197,ORD005190,PRD000473,2,3820000.00,764000.00,ecommerce_api,2026-07-01T21:38:00+07:00,2026-07-01T21:38:00+07:00
ITM00013198,ORD005190,PRD000047,2,5010000.00,501000.00,ecommerce_api,2026-07-01T21:38:00+07:00,2026-07-01T21:38:00+07:00
ITM00013199,ORD005191,PRD000415,1,3420000.00,0.00,ecommerce_api,2026-07-01T16:18:00+07:00,2026-07-01T16:18:00+07:00
ITM00013200,ORD005191,PRD000470,1,130000.00,6500.00,ecommerce_api,2026-07-01T16:18:00+07:00,2026-07-01T16:18:00+07:00
ITM00013201,ORD005191,PRD000347,2,3460000.00,346000.00,ecommerce_api,2026-07-01T16:18:00+07:00,2026-07-01T16:18:00+07:00
ITM00013202,ORD005192,PRD000124,2,680000.00,136000.00,ecommerce_api,2026-07-01T12:18:00+07:00,2026-07-01T12:18:00+07:00
ITM00013203,ORD005192,PRD000025,1,980000.00,98000.00,ecommerce_api,2026-07-01T12:18:00+07:00,2026-07-01T12:18:00+07:00
ITM00013204,ORD005193,PRD000370,1,860000.00,43000.00,ecommerce_api,2026-07-01T12:03:00+07:00,2026-07-01T12:03:00+07:00
ITM00013205,ORD005193,PRD000434,2,2080000.00,0.00,ecommerce_api,2026-07-01T12:03:00+07:00,2026-07-01T12:03:00+07:00
ITM00013206,ORD005194,PRD000316,2,4940000.00,0.00,ecommerce_api,2026-07-01T10:06:00+07:00,2026-07-01T10:06:00+07:00
ITM00013207,ORD005194,PRD000031,1,2510000.00,0.00,ecommerce_api,2026-07-01T10:06:00+07:00,2026-07-01T10:06:00+07:00
ITM00013208,ORD005194,PRD000520,1,4190000.00,0.00,ecommerce_api,2026-07-01T10:06:00+07:00,2026-07-01T10:06:00+07:00
ITM00013209,ORD005194,PRD000237,1,3470000.00,347000.00,ecommerce_api,2026-07-01T10:06:00+07:00,2026-07-01T10:06:00+07:00
ITM00013210,ORD005195,PRD000490,1,7000000.00,0.00,ecommerce_api,2026-07-01T20:18:00+07:00,2026-07-01T20:18:00+07:00
ITM00013211,ORD005195,PRD000426,2,5450000.00,1090000.00,ecommerce_api,2026-07-01T20:18:00+07:00,2026-07-01T20:18:00+07:00
ITM00013212,ORD005195,PRD000514,2,600000.00,60000.00,ecommerce_api,2026-07-01T20:18:00+07:00,2026-07-01T20:18:00+07:00
ITM00013213,ORD005196,PRD000026,2,6820000.00,682000.00,ecommerce_api,2026-07-01T19:22:00+07:00,2026-07-01T19:22:00+07:00
ITM00013214,ORD005197,PRD000309,1,7320000.00,732000.00,ecommerce_api,2026-07-01T11:31:00+07:00,2026-07-01T11:31:00+07:00
ITM00013215,ORD005197,PRD000233,1,750000.00,0.00,ecommerce_api,2026-07-01T11:31:00+07:00,2026-07-01T11:31:00+07:00
ITM00013216,ORD005197,PRD000506,1,1820000.00,91000.00,ecommerce_api,2026-07-01T11:31:00+07:00,2026-07-01T11:31:00+07:00
ITM00013217,ORD005198,PRD000439,1,6290000.00,0.00,ecommerce_api,2026-07-01T18:24:00+07:00,2026-07-01T18:24:00+07:00
ITM00013218,ORD005198,PRD000488,1,3470000.00,0.00,ecommerce_api,2026-07-01T18:24:00+07:00,2026-07-01T18:24:00+07:00
ITM00013219,ORD005198,PRD000366,2,2930000.00,293000.00,ecommerce_api,2026-07-01T18:24:00+07:00,2026-07-01T18:24:00+07:00
ITM00013220,ORD005199,PRD000147,1,6710000.00,0.00,ecommerce_api,2026-07-01T22:35:00+07:00,2026-07-01T22:35:00+07:00
ITM00013221,ORD005199,PRD000013,1,2600000.00,0.00,ecommerce_api,2026-07-01T22:35:00+07:00,2026-07-01T22:35:00+07:00
ITM00013222,ORD005199,PRD000096,1,690000.00,0.00,ecommerce_api,2026-07-01T22:35:00+07:00,2026-07-01T22:35:00+07:00
ITM00013223,ORD005199,PRD000206,1,3140000.00,157000.00,ecommerce_api,2026-07-01T22:35:00+07:00,2026-07-01T22:35:00+07:00
ITM00013224,ORD005200,PRD000407,1,1930000.00,96500.00,ecommerce_api,2026-07-01T14:14:00+07:00,2026-07-01T14:14:00+07:00
ITM00013225,ORD005200,PRD000219,2,810000.00,0.00,ecommerce_api,2026-07-01T14:14:00+07:00,2026-07-01T14:14:00+07:00
ITM00013226,ORD005200,PRD000297,1,7950000.00,795000.00,ecommerce_api,2026-07-01T14:14:00+07:00,2026-07-01T14:14:00+07:00
ITM00013227,ORD005201,PRD000376,1,5190000.00,519000.00,ecommerce_api,2026-07-01T20:02:00+07:00,2026-07-01T20:02:00+07:00
ITM00013228,ORD005201,PRD000415,2,3420000.00,342000.00,ecommerce_api,2026-07-01T20:02:00+07:00,2026-07-01T20:02:00+07:00
ITM00013229,ORD005202,PRD000114,1,6180000.00,0.00,ecommerce_api,2026-07-01T11:07:00+07:00,2026-07-01T11:07:00+07:00
ITM00013230,ORD005202,PRD000448,1,7130000.00,356500.00,ecommerce_api,2026-07-01T11:07:00+07:00,2026-07-01T11:07:00+07:00
ITM00013231,ORD005202,PRD000372,1,6170000.00,0.00,ecommerce_api,2026-07-01T11:07:00+07:00,2026-07-01T11:07:00+07:00
ITM00013232,ORD005202,PRD000231,1,5700000.00,0.00,ecommerce_api,2026-07-01T11:07:00+07:00,2026-07-01T11:07:00+07:00
ITM00013233,ORD005203,PRD000024,1,5820000.00,291000.00,ecommerce_api,2026-07-01T09:18:00+07:00,2026-07-01T09:18:00+07:00
ITM00013234,ORD005203,PRD000250,1,6250000.00,312500.00,ecommerce_api,2026-07-01T09:18:00+07:00,2026-07-01T09:18:00+07:00
ITM00013235,ORD005204,PRD000025,2,980000.00,196000.00,ecommerce_api,2026-07-01T12:50:00+07:00,2026-07-01T12:50:00+07:00
ITM00013236,ORD005204,PRD000343,1,6980000.00,0.00,ecommerce_api,2026-07-01T12:50:00+07:00,2026-07-01T12:50:00+07:00
ITM00013237,ORD005205,PRD000432,2,130000.00,26000.00,ecommerce_api,2026-07-01T18:17:00+07:00,2026-07-01T18:17:00+07:00
ITM00013238,ORD005206,PRD000410,1,3840000.00,192000.00,ecommerce_api,2026-07-01T20:05:00+07:00,2026-07-01T20:05:00+07:00
ITM00013239,ORD005206,PRD000250,1,6250000.00,625000.00,ecommerce_api,2026-07-01T20:05:00+07:00,2026-07-01T20:05:00+07:00
ITM00013240,ORD005207,PRD000122,2,4580000.00,0.00,ecommerce_api,2026-07-01T18:40:00+07:00,2026-07-01T18:40:00+07:00
ITM00013241,ORD005207,PRD000424,1,1990000.00,199000.00,ecommerce_api,2026-07-01T18:40:00+07:00,2026-07-01T18:40:00+07:00
ITM00013242,ORD005207,PRD000135,1,5450000.00,545000.00,ecommerce_api,2026-07-01T18:40:00+07:00,2026-07-01T18:40:00+07:00
ITM00013243,ORD005208,PRD000041,1,6370000.00,0.00,ecommerce_api,2026-07-01T08:09:00+07:00,2026-07-01T08:09:00+07:00
ITM00013244,ORD005208,PRD000077,2,4990000.00,0.00,ecommerce_api,2026-07-01T08:09:00+07:00,2026-07-01T08:09:00+07:00
ITM00013245,ORD005208,PRD000229,1,3090000.00,309000.00,ecommerce_api,2026-07-01T08:09:00+07:00,2026-07-01T08:09:00+07:00
ITM00013246,ORD005209,PRD000460,1,440000.00,0.00,ecommerce_api,2026-07-01T14:40:00+07:00,2026-07-01T14:40:00+07:00
ITM00013247,ORD005209,PRD000357,1,2360000.00,118000.00,ecommerce_api,2026-07-01T14:40:00+07:00,2026-07-01T14:40:00+07:00
ITM00013248,ORD005210,PRD000120,1,730000.00,36500.00,ecommerce_api,2026-07-01T09:25:00+07:00,2026-07-01T09:25:00+07:00
ITM00013249,ORD005210,PRD000484,2,4500000.00,0.00,ecommerce_api,2026-07-01T09:25:00+07:00,2026-07-01T09:25:00+07:00
ITM00013250,ORD005211,PRD000356,1,110000.00,11000.00,ecommerce_api,2026-07-01T22:15:00+07:00,2026-07-01T22:15:00+07:00
ITM00013251,ORD005211,PRD000151,1,7050000.00,0.00,ecommerce_api,2026-07-01T22:15:00+07:00,2026-07-01T22:15:00+07:00
ITM00013252,ORD005212,PRD000296,1,270000.00,13500.00,ecommerce_api,2026-07-01T08:30:00+07:00,2026-07-01T08:30:00+07:00
ITM00013253,ORD005212,PRD000498,1,320000.00,16000.00,ecommerce_api,2026-07-01T08:30:00+07:00,2026-07-01T08:30:00+07:00
ITM00013254,ORD005212,PRD000378,1,4280000.00,214000.00,ecommerce_api,2026-07-01T08:30:00+07:00,2026-07-01T08:30:00+07:00
ITM00013255,ORD005212,PRD000253,2,2950000.00,0.00,ecommerce_api,2026-07-01T08:30:00+07:00,2026-07-01T08:30:00+07:00
ITM00013256,ORD005213,PRD000231,2,5700000.00,570000.00,ecommerce_api,2026-07-01T21:45:00+07:00,2026-07-01T21:45:00+07:00
ITM00013257,ORD005214,PRD000403,2,3240000.00,0.00,ecommerce_api,2026-07-01T11:59:00+07:00,2026-07-01T11:59:00+07:00
ITM00013258,ORD005214,PRD000484,1,4500000.00,450000.00,ecommerce_api,2026-07-01T11:59:00+07:00,2026-07-01T11:59:00+07:00
ITM00013259,ORD005214,PRD000301,1,1480000.00,0.00,ecommerce_api,2026-07-01T11:59:00+07:00,2026-07-01T11:59:00+07:00
ITM00013260,ORD005215,PRD000399,1,6190000.00,0.00,ecommerce_api,2026-07-01T21:56:00+07:00,2026-07-01T21:56:00+07:00
ITM00013261,ORD005215,PRD000014,1,1490000.00,74500.00,ecommerce_api,2026-07-01T21:56:00+07:00,2026-07-01T21:56:00+07:00
ITM00013262,ORD005215,PRD000395,2,720000.00,144000.00,ecommerce_api,2026-07-01T21:56:00+07:00,2026-07-01T21:56:00+07:00
ITM00013263,ORD005216,PRD000375,2,4900000.00,980000.00,ecommerce_api,2026-07-01T09:57:00+07:00,2026-07-01T09:57:00+07:00
ITM00013264,ORD005216,PRD000370,1,860000.00,0.00,ecommerce_api,2026-07-01T09:57:00+07:00,2026-07-01T09:57:00+07:00
ITM00013265,ORD005216,PRD000087,1,240000.00,24000.00,ecommerce_api,2026-07-01T09:57:00+07:00,2026-07-01T09:57:00+07:00
ITM00013266,ORD005217,PRD000139,1,4900000.00,0.00,ecommerce_api,2026-07-01T15:14:00+07:00,2026-07-01T15:14:00+07:00
ITM00013267,ORD005217,PRD000215,1,980000.00,98000.00,ecommerce_api,2026-07-01T15:14:00+07:00,2026-07-01T15:14:00+07:00
ITM00013268,ORD005217,PRD000106,1,7420000.00,0.00,ecommerce_api,2026-07-01T15:14:00+07:00,2026-07-01T15:14:00+07:00
ITM00013269,ORD005217,PRD000200,1,3950000.00,197500.00,ecommerce_api,2026-07-01T15:14:00+07:00,2026-07-01T15:14:00+07:00
ITM00013270,ORD005218,PRD000486,1,440000.00,0.00,ecommerce_api,2026-07-01T11:02:00+07:00,2026-07-01T11:02:00+07:00
ITM00013271,ORD005218,PRD000076,2,3090000.00,309000.00,ecommerce_api,2026-07-01T11:02:00+07:00,2026-07-01T11:02:00+07:00
ITM00013272,ORD005218,PRD000253,1,2950000.00,0.00,ecommerce_api,2026-07-01T11:02:00+07:00,2026-07-01T11:02:00+07:00
ITM00013273,ORD005219,PRD000077,1,4990000.00,249500.00,ecommerce_api,2026-07-01T17:29:00+07:00,2026-07-01T17:29:00+07:00
ITM00013274,ORD005219,PRD000107,2,3180000.00,318000.00,ecommerce_api,2026-07-01T17:29:00+07:00,2026-07-01T17:29:00+07:00
ITM00013275,ORD005219,PRD000453,2,7200000.00,1440000.00,ecommerce_api,2026-07-01T17:29:00+07:00,2026-07-01T17:29:00+07:00
ITM00013276,ORD005219,PRD000166,1,3150000.00,315000.00,ecommerce_api,2026-07-01T17:29:00+07:00,2026-07-01T17:29:00+07:00
ITM00013277,ORD005220,PRD000490,1,7000000.00,700000.00,ecommerce_api,2026-07-01T22:39:00+07:00,2026-07-01T22:39:00+07:00
ITM00013278,ORD005220,PRD000204,1,7340000.00,367000.00,ecommerce_api,2026-07-01T22:39:00+07:00,2026-07-01T22:39:00+07:00
ITM00013279,ORD005220,PRD000482,1,370000.00,0.00,ecommerce_api,2026-07-01T22:39:00+07:00,2026-07-01T22:39:00+07:00
ITM00013280,ORD005221,PRD000494,2,6450000.00,0.00,ecommerce_api,2026-07-01T21:06:00+07:00,2026-07-01T21:06:00+07:00
ITM00013281,ORD005222,PRD000137,1,2880000.00,0.00,ecommerce_api,2026-07-01T12:10:00+07:00,2026-07-01T12:10:00+07:00
ITM00013282,ORD005223,PRD000291,1,1270000.00,0.00,ecommerce_api,2026-07-01T19:19:00+07:00,2026-07-01T19:19:00+07:00
ITM00013283,ORD005223,PRD000326,2,5750000.00,0.00,ecommerce_api,2026-07-01T19:19:00+07:00,2026-07-01T19:19:00+07:00
ITM00013284,ORD005223,PRD000457,1,5890000.00,0.00,ecommerce_api,2026-07-01T19:19:00+07:00,2026-07-01T19:19:00+07:00
ITM00013285,ORD005223,PRD000312,1,4520000.00,226000.00,ecommerce_api,2026-07-01T19:19:00+07:00,2026-07-01T19:19:00+07:00
ITM00013286,ORD005224,PRD000027,1,5010000.00,250500.00,ecommerce_api,2026-07-01T17:36:00+07:00,2026-07-01T17:36:00+07:00
ITM00013287,ORD005224,PRD000468,1,3830000.00,191500.00,ecommerce_api,2026-07-01T17:36:00+07:00,2026-07-01T17:36:00+07:00
ITM00013288,ORD005224,PRD000235,2,1910000.00,0.00,ecommerce_api,2026-07-01T17:36:00+07:00,2026-07-01T17:36:00+07:00
ITM00013289,ORD005225,PRD000493,2,2120000.00,0.00,ecommerce_api,2026-07-01T18:39:00+07:00,2026-07-01T18:39:00+07:00
ITM00013290,ORD005225,PRD000346,2,4580000.00,458000.00,ecommerce_api,2026-07-01T18:39:00+07:00,2026-07-01T18:39:00+07:00
ITM00013291,ORD005226,PRD000025,1,980000.00,49000.00,ecommerce_api,2026-07-01T16:32:00+07:00,2026-07-01T16:32:00+07:00
ITM00013292,ORD005227,PRD000103,1,7210000.00,0.00,ecommerce_api,2026-07-01T13:23:00+07:00,2026-07-01T13:23:00+07:00
ITM00013293,ORD005227,PRD000098,1,4550000.00,0.00,ecommerce_api,2026-07-01T13:23:00+07:00,2026-07-01T13:23:00+07:00
ITM00013294,ORD005227,PRD000211,2,3370000.00,0.00,ecommerce_api,2026-07-01T13:23:00+07:00,2026-07-01T13:23:00+07:00
ITM00013295,ORD005227,PRD000378,2,4280000.00,0.00,ecommerce_api,2026-07-01T13:23:00+07:00,2026-07-01T13:23:00+07:00
ITM00013296,ORD005228,PRD000031,1,2510000.00,0.00,ecommerce_api,2026-07-01T11:35:00+07:00,2026-07-01T11:35:00+07:00
ITM00013297,ORD005228,PRD000172,1,4160000.00,0.00,ecommerce_api,2026-07-01T11:35:00+07:00,2026-07-01T11:35:00+07:00
ITM00013298,ORD005229,PRD000396,2,2870000.00,0.00,ecommerce_api,2026-07-01T13:47:00+07:00,2026-07-01T13:47:00+07:00
ITM00013299,ORD005229,PRD000411,2,500000.00,50000.00,ecommerce_api,2026-07-01T13:47:00+07:00,2026-07-01T13:47:00+07:00
ITM00013300,ORD005229,PRD000077,2,4990000.00,0.00,ecommerce_api,2026-07-01T13:47:00+07:00,2026-07-01T13:47:00+07:00
ITM00013301,ORD005229,PRD000111,1,1580000.00,0.00,ecommerce_api,2026-07-01T13:47:00+07:00,2026-07-01T13:47:00+07:00
ITM00013302,ORD005230,PRD000347,1,3460000.00,0.00,ecommerce_api,2026-07-01T21:30:00+07:00,2026-07-01T21:30:00+07:00
ITM00013303,ORD005231,PRD000223,1,4680000.00,468000.00,ecommerce_api,2026-07-01T09:07:00+07:00,2026-07-01T09:07:00+07:00
ITM00013304,ORD005232,PRD000043,1,790000.00,39500.00,ecommerce_api,2026-07-01T18:28:00+07:00,2026-07-01T18:28:00+07:00
ITM00013305,ORD005232,PRD000264,1,5710000.00,571000.00,ecommerce_api,2026-07-01T18:28:00+07:00,2026-07-01T18:28:00+07:00
ITM00013306,ORD005232,PRD000041,2,6370000.00,637000.00,ecommerce_api,2026-07-01T18:28:00+07:00,2026-07-01T18:28:00+07:00
ITM00013307,ORD005232,PRD000202,1,5600000.00,280000.00,ecommerce_api,2026-07-01T18:28:00+07:00,2026-07-01T18:28:00+07:00
ITM00013308,ORD005233,PRD000174,1,190000.00,9500.00,ecommerce_api,2026-07-01T10:58:00+07:00,2026-07-01T10:58:00+07:00
ITM00013309,ORD005233,PRD000449,1,6030000.00,301500.00,ecommerce_api,2026-07-01T10:58:00+07:00,2026-07-01T10:58:00+07:00
ITM00013310,ORD005233,PRD000070,1,5770000.00,0.00,ecommerce_api,2026-07-01T10:58:00+07:00,2026-07-01T10:58:00+07:00
ITM00013311,ORD005233,PRD000156,1,3130000.00,0.00,ecommerce_api,2026-07-01T10:58:00+07:00,2026-07-01T10:58:00+07:00
ITM00013312,ORD005234,PRD000309,1,7320000.00,366000.00,ecommerce_api,2026-07-01T20:39:00+07:00,2026-07-01T20:39:00+07:00
ITM00013313,ORD005234,PRD000125,1,5940000.00,594000.00,ecommerce_api,2026-07-01T20:39:00+07:00,2026-07-01T20:39:00+07:00
ITM00013314,ORD005234,PRD000509,1,2970000.00,297000.00,ecommerce_api,2026-07-01T20:39:00+07:00,2026-07-01T20:39:00+07:00
ITM00013315,ORD005234,PRD000251,2,770000.00,154000.00,ecommerce_api,2026-07-01T20:39:00+07:00,2026-07-01T20:39:00+07:00
ITM00013316,ORD005235,PRD000054,1,5460000.00,546000.00,ecommerce_api,2026-07-01T19:47:00+07:00,2026-07-01T19:47:00+07:00
ITM00013317,ORD005236,PRD000028,1,2360000.00,236000.00,ecommerce_api,2026-07-01T22:22:00+07:00,2026-07-01T22:22:00+07:00
ITM00013318,ORD005236,PRD000022,1,6540000.00,654000.00,ecommerce_api,2026-07-01T22:22:00+07:00,2026-07-01T22:22:00+07:00
ITM00013319,ORD005237,PRD000067,1,4190000.00,209500.00,ecommerce_api,2026-07-01T21:41:00+07:00,2026-07-01T21:41:00+07:00
ITM00013320,ORD005238,PRD000513,1,4050000.00,0.00,ecommerce_api,2026-07-01T16:39:00+07:00,2026-07-01T16:39:00+07:00
ITM00013321,ORD005238,PRD000362,1,3630000.00,363000.00,ecommerce_api,2026-07-01T16:39:00+07:00,2026-07-01T16:39:00+07:00
ITM00013322,ORD005239,PRD000225,1,5090000.00,0.00,ecommerce_api,2026-07-01T21:46:00+07:00,2026-07-01T21:46:00+07:00
ITM00013323,ORD005239,PRD000494,1,6450000.00,645000.00,ecommerce_api,2026-07-01T21:46:00+07:00,2026-07-01T21:46:00+07:00
ITM00013324,ORD005240,PRD000464,1,4170000.00,208500.00,ecommerce_api,2026-07-01T09:25:00+07:00,2026-07-01T09:25:00+07:00
ITM00013325,ORD005241,PRD000123,1,2970000.00,0.00,ecommerce_api,2026-07-01T10:01:00+07:00,2026-07-01T10:01:00+07:00
ITM00013326,ORD005241,PRD000504,2,3860000.00,772000.00,ecommerce_api,2026-07-01T10:01:00+07:00,2026-07-01T10:01:00+07:00
ITM00013327,ORD005242,PRD000413,1,3020000.00,0.00,ecommerce_api,2026-07-01T08:47:00+07:00,2026-07-01T08:47:00+07:00
ITM00013328,ORD005242,PRD000113,1,4290000.00,429000.00,ecommerce_api,2026-07-01T08:47:00+07:00,2026-07-01T08:47:00+07:00
ITM00013329,ORD005243,PRD000024,1,5820000.00,582000.00,ecommerce_api,2026-07-01T09:17:00+07:00,2026-07-01T09:17:00+07:00
ITM00013330,ORD005244,PRD000394,1,1510000.00,75500.00,ecommerce_api,2026-07-01T10:29:00+07:00,2026-07-01T10:29:00+07:00
ITM00013331,ORD005245,PRD000102,1,4870000.00,0.00,ecommerce_api,2026-07-01T20:16:00+07:00,2026-07-01T20:16:00+07:00
ITM00013332,ORD005246,PRD000072,1,7900000.00,0.00,ecommerce_api,2026-07-01T13:19:00+07:00,2026-07-01T13:19:00+07:00
ITM00013333,ORD005246,PRD000029,1,3740000.00,0.00,ecommerce_api,2026-07-01T13:19:00+07:00,2026-07-01T13:19:00+07:00
ITM00013334,ORD005246,PRD000168,2,730000.00,73000.00,ecommerce_api,2026-07-01T13:19:00+07:00,2026-07-01T13:19:00+07:00
ITM00013335,ORD005247,PRD000171,2,3220000.00,0.00,ecommerce_api,2026-07-01T17:58:00+07:00,2026-07-01T17:58:00+07:00
ITM00013336,ORD005247,PRD000338,2,7870000.00,0.00,ecommerce_api,2026-07-01T17:58:00+07:00,2026-07-01T17:58:00+07:00
ITM00013337,ORD005247,PRD000382,2,4700000.00,0.00,ecommerce_api,2026-07-01T17:58:00+07:00,2026-07-01T17:58:00+07:00
ITM00013338,ORD005248,PRD000196,1,6870000.00,687000.00,ecommerce_api,2026-07-01T14:38:00+07:00,2026-07-01T14:38:00+07:00
ITM00013339,ORD005248,PRD000139,1,4900000.00,0.00,ecommerce_api,2026-07-01T14:38:00+07:00,2026-07-01T14:38:00+07:00
ITM00013340,ORD005249,PRD000300,1,7920000.00,396000.00,ecommerce_api,2026-07-01T18:07:00+07:00,2026-07-01T18:07:00+07:00
ITM00013341,ORD005249,PRD000320,1,2070000.00,207000.00,ecommerce_api,2026-07-01T18:07:00+07:00,2026-07-01T18:07:00+07:00
ITM00013342,ORD005249,PRD000470,1,130000.00,0.00,ecommerce_api,2026-07-01T18:07:00+07:00,2026-07-01T18:07:00+07:00
ITM00013343,ORD005250,PRD000477,1,1340000.00,67000.00,ecommerce_api,2026-07-01T08:20:00+07:00,2026-07-01T08:20:00+07:00
ITM00013344,ORD005250,PRD000492,1,3620000.00,0.00,ecommerce_api,2026-07-01T08:20:00+07:00,2026-07-01T08:20:00+07:00
ITM00013345,ORD005251,PRD000027,1,5010000.00,501000.00,ecommerce_api,2026-07-01T08:58:00+07:00,2026-07-01T08:58:00+07:00
ITM00013346,ORD005251,PRD000206,2,3140000.00,314000.00,ecommerce_api,2026-07-01T08:58:00+07:00,2026-07-01T08:58:00+07:00
ITM00013347,ORD005251,PRD000214,1,6470000.00,323500.00,ecommerce_api,2026-07-01T08:58:00+07:00,2026-07-01T08:58:00+07:00
ITM00013348,ORD005252,PRD000088,1,5170000.00,0.00,ecommerce_api,2026-07-01T14:07:00+07:00,2026-07-01T14:07:00+07:00
ITM00013349,ORD005252,PRD000400,1,700000.00,0.00,ecommerce_api,2026-07-01T14:07:00+07:00,2026-07-01T14:07:00+07:00
ITM00013350,ORD005252,PRD000403,1,3240000.00,324000.00,ecommerce_api,2026-07-01T14:07:00+07:00,2026-07-01T14:07:00+07:00
ITM00013351,ORD005253,PRD000078,1,6690000.00,0.00,ecommerce_api,2026-07-01T18:13:00+07:00,2026-07-01T18:13:00+07:00
ITM00013352,ORD005254,PRD000382,1,4700000.00,0.00,ecommerce_api,2026-07-01T13:24:00+07:00,2026-07-01T13:24:00+07:00
ITM00013353,ORD005254,PRD000187,2,510000.00,0.00,ecommerce_api,2026-07-01T13:24:00+07:00,2026-07-01T13:24:00+07:00
ITM00013354,ORD005254,PRD000334,2,5440000.00,544000.00,ecommerce_api,2026-07-01T13:24:00+07:00,2026-07-01T13:24:00+07:00
ITM00013355,ORD005255,PRD000519,1,1210000.00,0.00,ecommerce_api,2026-07-01T16:54:00+07:00,2026-07-01T16:54:00+07:00
ITM00013356,ORD005255,PRD000191,1,5970000.00,298500.00,ecommerce_api,2026-07-01T16:54:00+07:00,2026-07-01T16:54:00+07:00
ITM00013357,ORD005255,PRD000041,1,6370000.00,0.00,ecommerce_api,2026-07-01T16:54:00+07:00,2026-07-01T16:54:00+07:00
ITM00013358,ORD005255,PRD000497,1,3690000.00,184500.00,ecommerce_api,2026-07-01T16:54:00+07:00,2026-07-01T16:54:00+07:00
ITM00013359,ORD005256,PRD000264,1,5710000.00,0.00,ecommerce_api,2026-07-01T19:49:00+07:00,2026-07-01T19:49:00+07:00
ITM00013360,ORD005256,PRD000181,1,690000.00,69000.00,ecommerce_api,2026-07-01T19:49:00+07:00,2026-07-01T19:49:00+07:00
ITM00013361,ORD005257,PRD000411,1,500000.00,25000.00,ecommerce_api,2026-07-01T13:51:00+07:00,2026-07-01T13:51:00+07:00
ITM00013362,ORD005258,PRD000402,1,4000000.00,0.00,ecommerce_api,2026-07-01T12:32:00+07:00,2026-07-01T12:32:00+07:00
ITM00013363,ORD005258,PRD000320,1,2070000.00,103500.00,ecommerce_api,2026-07-01T12:32:00+07:00,2026-07-01T12:32:00+07:00
ITM00013364,ORD005259,PRD000347,2,3460000.00,0.00,ecommerce_api,2026-07-01T09:12:00+07:00,2026-07-01T09:12:00+07:00
ITM00013365,ORD005259,PRD000041,2,6370000.00,0.00,ecommerce_api,2026-07-01T09:12:00+07:00,2026-07-01T09:12:00+07:00
ITM00013366,ORD005260,PRD000176,1,4870000.00,243500.00,ecommerce_api,2026-07-01T11:26:00+07:00,2026-07-01T11:26:00+07:00
ITM00013367,ORD005261,PRD000383,1,4610000.00,461000.00,ecommerce_api,2026-07-01T22:59:00+07:00,2026-07-01T22:59:00+07:00
ITM00013368,ORD005261,PRD000185,2,720000.00,144000.00,ecommerce_api,2026-07-01T22:59:00+07:00,2026-07-01T22:59:00+07:00
ITM00013369,ORD005261,PRD000489,1,7410000.00,0.00,ecommerce_api,2026-07-01T22:59:00+07:00,2026-07-01T22:59:00+07:00
ITM00013370,ORD005261,PRD000173,2,7850000.00,0.00,ecommerce_api,2026-07-01T22:59:00+07:00,2026-07-01T22:59:00+07:00
ITM00013371,ORD005262,PRD000059,1,6330000.00,0.00,ecommerce_api,2026-07-01T21:09:00+07:00,2026-07-01T21:09:00+07:00
ITM00013372,ORD005262,PRD000465,1,7680000.00,768000.00,ecommerce_api,2026-07-01T21:09:00+07:00,2026-07-01T21:09:00+07:00
ITM00013373,ORD005263,PRD000250,1,6250000.00,0.00,ecommerce_api,2026-07-01T20:05:00+07:00,2026-07-01T20:05:00+07:00
ITM00013374,ORD005263,PRD000391,1,6650000.00,332500.00,ecommerce_api,2026-07-01T20:05:00+07:00,2026-07-01T20:05:00+07:00
ITM00013375,ORD005264,PRD000232,1,5960000.00,0.00,ecommerce_api,2026-07-01T08:50:00+07:00,2026-07-01T08:50:00+07:00
ITM00013376,ORD005265,PRD000169,1,1180000.00,0.00,ecommerce_api,2026-07-01T21:03:00+07:00,2026-07-01T21:03:00+07:00
ITM00013377,ORD005265,PRD000164,1,6350000.00,317500.00,ecommerce_api,2026-07-01T21:03:00+07:00,2026-07-01T21:03:00+07:00
ITM00013378,ORD005266,PRD000321,2,3750000.00,0.00,ecommerce_api,2026-07-01T11:11:00+07:00,2026-07-01T11:11:00+07:00
ITM00013379,ORD005266,PRD000231,1,5700000.00,285000.00,ecommerce_api,2026-07-01T11:11:00+07:00,2026-07-01T11:11:00+07:00
ITM00013380,ORD005267,PRD000445,2,2310000.00,462000.00,ecommerce_api,2026-07-01T22:49:00+07:00,2026-07-01T22:49:00+07:00
ITM00013381,ORD005267,PRD000120,1,730000.00,36500.00,ecommerce_api,2026-07-01T22:49:00+07:00,2026-07-01T22:49:00+07:00
ITM00013382,ORD005267,PRD000442,1,5640000.00,564000.00,ecommerce_api,2026-07-01T22:49:00+07:00,2026-07-01T22:49:00+07:00
ITM00013383,ORD005268,PRD000048,2,4930000.00,493000.00,ecommerce_api,2026-07-01T11:59:00+07:00,2026-07-01T11:59:00+07:00
ITM00013384,ORD005268,PRD000181,2,690000.00,138000.00,ecommerce_api,2026-07-01T11:59:00+07:00,2026-07-01T11:59:00+07:00
ITM00013385,ORD005268,PRD000460,1,440000.00,0.00,ecommerce_api,2026-07-01T11:59:00+07:00,2026-07-01T11:59:00+07:00
ITM00013386,ORD005269,PRD000096,2,690000.00,69000.00,ecommerce_api,2026-07-01T12:47:00+07:00,2026-07-01T12:47:00+07:00
ITM00013387,ORD005269,PRD000471,1,620000.00,0.00,ecommerce_api,2026-07-01T12:47:00+07:00,2026-07-01T12:47:00+07:00
ITM00013388,ORD005269,PRD000166,1,3150000.00,157500.00,ecommerce_api,2026-07-01T12:47:00+07:00,2026-07-01T12:47:00+07:00
ITM00013389,ORD005270,PRD000269,1,920000.00,0.00,ecommerce_api,2026-07-01T19:45:00+07:00,2026-07-01T19:45:00+07:00
ITM00013390,ORD005271,PRD000001,1,990000.00,0.00,ecommerce_api,2026-07-01T12:15:00+07:00,2026-07-01T12:15:00+07:00
ITM00013391,ORD005271,PRD000222,1,6400000.00,0.00,ecommerce_api,2026-07-01T12:15:00+07:00,2026-07-01T12:15:00+07:00
ITM00013392,ORD005271,PRD000084,1,7710000.00,0.00,ecommerce_api,2026-07-01T12:15:00+07:00,2026-07-01T12:15:00+07:00
ITM00013393,ORD005271,PRD000080,1,2170000.00,108500.00,ecommerce_api,2026-07-01T12:15:00+07:00,2026-07-01T12:15:00+07:00
ITM00013394,ORD005272,PRD000520,1,4190000.00,419000.00,ecommerce_api,2026-07-01T15:18:00+07:00,2026-07-01T15:18:00+07:00
ITM00013395,ORD005272,PRD000019,1,3820000.00,0.00,ecommerce_api,2026-07-01T15:18:00+07:00,2026-07-01T15:18:00+07:00
ITM00013396,ORD005272,PRD000125,1,5940000.00,0.00,ecommerce_api,2026-07-01T15:18:00+07:00,2026-07-01T15:18:00+07:00
ITM00013397,ORD005273,PRD000231,1,5700000.00,0.00,ecommerce_api,2026-07-01T12:05:00+07:00,2026-07-01T12:05:00+07:00
ITM00013398,ORD005274,PRD000097,2,4110000.00,822000.00,ecommerce_api,2026-07-01T13:45:00+07:00,2026-07-01T13:45:00+07:00
ITM00013399,ORD005274,PRD000093,1,7070000.00,707000.00,ecommerce_api,2026-07-01T13:45:00+07:00,2026-07-01T13:45:00+07:00
ITM00013400,ORD005274,PRD000415,1,3420000.00,342000.00,ecommerce_api,2026-07-01T13:45:00+07:00,2026-07-01T13:45:00+07:00
ITM00013401,ORD005275,PRD000429,1,4770000.00,0.00,ecommerce_api,2026-07-01T19:07:00+07:00,2026-07-01T19:07:00+07:00
ITM00013402,ORD005276,PRD000328,2,3680000.00,0.00,ecommerce_api,2026-07-01T20:41:00+07:00,2026-07-01T20:41:00+07:00
ITM00013403,ORD005277,PRD000220,1,1540000.00,0.00,ecommerce_api,2026-07-01T10:13:00+07:00,2026-07-01T10:13:00+07:00
ITM00013404,ORD005277,PRD000443,1,5070000.00,507000.00,ecommerce_api,2026-07-01T10:13:00+07:00,2026-07-01T10:13:00+07:00
ITM00013405,ORD005277,PRD000512,2,4980000.00,996000.00,ecommerce_api,2026-07-01T10:13:00+07:00,2026-07-01T10:13:00+07:00
ITM00013406,ORD005277,PRD000272,1,1790000.00,89500.00,ecommerce_api,2026-07-01T10:13:00+07:00,2026-07-01T10:13:00+07:00
ITM00013407,ORD005278,PRD000315,2,4380000.00,438000.00,ecommerce_api,2026-07-01T15:57:00+07:00,2026-07-01T15:57:00+07:00
ITM00013408,ORD005278,PRD000440,1,7590000.00,0.00,ecommerce_api,2026-07-01T15:57:00+07:00,2026-07-01T15:57:00+07:00
ITM00013409,ORD005278,PRD000426,2,5450000.00,545000.00,ecommerce_api,2026-07-01T15:57:00+07:00,2026-07-01T15:57:00+07:00
ITM00013410,ORD005278,PRD000349,2,5630000.00,0.00,ecommerce_api,2026-07-01T15:57:00+07:00,2026-07-01T15:57:00+07:00
ITM00013411,ORD005279,PRD000471,1,620000.00,0.00,ecommerce_api,2026-07-01T08:55:00+07:00,2026-07-01T08:55:00+07:00
ITM00013412,ORD005279,PRD000107,2,3180000.00,0.00,ecommerce_api,2026-07-01T08:55:00+07:00,2026-07-01T08:55:00+07:00
ITM00013413,ORD005279,PRD000491,1,2670000.00,0.00,ecommerce_api,2026-07-01T08:55:00+07:00,2026-07-01T08:55:00+07:00
ITM00013414,ORD005280,PRD000121,1,2620000.00,131000.00,ecommerce_api,2026-07-01T10:44:00+07:00,2026-07-01T10:44:00+07:00
ITM00013415,ORD005280,PRD000339,1,6660000.00,666000.00,ecommerce_api,2026-07-01T10:44:00+07:00,2026-07-01T10:44:00+07:00
ITM00013416,ORD005280,PRD000123,1,2970000.00,148500.00,ecommerce_api,2026-07-01T10:44:00+07:00,2026-07-01T10:44:00+07:00
ITM00013417,ORD005280,PRD000438,2,5010000.00,501000.00,ecommerce_api,2026-07-01T10:44:00+07:00,2026-07-01T10:44:00+07:00
ITM00013418,ORD005281,PRD000427,1,2310000.00,0.00,ecommerce_api,2026-07-01T10:36:00+07:00,2026-07-01T10:36:00+07:00
ITM00013419,ORD005281,PRD000504,2,3860000.00,386000.00,ecommerce_api,2026-07-01T10:36:00+07:00,2026-07-01T10:36:00+07:00
ITM00013420,ORD005281,PRD000019,1,3820000.00,382000.00,ecommerce_api,2026-07-01T10:36:00+07:00,2026-07-01T10:36:00+07:00
ITM00013421,ORD005282,PRD000423,1,7250000.00,0.00,ecommerce_api,2026-07-01T09:48:00+07:00,2026-07-01T09:48:00+07:00
ITM00013422,ORD005282,PRD000053,1,5630000.00,563000.00,ecommerce_api,2026-07-01T09:48:00+07:00,2026-07-01T09:48:00+07:00
ITM00013423,ORD005283,PRD000321,1,3750000.00,375000.00,ecommerce_api,2026-07-01T11:33:00+07:00,2026-07-01T11:33:00+07:00
ITM00013424,ORD005283,PRD000350,1,230000.00,0.00,ecommerce_api,2026-07-01T11:33:00+07:00,2026-07-01T11:33:00+07:00
ITM00013425,ORD005283,PRD000027,2,5010000.00,1002000.00,ecommerce_api,2026-07-01T11:33:00+07:00,2026-07-01T11:33:00+07:00
ITM00013426,ORD005283,PRD000005,1,6160000.00,0.00,ecommerce_api,2026-07-01T11:33:00+07:00,2026-07-01T11:33:00+07:00
ITM00013427,ORD005284,PRD000507,2,4530000.00,0.00,ecommerce_api,2026-07-01T18:04:00+07:00,2026-07-01T18:04:00+07:00
ITM00013428,ORD005284,PRD000148,1,7570000.00,378500.00,ecommerce_api,2026-07-01T18:04:00+07:00,2026-07-01T18:04:00+07:00
ITM00013429,ORD005284,PRD000498,1,320000.00,32000.00,ecommerce_api,2026-07-01T18:04:00+07:00,2026-07-01T18:04:00+07:00
ITM00013430,ORD005285,PRD000288,2,7410000.00,0.00,ecommerce_api,2026-07-01T16:45:00+07:00,2026-07-01T16:45:00+07:00
ITM00013431,ORD005285,PRD000063,1,7100000.00,355000.00,ecommerce_api,2026-07-01T16:45:00+07:00,2026-07-01T16:45:00+07:00
ITM00013432,ORD005286,PRD000383,2,4610000.00,461000.00,ecommerce_api,2026-07-01T18:09:00+07:00,2026-07-01T18:09:00+07:00
ITM00013433,ORD005287,PRD000510,1,1270000.00,0.00,ecommerce_api,2026-07-01T20:57:00+07:00,2026-07-01T20:57:00+07:00
ITM00013434,ORD005287,PRD000364,1,3360000.00,336000.00,ecommerce_api,2026-07-01T20:57:00+07:00,2026-07-01T20:57:00+07:00
ITM00013435,ORD005288,PRD000444,2,2460000.00,246000.00,ecommerce_api,2026-07-01T13:40:00+07:00,2026-07-01T13:40:00+07:00
ITM00013436,ORD005288,PRD000343,1,6980000.00,0.00,ecommerce_api,2026-07-01T13:40:00+07:00,2026-07-01T13:40:00+07:00
ITM00013437,ORD005289,PRD000204,1,7340000.00,367000.00,ecommerce_api,2026-07-01T14:43:00+07:00,2026-07-01T14:43:00+07:00
ITM00013438,ORD005289,PRD000429,1,4770000.00,0.00,ecommerce_api,2026-07-01T14:43:00+07:00,2026-07-01T14:43:00+07:00
ITM00013439,ORD005289,PRD000301,1,1480000.00,74000.00,ecommerce_api,2026-07-01T14:43:00+07:00,2026-07-01T14:43:00+07:00
ITM00013440,ORD005290,PRD000376,2,5190000.00,1038000.00,ecommerce_api,2026-07-01T21:18:00+07:00,2026-07-01T21:18:00+07:00
ITM00013441,ORD005290,PRD000409,1,1990000.00,199000.00,ecommerce_api,2026-07-01T21:18:00+07:00,2026-07-01T21:18:00+07:00
ITM00013442,ORD005291,PRD000423,2,7250000.00,0.00,ecommerce_api,2026-07-01T21:19:00+07:00,2026-07-01T21:19:00+07:00
ITM00013443,ORD005291,PRD000387,1,1460000.00,0.00,ecommerce_api,2026-07-01T21:19:00+07:00,2026-07-01T21:19:00+07:00
ITM00013444,ORD005292,PRD000456,1,6670000.00,0.00,ecommerce_api,2026-07-01T20:40:00+07:00,2026-07-01T20:40:00+07:00
ITM00013445,ORD005292,PRD000229,1,3090000.00,0.00,ecommerce_api,2026-07-01T20:40:00+07:00,2026-07-01T20:40:00+07:00
ITM00013446,ORD005293,PRD000155,1,1030000.00,51500.00,ecommerce_api,2026-07-01T17:53:00+07:00,2026-07-01T17:53:00+07:00
ITM00013447,ORD005293,PRD000304,1,7170000.00,717000.00,ecommerce_api,2026-07-01T17:53:00+07:00,2026-07-01T17:53:00+07:00
ITM00013448,ORD005293,PRD000288,2,7410000.00,0.00,ecommerce_api,2026-07-01T17:53:00+07:00,2026-07-01T17:53:00+07:00
ITM00013449,ORD005294,PRD000365,1,1600000.00,0.00,ecommerce_api,2026-07-01T08:42:00+07:00,2026-07-01T08:42:00+07:00
ITM00013450,ORD005294,PRD000016,1,7780000.00,778000.00,ecommerce_api,2026-07-01T08:42:00+07:00,2026-07-01T08:42:00+07:00
ITM00013451,ORD005295,PRD000021,1,2460000.00,246000.00,ecommerce_api,2026-07-01T13:17:00+07:00,2026-07-01T13:17:00+07:00
ITM00013452,ORD005295,PRD000010,1,2980000.00,298000.00,ecommerce_api,2026-07-01T13:17:00+07:00,2026-07-01T13:17:00+07:00
ITM00013453,ORD005295,PRD000416,1,3670000.00,0.00,ecommerce_api,2026-07-01T13:17:00+07:00,2026-07-01T13:17:00+07:00
ITM00013454,ORD005296,PRD000228,1,3910000.00,195500.00,ecommerce_api,2026-07-01T09:40:00+07:00,2026-07-01T09:40:00+07:00
ITM00013455,ORD005296,PRD000443,1,5070000.00,0.00,ecommerce_api,2026-07-01T09:40:00+07:00,2026-07-01T09:40:00+07:00
ITM00013456,ORD005297,PRD000500,2,1940000.00,194000.00,ecommerce_api,2026-07-01T11:44:00+07:00,2026-07-01T11:44:00+07:00
ITM00013457,ORD005297,PRD000268,1,7970000.00,398500.00,ecommerce_api,2026-07-01T11:44:00+07:00,2026-07-01T11:44:00+07:00
ITM00013458,ORD005298,PRD000324,2,250000.00,50000.00,ecommerce_api,2026-07-01T15:56:00+07:00,2026-07-01T15:56:00+07:00
ITM00013459,ORD005298,PRD000314,1,7690000.00,0.00,ecommerce_api,2026-07-01T15:56:00+07:00,2026-07-01T15:56:00+07:00
ITM00013460,ORD005298,PRD000104,1,2560000.00,256000.00,ecommerce_api,2026-07-01T15:56:00+07:00,2026-07-01T15:56:00+07:00
ITM00013461,ORD005298,PRD000319,2,6820000.00,0.00,ecommerce_api,2026-07-01T15:56:00+07:00,2026-07-01T15:56:00+07:00
ITM00013462,ORD005299,PRD000090,1,5270000.00,527000.00,ecommerce_api,2026-07-01T11:22:00+07:00,2026-07-01T11:22:00+07:00
ITM00013463,ORD005300,PRD000378,1,4280000.00,428000.00,ecommerce_api,2026-07-01T10:59:00+07:00,2026-07-01T10:59:00+07:00
ITM00013464,ORD005300,PRD000267,1,5530000.00,0.00,ecommerce_api,2026-07-01T10:59:00+07:00,2026-07-01T10:59:00+07:00
ITM00013465,ORD005300,PRD000311,1,2050000.00,102500.00,ecommerce_api,2026-07-01T10:59:00+07:00,2026-07-01T10:59:00+07:00
ITM00013466,ORD005301,PRD000514,1,600000.00,0.00,ecommerce_api,2026-07-01T21:00:00+07:00,2026-07-01T21:00:00+07:00
ITM00013467,ORD005301,PRD000479,2,4710000.00,942000.00,ecommerce_api,2026-07-01T21:00:00+07:00,2026-07-01T21:00:00+07:00
ITM00013468,ORD005301,PRD000411,1,500000.00,25000.00,ecommerce_api,2026-07-01T21:00:00+07:00,2026-07-01T21:00:00+07:00
ITM00013469,ORD005302,PRD000388,1,5680000.00,568000.00,ecommerce_api,2026-07-01T18:55:00+07:00,2026-07-01T18:55:00+07:00
ITM00013470,ORD005302,PRD000331,1,330000.00,0.00,ecommerce_api,2026-07-01T18:55:00+07:00,2026-07-01T18:55:00+07:00
ITM00013471,ORD005303,PRD000360,2,3980000.00,0.00,ecommerce_api,2026-07-01T22:17:00+07:00,2026-07-01T22:17:00+07:00
ITM00013472,ORD005303,PRD000207,1,5070000.00,0.00,ecommerce_api,2026-07-01T22:17:00+07:00,2026-07-01T22:17:00+07:00
ITM00013473,ORD005303,PRD000285,2,5860000.00,1172000.00,ecommerce_api,2026-07-01T22:17:00+07:00,2026-07-01T22:17:00+07:00
ITM00013474,ORD005303,PRD000259,1,3060000.00,153000.00,ecommerce_api,2026-07-01T22:17:00+07:00,2026-07-01T22:17:00+07:00
ITM00013475,ORD005304,PRD000335,1,2390000.00,0.00,ecommerce_api,2026-07-01T21:55:00+07:00,2026-07-01T21:55:00+07:00
ITM00013476,ORD005304,PRD000113,2,4290000.00,0.00,ecommerce_api,2026-07-01T21:55:00+07:00,2026-07-01T21:55:00+07:00
ITM00013477,ORD005304,PRD000370,1,860000.00,43000.00,ecommerce_api,2026-07-01T21:55:00+07:00,2026-07-01T21:55:00+07:00
ITM00013478,ORD005305,PRD000415,1,3420000.00,0.00,ecommerce_api,2026-07-01T10:16:00+07:00,2026-07-01T10:16:00+07:00
ITM00013479,ORD005305,PRD000423,1,7250000.00,362500.00,ecommerce_api,2026-07-01T10:16:00+07:00,2026-07-01T10:16:00+07:00
ITM00013480,ORD005305,PRD000225,1,5090000.00,254500.00,ecommerce_api,2026-07-01T10:16:00+07:00,2026-07-01T10:16:00+07:00
ITM00013481,ORD005306,PRD000375,2,4900000.00,490000.00,ecommerce_api,2026-07-01T19:13:00+07:00,2026-07-01T19:13:00+07:00
ITM00013482,ORD005306,PRD000188,1,6640000.00,332000.00,ecommerce_api,2026-07-01T19:13:00+07:00,2026-07-01T19:13:00+07:00
ITM00013483,ORD005306,PRD000106,2,7420000.00,742000.00,ecommerce_api,2026-07-01T19:13:00+07:00,2026-07-01T19:13:00+07:00
ITM00013484,ORD005307,PRD000035,1,1900000.00,190000.00,ecommerce_api,2026-07-01T12:02:00+07:00,2026-07-01T12:02:00+07:00
ITM00013485,ORD005307,PRD000102,1,4870000.00,0.00,ecommerce_api,2026-07-01T12:02:00+07:00,2026-07-01T12:02:00+07:00
ITM00013486,ORD005308,PRD000330,1,6780000.00,0.00,ecommerce_api,2026-07-01T19:44:00+07:00,2026-07-01T19:44:00+07:00
ITM00013487,ORD005309,PRD000059,2,6330000.00,633000.00,ecommerce_api,2026-07-01T08:28:00+07:00,2026-07-01T08:28:00+07:00
ITM00013488,ORD005309,PRD000003,1,6380000.00,0.00,ecommerce_api,2026-07-01T08:28:00+07:00,2026-07-01T08:28:00+07:00
ITM00013489,ORD005310,PRD000146,1,2770000.00,277000.00,ecommerce_api,2026-07-01T16:09:00+07:00,2026-07-01T16:09:00+07:00
ITM00013490,ORD005311,PRD000106,2,7420000.00,1484000.00,ecommerce_api,2026-07-01T17:12:00+07:00,2026-07-01T17:12:00+07:00
ITM00013491,ORD005311,PRD000200,2,3950000.00,0.00,ecommerce_api,2026-07-01T17:12:00+07:00,2026-07-01T17:12:00+07:00
ITM00013492,ORD005311,PRD000025,1,980000.00,0.00,ecommerce_api,2026-07-01T17:12:00+07:00,2026-07-01T17:12:00+07:00
ITM00013493,ORD005311,PRD000478,1,4590000.00,0.00,ecommerce_api,2026-07-01T17:12:00+07:00,2026-07-01T17:12:00+07:00
ITM00013494,ORD005312,PRD000001,1,990000.00,99000.00,ecommerce_api,2026-07-01T12:42:00+07:00,2026-07-01T12:42:00+07:00
ITM00013495,ORD005313,PRD000121,1,2620000.00,131000.00,ecommerce_api,2026-07-01T21:49:00+07:00,2026-07-01T21:49:00+07:00
ITM00013496,ORD005313,PRD000245,1,650000.00,0.00,ecommerce_api,2026-07-01T21:49:00+07:00,2026-07-01T21:49:00+07:00
ITM00013497,ORD005314,PRD000495,1,1520000.00,0.00,ecommerce_api,2026-07-01T20:10:00+07:00,2026-07-01T20:10:00+07:00
ITM00013498,ORD005314,PRD000342,1,3820000.00,382000.00,ecommerce_api,2026-07-01T20:10:00+07:00,2026-07-01T20:10:00+07:00
ITM00013499,ORD005315,PRD000075,1,5480000.00,548000.00,ecommerce_api,2026-07-01T08:29:00+07:00,2026-07-01T08:29:00+07:00
ITM00013500,ORD005315,PRD000158,1,1750000.00,87500.00,ecommerce_api,2026-07-01T08:29:00+07:00,2026-07-01T08:29:00+07:00
ITM00013501,ORD005315,PRD000494,2,6450000.00,0.00,ecommerce_api,2026-07-01T08:29:00+07:00,2026-07-01T08:29:00+07:00
ITM00013502,ORD005315,PRD000411,1,500000.00,0.00,ecommerce_api,2026-07-01T08:29:00+07:00,2026-07-01T08:29:00+07:00
ITM00013503,ORD005316,PRD000397,1,1520000.00,0.00,ecommerce_api,2026-07-01T09:06:00+07:00,2026-07-01T09:06:00+07:00
ITM00013504,ORD005316,PRD000064,1,3580000.00,0.00,ecommerce_api,2026-07-01T09:06:00+07:00,2026-07-01T09:06:00+07:00
ITM00013505,ORD005317,PRD000258,2,5510000.00,1102000.00,ecommerce_api,2026-07-01T20:22:00+07:00,2026-07-01T20:22:00+07:00
ITM00013506,ORD005317,PRD000251,2,770000.00,154000.00,ecommerce_api,2026-07-01T20:22:00+07:00,2026-07-01T20:22:00+07:00
ITM00013507,ORD005318,PRD000108,1,6610000.00,330500.00,ecommerce_api,2026-07-01T14:32:00+07:00,2026-07-01T14:32:00+07:00
ITM00013508,ORD005318,PRD000017,2,4240000.00,0.00,ecommerce_api,2026-07-01T14:32:00+07:00,2026-07-01T14:32:00+07:00
ITM00013509,ORD005319,PRD000276,1,2940000.00,294000.00,ecommerce_api,2026-07-01T20:29:00+07:00,2026-07-01T20:29:00+07:00
ITM00013510,ORD005319,PRD000006,1,2320000.00,0.00,ecommerce_api,2026-07-01T20:29:00+07:00,2026-07-01T20:29:00+07:00
ITM00013511,ORD005320,PRD000193,1,2610000.00,0.00,ecommerce_api,2026-07-01T10:23:00+07:00,2026-07-01T10:23:00+07:00
ITM00013512,ORD005320,PRD000097,1,4110000.00,0.00,ecommerce_api,2026-07-01T10:23:00+07:00,2026-07-01T10:23:00+07:00
ITM00013513,ORD005320,PRD000180,2,6300000.00,0.00,ecommerce_api,2026-07-01T10:23:00+07:00,2026-07-01T10:23:00+07:00
ITM00013514,ORD005320,PRD000080,1,2170000.00,108500.00,ecommerce_api,2026-07-01T10:23:00+07:00,2026-07-01T10:23:00+07:00
ITM00013515,ORD005321,PRD000426,1,5450000.00,0.00,ecommerce_api,2026-07-01T22:16:00+07:00,2026-07-01T22:16:00+07:00
ITM00013516,ORD005321,PRD000049,2,1000000.00,100000.00,ecommerce_api,2026-07-01T22:16:00+07:00,2026-07-01T22:16:00+07:00
ITM00013517,ORD005321,PRD000413,1,3020000.00,302000.00,ecommerce_api,2026-07-01T22:16:00+07:00,2026-07-01T22:16:00+07:00
ITM00013518,ORD005322,PRD000373,1,2680000.00,0.00,ecommerce_api,2026-07-01T21:23:00+07:00,2026-07-01T21:23:00+07:00
ITM00013519,ORD005322,PRD000380,1,3170000.00,0.00,ecommerce_api,2026-07-01T21:23:00+07:00,2026-07-01T21:23:00+07:00
ITM00013520,ORD005323,PRD000237,1,3470000.00,0.00,ecommerce_api,2026-07-01T16:48:00+07:00,2026-07-01T16:48:00+07:00
ITM00013521,ORD005324,PRD000021,1,2460000.00,0.00,ecommerce_api,2026-07-01T08:04:00+07:00,2026-07-01T08:04:00+07:00
ITM00013522,ORD005324,PRD000429,2,4770000.00,954000.00,ecommerce_api,2026-07-01T08:04:00+07:00,2026-07-01T08:04:00+07:00
ITM00013523,ORD005324,PRD000397,1,1520000.00,76000.00,ecommerce_api,2026-07-01T08:04:00+07:00,2026-07-01T08:04:00+07:00
ITM00013524,ORD005324,PRD000300,1,7920000.00,0.00,ecommerce_api,2026-07-01T08:04:00+07:00,2026-07-01T08:04:00+07:00
ITM00013525,ORD005325,PRD000018,1,1550000.00,0.00,ecommerce_api,2026-07-01T17:36:00+07:00,2026-07-01T17:36:00+07:00
ITM00013526,ORD005325,PRD000311,1,2050000.00,205000.00,ecommerce_api,2026-07-01T17:36:00+07:00,2026-07-01T17:36:00+07:00
ITM00013527,ORD005325,PRD000113,1,4290000.00,0.00,ecommerce_api,2026-07-01T17:36:00+07:00,2026-07-01T17:36:00+07:00
ITM00013528,ORD005325,PRD000174,2,190000.00,0.00,ecommerce_api,2026-07-01T17:36:00+07:00,2026-07-01T17:36:00+07:00
ITM00013529,ORD005326,PRD000152,2,4400000.00,880000.00,ecommerce_api,2026-07-01T15:15:00+07:00,2026-07-01T15:15:00+07:00
ITM00013530,ORD005327,PRD000250,1,6250000.00,0.00,ecommerce_api,2026-07-01T20:27:00+07:00,2026-07-01T20:27:00+07:00
ITM00013531,ORD005327,PRD000257,1,1310000.00,131000.00,ecommerce_api,2026-07-01T20:27:00+07:00,2026-07-01T20:27:00+07:00
ITM00013532,ORD005328,PRD000005,1,6160000.00,0.00,ecommerce_api,2026-07-01T17:55:00+07:00,2026-07-01T17:55:00+07:00
ITM00013533,ORD005328,PRD000142,1,3810000.00,0.00,ecommerce_api,2026-07-01T17:55:00+07:00,2026-07-01T17:55:00+07:00
ITM00013534,ORD005328,PRD000095,1,830000.00,0.00,ecommerce_api,2026-07-01T17:55:00+07:00,2026-07-01T17:55:00+07:00
ITM00013535,ORD005329,PRD000030,1,1340000.00,67000.00,ecommerce_api,2026-07-01T17:16:00+07:00,2026-07-01T17:16:00+07:00
ITM00013536,ORD005329,PRD000090,2,5270000.00,527000.00,ecommerce_api,2026-07-01T17:16:00+07:00,2026-07-01T17:16:00+07:00
ITM00013537,ORD005329,PRD000455,1,3730000.00,0.00,ecommerce_api,2026-07-01T17:16:00+07:00,2026-07-01T17:16:00+07:00
ITM00013538,ORD005330,PRD000150,1,5990000.00,0.00,ecommerce_api,2026-07-01T15:01:00+07:00,2026-07-01T15:01:00+07:00
ITM00013539,ORD005330,PRD000310,1,920000.00,0.00,ecommerce_api,2026-07-01T15:01:00+07:00,2026-07-01T15:01:00+07:00
ITM00013540,ORD005330,PRD000240,1,6060000.00,303000.00,ecommerce_api,2026-07-01T15:01:00+07:00,2026-07-01T15:01:00+07:00
ITM00013541,ORD005330,PRD000054,1,5460000.00,0.00,ecommerce_api,2026-07-01T15:01:00+07:00,2026-07-01T15:01:00+07:00
ITM00013542,ORD005331,PRD000302,1,2770000.00,0.00,ecommerce_api,2026-07-01T20:51:00+07:00,2026-07-01T20:51:00+07:00
ITM00013543,ORD005331,PRD000250,2,6250000.00,0.00,ecommerce_api,2026-07-01T20:51:00+07:00,2026-07-01T20:51:00+07:00
ITM00013544,ORD005332,PRD000363,1,4330000.00,0.00,ecommerce_api,2026-07-01T22:38:00+07:00,2026-07-01T22:38:00+07:00
ITM00013545,ORD005332,PRD000084,1,7710000.00,0.00,ecommerce_api,2026-07-01T22:38:00+07:00,2026-07-01T22:38:00+07:00
ITM00013546,ORD005333,PRD000415,1,3420000.00,342000.00,ecommerce_api,2026-07-01T17:49:00+07:00,2026-07-01T17:49:00+07:00
ITM00013547,ORD005333,PRD000516,1,4280000.00,0.00,ecommerce_api,2026-07-01T17:49:00+07:00,2026-07-01T17:49:00+07:00
ITM00013548,ORD005334,PRD000491,1,2670000.00,133500.00,ecommerce_api,2026-07-01T16:49:00+07:00,2026-07-01T16:49:00+07:00
ITM00013549,ORD005334,PRD000045,2,2790000.00,558000.00,ecommerce_api,2026-07-01T16:49:00+07:00,2026-07-01T16:49:00+07:00
ITM00013550,ORD005334,PRD000349,2,5630000.00,1126000.00,ecommerce_api,2026-07-01T16:49:00+07:00,2026-07-01T16:49:00+07:00
ITM00013551,ORD005334,PRD000119,1,380000.00,19000.00,ecommerce_api,2026-07-01T16:49:00+07:00,2026-07-01T16:49:00+07:00
ITM00013552,ORD005335,PRD000140,1,1300000.00,130000.00,ecommerce_api,2026-07-01T08:08:00+07:00,2026-07-01T08:08:00+07:00
ITM00013553,ORD005335,PRD000421,2,6540000.00,654000.00,ecommerce_api,2026-07-01T08:08:00+07:00,2026-07-01T08:08:00+07:00
ITM00013554,ORD005335,PRD000116,1,6680000.00,334000.00,ecommerce_api,2026-07-01T08:08:00+07:00,2026-07-01T08:08:00+07:00
ITM00013555,ORD005336,PRD000407,1,1930000.00,0.00,ecommerce_api,2026-07-01T11:21:00+07:00,2026-07-01T11:21:00+07:00
ITM00013556,ORD005336,PRD000118,2,740000.00,148000.00,ecommerce_api,2026-07-01T11:21:00+07:00,2026-07-01T11:21:00+07:00
ITM00013557,ORD005336,PRD000194,1,6220000.00,0.00,ecommerce_api,2026-07-01T11:21:00+07:00,2026-07-01T11:21:00+07:00
ITM00013558,ORD005337,PRD000120,2,730000.00,0.00,ecommerce_api,2026-07-01T08:42:00+07:00,2026-07-01T08:42:00+07:00
ITM00013559,ORD005337,PRD000303,1,1520000.00,152000.00,ecommerce_api,2026-07-01T08:42:00+07:00,2026-07-01T08:42:00+07:00
ITM00013560,ORD005337,PRD000376,1,5190000.00,519000.00,ecommerce_api,2026-07-01T08:42:00+07:00,2026-07-01T08:42:00+07:00
ITM00013561,ORD005338,PRD000433,1,210000.00,0.00,ecommerce_api,2026-07-01T20:01:00+07:00,2026-07-01T20:01:00+07:00
ITM00013562,ORD005338,PRD000448,1,7130000.00,713000.00,ecommerce_api,2026-07-01T20:01:00+07:00,2026-07-01T20:01:00+07:00
ITM00013563,ORD005338,PRD000121,2,2620000.00,524000.00,ecommerce_api,2026-07-01T20:01:00+07:00,2026-07-01T20:01:00+07:00
ITM00013564,ORD005339,PRD000054,1,5460000.00,0.00,ecommerce_api,2026-07-01T20:26:00+07:00,2026-07-01T20:26:00+07:00
ITM00013565,ORD005339,PRD000366,1,2930000.00,293000.00,ecommerce_api,2026-07-01T20:26:00+07:00,2026-07-01T20:26:00+07:00
ITM00013566,ORD005340,PRD000519,1,1210000.00,60500.00,ecommerce_api,2026-07-01T10:01:00+07:00,2026-07-01T10:01:00+07:00
ITM00013567,ORD005340,PRD000202,1,5600000.00,560000.00,ecommerce_api,2026-07-01T10:01:00+07:00,2026-07-01T10:01:00+07:00
ITM00013568,ORD005340,PRD000259,2,3060000.00,612000.00,ecommerce_api,2026-07-01T10:01:00+07:00,2026-07-01T10:01:00+07:00
ITM00013569,ORD005340,PRD000144,2,4200000.00,840000.00,ecommerce_api,2026-07-01T10:01:00+07:00,2026-07-01T10:01:00+07:00
ITM00013570,ORD005341,PRD000220,1,1540000.00,77000.00,ecommerce_api,2026-07-01T17:26:00+07:00,2026-07-01T17:26:00+07:00
ITM00013571,ORD005342,PRD000261,1,6910000.00,345500.00,ecommerce_api,2026-07-01T12:21:00+07:00,2026-07-01T12:21:00+07:00
ITM00013572,ORD005342,PRD000217,1,4790000.00,239500.00,ecommerce_api,2026-07-01T12:21:00+07:00,2026-07-01T12:21:00+07:00
ITM00013573,ORD005342,PRD000226,1,5130000.00,513000.00,ecommerce_api,2026-07-01T12:21:00+07:00,2026-07-01T12:21:00+07:00
ITM00013574,ORD005342,PRD000157,1,6320000.00,0.00,ecommerce_api,2026-07-01T12:21:00+07:00,2026-07-01T12:21:00+07:00
ITM00013575,ORD005343,PRD000082,1,7660000.00,383000.00,ecommerce_api,2026-07-01T20:50:00+07:00,2026-07-01T20:50:00+07:00
ITM00013576,ORD005343,PRD000407,1,1930000.00,193000.00,ecommerce_api,2026-07-01T20:50:00+07:00,2026-07-01T20:50:00+07:00
ITM00013577,ORD005343,PRD000375,1,4900000.00,245000.00,ecommerce_api,2026-07-01T20:50:00+07:00,2026-07-01T20:50:00+07:00
ITM00013578,ORD005344,PRD000237,2,3470000.00,694000.00,ecommerce_api,2026-07-01T21:13:00+07:00,2026-07-01T21:13:00+07:00
ITM00013579,ORD005345,PRD000416,1,3670000.00,0.00,ecommerce_api,2026-07-01T22:42:00+07:00,2026-07-01T22:42:00+07:00
ITM00013580,ORD005345,PRD000023,1,5610000.00,0.00,ecommerce_api,2026-07-01T22:42:00+07:00,2026-07-01T22:42:00+07:00
ITM00013581,ORD005345,PRD000461,2,4980000.00,996000.00,ecommerce_api,2026-07-01T22:42:00+07:00,2026-07-01T22:42:00+07:00
ITM00013582,ORD005346,PRD000169,1,1180000.00,118000.00,ecommerce_api,2026-07-01T17:22:00+07:00,2026-07-01T17:22:00+07:00
ITM00013583,ORD005347,PRD000152,1,4400000.00,0.00,ecommerce_api,2026-07-01T21:21:00+07:00,2026-07-01T21:21:00+07:00
ITM00013584,ORD005347,PRD000116,1,6680000.00,0.00,ecommerce_api,2026-07-01T21:21:00+07:00,2026-07-01T21:21:00+07:00
ITM00013585,ORD005348,PRD000158,1,1750000.00,0.00,ecommerce_api,2026-07-01T12:06:00+07:00,2026-07-01T12:06:00+07:00
ITM00013586,ORD005348,PRD000501,1,2760000.00,0.00,ecommerce_api,2026-07-01T12:06:00+07:00,2026-07-01T12:06:00+07:00
ITM00013587,ORD005349,PRD000101,1,2520000.00,0.00,ecommerce_api,2026-07-01T20:14:00+07:00,2026-07-01T20:14:00+07:00
ITM00013588,ORD005349,PRD000037,2,240000.00,0.00,ecommerce_api,2026-07-01T20:14:00+07:00,2026-07-01T20:14:00+07:00
ITM00013589,ORD005350,PRD000046,2,3140000.00,314000.00,ecommerce_api,2026-07-01T17:31:00+07:00,2026-07-01T17:31:00+07:00
ITM00013590,ORD005350,PRD000459,1,3980000.00,199000.00,ecommerce_api,2026-07-01T17:31:00+07:00,2026-07-01T17:31:00+07:00
ITM00013591,ORD005350,PRD000431,1,5050000.00,0.00,ecommerce_api,2026-07-01T17:31:00+07:00,2026-07-01T17:31:00+07:00
ITM00013592,ORD005351,PRD000103,1,7210000.00,0.00,ecommerce_api,2026-07-01T08:59:00+07:00,2026-07-01T08:59:00+07:00
ITM00013593,ORD005351,PRD000318,1,4170000.00,417000.00,ecommerce_api,2026-07-01T08:59:00+07:00,2026-07-01T08:59:00+07:00
ITM00013594,ORD005351,PRD000409,2,1990000.00,0.00,ecommerce_api,2026-07-01T08:59:00+07:00,2026-07-01T08:59:00+07:00
ITM00013595,ORD005352,PRD000342,1,3820000.00,382000.00,ecommerce_api,2026-07-01T20:13:00+07:00,2026-07-01T20:13:00+07:00
ITM00013596,ORD005352,PRD000228,2,3910000.00,0.00,ecommerce_api,2026-07-01T20:13:00+07:00,2026-07-01T20:13:00+07:00
ITM00013597,ORD005352,PRD000378,1,4280000.00,0.00,ecommerce_api,2026-07-01T20:13:00+07:00,2026-07-01T20:13:00+07:00
ITM00013598,ORD005352,PRD000269,1,920000.00,0.00,ecommerce_api,2026-07-01T20:13:00+07:00,2026-07-01T20:13:00+07:00
ITM00013599,ORD005353,PRD000025,1,980000.00,49000.00,ecommerce_api,2026-07-01T20:45:00+07:00,2026-07-01T20:45:00+07:00
ITM00013600,ORD005353,PRD000082,1,7660000.00,0.00,ecommerce_api,2026-07-01T20:45:00+07:00,2026-07-01T20:45:00+07:00
ITM00013601,ORD005354,PRD000278,1,7810000.00,781000.00,ecommerce_api,2026-07-01T15:32:00+07:00,2026-07-01T15:32:00+07:00
ITM00013602,ORD005354,PRD000381,1,2410000.00,241000.00,ecommerce_api,2026-07-01T15:32:00+07:00,2026-07-01T15:32:00+07:00
ITM00013603,ORD005355,PRD000441,1,1440000.00,0.00,ecommerce_api,2026-07-01T18:06:00+07:00,2026-07-01T18:06:00+07:00
ITM00013604,ORD005355,PRD000191,1,5970000.00,0.00,ecommerce_api,2026-07-01T18:06:00+07:00,2026-07-01T18:06:00+07:00
ITM00013605,ORD005355,PRD000361,1,7860000.00,0.00,ecommerce_api,2026-07-01T18:06:00+07:00,2026-07-01T18:06:00+07:00
ITM00013606,ORD005355,PRD000391,1,6650000.00,0.00,ecommerce_api,2026-07-01T18:06:00+07:00,2026-07-01T18:06:00+07:00
ITM00013607,ORD005356,PRD000240,2,6060000.00,0.00,ecommerce_api,2026-07-01T08:20:00+07:00,2026-07-01T08:20:00+07:00
ITM00013608,ORD005356,PRD000016,1,7780000.00,0.00,ecommerce_api,2026-07-01T08:20:00+07:00,2026-07-01T08:20:00+07:00
ITM00013609,ORD005356,PRD000118,1,740000.00,0.00,ecommerce_api,2026-07-01T08:20:00+07:00,2026-07-01T08:20:00+07:00
ITM00013610,ORD005357,PRD000489,1,7410000.00,0.00,ecommerce_api,2026-07-01T18:42:00+07:00,2026-07-01T18:42:00+07:00
ITM00013611,ORD005357,PRD000303,1,1520000.00,0.00,ecommerce_api,2026-07-01T18:42:00+07:00,2026-07-01T18:42:00+07:00
ITM00013612,ORD005357,PRD000347,2,3460000.00,346000.00,ecommerce_api,2026-07-01T18:42:00+07:00,2026-07-01T18:42:00+07:00
ITM00013613,ORD005358,PRD000095,1,830000.00,0.00,ecommerce_api,2026-07-01T19:46:00+07:00,2026-07-01T19:46:00+07:00
ITM00013614,ORD005358,PRD000036,1,4290000.00,429000.00,ecommerce_api,2026-07-01T19:46:00+07:00,2026-07-01T19:46:00+07:00
ITM00013615,ORD005358,PRD000456,1,6670000.00,0.00,ecommerce_api,2026-07-01T19:46:00+07:00,2026-07-01T19:46:00+07:00
ITM00013616,ORD005359,PRD000499,2,3570000.00,0.00,ecommerce_api,2026-07-01T14:24:00+07:00,2026-07-01T14:24:00+07:00
ITM00013617,ORD005359,PRD000129,1,6780000.00,0.00,ecommerce_api,2026-07-01T14:24:00+07:00,2026-07-01T14:24:00+07:00
ITM00013618,ORD005359,PRD000263,1,6160000.00,308000.00,ecommerce_api,2026-07-01T14:24:00+07:00,2026-07-01T14:24:00+07:00
ITM00013619,ORD005359,PRD000046,1,3140000.00,314000.00,ecommerce_api,2026-07-01T14:24:00+07:00,2026-07-01T14:24:00+07:00
ITM00013620,ORD005360,PRD000267,1,5530000.00,553000.00,ecommerce_api,2026-07-01T12:20:00+07:00,2026-07-01T12:20:00+07:00
ITM00013621,ORD005360,PRD000297,1,7950000.00,795000.00,ecommerce_api,2026-07-01T12:20:00+07:00,2026-07-01T12:20:00+07:00
ITM00013622,ORD005361,PRD000117,1,6570000.00,328500.00,ecommerce_api,2026-07-01T14:46:00+07:00,2026-07-01T14:46:00+07:00
ITM00013623,ORD005361,PRD000434,1,2080000.00,104000.00,ecommerce_api,2026-07-01T14:46:00+07:00,2026-07-01T14:46:00+07:00
ITM00013624,ORD005362,PRD000075,2,5480000.00,1096000.00,ecommerce_api,2026-07-01T17:16:00+07:00,2026-07-01T17:16:00+07:00
ITM00013625,ORD005362,PRD000386,1,3450000.00,172500.00,ecommerce_api,2026-07-01T17:16:00+07:00,2026-07-01T17:16:00+07:00
ITM00013626,ORD005362,PRD000108,2,6610000.00,661000.00,ecommerce_api,2026-07-01T17:16:00+07:00,2026-07-01T17:16:00+07:00
ITM00013627,ORD005363,PRD000358,1,4630000.00,0.00,ecommerce_api,2026-07-01T13:41:00+07:00,2026-07-01T13:41:00+07:00
ITM00013628,ORD005363,PRD000491,1,2670000.00,133500.00,ecommerce_api,2026-07-01T13:41:00+07:00,2026-07-01T13:41:00+07:00
ITM00013629,ORD005363,PRD000513,2,4050000.00,0.00,ecommerce_api,2026-07-01T13:41:00+07:00,2026-07-01T13:41:00+07:00
ITM00013630,ORD005364,PRD000340,1,4100000.00,410000.00,ecommerce_api,2026-07-01T09:00:00+07:00,2026-07-01T09:00:00+07:00
ITM00013631,ORD005364,PRD000153,1,4520000.00,0.00,ecommerce_api,2026-07-01T09:00:00+07:00,2026-07-01T09:00:00+07:00
ITM00013632,ORD005365,PRD000346,2,4580000.00,916000.00,ecommerce_api,2026-07-01T17:00:00+07:00,2026-07-01T17:00:00+07:00
ITM00013633,ORD005365,PRD000008,1,1180000.00,0.00,ecommerce_api,2026-07-01T17:00:00+07:00,2026-07-01T17:00:00+07:00
ITM00013634,ORD005365,PRD000204,2,7340000.00,0.00,ecommerce_api,2026-07-01T17:00:00+07:00,2026-07-01T17:00:00+07:00
ITM00013635,ORD005366,PRD000352,1,130000.00,0.00,ecommerce_api,2026-07-01T17:29:00+07:00,2026-07-01T17:29:00+07:00
ITM00013636,ORD005366,PRD000109,2,2660000.00,0.00,ecommerce_api,2026-07-01T17:29:00+07:00,2026-07-01T17:29:00+07:00
ITM00013637,ORD005366,PRD000027,2,5010000.00,1002000.00,ecommerce_api,2026-07-01T17:29:00+07:00,2026-07-01T17:29:00+07:00
ITM00013638,ORD005367,PRD000513,1,4050000.00,405000.00,ecommerce_api,2026-07-01T21:55:00+07:00,2026-07-01T21:55:00+07:00
ITM00013639,ORD005367,PRD000105,1,2130000.00,0.00,ecommerce_api,2026-07-01T21:55:00+07:00,2026-07-01T21:55:00+07:00
ITM00013640,ORD005367,PRD000490,1,7000000.00,0.00,ecommerce_api,2026-07-01T21:55:00+07:00,2026-07-01T21:55:00+07:00
ITM00013641,ORD005368,PRD000214,1,6470000.00,0.00,ecommerce_api,2026-07-01T19:46:00+07:00,2026-07-01T19:46:00+07:00
ITM00013642,ORD005368,PRD000263,1,6160000.00,616000.00,ecommerce_api,2026-07-01T19:46:00+07:00,2026-07-01T19:46:00+07:00
ITM00013643,ORD005369,PRD000330,1,6780000.00,0.00,ecommerce_api,2026-07-01T22:48:00+07:00,2026-07-01T22:48:00+07:00
ITM00013644,ORD005369,PRD000516,1,4280000.00,428000.00,ecommerce_api,2026-07-01T22:48:00+07:00,2026-07-01T22:48:00+07:00
ITM00013645,ORD005370,PRD000362,1,3630000.00,363000.00,ecommerce_api,2026-07-01T21:35:00+07:00,2026-07-01T21:35:00+07:00
ITM00013646,ORD005370,PRD000470,2,130000.00,0.00,ecommerce_api,2026-07-01T21:35:00+07:00,2026-07-01T21:35:00+07:00
ITM00013647,ORD005370,PRD000170,1,3260000.00,326000.00,ecommerce_api,2026-07-01T21:35:00+07:00,2026-07-01T21:35:00+07:00
ITM00013648,ORD005370,PRD000118,1,740000.00,0.00,ecommerce_api,2026-07-01T21:35:00+07:00,2026-07-01T21:35:00+07:00
ITM00013649,ORD005371,PRD000003,1,6380000.00,638000.00,ecommerce_api,2026-07-01T09:49:00+07:00,2026-07-01T09:49:00+07:00
ITM00013650,ORD005371,PRD000012,1,2130000.00,106500.00,ecommerce_api,2026-07-01T09:49:00+07:00,2026-07-01T09:49:00+07:00
ITM00013651,ORD005371,PRD000496,2,2600000.00,0.00,ecommerce_api,2026-07-01T09:49:00+07:00,2026-07-01T09:49:00+07:00
ITM00013652,ORD005372,PRD000332,1,1430000.00,143000.00,ecommerce_api,2026-07-01T10:37:00+07:00,2026-07-01T10:37:00+07:00
ITM00013653,ORD005373,PRD000180,1,6300000.00,0.00,ecommerce_api,2026-07-01T22:25:00+07:00,2026-07-01T22:25:00+07:00
ITM00013654,ORD005374,PRD000427,2,2310000.00,231000.00,ecommerce_api,2026-07-01T12:06:00+07:00,2026-07-01T12:06:00+07:00
ITM00013655,ORD005374,PRD000307,1,7330000.00,733000.00,ecommerce_api,2026-07-01T12:06:00+07:00,2026-07-01T12:06:00+07:00
ITM00013656,ORD005374,PRD000080,1,2170000.00,217000.00,ecommerce_api,2026-07-01T12:06:00+07:00,2026-07-01T12:06:00+07:00
ITM00013657,ORD005374,PRD000298,1,3390000.00,339000.00,ecommerce_api,2026-07-01T12:06:00+07:00,2026-07-01T12:06:00+07:00
ITM00013658,ORD005375,PRD000502,1,990000.00,49500.00,ecommerce_api,2026-07-01T18:04:00+07:00,2026-07-01T18:04:00+07:00
ITM00013659,ORD005375,PRD000512,1,4980000.00,0.00,ecommerce_api,2026-07-01T18:04:00+07:00,2026-07-01T18:04:00+07:00
ITM00013660,ORD005375,PRD000348,2,5210000.00,521000.00,ecommerce_api,2026-07-01T18:04:00+07:00,2026-07-01T18:04:00+07:00
ITM00013661,ORD005375,PRD000158,1,1750000.00,175000.00,ecommerce_api,2026-07-01T18:04:00+07:00,2026-07-01T18:04:00+07:00
ITM00013662,ORD005376,PRD000090,1,5270000.00,263500.00,ecommerce_api,2026-07-01T12:12:00+07:00,2026-07-01T12:12:00+07:00
ITM00013663,ORD005376,PRD000165,1,4960000.00,248000.00,ecommerce_api,2026-07-01T12:12:00+07:00,2026-07-01T12:12:00+07:00
ITM00013664,ORD005376,PRD000515,1,210000.00,0.00,ecommerce_api,2026-07-01T12:12:00+07:00,2026-07-01T12:12:00+07:00
ITM00013665,ORD005377,PRD000057,1,1740000.00,0.00,ecommerce_api,2026-07-01T14:17:00+07:00,2026-07-01T14:17:00+07:00
ITM00013666,ORD005377,PRD000013,1,2600000.00,130000.00,ecommerce_api,2026-07-01T14:17:00+07:00,2026-07-01T14:17:00+07:00
ITM00013667,ORD005377,PRD000491,2,2670000.00,534000.00,ecommerce_api,2026-07-01T14:17:00+07:00,2026-07-01T14:17:00+07:00
ITM00013668,ORD005377,PRD000195,2,3340000.00,0.00,ecommerce_api,2026-07-01T14:17:00+07:00,2026-07-01T14:17:00+07:00
ITM00013669,ORD005378,PRD000400,1,700000.00,70000.00,ecommerce_api,2026-07-01T18:28:00+07:00,2026-07-01T18:28:00+07:00
ITM00013670,ORD005378,PRD000509,1,2970000.00,0.00,ecommerce_api,2026-07-01T18:28:00+07:00,2026-07-01T18:28:00+07:00
ITM00013671,ORD005379,PRD000147,2,6710000.00,0.00,ecommerce_api,2026-07-01T13:47:00+07:00,2026-07-01T13:47:00+07:00
ITM00013672,ORD005379,PRD000062,1,6770000.00,0.00,ecommerce_api,2026-07-01T13:47:00+07:00,2026-07-01T13:47:00+07:00
ITM00013673,ORD005379,PRD000518,2,430000.00,0.00,ecommerce_api,2026-07-01T13:47:00+07:00,2026-07-01T13:47:00+07:00
ITM00013674,ORD005380,PRD000414,1,2190000.00,0.00,ecommerce_api,2026-07-01T11:23:00+07:00,2026-07-01T11:23:00+07:00
ITM00013675,ORD005380,PRD000098,1,4550000.00,227500.00,ecommerce_api,2026-07-01T11:23:00+07:00,2026-07-01T11:23:00+07:00
ITM00013676,ORD005381,PRD000223,1,4680000.00,0.00,ecommerce_api,2026-07-01T10:05:00+07:00,2026-07-01T10:05:00+07:00
ITM00013677,ORD005381,PRD000200,1,3950000.00,197500.00,ecommerce_api,2026-07-01T10:05:00+07:00,2026-07-01T10:05:00+07:00
ITM00013678,ORD005382,PRD000517,1,4960000.00,0.00,ecommerce_api,2026-07-01T17:32:00+07:00,2026-07-01T17:32:00+07:00
ITM00013679,ORD005382,PRD000419,1,460000.00,0.00,ecommerce_api,2026-07-01T17:32:00+07:00,2026-07-01T17:32:00+07:00
ITM00013680,ORD005382,PRD000410,2,3840000.00,0.00,ecommerce_api,2026-07-01T17:32:00+07:00,2026-07-01T17:32:00+07:00
ITM00013681,ORD005382,PRD000093,1,7070000.00,0.00,ecommerce_api,2026-07-01T17:32:00+07:00,2026-07-01T17:32:00+07:00
ITM00013682,ORD005383,PRD000457,1,5890000.00,0.00,ecommerce_api,2026-07-01T21:08:00+07:00,2026-07-01T21:08:00+07:00
ITM00013683,ORD005383,PRD000213,2,3610000.00,361000.00,ecommerce_api,2026-07-01T21:08:00+07:00,2026-07-01T21:08:00+07:00
ITM00013684,ORD005384,PRD000439,1,6290000.00,0.00,ecommerce_api,2026-07-01T15:02:00+07:00,2026-07-01T15:02:00+07:00
ITM00013685,ORD005384,PRD000409,1,1990000.00,0.00,ecommerce_api,2026-07-01T15:02:00+07:00,2026-07-01T15:02:00+07:00
ITM00013686,ORD005385,PRD000203,1,7720000.00,0.00,ecommerce_api,2026-07-01T10:07:00+07:00,2026-07-01T10:07:00+07:00
ITM00013687,ORD005385,PRD000357,1,2360000.00,118000.00,ecommerce_api,2026-07-01T10:07:00+07:00,2026-07-01T10:07:00+07:00
ITM00013688,ORD005386,PRD000380,2,3170000.00,317000.00,ecommerce_api,2026-07-01T16:54:00+07:00,2026-07-01T16:54:00+07:00
ITM00013689,ORD005386,PRD000309,2,7320000.00,1464000.00,ecommerce_api,2026-07-01T16:54:00+07:00,2026-07-01T16:54:00+07:00
ITM00013690,ORD005386,PRD000303,1,1520000.00,152000.00,ecommerce_api,2026-07-01T16:54:00+07:00,2026-07-01T16:54:00+07:00
ITM00013691,ORD005387,PRD000322,1,6900000.00,0.00,ecommerce_api,2026-07-01T11:17:00+07:00,2026-07-01T11:17:00+07:00
ITM00013692,ORD005387,PRD000054,1,5460000.00,546000.00,ecommerce_api,2026-07-01T11:17:00+07:00,2026-07-01T11:17:00+07:00
ITM00013693,ORD005387,PRD000485,1,6250000.00,312500.00,ecommerce_api,2026-07-01T11:17:00+07:00,2026-07-01T11:17:00+07:00
ITM00013694,ORD005388,PRD000237,1,3470000.00,0.00,ecommerce_api,2026-07-01T15:26:00+07:00,2026-07-01T15:26:00+07:00
ITM00013695,ORD005388,PRD000426,1,5450000.00,0.00,ecommerce_api,2026-07-01T15:26:00+07:00,2026-07-01T15:26:00+07:00
ITM00013696,ORD005388,PRD000314,1,7690000.00,384500.00,ecommerce_api,2026-07-01T15:26:00+07:00,2026-07-01T15:26:00+07:00
ITM00013697,ORD005389,PRD000214,1,6470000.00,0.00,ecommerce_api,2026-07-01T16:28:00+07:00,2026-07-01T16:28:00+07:00
ITM00013698,ORD005389,PRD000333,2,4870000.00,974000.00,ecommerce_api,2026-07-01T16:28:00+07:00,2026-07-01T16:28:00+07:00
ITM00013699,ORD005389,PRD000038,1,5880000.00,0.00,ecommerce_api,2026-07-01T16:28:00+07:00,2026-07-01T16:28:00+07:00
ITM00013700,ORD005390,PRD000454,2,1470000.00,0.00,ecommerce_api,2026-07-01T18:21:00+07:00,2026-07-01T18:21:00+07:00
ITM00013701,ORD005391,PRD000135,1,5450000.00,272500.00,ecommerce_api,2026-07-01T08:09:00+07:00,2026-07-01T08:09:00+07:00
ITM00013702,ORD005391,PRD000202,2,5600000.00,0.00,ecommerce_api,2026-07-01T08:09:00+07:00,2026-07-01T08:09:00+07:00
ITM00013703,ORD005392,PRD000108,2,6610000.00,0.00,ecommerce_api,2026-07-01T21:36:00+07:00,2026-07-01T21:36:00+07:00
ITM00013704,ORD005392,PRD000091,1,5340000.00,534000.00,ecommerce_api,2026-07-01T21:36:00+07:00,2026-07-01T21:36:00+07:00
ITM00013705,ORD005392,PRD000350,2,230000.00,0.00,ecommerce_api,2026-07-01T21:36:00+07:00,2026-07-01T21:36:00+07:00
ITM00013706,ORD005393,PRD000427,1,2310000.00,115500.00,ecommerce_api,2026-07-01T15:24:00+07:00,2026-07-01T15:24:00+07:00
ITM00013707,ORD005394,PRD000087,1,240000.00,24000.00,ecommerce_api,2026-07-01T17:36:00+07:00,2026-07-01T17:36:00+07:00
ITM00013708,ORD005394,PRD000269,2,920000.00,0.00,ecommerce_api,2026-07-01T17:36:00+07:00,2026-07-01T17:36:00+07:00
ITM00013709,ORD005394,PRD000489,1,7410000.00,741000.00,ecommerce_api,2026-07-01T17:36:00+07:00,2026-07-01T17:36:00+07:00
ITM00013710,ORD005395,PRD000262,1,2700000.00,0.00,ecommerce_api,2026-07-01T19:13:00+07:00,2026-07-01T19:13:00+07:00
ITM00013711,ORD005395,PRD000104,1,2560000.00,256000.00,ecommerce_api,2026-07-01T19:13:00+07:00,2026-07-01T19:13:00+07:00
ITM00013712,ORD005395,PRD000020,2,1130000.00,0.00,ecommerce_api,2026-07-01T19:13:00+07:00,2026-07-01T19:13:00+07:00
ITM00013713,ORD005396,PRD000078,1,6690000.00,0.00,ecommerce_api,2026-07-01T10:28:00+07:00,2026-07-01T10:28:00+07:00
ITM00013714,ORD005396,PRD000059,1,6330000.00,633000.00,ecommerce_api,2026-07-01T10:28:00+07:00,2026-07-01T10:28:00+07:00
ITM00013715,ORD005396,PRD000431,2,5050000.00,0.00,ecommerce_api,2026-07-01T10:28:00+07:00,2026-07-01T10:28:00+07:00
ITM00013716,ORD005397,PRD000168,1,730000.00,73000.00,ecommerce_api,2026-07-01T10:11:00+07:00,2026-07-01T10:11:00+07:00
ITM00013717,ORD005397,PRD000468,1,3830000.00,0.00,ecommerce_api,2026-07-01T10:11:00+07:00,2026-07-01T10:11:00+07:00
ITM00013718,ORD005397,PRD000173,1,7850000.00,0.00,ecommerce_api,2026-07-01T10:11:00+07:00,2026-07-01T10:11:00+07:00
ITM00013719,ORD005398,PRD000091,1,5340000.00,0.00,ecommerce_api,2026-07-01T17:13:00+07:00,2026-07-01T17:13:00+07:00
ITM00013720,ORD005398,PRD000162,1,4620000.00,231000.00,ecommerce_api,2026-07-01T17:13:00+07:00,2026-07-01T17:13:00+07:00
ITM00013721,ORD005398,PRD000317,1,5950000.00,297500.00,ecommerce_api,2026-07-01T17:13:00+07:00,2026-07-01T17:13:00+07:00
ITM00013722,ORD005399,PRD000198,1,1090000.00,109000.00,ecommerce_api,2026-07-01T17:20:00+07:00,2026-07-01T17:20:00+07:00
ITM00013723,ORD005400,PRD000255,1,5060000.00,0.00,ecommerce_api,2026-07-01T21:38:00+07:00,2026-07-01T21:38:00+07:00
ITM00013724,ORD005400,PRD000306,1,1920000.00,0.00,ecommerce_api,2026-07-01T21:38:00+07:00,2026-07-01T21:38:00+07:00
ITM00013725,ORD005401,PRD000362,1,3630000.00,0.00,ecommerce_api,2026-07-01T16:14:00+07:00,2026-07-01T16:14:00+07:00
ITM00013726,ORD005401,PRD000403,1,3240000.00,324000.00,ecommerce_api,2026-07-01T16:14:00+07:00,2026-07-01T16:14:00+07:00
ITM00013727,ORD005401,PRD000239,1,3680000.00,368000.00,ecommerce_api,2026-07-01T16:14:00+07:00,2026-07-01T16:14:00+07:00
ITM00013728,ORD005402,PRD000002,2,170000.00,34000.00,ecommerce_api,2026-07-01T10:05:00+07:00,2026-07-01T10:05:00+07:00
ITM00013729,ORD005402,PRD000079,1,4590000.00,229500.00,ecommerce_api,2026-07-01T10:05:00+07:00,2026-07-01T10:05:00+07:00
ITM00013730,ORD005403,PRD000318,1,4170000.00,0.00,ecommerce_api,2026-07-01T21:46:00+07:00,2026-07-01T21:46:00+07:00
ITM00013731,ORD005403,PRD000515,2,210000.00,42000.00,ecommerce_api,2026-07-01T21:46:00+07:00,2026-07-01T21:46:00+07:00
ITM00013732,ORD005403,PRD000098,1,4550000.00,227500.00,ecommerce_api,2026-07-01T21:46:00+07:00,2026-07-01T21:46:00+07:00
ITM00013733,ORD005404,PRD000362,1,3630000.00,0.00,ecommerce_api,2026-07-01T21:46:00+07:00,2026-07-01T21:46:00+07:00
ITM00013734,ORD005404,PRD000152,1,4400000.00,220000.00,ecommerce_api,2026-07-01T21:46:00+07:00,2026-07-01T21:46:00+07:00
ITM00013735,ORD005404,PRD000432,1,130000.00,0.00,ecommerce_api,2026-07-01T21:46:00+07:00,2026-07-01T21:46:00+07:00
ITM00013736,ORD005404,PRD000108,1,6610000.00,330500.00,ecommerce_api,2026-07-01T21:46:00+07:00,2026-07-01T21:46:00+07:00
ITM00013737,ORD005405,PRD000068,1,7700000.00,0.00,ecommerce_api,2026-07-01T10:39:00+07:00,2026-07-01T10:39:00+07:00
ITM00013738,ORD005406,PRD000027,2,5010000.00,501000.00,ecommerce_api,2026-07-01T09:10:00+07:00,2026-07-01T09:10:00+07:00
ITM00013739,ORD005406,PRD000022,1,6540000.00,654000.00,ecommerce_api,2026-07-01T09:10:00+07:00,2026-07-01T09:10:00+07:00
ITM00013740,ORD005406,PRD000259,2,3060000.00,612000.00,ecommerce_api,2026-07-01T09:10:00+07:00,2026-07-01T09:10:00+07:00
ITM00013741,ORD005407,PRD000340,2,4100000.00,0.00,ecommerce_api,2026-07-01T15:16:00+07:00,2026-07-01T15:16:00+07:00
ITM00013742,ORD005407,PRD000021,2,2460000.00,0.00,ecommerce_api,2026-07-01T15:16:00+07:00,2026-07-01T15:16:00+07:00
ITM00013743,ORD005408,PRD000161,2,1820000.00,0.00,ecommerce_api,2026-07-01T10:49:00+07:00,2026-07-01T10:49:00+07:00
ITM00013744,ORD005408,PRD000175,1,360000.00,0.00,ecommerce_api,2026-07-01T10:49:00+07:00,2026-07-01T10:49:00+07:00
ITM00013745,ORD005409,PRD000184,1,3370000.00,0.00,ecommerce_api,2026-07-01T15:54:00+07:00,2026-07-01T15:54:00+07:00
ITM00013746,ORD005409,PRD000428,1,5610000.00,561000.00,ecommerce_api,2026-07-01T15:54:00+07:00,2026-07-01T15:54:00+07:00
ITM00013747,ORD005409,PRD000485,1,6250000.00,625000.00,ecommerce_api,2026-07-01T15:54:00+07:00,2026-07-01T15:54:00+07:00
ITM00013748,ORD005410,PRD000072,1,7900000.00,0.00,ecommerce_api,2026-07-01T10:19:00+07:00,2026-07-01T10:19:00+07:00
ITM00013749,ORD005410,PRD000436,1,7800000.00,0.00,ecommerce_api,2026-07-01T10:19:00+07:00,2026-07-01T10:19:00+07:00
ITM00013750,ORD005410,PRD000358,2,4630000.00,926000.00,ecommerce_api,2026-07-01T10:19:00+07:00,2026-07-01T10:19:00+07:00
ITM00013751,ORD005410,PRD000047,1,5010000.00,501000.00,ecommerce_api,2026-07-01T10:19:00+07:00,2026-07-01T10:19:00+07:00
ITM00013752,ORD005411,PRD000325,1,1510000.00,0.00,ecommerce_api,2026-07-01T08:53:00+07:00,2026-07-01T08:53:00+07:00
ITM00013753,ORD005411,PRD000470,1,130000.00,0.00,ecommerce_api,2026-07-01T08:53:00+07:00,2026-07-01T08:53:00+07:00
ITM00013754,ORD005411,PRD000393,1,130000.00,6500.00,ecommerce_api,2026-07-01T08:53:00+07:00,2026-07-01T08:53:00+07:00
ITM00013755,ORD005412,PRD000243,1,2910000.00,0.00,ecommerce_api,2026-07-01T17:03:00+07:00,2026-07-01T17:03:00+07:00
ITM00013756,ORD005412,PRD000456,1,6670000.00,0.00,ecommerce_api,2026-07-01T17:03:00+07:00,2026-07-01T17:03:00+07:00
ITM00013757,ORD005412,PRD000017,2,4240000.00,0.00,ecommerce_api,2026-07-01T17:03:00+07:00,2026-07-01T17:03:00+07:00
ITM00013758,ORD005413,PRD000008,2,1180000.00,118000.00,ecommerce_api,2026-07-01T19:20:00+07:00,2026-07-01T19:20:00+07:00
ITM00013759,ORD005413,PRD000021,2,2460000.00,0.00,ecommerce_api,2026-07-01T19:20:00+07:00,2026-07-01T19:20:00+07:00
ITM00013760,ORD005414,PRD000360,1,3980000.00,0.00,ecommerce_api,2026-07-01T08:49:00+07:00,2026-07-01T08:49:00+07:00
ITM00013761,ORD005414,PRD000312,1,4520000.00,226000.00,ecommerce_api,2026-07-01T08:49:00+07:00,2026-07-01T08:49:00+07:00
ITM00013762,ORD005415,PRD000284,1,4850000.00,242500.00,ecommerce_api,2026-07-01T08:58:00+07:00,2026-07-01T08:58:00+07:00
ITM00013763,ORD005415,PRD000038,1,5880000.00,588000.00,ecommerce_api,2026-07-01T08:58:00+07:00,2026-07-01T08:58:00+07:00
ITM00013764,ORD005415,PRD000203,2,7720000.00,0.00,ecommerce_api,2026-07-01T08:58:00+07:00,2026-07-01T08:58:00+07:00
ITM00013765,ORD005415,PRD000391,1,6650000.00,0.00,ecommerce_api,2026-07-01T08:58:00+07:00,2026-07-01T08:58:00+07:00
ITM00013766,ORD005416,PRD000253,1,2950000.00,295000.00,ecommerce_api,2026-07-01T11:14:00+07:00,2026-07-01T11:14:00+07:00
ITM00013767,ORD005416,PRD000422,1,3880000.00,0.00,ecommerce_api,2026-07-01T11:14:00+07:00,2026-07-01T11:14:00+07:00
ITM00013768,ORD005416,PRD000342,1,3820000.00,191000.00,ecommerce_api,2026-07-01T11:14:00+07:00,2026-07-01T11:14:00+07:00
ITM00013769,ORD005416,PRD000391,1,6650000.00,332500.00,ecommerce_api,2026-07-01T11:14:00+07:00,2026-07-01T11:14:00+07:00
ITM00013770,ORD005417,PRD000360,1,3980000.00,199000.00,ecommerce_api,2026-07-01T09:53:00+07:00,2026-07-01T09:53:00+07:00
ITM00013771,ORD005417,PRD000049,1,1000000.00,0.00,ecommerce_api,2026-07-01T09:53:00+07:00,2026-07-01T09:53:00+07:00
ITM00013772,ORD005417,PRD000190,1,6200000.00,620000.00,ecommerce_api,2026-07-01T09:53:00+07:00,2026-07-01T09:53:00+07:00
ITM00013773,ORD005418,PRD000005,2,6160000.00,616000.00,ecommerce_api,2026-07-01T09:55:00+07:00,2026-07-01T09:55:00+07:00
ITM00013774,ORD005418,PRD000141,1,650000.00,65000.00,ecommerce_api,2026-07-01T09:55:00+07:00,2026-07-01T09:55:00+07:00
ITM00013775,ORD005418,PRD000150,2,5990000.00,0.00,ecommerce_api,2026-07-01T09:55:00+07:00,2026-07-01T09:55:00+07:00
ITM00013776,ORD005418,PRD000271,1,5330000.00,533000.00,ecommerce_api,2026-07-01T09:55:00+07:00,2026-07-01T09:55:00+07:00
ITM00013777,ORD005419,PRD000225,1,5090000.00,0.00,ecommerce_api,2026-07-01T18:40:00+07:00,2026-07-01T18:40:00+07:00
ITM00013778,ORD005420,PRD000254,1,2110000.00,0.00,ecommerce_api,2026-07-01T14:37:00+07:00,2026-07-01T14:37:00+07:00
ITM00013779,ORD005421,PRD000313,1,1120000.00,112000.00,ecommerce_api,2026-07-01T22:10:00+07:00,2026-07-01T22:10:00+07:00
ITM00013780,ORD005421,PRD000333,1,4870000.00,0.00,ecommerce_api,2026-07-01T22:10:00+07:00,2026-07-01T22:10:00+07:00
ITM00013781,ORD005422,PRD000316,1,4940000.00,0.00,ecommerce_api,2026-07-01T16:02:00+07:00,2026-07-01T16:02:00+07:00
ITM00013782,ORD005422,PRD000013,1,2600000.00,0.00,ecommerce_api,2026-07-01T16:02:00+07:00,2026-07-01T16:02:00+07:00
ITM00013783,ORD005423,PRD000307,1,7330000.00,0.00,ecommerce_api,2026-07-01T17:39:00+07:00,2026-07-01T17:39:00+07:00
ITM00013784,ORD005423,PRD000254,1,2110000.00,0.00,ecommerce_api,2026-07-01T17:39:00+07:00,2026-07-01T17:39:00+07:00
ITM00013785,ORD005423,PRD000121,1,2620000.00,131000.00,ecommerce_api,2026-07-01T17:39:00+07:00,2026-07-01T17:39:00+07:00
ITM00013786,ORD005423,PRD000101,2,2520000.00,252000.00,ecommerce_api,2026-07-01T17:39:00+07:00,2026-07-01T17:39:00+07:00
ITM00013787,ORD005424,PRD000354,1,7550000.00,377500.00,ecommerce_api,2026-07-01T11:52:00+07:00,2026-07-01T11:52:00+07:00
ITM00013788,ORD005424,PRD000475,1,6570000.00,328500.00,ecommerce_api,2026-07-01T11:52:00+07:00,2026-07-01T11:52:00+07:00
ITM00013789,ORD005424,PRD000103,1,7210000.00,0.00,ecommerce_api,2026-07-01T11:52:00+07:00,2026-07-01T11:52:00+07:00
ITM00013790,ORD005425,PRD000248,1,3240000.00,0.00,ecommerce_api,2026-07-01T20:51:00+07:00,2026-07-01T20:51:00+07:00
ITM00013791,ORD005425,PRD000441,2,1440000.00,144000.00,ecommerce_api,2026-07-01T20:51:00+07:00,2026-07-01T20:51:00+07:00
ITM00013792,ORD005425,PRD000335,1,2390000.00,239000.00,ecommerce_api,2026-07-01T20:51:00+07:00,2026-07-01T20:51:00+07:00
ITM00013793,ORD005425,PRD000055,1,5270000.00,0.00,ecommerce_api,2026-07-01T20:51:00+07:00,2026-07-01T20:51:00+07:00
ITM00013794,ORD005426,PRD000479,1,4710000.00,471000.00,ecommerce_api,2026-07-01T19:17:00+07:00,2026-07-01T19:17:00+07:00
ITM00013795,ORD005426,PRD000121,1,2620000.00,0.00,ecommerce_api,2026-07-01T19:17:00+07:00,2026-07-01T19:17:00+07:00
ITM00013796,ORD005426,PRD000086,2,2260000.00,0.00,ecommerce_api,2026-07-01T19:17:00+07:00,2026-07-01T19:17:00+07:00
ITM00013797,ORD005427,PRD000232,1,5960000.00,596000.00,ecommerce_api,2026-07-01T16:03:00+07:00,2026-07-01T16:03:00+07:00
ITM00013798,ORD005427,PRD000164,1,6350000.00,0.00,ecommerce_api,2026-07-01T16:03:00+07:00,2026-07-01T16:03:00+07:00
ITM00013799,ORD005428,PRD000231,2,5700000.00,1140000.00,ecommerce_api,2026-07-01T08:35:00+07:00,2026-07-01T08:35:00+07:00
ITM00013800,ORD005428,PRD000040,1,6300000.00,0.00,ecommerce_api,2026-07-01T08:35:00+07:00,2026-07-01T08:35:00+07:00
ITM00013801,ORD005428,PRD000259,1,3060000.00,153000.00,ecommerce_api,2026-07-01T08:35:00+07:00,2026-07-01T08:35:00+07:00
ITM00013802,ORD005429,PRD000437,1,950000.00,0.00,ecommerce_api,2026-07-01T20:34:00+07:00,2026-07-01T20:34:00+07:00
ITM00013803,ORD005429,PRD000289,1,3910000.00,391000.00,ecommerce_api,2026-07-01T20:34:00+07:00,2026-07-01T20:34:00+07:00
ITM00013804,ORD005429,PRD000333,1,4870000.00,487000.00,ecommerce_api,2026-07-01T20:34:00+07:00,2026-07-01T20:34:00+07:00
ITM00013805,ORD005430,PRD000362,2,3630000.00,0.00,ecommerce_api,2026-07-01T08:57:00+07:00,2026-07-01T08:57:00+07:00
ITM00013806,ORD005430,PRD000498,1,320000.00,16000.00,ecommerce_api,2026-07-01T08:57:00+07:00,2026-07-01T08:57:00+07:00
ITM00013807,ORD005431,PRD000309,2,7320000.00,0.00,ecommerce_api,2026-07-01T15:51:00+07:00,2026-07-01T15:51:00+07:00
ITM00013808,ORD005431,PRD000358,1,4630000.00,0.00,ecommerce_api,2026-07-01T15:51:00+07:00,2026-07-01T15:51:00+07:00
ITM00013809,ORD005431,PRD000243,1,2910000.00,0.00,ecommerce_api,2026-07-01T15:51:00+07:00,2026-07-01T15:51:00+07:00
ITM00013810,ORD005431,PRD000459,1,3980000.00,0.00,ecommerce_api,2026-07-01T15:51:00+07:00,2026-07-01T15:51:00+07:00
ITM00013811,ORD005432,PRD000430,1,1030000.00,51500.00,ecommerce_api,2026-07-01T18:39:00+07:00,2026-07-01T18:39:00+07:00
ITM00013812,ORD005433,PRD000085,2,3360000.00,0.00,ecommerce_api,2026-07-01T09:53:00+07:00,2026-07-01T09:53:00+07:00
ITM00013813,ORD005433,PRD000470,1,130000.00,0.00,ecommerce_api,2026-07-01T09:53:00+07:00,2026-07-01T09:53:00+07:00
ITM00013814,ORD005433,PRD000505,1,4050000.00,202500.00,ecommerce_api,2026-07-01T09:53:00+07:00,2026-07-01T09:53:00+07:00
ITM00013815,ORD005434,PRD000301,2,1480000.00,148000.00,ecommerce_api,2026-07-01T21:28:00+07:00,2026-07-01T21:28:00+07:00
ITM00013816,ORD005434,PRD000448,1,7130000.00,356500.00,ecommerce_api,2026-07-01T21:28:00+07:00,2026-07-01T21:28:00+07:00
ITM00013817,ORD005434,PRD000251,1,770000.00,77000.00,ecommerce_api,2026-07-01T21:28:00+07:00,2026-07-01T21:28:00+07:00
ITM00013818,ORD005435,PRD000500,1,1940000.00,0.00,ecommerce_api,2026-07-01T14:26:00+07:00,2026-07-01T14:26:00+07:00
ITM00013819,ORD005436,PRD000389,1,6690000.00,0.00,ecommerce_api,2026-07-01T15:03:00+07:00,2026-07-01T15:03:00+07:00
ITM00013820,ORD005436,PRD000001,1,990000.00,0.00,ecommerce_api,2026-07-01T15:03:00+07:00,2026-07-01T15:03:00+07:00
ITM00013821,ORD005436,PRD000183,1,4980000.00,498000.00,ecommerce_api,2026-07-01T15:03:00+07:00,2026-07-01T15:03:00+07:00
ITM00013822,ORD005436,PRD000428,1,5610000.00,0.00,ecommerce_api,2026-07-01T15:03:00+07:00,2026-07-01T15:03:00+07:00
ITM00013823,ORD005437,PRD000496,2,2600000.00,0.00,ecommerce_api,2026-07-01T15:11:00+07:00,2026-07-01T15:11:00+07:00
ITM00013824,ORD005437,PRD000342,1,3820000.00,0.00,ecommerce_api,2026-07-01T15:11:00+07:00,2026-07-01T15:11:00+07:00
ITM00013825,ORD005437,PRD000378,1,4280000.00,214000.00,ecommerce_api,2026-07-01T15:11:00+07:00,2026-07-01T15:11:00+07:00
ITM00013826,ORD005438,PRD000239,1,3680000.00,0.00,ecommerce_api,2026-07-01T11:49:00+07:00,2026-07-01T11:49:00+07:00
ITM00013827,ORD005438,PRD000064,1,3580000.00,358000.00,ecommerce_api,2026-07-01T11:49:00+07:00,2026-07-01T11:49:00+07:00
ITM00013828,ORD005438,PRD000336,1,4810000.00,240500.00,ecommerce_api,2026-07-01T11:49:00+07:00,2026-07-01T11:49:00+07:00
ITM00013829,ORD005439,PRD000190,1,6200000.00,0.00,ecommerce_api,2026-07-01T14:49:00+07:00,2026-07-01T14:49:00+07:00
ITM00013830,ORD005439,PRD000314,2,7690000.00,1538000.00,ecommerce_api,2026-07-01T14:49:00+07:00,2026-07-01T14:49:00+07:00
ITM00013831,ORD005439,PRD000187,1,510000.00,0.00,ecommerce_api,2026-07-01T14:49:00+07:00,2026-07-01T14:49:00+07:00
ITM00013832,ORD005440,PRD000376,1,5190000.00,519000.00,ecommerce_api,2026-07-01T20:05:00+07:00,2026-07-01T20:05:00+07:00
ITM00013833,ORD005440,PRD000197,1,5410000.00,270500.00,ecommerce_api,2026-07-01T20:05:00+07:00,2026-07-01T20:05:00+07:00
ITM00013834,ORD005440,PRD000149,2,2550000.00,0.00,ecommerce_api,2026-07-01T20:05:00+07:00,2026-07-01T20:05:00+07:00
ITM00013835,ORD005441,PRD000347,1,3460000.00,0.00,ecommerce_api,2026-07-01T20:37:00+07:00,2026-07-01T20:37:00+07:00
ITM00013836,ORD005441,PRD000256,1,7380000.00,738000.00,ecommerce_api,2026-07-01T20:37:00+07:00,2026-07-01T20:37:00+07:00
ITM00013837,ORD005442,PRD000087,1,240000.00,12000.00,ecommerce_api,2026-07-01T16:56:00+07:00,2026-07-01T16:56:00+07:00
ITM00013838,ORD005443,PRD000030,2,1340000.00,134000.00,ecommerce_api,2026-07-01T18:45:00+07:00,2026-07-01T18:45:00+07:00
ITM00013839,ORD005443,PRD000506,1,1820000.00,0.00,ecommerce_api,2026-07-01T18:45:00+07:00,2026-07-01T18:45:00+07:00
ITM00013840,ORD005443,PRD000009,1,810000.00,0.00,ecommerce_api,2026-07-01T18:45:00+07:00,2026-07-01T18:45:00+07:00
ITM00013841,ORD005444,PRD000079,1,4590000.00,0.00,ecommerce_api,2026-07-01T20:22:00+07:00,2026-07-01T20:22:00+07:00
ITM00013842,ORD005444,PRD000197,2,5410000.00,1082000.00,ecommerce_api,2026-07-01T20:22:00+07:00,2026-07-01T20:22:00+07:00
ITM00013843,ORD005444,PRD000313,1,1120000.00,0.00,ecommerce_api,2026-07-01T20:22:00+07:00,2026-07-01T20:22:00+07:00
ITM00013844,ORD005444,PRD000121,1,2620000.00,0.00,ecommerce_api,2026-07-01T20:22:00+07:00,2026-07-01T20:22:00+07:00
ITM00013845,ORD005445,PRD000146,2,2770000.00,0.00,ecommerce_api,2026-07-01T17:20:00+07:00,2026-07-01T17:20:00+07:00
ITM00013846,ORD005445,PRD000518,1,430000.00,21500.00,ecommerce_api,2026-07-01T17:20:00+07:00,2026-07-01T17:20:00+07:00
ITM00013847,ORD005446,PRD000456,1,6670000.00,0.00,ecommerce_api,2026-07-01T12:17:00+07:00,2026-07-01T12:17:00+07:00
ITM00013848,ORD005446,PRD000011,1,2520000.00,0.00,ecommerce_api,2026-07-01T12:17:00+07:00,2026-07-01T12:17:00+07:00
ITM00013849,ORD005446,PRD000247,1,5400000.00,0.00,ecommerce_api,2026-07-01T12:17:00+07:00,2026-07-01T12:17:00+07:00
ITM00013850,ORD005447,PRD000241,2,7850000.00,0.00,ecommerce_api,2026-07-01T21:54:00+07:00,2026-07-01T21:54:00+07:00
ITM00013851,ORD005447,PRD000263,1,6160000.00,0.00,ecommerce_api,2026-07-01T21:54:00+07:00,2026-07-01T21:54:00+07:00
ITM00013852,ORD005447,PRD000272,1,1790000.00,179000.00,ecommerce_api,2026-07-01T21:54:00+07:00,2026-07-01T21:54:00+07:00
ITM00013853,ORD005447,PRD000256,1,7380000.00,738000.00,ecommerce_api,2026-07-01T21:54:00+07:00,2026-07-01T21:54:00+07:00
ITM00013854,ORD005448,PRD000415,2,3420000.00,342000.00,ecommerce_api,2026-07-01T08:22:00+07:00,2026-07-01T08:22:00+07:00
ITM00013855,ORD005448,PRD000054,2,5460000.00,546000.00,ecommerce_api,2026-07-01T08:22:00+07:00,2026-07-01T08:22:00+07:00
ITM00013856,ORD005448,PRD000393,2,130000.00,26000.00,ecommerce_api,2026-07-01T08:22:00+07:00,2026-07-01T08:22:00+07:00
ITM00013857,ORD005449,PRD000217,1,4790000.00,479000.00,ecommerce_api,2026-07-01T20:47:00+07:00,2026-07-01T20:47:00+07:00
ITM00013858,ORD005449,PRD000357,1,2360000.00,0.00,ecommerce_api,2026-07-01T20:47:00+07:00,2026-07-01T20:47:00+07:00
ITM00013859,ORD005449,PRD000383,1,4610000.00,461000.00,ecommerce_api,2026-07-01T20:47:00+07:00,2026-07-01T20:47:00+07:00
ITM00013860,ORD005450,PRD000384,1,5400000.00,0.00,ecommerce_api,2026-07-01T17:30:00+07:00,2026-07-01T17:30:00+07:00
ITM00013861,ORD005450,PRD000060,1,850000.00,0.00,ecommerce_api,2026-07-01T17:30:00+07:00,2026-07-01T17:30:00+07:00
ITM00013862,ORD005450,PRD000236,1,3580000.00,358000.00,ecommerce_api,2026-07-01T17:30:00+07:00,2026-07-01T17:30:00+07:00
ITM00013863,ORD005450,PRD000300,2,7920000.00,0.00,ecommerce_api,2026-07-01T17:30:00+07:00,2026-07-01T17:30:00+07:00
ITM00013864,ORD005451,PRD000294,1,5180000.00,518000.00,ecommerce_api,2026-07-01T12:47:00+07:00,2026-07-01T12:47:00+07:00
ITM00013865,ORD005451,PRD000039,1,740000.00,0.00,ecommerce_api,2026-07-01T12:47:00+07:00,2026-07-01T12:47:00+07:00
ITM00013866,ORD005451,PRD000516,1,4280000.00,0.00,ecommerce_api,2026-07-01T12:47:00+07:00,2026-07-01T12:47:00+07:00
ITM00013867,ORD005451,PRD000211,1,3370000.00,0.00,ecommerce_api,2026-07-01T12:47:00+07:00,2026-07-01T12:47:00+07:00
ITM00013868,ORD005452,PRD000439,1,6290000.00,0.00,ecommerce_api,2026-07-01T10:29:00+07:00,2026-07-01T10:29:00+07:00
ITM00013869,ORD005452,PRD000080,1,2170000.00,0.00,ecommerce_api,2026-07-01T10:29:00+07:00,2026-07-01T10:29:00+07:00
ITM00013870,ORD005453,PRD000511,1,150000.00,0.00,ecommerce_api,2026-07-01T20:47:00+07:00,2026-07-01T20:47:00+07:00
ITM00013871,ORD005453,PRD000352,1,130000.00,6500.00,ecommerce_api,2026-07-01T20:47:00+07:00,2026-07-01T20:47:00+07:00
ITM00013872,ORD005454,PRD000305,1,2160000.00,0.00,ecommerce_api,2026-07-01T08:07:00+07:00,2026-07-01T08:07:00+07:00
ITM00013873,ORD005454,PRD000185,2,720000.00,72000.00,ecommerce_api,2026-07-01T08:07:00+07:00,2026-07-01T08:07:00+07:00
ITM00013874,ORD005455,PRD000314,2,7690000.00,0.00,ecommerce_api,2026-07-01T11:02:00+07:00,2026-07-01T11:02:00+07:00
ITM00013875,ORD005455,PRD000344,1,3450000.00,172500.00,ecommerce_api,2026-07-01T11:02:00+07:00,2026-07-01T11:02:00+07:00
ITM00013876,ORD005456,PRD000457,1,5890000.00,0.00,ecommerce_api,2026-07-01T20:31:00+07:00,2026-07-01T20:31:00+07:00
ITM00013877,ORD005456,PRD000043,1,790000.00,0.00,ecommerce_api,2026-07-01T20:31:00+07:00,2026-07-01T20:31:00+07:00
ITM00013878,ORD005456,PRD000474,1,1280000.00,0.00,ecommerce_api,2026-07-01T20:31:00+07:00,2026-07-01T20:31:00+07:00
ITM00013879,ORD005456,PRD000275,2,1930000.00,386000.00,ecommerce_api,2026-07-01T20:31:00+07:00,2026-07-01T20:31:00+07:00
ITM00013880,ORD005457,PRD000029,1,3740000.00,187000.00,ecommerce_api,2026-07-01T12:35:00+07:00,2026-07-01T12:35:00+07:00
ITM00013881,ORD005457,PRD000140,2,1300000.00,0.00,ecommerce_api,2026-07-01T12:35:00+07:00,2026-07-01T12:35:00+07:00
ITM00013882,ORD005457,PRD000209,1,1220000.00,122000.00,ecommerce_api,2026-07-01T12:35:00+07:00,2026-07-01T12:35:00+07:00
ITM00013883,ORD005458,PRD000004,1,6080000.00,304000.00,ecommerce_api,2026-07-01T18:21:00+07:00,2026-07-01T18:21:00+07:00
ITM00013884,ORD005458,PRD000354,1,7550000.00,0.00,ecommerce_api,2026-07-01T18:21:00+07:00,2026-07-01T18:21:00+07:00
ITM00013885,ORD005458,PRD000109,1,2660000.00,266000.00,ecommerce_api,2026-07-01T18:21:00+07:00,2026-07-01T18:21:00+07:00
ITM00013886,ORD005458,PRD000296,2,270000.00,54000.00,ecommerce_api,2026-07-01T18:21:00+07:00,2026-07-01T18:21:00+07:00
ITM00013887,ORD005459,PRD000194,1,6220000.00,622000.00,ecommerce_api,2026-07-01T09:59:00+07:00,2026-07-01T09:59:00+07:00
ITM00013888,ORD005459,PRD000289,2,3910000.00,0.00,ecommerce_api,2026-07-01T09:59:00+07:00,2026-07-01T09:59:00+07:00
ITM00013889,ORD005459,PRD000121,1,2620000.00,0.00,ecommerce_api,2026-07-01T09:59:00+07:00,2026-07-01T09:59:00+07:00
ITM00013890,ORD005460,PRD000512,2,4980000.00,996000.00,ecommerce_api,2026-07-01T22:55:00+07:00,2026-07-01T22:55:00+07:00
ITM00013891,ORD005461,PRD000419,1,460000.00,0.00,ecommerce_api,2026-07-01T08:35:00+07:00,2026-07-01T08:35:00+07:00
ITM00013892,ORD005461,PRD000508,1,2800000.00,140000.00,ecommerce_api,2026-07-01T08:35:00+07:00,2026-07-01T08:35:00+07:00
ITM00013893,ORD005462,PRD000161,1,1820000.00,91000.00,ecommerce_api,2026-07-01T14:37:00+07:00,2026-07-01T14:37:00+07:00
ITM00013894,ORD005462,PRD000091,1,5340000.00,534000.00,ecommerce_api,2026-07-01T14:37:00+07:00,2026-07-01T14:37:00+07:00
ITM00013895,ORD005462,PRD000486,2,440000.00,0.00,ecommerce_api,2026-07-01T14:37:00+07:00,2026-07-01T14:37:00+07:00
ITM00013896,ORD005462,PRD000315,2,4380000.00,876000.00,ecommerce_api,2026-07-01T14:37:00+07:00,2026-07-01T14:37:00+07:00
ITM00013897,ORD005463,PRD000480,2,1150000.00,230000.00,ecommerce_api,2026-07-01T21:04:00+07:00,2026-07-01T21:04:00+07:00
ITM00013898,ORD005463,PRD000452,1,2800000.00,0.00,ecommerce_api,2026-07-01T21:04:00+07:00,2026-07-01T21:04:00+07:00
ITM00013899,ORD005463,PRD000295,1,7780000.00,778000.00,ecommerce_api,2026-07-01T21:04:00+07:00,2026-07-01T21:04:00+07:00
ITM00013900,ORD005464,PRD000295,1,7780000.00,0.00,ecommerce_api,2026-07-01T10:24:00+07:00,2026-07-01T10:24:00+07:00
ITM00013901,ORD005464,PRD000209,1,1220000.00,0.00,ecommerce_api,2026-07-01T10:24:00+07:00,2026-07-01T10:24:00+07:00
ITM00013902,ORD005464,PRD000461,2,4980000.00,0.00,ecommerce_api,2026-07-01T10:24:00+07:00,2026-07-01T10:24:00+07:00
ITM00013903,ORD005465,PRD000378,1,4280000.00,0.00,ecommerce_api,2026-07-01T10:55:00+07:00,2026-07-01T10:55:00+07:00
ITM00013904,ORD005465,PRD000514,1,600000.00,0.00,ecommerce_api,2026-07-01T10:55:00+07:00,2026-07-01T10:55:00+07:00
ITM00013905,ORD005465,PRD000206,1,3140000.00,157000.00,ecommerce_api,2026-07-01T10:55:00+07:00,2026-07-01T10:55:00+07:00
ITM00013906,ORD005465,PRD000183,2,4980000.00,0.00,ecommerce_api,2026-07-01T10:55:00+07:00,2026-07-01T10:55:00+07:00
ITM00013907,ORD005466,PRD000258,1,5510000.00,551000.00,ecommerce_api,2026-07-01T21:05:00+07:00,2026-07-01T21:05:00+07:00
ITM00013908,ORD005467,PRD000214,1,6470000.00,647000.00,ecommerce_api,2026-07-01T19:26:00+07:00,2026-07-01T19:26:00+07:00
ITM00013909,ORD005468,PRD000439,1,6290000.00,0.00,ecommerce_api,2026-07-01T08:01:00+07:00,2026-07-01T08:01:00+07:00
ITM00013910,ORD005468,PRD000221,1,4680000.00,0.00,ecommerce_api,2026-07-01T08:01:00+07:00,2026-07-01T08:01:00+07:00
ITM00013911,ORD005469,PRD000451,1,7360000.00,368000.00,ecommerce_api,2026-07-01T14:42:00+07:00,2026-07-01T14:42:00+07:00
ITM00013912,ORD005469,PRD000518,2,430000.00,0.00,ecommerce_api,2026-07-01T14:42:00+07:00,2026-07-01T14:42:00+07:00
ITM00013913,ORD005469,PRD000164,1,6350000.00,317500.00,ecommerce_api,2026-07-01T14:42:00+07:00,2026-07-01T14:42:00+07:00
ITM00013914,ORD005470,PRD000101,1,2520000.00,0.00,ecommerce_api,2026-07-01T18:19:00+07:00,2026-07-01T18:19:00+07:00
ITM00013915,ORD005470,PRD000248,1,3240000.00,0.00,ecommerce_api,2026-07-01T18:19:00+07:00,2026-07-01T18:19:00+07:00
ITM00013916,ORD005470,PRD000131,1,5310000.00,265500.00,ecommerce_api,2026-07-01T18:19:00+07:00,2026-07-01T18:19:00+07:00
ITM00013917,ORD005470,PRD000473,1,3820000.00,382000.00,ecommerce_api,2026-07-01T18:19:00+07:00,2026-07-01T18:19:00+07:00
ITM00013918,ORD005471,PRD000446,1,3190000.00,0.00,ecommerce_api,2026-07-01T15:43:00+07:00,2026-07-01T15:43:00+07:00
ITM00013919,ORD005471,PRD000365,1,1600000.00,0.00,ecommerce_api,2026-07-01T15:43:00+07:00,2026-07-01T15:43:00+07:00
ITM00013920,ORD005471,PRD000393,1,130000.00,0.00,ecommerce_api,2026-07-01T15:43:00+07:00,2026-07-01T15:43:00+07:00
ITM00013921,ORD005472,PRD000101,1,2520000.00,252000.00,ecommerce_api,2026-07-01T08:12:00+07:00,2026-07-01T08:12:00+07:00
ITM00013922,ORD005472,PRD000373,1,2680000.00,0.00,ecommerce_api,2026-07-01T08:12:00+07:00,2026-07-01T08:12:00+07:00
ITM00013923,ORD005473,PRD000295,2,7780000.00,1556000.00,ecommerce_api,2026-07-01T11:45:00+07:00,2026-07-01T11:45:00+07:00
ITM00013924,ORD005473,PRD000459,1,3980000.00,0.00,ecommerce_api,2026-07-01T11:45:00+07:00,2026-07-01T11:45:00+07:00
ITM00013925,ORD005473,PRD000021,1,2460000.00,0.00,ecommerce_api,2026-07-01T11:45:00+07:00,2026-07-01T11:45:00+07:00
ITM00013926,ORD005474,PRD000216,1,7180000.00,359000.00,ecommerce_api,2026-07-01T11:03:00+07:00,2026-07-01T11:03:00+07:00
ITM00013927,ORD005474,PRD000448,1,7130000.00,713000.00,ecommerce_api,2026-07-01T11:03:00+07:00,2026-07-01T11:03:00+07:00
ITM00013928,ORD005474,PRD000048,1,4930000.00,0.00,ecommerce_api,2026-07-01T11:03:00+07:00,2026-07-01T11:03:00+07:00
ITM00013929,ORD005475,PRD000491,2,2670000.00,267000.00,ecommerce_api,2026-07-01T17:44:00+07:00,2026-07-01T17:44:00+07:00
ITM00013930,ORD005475,PRD000186,1,2690000.00,269000.00,ecommerce_api,2026-07-01T17:44:00+07:00,2026-07-01T17:44:00+07:00
ITM00013931,ORD005475,PRD000136,1,4120000.00,412000.00,ecommerce_api,2026-07-01T17:44:00+07:00,2026-07-01T17:44:00+07:00
ITM00013932,ORD005476,PRD000487,1,780000.00,39000.00,ecommerce_api,2026-07-01T15:17:00+07:00,2026-07-01T15:17:00+07:00
ITM00013933,ORD005476,PRD000192,1,470000.00,47000.00,ecommerce_api,2026-07-01T15:17:00+07:00,2026-07-01T15:17:00+07:00
ITM00013934,ORD005476,PRD000288,1,7410000.00,0.00,ecommerce_api,2026-07-01T15:17:00+07:00,2026-07-01T15:17:00+07:00
ITM00013935,ORD005477,PRD000099,1,3190000.00,319000.00,ecommerce_api,2026-07-01T18:15:00+07:00,2026-07-01T18:15:00+07:00
ITM00013936,ORD005477,PRD000175,1,360000.00,0.00,ecommerce_api,2026-07-01T18:15:00+07:00,2026-07-01T18:15:00+07:00
ITM00013937,ORD005478,PRD000306,1,1920000.00,0.00,ecommerce_api,2026-07-01T20:36:00+07:00,2026-07-01T20:36:00+07:00
ITM00013938,ORD005479,PRD000095,2,830000.00,83000.00,ecommerce_api,2026-07-01T10:42:00+07:00,2026-07-01T10:42:00+07:00
ITM00013939,ORD005479,PRD000378,2,4280000.00,0.00,ecommerce_api,2026-07-01T10:42:00+07:00,2026-07-01T10:42:00+07:00
ITM00013940,ORD005479,PRD000074,1,6290000.00,314500.00,ecommerce_api,2026-07-01T10:42:00+07:00,2026-07-01T10:42:00+07:00
ITM00013941,ORD005480,PRD000493,1,2120000.00,0.00,ecommerce_api,2026-07-01T21:54:00+07:00,2026-07-01T21:54:00+07:00
ITM00013942,ORD005480,PRD000224,1,1790000.00,179000.00,ecommerce_api,2026-07-01T21:54:00+07:00,2026-07-01T21:54:00+07:00
ITM00013943,ORD005481,PRD000032,1,7120000.00,0.00,ecommerce_api,2026-07-01T20:52:00+07:00,2026-07-01T20:52:00+07:00
ITM00013944,ORD005481,PRD000094,1,5840000.00,584000.00,ecommerce_api,2026-07-01T20:52:00+07:00,2026-07-01T20:52:00+07:00
ITM00013945,ORD005481,PRD000518,2,430000.00,0.00,ecommerce_api,2026-07-01T20:52:00+07:00,2026-07-01T20:52:00+07:00
ITM00013946,ORD005482,PRD000317,1,5950000.00,297500.00,ecommerce_api,2026-07-01T09:59:00+07:00,2026-07-01T09:59:00+07:00
ITM00013947,ORD005482,PRD000122,2,4580000.00,0.00,ecommerce_api,2026-07-01T09:59:00+07:00,2026-07-01T09:59:00+07:00
ITM00013948,ORD005483,PRD000272,1,1790000.00,0.00,ecommerce_api,2026-07-01T15:13:00+07:00,2026-07-01T15:13:00+07:00
ITM00013949,ORD005483,PRD000301,1,1480000.00,0.00,ecommerce_api,2026-07-01T15:13:00+07:00,2026-07-01T15:13:00+07:00
ITM00013950,ORD005484,PRD000115,1,3010000.00,0.00,ecommerce_api,2026-07-01T19:07:00+07:00,2026-07-01T19:07:00+07:00
ITM00013951,ORD005484,PRD000202,1,5600000.00,0.00,ecommerce_api,2026-07-01T19:07:00+07:00,2026-07-01T19:07:00+07:00
ITM00013952,ORD005484,PRD000503,1,3500000.00,350000.00,ecommerce_api,2026-07-01T19:07:00+07:00,2026-07-01T19:07:00+07:00
ITM00013953,ORD005484,PRD000307,2,7330000.00,733000.00,ecommerce_api,2026-07-01T19:07:00+07:00,2026-07-01T19:07:00+07:00
ITM00013954,ORD005485,PRD000345,1,270000.00,0.00,ecommerce_api,2026-07-01T10:38:00+07:00,2026-07-01T10:38:00+07:00
ITM00013955,ORD005485,PRD000231,1,5700000.00,285000.00,ecommerce_api,2026-07-01T10:38:00+07:00,2026-07-01T10:38:00+07:00
ITM00013956,ORD005486,PRD000383,2,4610000.00,461000.00,ecommerce_api,2026-07-01T11:35:00+07:00,2026-07-01T11:35:00+07:00
ITM00013957,ORD005486,PRD000475,1,6570000.00,0.00,ecommerce_api,2026-07-01T11:35:00+07:00,2026-07-01T11:35:00+07:00
ITM00013958,ORD005486,PRD000187,2,510000.00,51000.00,ecommerce_api,2026-07-01T11:35:00+07:00,2026-07-01T11:35:00+07:00
ITM00013959,ORD005487,PRD000350,1,230000.00,0.00,ecommerce_api,2026-07-01T22:50:00+07:00,2026-07-01T22:50:00+07:00
ITM00013960,ORD005488,PRD000065,1,1680000.00,168000.00,ecommerce_api,2026-07-01T18:00:00+07:00,2026-07-01T18:00:00+07:00
ITM00013961,ORD005488,PRD000451,1,7360000.00,0.00,ecommerce_api,2026-07-01T18:00:00+07:00,2026-07-01T18:00:00+07:00
ITM00013962,ORD005488,PRD000402,1,4000000.00,200000.00,ecommerce_api,2026-07-01T18:00:00+07:00,2026-07-01T18:00:00+07:00
ITM00013963,ORD005489,PRD000501,1,2760000.00,0.00,ecommerce_api,2026-07-01T13:09:00+07:00,2026-07-01T13:09:00+07:00
ITM00013964,ORD005489,PRD000311,2,2050000.00,0.00,ecommerce_api,2026-07-01T13:09:00+07:00,2026-07-01T13:09:00+07:00
ITM00013965,ORD005489,PRD000478,1,4590000.00,229500.00,ecommerce_api,2026-07-01T13:09:00+07:00,2026-07-01T13:09:00+07:00
ITM00013966,ORD005490,PRD000357,1,2360000.00,236000.00,ecommerce_api,2026-07-01T13:01:00+07:00,2026-07-01T13:01:00+07:00
ITM00013967,ORD005490,PRD000161,1,1820000.00,182000.00,ecommerce_api,2026-07-01T13:01:00+07:00,2026-07-01T13:01:00+07:00
ITM00013968,ORD005490,PRD000433,2,210000.00,42000.00,ecommerce_api,2026-07-01T13:01:00+07:00,2026-07-01T13:01:00+07:00
ITM00013969,ORD005491,PRD000479,1,4710000.00,0.00,ecommerce_api,2026-07-01T15:37:00+07:00,2026-07-01T15:37:00+07:00
ITM00013970,ORD005492,PRD000198,1,1090000.00,0.00,ecommerce_api,2026-07-01T08:43:00+07:00,2026-07-01T08:43:00+07:00
ITM00013971,ORD005493,PRD000012,1,2130000.00,0.00,ecommerce_api,2026-07-01T08:13:00+07:00,2026-07-01T08:13:00+07:00
ITM00013972,ORD005494,PRD000011,1,2520000.00,0.00,ecommerce_api,2026-07-01T22:04:00+07:00,2026-07-01T22:04:00+07:00
ITM00013973,ORD005494,PRD000480,1,1150000.00,115000.00,ecommerce_api,2026-07-01T22:04:00+07:00,2026-07-01T22:04:00+07:00
ITM00013974,ORD005495,PRD000473,1,3820000.00,191000.00,ecommerce_api,2026-07-01T17:57:00+07:00,2026-07-01T17:57:00+07:00
ITM00013975,ORD005495,PRD000024,1,5820000.00,0.00,ecommerce_api,2026-07-01T17:57:00+07:00,2026-07-01T17:57:00+07:00
ITM00013976,ORD005495,PRD000275,1,1930000.00,96500.00,ecommerce_api,2026-07-01T17:57:00+07:00,2026-07-01T17:57:00+07:00
ITM00013977,ORD005496,PRD000026,1,6820000.00,0.00,ecommerce_api,2026-07-01T09:04:00+07:00,2026-07-01T09:04:00+07:00
ITM00013978,ORD005496,PRD000250,1,6250000.00,312500.00,ecommerce_api,2026-07-01T09:04:00+07:00,2026-07-01T09:04:00+07:00
ITM00013979,ORD005496,PRD000447,1,5000000.00,0.00,ecommerce_api,2026-07-01T09:04:00+07:00,2026-07-01T09:04:00+07:00
ITM00013980,ORD005497,PRD000108,1,6610000.00,0.00,ecommerce_api,2026-07-01T18:09:00+07:00,2026-07-01T18:09:00+07:00
ITM00013981,ORD005497,PRD000153,1,4520000.00,226000.00,ecommerce_api,2026-07-01T18:09:00+07:00,2026-07-01T18:09:00+07:00
ITM00013982,ORD005497,PRD000015,2,6690000.00,669000.00,ecommerce_api,2026-07-01T18:09:00+07:00,2026-07-01T18:09:00+07:00
ITM00013983,ORD005498,PRD000307,1,7330000.00,0.00,ecommerce_api,2026-07-01T20:20:00+07:00,2026-07-01T20:20:00+07:00
ITM00013984,ORD005498,PRD000398,2,6290000.00,0.00,ecommerce_api,2026-07-01T20:20:00+07:00,2026-07-01T20:20:00+07:00
ITM00013985,ORD005498,PRD000462,1,5460000.00,273000.00,ecommerce_api,2026-07-01T20:20:00+07:00,2026-07-01T20:20:00+07:00
ITM00013986,ORD005499,PRD000082,1,7660000.00,766000.00,ecommerce_api,2026-07-01T20:17:00+07:00,2026-07-01T20:17:00+07:00
ITM00013987,ORD005499,PRD000272,2,1790000.00,0.00,ecommerce_api,2026-07-01T20:17:00+07:00,2026-07-01T20:17:00+07:00
ITM00013988,ORD005500,PRD000117,1,6570000.00,0.00,ecommerce_api,2026-07-01T21:30:00+07:00,2026-07-01T21:30:00+07:00
ITM00013989,ORD005500,PRD000035,1,1900000.00,95000.00,ecommerce_api,2026-07-01T21:30:00+07:00,2026-07-01T21:30:00+07:00
ITM00013990,ORD005500,PRD000023,1,5610000.00,280500.00,ecommerce_api,2026-07-01T21:30:00+07:00,2026-07-01T21:30:00+07:00
ITM00013991,ORD005501,PRD000413,1,3020000.00,0.00,ecommerce_api,2026-07-01T21:27:00+07:00,2026-07-01T21:27:00+07:00
ITM00013992,ORD005501,PRD000109,1,2660000.00,0.00,ecommerce_api,2026-07-01T21:27:00+07:00,2026-07-01T21:27:00+07:00
ITM00013993,ORD005501,PRD000224,2,1790000.00,179000.00,ecommerce_api,2026-07-01T21:27:00+07:00,2026-07-01T21:27:00+07:00
ITM00013994,ORD005502,PRD000054,1,5460000.00,546000.00,ecommerce_api,2026-07-01T13:06:00+07:00,2026-07-01T13:06:00+07:00
ITM00013995,ORD005503,PRD000187,1,510000.00,25500.00,ecommerce_api,2026-07-01T16:33:00+07:00,2026-07-01T16:33:00+07:00
ITM00013996,ORD005503,PRD000444,2,2460000.00,246000.00,ecommerce_api,2026-07-01T16:33:00+07:00,2026-07-01T16:33:00+07:00
ITM00013997,ORD005503,PRD000025,2,980000.00,0.00,ecommerce_api,2026-07-01T16:33:00+07:00,2026-07-01T16:33:00+07:00
ITM00013998,ORD005504,PRD000098,1,4550000.00,0.00,ecommerce_api,2026-07-01T20:24:00+07:00,2026-07-01T20:24:00+07:00
ITM00013999,ORD005504,PRD000313,2,1120000.00,224000.00,ecommerce_api,2026-07-01T20:24:00+07:00,2026-07-01T20:24:00+07:00
ITM00014000,ORD005504,PRD000294,1,5180000.00,0.00,ecommerce_api,2026-07-01T20:24:00+07:00,2026-07-01T20:24:00+07:00
ITM00014001,ORD005505,PRD000352,1,130000.00,6500.00,ecommerce_api,2026-07-01T11:17:00+07:00,2026-07-01T11:17:00+07:00
ITM00014002,ORD005505,PRD000342,1,3820000.00,191000.00,ecommerce_api,2026-07-01T11:17:00+07:00,2026-07-01T11:17:00+07:00
ITM00014003,ORD005505,PRD000433,1,210000.00,21000.00,ecommerce_api,2026-07-01T11:17:00+07:00,2026-07-01T11:17:00+07:00
ITM00014004,ORD005505,PRD000449,2,6030000.00,1206000.00,ecommerce_api,2026-07-01T11:17:00+07:00,2026-07-01T11:17:00+07:00
ITM00014005,ORD005506,PRD000333,2,4870000.00,0.00,ecommerce_api,2026-07-01T12:46:00+07:00,2026-07-01T12:46:00+07:00
ITM00014006,ORD005507,PRD000426,1,5450000.00,0.00,ecommerce_api,2026-07-01T19:54:00+07:00,2026-07-01T19:54:00+07:00
ITM00014007,ORD005507,PRD000357,1,2360000.00,0.00,ecommerce_api,2026-07-01T19:54:00+07:00,2026-07-01T19:54:00+07:00
ITM00014008,ORD005507,PRD000167,2,6250000.00,0.00,ecommerce_api,2026-07-01T19:54:00+07:00,2026-07-01T19:54:00+07:00
ITM00014009,ORD005508,PRD000146,2,2770000.00,0.00,ecommerce_api,2026-07-01T09:09:00+07:00,2026-07-01T09:09:00+07:00
ITM00014010,ORD005508,PRD000155,1,1030000.00,103000.00,ecommerce_api,2026-07-01T09:09:00+07:00,2026-07-01T09:09:00+07:00
ITM00014011,ORD005509,PRD000046,1,3140000.00,157000.00,ecommerce_api,2026-07-01T09:51:00+07:00,2026-07-01T09:51:00+07:00
ITM00014012,ORD005509,PRD000226,1,5130000.00,256500.00,ecommerce_api,2026-07-01T09:51:00+07:00,2026-07-01T09:51:00+07:00
ITM00014013,ORD005509,PRD000498,1,320000.00,0.00,ecommerce_api,2026-07-01T09:51:00+07:00,2026-07-01T09:51:00+07:00
ITM00014014,ORD005510,PRD000501,1,2760000.00,0.00,ecommerce_api,2026-07-01T08:12:00+07:00,2026-07-01T08:12:00+07:00
ITM00014015,ORD005511,PRD000415,1,3420000.00,342000.00,ecommerce_api,2026-07-01T22:29:00+07:00,2026-07-01T22:29:00+07:00
ITM00014016,ORD005511,PRD000251,1,770000.00,77000.00,ecommerce_api,2026-07-01T22:29:00+07:00,2026-07-01T22:29:00+07:00
ITM00014017,ORD005512,PRD000147,1,6710000.00,0.00,ecommerce_api,2026-07-01T11:28:00+07:00,2026-07-01T11:28:00+07:00
ITM00014018,ORD005512,PRD000026,1,6820000.00,0.00,ecommerce_api,2026-07-01T11:28:00+07:00,2026-07-01T11:28:00+07:00
ITM00014019,ORD005512,PRD000117,2,6570000.00,657000.00,ecommerce_api,2026-07-01T11:28:00+07:00,2026-07-01T11:28:00+07:00
ITM00014020,ORD005513,PRD000497,1,3690000.00,0.00,ecommerce_api,2026-07-01T15:29:00+07:00,2026-07-01T15:29:00+07:00
ITM00014021,ORD005513,PRD000144,2,4200000.00,840000.00,ecommerce_api,2026-07-01T15:29:00+07:00,2026-07-01T15:29:00+07:00
ITM00014022,ORD005514,PRD000089,1,3880000.00,388000.00,ecommerce_api,2026-07-01T15:11:00+07:00,2026-07-01T15:11:00+07:00
ITM00014023,ORD005514,PRD000034,1,3310000.00,165500.00,ecommerce_api,2026-07-01T15:11:00+07:00,2026-07-01T15:11:00+07:00
ITM00014024,ORD005514,PRD000424,1,1990000.00,0.00,ecommerce_api,2026-07-01T15:11:00+07:00,2026-07-01T15:11:00+07:00
ITM00014025,ORD005515,PRD000001,2,990000.00,0.00,ecommerce_api,2026-07-01T11:34:00+07:00,2026-07-01T11:34:00+07:00
ITM00014026,ORD005515,PRD000152,1,4400000.00,0.00,ecommerce_api,2026-07-01T11:34:00+07:00,2026-07-01T11:34:00+07:00
ITM00014027,ORD005516,PRD000001,1,990000.00,0.00,ecommerce_api,2026-07-01T22:44:00+07:00,2026-07-01T22:44:00+07:00
ITM00014028,ORD005516,PRD000091,1,5340000.00,267000.00,ecommerce_api,2026-07-01T22:44:00+07:00,2026-07-01T22:44:00+07:00
ITM00014029,ORD005516,PRD000348,1,5210000.00,521000.00,ecommerce_api,2026-07-01T22:44:00+07:00,2026-07-01T22:44:00+07:00
ITM00014030,ORD005516,PRD000380,1,3170000.00,0.00,ecommerce_api,2026-07-01T22:44:00+07:00,2026-07-01T22:44:00+07:00
ITM00014031,ORD005517,PRD000199,1,610000.00,0.00,ecommerce_api,2026-07-01T20:20:00+07:00,2026-07-01T20:20:00+07:00
ITM00014032,ORD005517,PRD000385,1,4550000.00,455000.00,ecommerce_api,2026-07-01T20:20:00+07:00,2026-07-01T20:20:00+07:00
ITM00014033,ORD005517,PRD000393,1,130000.00,0.00,ecommerce_api,2026-07-01T20:20:00+07:00,2026-07-01T20:20:00+07:00
ITM00014034,ORD005518,PRD000381,2,2410000.00,241000.00,ecommerce_api,2026-07-01T09:34:00+07:00,2026-07-01T09:34:00+07:00
ITM00014035,ORD005518,PRD000326,1,5750000.00,287500.00,ecommerce_api,2026-07-01T09:34:00+07:00,2026-07-01T09:34:00+07:00
ITM00014036,ORD005519,PRD000412,1,7960000.00,398000.00,ecommerce_api,2026-07-01T08:53:00+07:00,2026-07-01T08:53:00+07:00
ITM00014037,ORD005519,PRD000207,1,5070000.00,0.00,ecommerce_api,2026-07-01T08:53:00+07:00,2026-07-01T08:53:00+07:00
ITM00014038,ORD005520,PRD000271,2,5330000.00,0.00,ecommerce_api,2026-07-01T22:48:00+07:00,2026-07-01T22:48:00+07:00
ITM00014039,ORD005521,PRD000167,2,6250000.00,0.00,ecommerce_api,2026-07-01T20:13:00+07:00,2026-07-01T20:13:00+07:00
ITM00014040,ORD005522,PRD000378,1,4280000.00,428000.00,ecommerce_api,2026-07-01T22:06:00+07:00,2026-07-01T22:06:00+07:00
ITM00014041,ORD005522,PRD000491,1,2670000.00,133500.00,ecommerce_api,2026-07-01T22:06:00+07:00,2026-07-01T22:06:00+07:00
ITM00014042,ORD005522,PRD000237,1,3470000.00,173500.00,ecommerce_api,2026-07-01T22:06:00+07:00,2026-07-01T22:06:00+07:00
ITM00014043,ORD005523,PRD000237,2,3470000.00,694000.00,ecommerce_api,2026-07-01T10:43:00+07:00,2026-07-01T10:43:00+07:00
ITM00014044,ORD005524,PRD000131,1,5310000.00,0.00,ecommerce_api,2026-07-01T17:59:00+07:00,2026-07-01T17:59:00+07:00
ITM00014045,ORD005524,PRD000427,1,2310000.00,0.00,ecommerce_api,2026-07-01T17:59:00+07:00,2026-07-01T17:59:00+07:00
ITM00014046,ORD005525,PRD000514,1,600000.00,30000.00,ecommerce_api,2026-07-01T08:58:00+07:00,2026-07-01T08:58:00+07:00
ITM00014047,ORD005526,PRD000056,1,5750000.00,0.00,ecommerce_api,2026-07-01T20:29:00+07:00,2026-07-01T20:29:00+07:00
ITM00014048,ORD005527,PRD000151,1,7050000.00,0.00,ecommerce_api,2026-07-01T15:16:00+07:00,2026-07-01T15:16:00+07:00
ITM00014049,ORD005527,PRD000102,1,4870000.00,0.00,ecommerce_api,2026-07-01T15:16:00+07:00,2026-07-01T15:16:00+07:00
ITM00014050,ORD005527,PRD000327,1,5500000.00,550000.00,ecommerce_api,2026-07-01T15:16:00+07:00,2026-07-01T15:16:00+07:00
ITM00014051,ORD005528,PRD000307,1,7330000.00,366500.00,ecommerce_api,2026-07-01T13:48:00+07:00,2026-07-01T13:48:00+07:00
ITM00014052,ORD005528,PRD000296,2,270000.00,27000.00,ecommerce_api,2026-07-01T13:48:00+07:00,2026-07-01T13:48:00+07:00
ITM00014053,ORD005528,PRD000338,1,7870000.00,0.00,ecommerce_api,2026-07-01T13:48:00+07:00,2026-07-01T13:48:00+07:00
ITM00014054,ORD005529,PRD000100,1,2060000.00,103000.00,ecommerce_api,2026-07-01T18:01:00+07:00,2026-07-01T18:01:00+07:00
ITM00014055,ORD005529,PRD000250,2,6250000.00,0.00,ecommerce_api,2026-07-01T18:01:00+07:00,2026-07-01T18:01:00+07:00
ITM00014056,ORD005530,PRD000251,1,770000.00,38500.00,ecommerce_api,2026-07-01T18:47:00+07:00,2026-07-01T18:47:00+07:00
ITM00014057,ORD005530,PRD000391,2,6650000.00,665000.00,ecommerce_api,2026-07-01T18:47:00+07:00,2026-07-01T18:47:00+07:00
ITM00014058,ORD005530,PRD000456,1,6670000.00,333500.00,ecommerce_api,2026-07-01T18:47:00+07:00,2026-07-01T18:47:00+07:00
ITM00014059,ORD005531,PRD000231,1,5700000.00,0.00,ecommerce_api,2026-07-01T09:57:00+07:00,2026-07-01T09:57:00+07:00
ITM00014060,ORD005531,PRD000330,2,6780000.00,0.00,ecommerce_api,2026-07-01T09:57:00+07:00,2026-07-01T09:57:00+07:00
ITM00014061,ORD005531,PRD000052,1,970000.00,0.00,ecommerce_api,2026-07-01T09:57:00+07:00,2026-07-01T09:57:00+07:00
ITM00014062,ORD005532,PRD000510,2,1270000.00,254000.00,ecommerce_api,2026-07-01T22:24:00+07:00,2026-07-01T22:24:00+07:00
ITM00014063,ORD005532,PRD000196,1,6870000.00,687000.00,ecommerce_api,2026-07-01T22:24:00+07:00,2026-07-01T22:24:00+07:00
ITM00014064,ORD005533,PRD000345,1,270000.00,0.00,ecommerce_api,2026-07-01T21:16:00+07:00,2026-07-01T21:16:00+07:00
ITM00014065,ORD005533,PRD000482,2,370000.00,0.00,ecommerce_api,2026-07-01T21:16:00+07:00,2026-07-01T21:16:00+07:00
ITM00014066,ORD005533,PRD000385,1,4550000.00,0.00,ecommerce_api,2026-07-01T21:16:00+07:00,2026-07-01T21:16:00+07:00
ITM00014067,ORD005534,PRD000392,2,4720000.00,472000.00,ecommerce_api,2026-07-01T11:07:00+07:00,2026-07-01T11:07:00+07:00
ITM00014068,ORD005534,PRD000059,1,6330000.00,0.00,ecommerce_api,2026-07-01T11:07:00+07:00,2026-07-01T11:07:00+07:00
ITM00014069,ORD005534,PRD000503,1,3500000.00,175000.00,ecommerce_api,2026-07-01T11:07:00+07:00,2026-07-01T11:07:00+07:00
ITM00014070,ORD005535,PRD000030,1,1340000.00,0.00,ecommerce_api,2026-07-01T16:39:00+07:00,2026-07-01T16:39:00+07:00
ITM00014071,ORD005535,PRD000319,1,6820000.00,0.00,ecommerce_api,2026-07-01T16:39:00+07:00,2026-07-01T16:39:00+07:00
ITM00014072,ORD005535,PRD000393,2,130000.00,13000.00,ecommerce_api,2026-07-01T16:39:00+07:00,2026-07-01T16:39:00+07:00
ITM00014073,ORD005536,PRD000373,1,2680000.00,0.00,ecommerce_api,2026-07-01T10:57:00+07:00,2026-07-01T10:57:00+07:00
ITM00014074,ORD005536,PRD000402,1,4000000.00,0.00,ecommerce_api,2026-07-01T10:57:00+07:00,2026-07-01T10:57:00+07:00
ITM00014075,ORD005537,PRD000015,1,6690000.00,669000.00,ecommerce_api,2026-07-01T19:27:00+07:00,2026-07-01T19:27:00+07:00
ITM00014076,ORD005537,PRD000211,1,3370000.00,0.00,ecommerce_api,2026-07-01T19:27:00+07:00,2026-07-01T19:27:00+07:00
ITM00014077,ORD005537,PRD000138,1,6040000.00,604000.00,ecommerce_api,2026-07-01T19:27:00+07:00,2026-07-01T19:27:00+07:00
ITM00014078,ORD005538,PRD000147,1,6710000.00,0.00,ecommerce_api,2026-07-01T21:20:00+07:00,2026-07-01T21:20:00+07:00
ITM00014079,ORD005538,PRD000498,1,320000.00,0.00,ecommerce_api,2026-07-01T21:20:00+07:00,2026-07-01T21:20:00+07:00
ITM00014080,ORD005538,PRD000146,1,2770000.00,0.00,ecommerce_api,2026-07-01T21:20:00+07:00,2026-07-01T21:20:00+07:00
ITM00014081,ORD005538,PRD000078,1,6690000.00,0.00,ecommerce_api,2026-07-01T21:20:00+07:00,2026-07-01T21:20:00+07:00
ITM00014082,ORD005539,PRD000192,1,470000.00,23500.00,ecommerce_api,2026-07-01T15:52:00+07:00,2026-07-01T15:52:00+07:00
ITM00014083,ORD005540,PRD000058,1,4390000.00,0.00,ecommerce_api,2026-07-01T14:14:00+07:00,2026-07-01T14:14:00+07:00
ITM00014084,ORD005540,PRD000202,1,5600000.00,0.00,ecommerce_api,2026-07-01T14:14:00+07:00,2026-07-01T14:14:00+07:00
ITM00014085,ORD005541,PRD000286,2,5700000.00,0.00,ecommerce_api,2026-07-01T20:37:00+07:00,2026-07-01T20:37:00+07:00
ITM00014086,ORD005541,PRD000015,1,6690000.00,669000.00,ecommerce_api,2026-07-01T20:37:00+07:00,2026-07-01T20:37:00+07:00
ITM00014087,ORD005542,PRD000518,1,430000.00,43000.00,ecommerce_api,2026-07-01T13:17:00+07:00,2026-07-01T13:17:00+07:00
ITM00014088,ORD005542,PRD000112,1,5800000.00,0.00,ecommerce_api,2026-07-01T13:17:00+07:00,2026-07-01T13:17:00+07:00
ITM00014089,ORD005542,PRD000329,1,1770000.00,0.00,ecommerce_api,2026-07-01T13:17:00+07:00,2026-07-01T13:17:00+07:00
ITM00014090,ORD005543,PRD000313,1,1120000.00,0.00,ecommerce_api,2026-07-01T14:43:00+07:00,2026-07-01T14:43:00+07:00
ITM00014091,ORD005543,PRD000214,2,6470000.00,0.00,ecommerce_api,2026-07-01T14:43:00+07:00,2026-07-01T14:43:00+07:00
ITM00014092,ORD005543,PRD000263,2,6160000.00,616000.00,ecommerce_api,2026-07-01T14:43:00+07:00,2026-07-01T14:43:00+07:00
ITM00014093,ORD005544,PRD000242,1,310000.00,0.00,ecommerce_api,2026-07-01T08:38:00+07:00,2026-07-01T08:38:00+07:00
ITM00014094,ORD005544,PRD000200,2,3950000.00,790000.00,ecommerce_api,2026-07-01T08:38:00+07:00,2026-07-01T08:38:00+07:00
ITM00014095,ORD005544,PRD000461,1,4980000.00,0.00,ecommerce_api,2026-07-01T08:38:00+07:00,2026-07-01T08:38:00+07:00
ITM00014096,ORD005545,PRD000385,2,4550000.00,455000.00,ecommerce_api,2026-07-01T10:05:00+07:00,2026-07-01T10:05:00+07:00
ITM00014097,ORD005545,PRD000351,1,5360000.00,0.00,ecommerce_api,2026-07-01T10:05:00+07:00,2026-07-01T10:05:00+07:00
ITM00014098,ORD005546,PRD000440,1,7590000.00,0.00,ecommerce_api,2026-07-01T10:54:00+07:00,2026-07-01T10:54:00+07:00
ITM00014099,ORD005546,PRD000389,2,6690000.00,669000.00,ecommerce_api,2026-07-01T10:54:00+07:00,2026-07-01T10:54:00+07:00
ITM00014100,ORD005546,PRD000296,1,270000.00,27000.00,ecommerce_api,2026-07-01T10:54:00+07:00,2026-07-01T10:54:00+07:00
ITM00014101,ORD005547,PRD000481,1,3190000.00,319000.00,ecommerce_api,2026-07-01T17:59:00+07:00,2026-07-01T17:59:00+07:00
ITM00014102,ORD005547,PRD000168,2,730000.00,73000.00,ecommerce_api,2026-07-01T17:59:00+07:00,2026-07-01T17:59:00+07:00
ITM00014103,ORD005547,PRD000083,1,530000.00,0.00,ecommerce_api,2026-07-01T17:59:00+07:00,2026-07-01T17:59:00+07:00
ITM00014104,ORD005548,PRD000008,1,1180000.00,0.00,ecommerce_api,2026-07-01T19:18:00+07:00,2026-07-01T19:18:00+07:00
ITM00014105,ORD005548,PRD000338,1,7870000.00,0.00,ecommerce_api,2026-07-01T19:18:00+07:00,2026-07-01T19:18:00+07:00
ITM00014106,ORD005548,PRD000292,2,1750000.00,175000.00,ecommerce_api,2026-07-01T19:18:00+07:00,2026-07-01T19:18:00+07:00
ITM00014107,ORD005549,PRD000055,1,5270000.00,263500.00,ecommerce_api,2026-07-01T18:44:00+07:00,2026-07-01T18:44:00+07:00
ITM00014108,ORD005550,PRD000450,1,5800000.00,0.00,ecommerce_api,2026-07-01T14:15:00+07:00,2026-07-01T14:15:00+07:00
ITM00014109,ORD005550,PRD000309,1,7320000.00,366000.00,ecommerce_api,2026-07-01T14:15:00+07:00,2026-07-01T14:15:00+07:00
ITM00014110,ORD005551,PRD000084,1,7710000.00,0.00,ecommerce_api,2026-07-01T17:46:00+07:00,2026-07-01T17:46:00+07:00
ITM00014111,ORD005551,PRD000400,1,700000.00,35000.00,ecommerce_api,2026-07-01T17:46:00+07:00,2026-07-01T17:46:00+07:00
ITM00014112,ORD005551,PRD000099,1,3190000.00,0.00,ecommerce_api,2026-07-01T17:46:00+07:00,2026-07-01T17:46:00+07:00
ITM00014113,ORD005552,PRD000285,1,5860000.00,0.00,ecommerce_api,2026-07-01T19:26:00+07:00,2026-07-01T19:26:00+07:00
ITM00014114,ORD005552,PRD000283,1,7040000.00,704000.00,ecommerce_api,2026-07-01T19:26:00+07:00,2026-07-01T19:26:00+07:00
ITM00014115,ORD005552,PRD000410,1,3840000.00,0.00,ecommerce_api,2026-07-01T19:26:00+07:00,2026-07-01T19:26:00+07:00
ITM00014116,ORD005553,PRD000396,1,2870000.00,287000.00,ecommerce_api,2026-07-01T12:57:00+07:00,2026-07-01T12:57:00+07:00
ITM00014117,ORD005553,PRD000319,1,6820000.00,341000.00,ecommerce_api,2026-07-01T12:57:00+07:00,2026-07-01T12:57:00+07:00
ITM00014118,ORD005554,PRD000351,1,5360000.00,268000.00,ecommerce_api,2026-07-01T14:57:00+07:00,2026-07-01T14:57:00+07:00
ITM00014119,ORD005554,PRD000357,1,2360000.00,0.00,ecommerce_api,2026-07-01T14:57:00+07:00,2026-07-01T14:57:00+07:00
ITM00014120,ORD005554,PRD000054,2,5460000.00,0.00,ecommerce_api,2026-07-01T14:57:00+07:00,2026-07-01T14:57:00+07:00
ITM00014121,ORD005555,PRD000293,1,6490000.00,649000.00,ecommerce_api,2026-07-01T10:17:00+07:00,2026-07-01T10:17:00+07:00
ITM00014122,ORD005555,PRD000201,1,5810000.00,0.00,ecommerce_api,2026-07-01T10:17:00+07:00,2026-07-01T10:17:00+07:00
ITM00014123,ORD005555,PRD000221,1,4680000.00,234000.00,ecommerce_api,2026-07-01T10:17:00+07:00,2026-07-01T10:17:00+07:00
ITM00014124,ORD005555,PRD000300,1,7920000.00,792000.00,ecommerce_api,2026-07-01T10:17:00+07:00,2026-07-01T10:17:00+07:00
ITM00014125,ORD005556,PRD000424,1,1990000.00,99500.00,ecommerce_api,2026-07-01T13:28:00+07:00,2026-07-01T13:28:00+07:00
ITM00014126,ORD005556,PRD000507,1,4530000.00,0.00,ecommerce_api,2026-07-01T13:28:00+07:00,2026-07-01T13:28:00+07:00
ITM00014127,ORD005557,PRD000412,1,7960000.00,0.00,ecommerce_api,2026-07-01T17:40:00+07:00,2026-07-01T17:40:00+07:00
ITM00014128,ORD005557,PRD000497,1,3690000.00,0.00,ecommerce_api,2026-07-01T17:40:00+07:00,2026-07-01T17:40:00+07:00
ITM00014129,ORD005557,PRD000466,1,5600000.00,0.00,ecommerce_api,2026-07-01T17:40:00+07:00,2026-07-01T17:40:00+07:00
ITM00014130,ORD005557,PRD000499,1,3570000.00,0.00,ecommerce_api,2026-07-01T17:40:00+07:00,2026-07-01T17:40:00+07:00
ITM00014131,ORD005558,PRD000215,2,980000.00,196000.00,ecommerce_api,2026-07-01T19:46:00+07:00,2026-07-01T19:46:00+07:00
ITM00014132,ORD005558,PRD000517,1,4960000.00,496000.00,ecommerce_api,2026-07-01T19:46:00+07:00,2026-07-01T19:46:00+07:00
ITM00014133,ORD005558,PRD000417,2,6400000.00,0.00,ecommerce_api,2026-07-01T19:46:00+07:00,2026-07-01T19:46:00+07:00
ITM00014134,ORD005558,PRD000508,1,2800000.00,140000.00,ecommerce_api,2026-07-01T19:46:00+07:00,2026-07-01T19:46:00+07:00
ITM00014135,ORD005559,PRD000078,1,6690000.00,0.00,ecommerce_api,2026-07-01T11:58:00+07:00,2026-07-01T11:58:00+07:00
ITM00014136,ORD005559,PRD000378,1,4280000.00,0.00,ecommerce_api,2026-07-01T11:58:00+07:00,2026-07-01T11:58:00+07:00
ITM00014137,ORD005559,PRD000131,1,5310000.00,531000.00,ecommerce_api,2026-07-01T11:58:00+07:00,2026-07-01T11:58:00+07:00
ITM00014138,ORD005560,PRD000429,1,4770000.00,238500.00,ecommerce_api,2026-07-01T20:02:00+07:00,2026-07-01T20:02:00+07:00
ITM00014139,ORD005560,PRD000167,1,6250000.00,625000.00,ecommerce_api,2026-07-01T20:02:00+07:00,2026-07-01T20:02:00+07:00
ITM00014140,ORD005560,PRD000041,1,6370000.00,318500.00,ecommerce_api,2026-07-01T20:02:00+07:00,2026-07-01T20:02:00+07:00
ITM00014141,ORD005561,PRD000467,1,6530000.00,0.00,ecommerce_api,2026-07-01T12:34:00+07:00,2026-07-01T12:34:00+07:00
ITM00014142,ORD005561,PRD000201,1,5810000.00,0.00,ecommerce_api,2026-07-01T12:34:00+07:00,2026-07-01T12:34:00+07:00
ITM00014143,ORD005561,PRD000358,1,4630000.00,231500.00,ecommerce_api,2026-07-01T12:34:00+07:00,2026-07-01T12:34:00+07:00
ITM00014144,ORD005561,PRD000373,1,2680000.00,134000.00,ecommerce_api,2026-07-01T12:34:00+07:00,2026-07-01T12:34:00+07:00
ITM00014145,ORD005562,PRD000296,1,270000.00,0.00,ecommerce_api,2026-07-01T19:57:00+07:00,2026-07-01T19:57:00+07:00
ITM00014146,ORD005562,PRD000390,2,290000.00,29000.00,ecommerce_api,2026-07-01T19:57:00+07:00,2026-07-01T19:57:00+07:00
ITM00014147,ORD005562,PRD000453,1,7200000.00,720000.00,ecommerce_api,2026-07-01T19:57:00+07:00,2026-07-01T19:57:00+07:00
ITM00014148,ORD005562,PRD000122,1,4580000.00,458000.00,ecommerce_api,2026-07-01T19:57:00+07:00,2026-07-01T19:57:00+07:00
ITM00014149,ORD005563,PRD000392,1,4720000.00,0.00,ecommerce_api,2026-07-01T22:07:00+07:00,2026-07-01T22:07:00+07:00
ITM00014150,ORD005563,PRD000079,1,4590000.00,0.00,ecommerce_api,2026-07-01T22:07:00+07:00,2026-07-01T22:07:00+07:00
ITM00014151,ORD005564,PRD000200,1,3950000.00,395000.00,ecommerce_api,2026-07-01T10:13:00+07:00,2026-07-01T10:13:00+07:00
ITM00014152,ORD005564,PRD000399,2,6190000.00,0.00,ecommerce_api,2026-07-01T10:13:00+07:00,2026-07-01T10:13:00+07:00
ITM00014153,ORD005564,PRD000509,2,2970000.00,0.00,ecommerce_api,2026-07-01T10:13:00+07:00,2026-07-01T10:13:00+07:00
ITM00014154,ORD005565,PRD000357,1,2360000.00,118000.00,ecommerce_api,2026-07-01T20:22:00+07:00,2026-07-01T20:22:00+07:00
ITM00014155,ORD005565,PRD000262,1,2700000.00,135000.00,ecommerce_api,2026-07-01T20:22:00+07:00,2026-07-01T20:22:00+07:00
ITM00014156,ORD005565,PRD000059,1,6330000.00,633000.00,ecommerce_api,2026-07-01T20:22:00+07:00,2026-07-01T20:22:00+07:00
ITM00014157,ORD005566,PRD000142,1,3810000.00,0.00,ecommerce_api,2026-07-01T10:24:00+07:00,2026-07-01T10:24:00+07:00
ITM00014158,ORD005566,PRD000282,1,4690000.00,469000.00,ecommerce_api,2026-07-01T10:24:00+07:00,2026-07-01T10:24:00+07:00
ITM00014159,ORD005566,PRD000133,1,1430000.00,71500.00,ecommerce_api,2026-07-01T10:24:00+07:00,2026-07-01T10:24:00+07:00
ITM00014160,ORD005566,PRD000361,2,7860000.00,0.00,ecommerce_api,2026-07-01T10:24:00+07:00,2026-07-01T10:24:00+07:00
ITM00014161,ORD005567,PRD000131,2,5310000.00,0.00,ecommerce_api,2026-07-01T16:39:00+07:00,2026-07-01T16:39:00+07:00
ITM00014162,ORD005567,PRD000355,1,7560000.00,378000.00,ecommerce_api,2026-07-01T16:39:00+07:00,2026-07-01T16:39:00+07:00
ITM00014163,ORD005567,PRD000047,1,5010000.00,501000.00,ecommerce_api,2026-07-01T16:39:00+07:00,2026-07-01T16:39:00+07:00
ITM00014164,ORD005568,PRD000351,1,5360000.00,0.00,ecommerce_api,2026-07-01T21:48:00+07:00,2026-07-01T21:48:00+07:00
ITM00014165,ORD005568,PRD000044,1,900000.00,0.00,ecommerce_api,2026-07-01T21:48:00+07:00,2026-07-01T21:48:00+07:00
ITM00014166,ORD005568,PRD000448,1,7130000.00,713000.00,ecommerce_api,2026-07-01T21:48:00+07:00,2026-07-01T21:48:00+07:00
ITM00014167,ORD005569,PRD000207,2,5070000.00,0.00,ecommerce_api,2026-07-01T17:46:00+07:00,2026-07-01T17:46:00+07:00
ITM00014168,ORD005569,PRD000405,1,1260000.00,126000.00,ecommerce_api,2026-07-01T17:46:00+07:00,2026-07-01T17:46:00+07:00
ITM00014169,ORD005569,PRD000249,2,7470000.00,0.00,ecommerce_api,2026-07-01T17:46:00+07:00,2026-07-01T17:46:00+07:00
ITM00014170,ORD005570,PRD000397,1,1520000.00,152000.00,ecommerce_api,2026-07-01T08:29:00+07:00,2026-07-01T08:29:00+07:00
ITM00014171,ORD005571,PRD000480,1,1150000.00,0.00,ecommerce_api,2026-07-01T11:41:00+07:00,2026-07-01T11:41:00+07:00
ITM00014172,ORD005572,PRD000436,1,7800000.00,0.00,ecommerce_api,2026-07-01T13:16:00+07:00,2026-07-01T13:16:00+07:00
ITM00014173,ORD005572,PRD000151,1,7050000.00,705000.00,ecommerce_api,2026-07-01T13:16:00+07:00,2026-07-01T13:16:00+07:00
ITM00014174,ORD005573,PRD000142,1,3810000.00,190500.00,ecommerce_api,2026-07-01T16:02:00+07:00,2026-07-01T16:02:00+07:00
ITM00014175,ORD005573,PRD000333,1,4870000.00,243500.00,ecommerce_api,2026-07-01T16:02:00+07:00,2026-07-01T16:02:00+07:00
ITM00014176,ORD005574,PRD000157,2,6320000.00,632000.00,ecommerce_api,2026-07-01T12:38:00+07:00,2026-07-01T12:38:00+07:00
ITM00014177,ORD005574,PRD000056,2,5750000.00,575000.00,ecommerce_api,2026-07-01T12:38:00+07:00,2026-07-01T12:38:00+07:00
ITM00014178,ORD005574,PRD000367,2,420000.00,0.00,ecommerce_api,2026-07-01T12:38:00+07:00,2026-07-01T12:38:00+07:00
ITM00014179,ORD005575,PRD000174,1,190000.00,0.00,ecommerce_api,2026-07-01T13:56:00+07:00,2026-07-01T13:56:00+07:00
ITM00014180,ORD005575,PRD000090,1,5270000.00,527000.00,ecommerce_api,2026-07-01T13:56:00+07:00,2026-07-01T13:56:00+07:00
ITM00014181,ORD005575,PRD000329,1,1770000.00,88500.00,ecommerce_api,2026-07-01T13:56:00+07:00,2026-07-01T13:56:00+07:00
ITM00014182,ORD005575,PRD000128,2,3770000.00,754000.00,ecommerce_api,2026-07-01T13:56:00+07:00,2026-07-01T13:56:00+07:00
ITM00014183,ORD005576,PRD000039,1,740000.00,37000.00,ecommerce_api,2026-07-01T14:31:00+07:00,2026-07-01T14:31:00+07:00
ITM00014184,ORD005576,PRD000482,1,370000.00,37000.00,ecommerce_api,2026-07-01T14:31:00+07:00,2026-07-01T14:31:00+07:00
ITM00014185,ORD005576,PRD000510,1,1270000.00,63500.00,ecommerce_api,2026-07-01T14:31:00+07:00,2026-07-01T14:31:00+07:00
ITM00014186,ORD005576,PRD000069,1,6950000.00,347500.00,ecommerce_api,2026-07-01T14:31:00+07:00,2026-07-01T14:31:00+07:00
ITM00014187,ORD005577,PRD000503,1,3500000.00,175000.00,ecommerce_api,2026-07-01T13:40:00+07:00,2026-07-01T13:40:00+07:00
ITM00014188,ORD005577,PRD000405,1,1260000.00,0.00,ecommerce_api,2026-07-01T13:40:00+07:00,2026-07-01T13:40:00+07:00
ITM00014189,ORD005577,PRD000496,1,2600000.00,260000.00,ecommerce_api,2026-07-01T13:40:00+07:00,2026-07-01T13:40:00+07:00
ITM00014190,ORD005578,PRD000126,1,7050000.00,352500.00,ecommerce_api,2026-07-01T17:37:00+07:00,2026-07-01T17:37:00+07:00
ITM00014191,ORD005578,PRD000122,1,4580000.00,229000.00,ecommerce_api,2026-07-01T17:37:00+07:00,2026-07-01T17:37:00+07:00
ITM00014192,ORD005578,PRD000157,1,6320000.00,632000.00,ecommerce_api,2026-07-01T17:37:00+07:00,2026-07-01T17:37:00+07:00
ITM00014193,ORD005579,PRD000388,1,5680000.00,0.00,ecommerce_api,2026-07-01T08:50:00+07:00,2026-07-01T08:50:00+07:00
ITM00014194,ORD005579,PRD000205,1,2780000.00,0.00,ecommerce_api,2026-07-01T08:50:00+07:00,2026-07-01T08:50:00+07:00
ITM00014195,ORD005579,PRD000151,1,7050000.00,352500.00,ecommerce_api,2026-07-01T08:50:00+07:00,2026-07-01T08:50:00+07:00
ITM00014196,ORD005580,PRD000062,1,6770000.00,338500.00,ecommerce_api,2026-07-01T11:05:00+07:00,2026-07-01T11:05:00+07:00
ITM00014197,ORD005580,PRD000308,1,1660000.00,166000.00,ecommerce_api,2026-07-01T11:05:00+07:00,2026-07-01T11:05:00+07:00
ITM00014198,ORD005580,PRD000059,2,6330000.00,633000.00,ecommerce_api,2026-07-01T11:05:00+07:00,2026-07-01T11:05:00+07:00
ITM00014199,ORD005580,PRD000485,1,6250000.00,312500.00,ecommerce_api,2026-07-01T11:05:00+07:00,2026-07-01T11:05:00+07:00
ITM00014200,ORD005581,PRD000054,1,5460000.00,273000.00,ecommerce_api,2026-07-01T17:18:00+07:00,2026-07-01T17:18:00+07:00
ITM00014201,ORD005581,PRD000325,1,1510000.00,75500.00,ecommerce_api,2026-07-01T17:18:00+07:00,2026-07-01T17:18:00+07:00
ITM00014202,ORD005581,PRD000460,2,440000.00,0.00,ecommerce_api,2026-07-01T17:18:00+07:00,2026-07-01T17:18:00+07:00
ITM00014203,ORD005582,PRD000518,1,430000.00,21500.00,ecommerce_api,2026-07-01T17:20:00+07:00,2026-07-01T17:20:00+07:00
ITM00014204,ORD005582,PRD000471,1,620000.00,0.00,ecommerce_api,2026-07-01T17:20:00+07:00,2026-07-01T17:20:00+07:00
ITM00014205,ORD005582,PRD000408,1,2940000.00,0.00,ecommerce_api,2026-07-01T17:20:00+07:00,2026-07-01T17:20:00+07:00
ITM00014206,ORD005582,PRD000437,2,950000.00,0.00,ecommerce_api,2026-07-01T17:20:00+07:00,2026-07-01T17:20:00+07:00
ITM00014207,ORD005583,PRD000199,1,610000.00,0.00,ecommerce_api,2026-07-01T21:22:00+07:00,2026-07-01T21:22:00+07:00
ITM00014208,ORD005583,PRD000100,2,2060000.00,0.00,ecommerce_api,2026-07-01T21:22:00+07:00,2026-07-01T21:22:00+07:00
ITM00014209,ORD005583,PRD000130,1,720000.00,36000.00,ecommerce_api,2026-07-01T21:22:00+07:00,2026-07-01T21:22:00+07:00
ITM00014210,ORD005583,PRD000406,1,2780000.00,0.00,ecommerce_api,2026-07-01T21:22:00+07:00,2026-07-01T21:22:00+07:00
ITM00014211,ORD005584,PRD000180,2,6300000.00,1260000.00,ecommerce_api,2026-07-01T14:08:00+07:00,2026-07-01T14:08:00+07:00
ITM00014212,ORD005584,PRD000096,2,690000.00,0.00,ecommerce_api,2026-07-01T14:08:00+07:00,2026-07-01T14:08:00+07:00
ITM00014213,ORD005585,PRD000037,2,240000.00,0.00,ecommerce_api,2026-07-01T14:00:00+07:00,2026-07-01T14:00:00+07:00
ITM00014214,ORD005585,PRD000356,2,110000.00,0.00,ecommerce_api,2026-07-01T14:00:00+07:00,2026-07-01T14:00:00+07:00
ITM00014215,ORD005586,PRD000143,1,5060000.00,0.00,ecommerce_api,2026-07-01T08:22:00+07:00,2026-07-01T08:22:00+07:00
ITM00014216,ORD005586,PRD000198,1,1090000.00,0.00,ecommerce_api,2026-07-01T08:22:00+07:00,2026-07-01T08:22:00+07:00
ITM00014217,ORD005586,PRD000243,1,2910000.00,0.00,ecommerce_api,2026-07-01T08:22:00+07:00,2026-07-01T08:22:00+07:00
ITM00014218,ORD005587,PRD000424,1,1990000.00,0.00,ecommerce_api,2026-07-01T19:37:00+07:00,2026-07-01T19:37:00+07:00
ITM00014219,ORD005587,PRD000353,1,2000000.00,0.00,ecommerce_api,2026-07-01T19:37:00+07:00,2026-07-01T19:37:00+07:00
ITM00014220,ORD005587,PRD000233,1,750000.00,0.00,ecommerce_api,2026-07-01T19:37:00+07:00,2026-07-01T19:37:00+07:00
ITM00014221,ORD005588,PRD000111,1,1580000.00,158000.00,ecommerce_api,2026-07-01T21:09:00+07:00,2026-07-01T21:09:00+07:00
ITM00014222,ORD005588,PRD000096,1,690000.00,0.00,ecommerce_api,2026-07-01T21:09:00+07:00,2026-07-01T21:09:00+07:00
ITM00014223,ORD005589,PRD000382,1,4700000.00,0.00,ecommerce_api,2026-07-01T21:05:00+07:00,2026-07-01T21:05:00+07:00
ITM00014224,ORD005589,PRD000376,2,5190000.00,0.00,ecommerce_api,2026-07-01T21:05:00+07:00,2026-07-01T21:05:00+07:00
ITM00014225,ORD005590,PRD000240,2,6060000.00,0.00,ecommerce_api,2026-07-01T14:46:00+07:00,2026-07-01T14:46:00+07:00
ITM00014226,ORD005590,PRD000414,1,2190000.00,0.00,ecommerce_api,2026-07-01T14:46:00+07:00,2026-07-01T14:46:00+07:00
ITM00014227,ORD005590,PRD000453,1,7200000.00,0.00,ecommerce_api,2026-07-01T14:46:00+07:00,2026-07-01T14:46:00+07:00
ITM00014228,ORD005591,PRD000493,1,2120000.00,0.00,ecommerce_api,2026-07-01T18:45:00+07:00,2026-07-01T18:45:00+07:00
ITM00014229,ORD005591,PRD000309,1,7320000.00,366000.00,ecommerce_api,2026-07-01T18:45:00+07:00,2026-07-01T18:45:00+07:00
ITM00014230,ORD005591,PRD000431,1,5050000.00,0.00,ecommerce_api,2026-07-01T18:45:00+07:00,2026-07-01T18:45:00+07:00
ITM00014231,ORD005591,PRD000460,2,440000.00,88000.00,ecommerce_api,2026-07-01T18:45:00+07:00,2026-07-01T18:45:00+07:00
ITM00014232,ORD005592,PRD000011,1,2520000.00,0.00,ecommerce_api,2026-07-01T11:38:00+07:00,2026-07-01T11:38:00+07:00
ITM00014233,ORD005592,PRD000519,2,1210000.00,0.00,ecommerce_api,2026-07-01T11:38:00+07:00,2026-07-01T11:38:00+07:00
ITM00014234,ORD005593,PRD000515,1,210000.00,21000.00,ecommerce_api,2026-07-01T14:22:00+07:00,2026-07-01T14:22:00+07:00
ITM00014235,ORD005593,PRD000519,1,1210000.00,0.00,ecommerce_api,2026-07-01T14:22:00+07:00,2026-07-01T14:22:00+07:00
ITM00014236,ORD005593,PRD000463,2,5890000.00,0.00,ecommerce_api,2026-07-01T14:22:00+07:00,2026-07-01T14:22:00+07:00
ITM00014237,ORD005594,PRD000297,1,7950000.00,795000.00,ecommerce_api,2026-07-01T18:33:00+07:00,2026-07-01T18:33:00+07:00
ITM00014238,ORD005594,PRD000388,1,5680000.00,568000.00,ecommerce_api,2026-07-01T18:33:00+07:00,2026-07-01T18:33:00+07:00
ITM00014239,ORD005594,PRD000094,1,5840000.00,584000.00,ecommerce_api,2026-07-01T18:33:00+07:00,2026-07-01T18:33:00+07:00
ITM00014240,ORD005595,PRD000417,1,6400000.00,640000.00,ecommerce_api,2026-07-01T15:19:00+07:00,2026-07-01T15:19:00+07:00
ITM00014241,ORD005596,PRD000388,1,5680000.00,284000.00,ecommerce_api,2026-07-01T14:01:00+07:00,2026-07-01T14:01:00+07:00
ITM00014242,ORD005596,PRD000474,1,1280000.00,0.00,ecommerce_api,2026-07-01T14:01:00+07:00,2026-07-01T14:01:00+07:00
ITM00014243,ORD005597,PRD000128,1,3770000.00,0.00,ecommerce_api,2026-07-01T11:04:00+07:00,2026-07-01T11:04:00+07:00
ITM00014244,ORD005597,PRD000049,1,1000000.00,100000.00,ecommerce_api,2026-07-01T11:04:00+07:00,2026-07-01T11:04:00+07:00
ITM00014245,ORD005597,PRD000459,1,3980000.00,398000.00,ecommerce_api,2026-07-01T11:04:00+07:00,2026-07-01T11:04:00+07:00
ITM00014246,ORD005598,PRD000094,1,5840000.00,0.00,ecommerce_api,2026-07-01T17:44:00+07:00,2026-07-01T17:44:00+07:00
ITM00014247,ORD005598,PRD000044,1,900000.00,0.00,ecommerce_api,2026-07-01T17:44:00+07:00,2026-07-01T17:44:00+07:00
ITM00014248,ORD005599,PRD000463,2,5890000.00,1178000.00,ecommerce_api,2026-07-01T16:46:00+07:00,2026-07-01T16:46:00+07:00
ITM00014249,ORD005599,PRD000394,1,1510000.00,151000.00,ecommerce_api,2026-07-01T16:46:00+07:00,2026-07-01T16:46:00+07:00
ITM00014250,ORD005600,PRD000068,2,7700000.00,770000.00,ecommerce_api,2026-07-01T18:55:00+07:00,2026-07-01T18:55:00+07:00
