order_id,customer_id,order_date,status,shipping_city,channel,order_total,source_system,created_at,updated_at
ORD000001,CUS000995,2026-06-12T12:35:00+07:00,completed,Hue,mobile_app,700000.00,seed,2026-06-12T12:35:00+07:00,2026-06-13T05:35:00+07:00
ORD000002,CUS000280,2026-03-07T14:15:00+07:00,confirmed,Quang Ninh,web,2669000.00,seed,2026-03-07T14:15:00+07:00,2026-03-09T13:15:00+07:00
ORD000003,CUS000659,2026-03-16T17:48:00+07:00,shipped,Hanoi,mobile_app,10240000.00,seed,2026-03-16T17:48:00+07:00,2026-03-17T00:48:00+07:00
ORD000004,CUS000192,2026-01-02T13:32:00+07:00,completed,Quang Ninh,mobile_app,978000.00,seed,2026-01-02T13:32:00+07:00,2026-01-03T21:32:00+07:00
ORD000005,CUS000814,2026-02-24T08:45:00+07:00,completed,Can Tho,mobile_app,13361000.00,seed,2026-02-24T08:45:00+07:00,2026-02-25T07:45:00+07:00
ORD000006,CUS000011,2026-03-02T16:33:00+07:00,completed,Hanoi,mobile_app,11477500.00,seed,2026-03-02T16:33:00+07:00,2026-03-02T19:33:00+07:00
ORD000007,CUS000746,2026-03-10T22:54:00+07:00,completed,Vinh,mobile_app,15210000.00,seed,2026-03-10T22:54:00+07:00,2026-03-12T06:54:00+07:00
ORD000008,CUS000575,2026-01-07T19:55:00+07:00,completed,Can Tho,mobile_app,8254500.00,seed,2026-01-07T19:55:00+07:00,2026-01-09T11:55:00+07:00
ORD000009,CUS000407,2026-03-27T16:13:00+07:00,confirmed,Ho Chi Minh City,mobile_app,25430000.00,seed,2026-03-27T16:13:00+07:00,2026-03-28T06:13:00+07:00
ORD000010,CUS000356,2026-05-30T15:03:00+07:00,shipped,Hanoi,mobile_app,8073500.00,seed,2026-05-30T15:03:00+07:00,2026-05-31T15:03:00+07:00
ORD000011,CUS000908,2026-01-30T18:07:00+07:00,completed,Vinh,social,7720000.00,seed,2026-01-30T18:07:00+07:00,2026-02-01T06:07:00+07:00
ORD000012,CUS000259,2026-03-17T21:13:00+07:00,shipped,Hai Phong,web,7191500.00,seed,2026-03-17T21:13:00+07:00,2026-03-19T07:13:00+07:00
ORD000013,CUS000994,2026-01-30T14:52:00+07:00,completed,Hai Phong,mobile_app,11305000.00,seed,2026-01-30T14:52:00+07:00,2026-01-31T03:52:00+07:00
ORD000014,CUS000721,2026-01-24T16:32:00+07:00,completed,Da Nang,web,21364500.00,seed,2026-01-24T16:32:00+07:00,2026-01-24T19:32:00+07:00
ORD000015,CUS000057,2026-06-17T13:36:00+07:00,confirmed,Quang Ninh,web,19958500.00,seed,2026-06-17T13:36:00+07:00,2026-06-19T00:36:00+07:00
ORD000016,CUS000454,2026-04-17T09:52:00+07:00,completed,Vinh,mobile_app,6330000.00,seed,2026-04-17T09:52:00+07:00,2026-04-18T19:52:00+07:00
ORD000017,CUS000962,2026-05-31T19:52:00+07:00,pending,Quang Ninh,mobile_app,16711000.00,seed,2026-05-31T19:52:00+07:00,2026-06-02T07:52:00+07:00
ORD000018,CUS000435,2026-04-19T20:17:00+07:00,shipped,Vinh,mobile_app,5326000.00,seed,2026-04-19T20:17:00+07:00,2026-04-21T17:17:00+07:00
ORD000019,CUS000711,2026-01-01T08:31:00+07:00,shipped,Vinh,web,26691000.00,seed,2026-01-01T08:31:00+07:00,2026-01-01T22:31:00+07:00
ORD000020,CUS000667,2026-01-23T15:56:00+07:00,completed,Bac Ninh,mobile_app,7346500.00,seed,2026-01-23T15:56:00+07:00,2026-01-25T13:56:00+07:00
ORD000021,CUS000325,2026-05-03T17:19:00+07:00,completed,Nha Trang,web,10798000.00,seed,2026-05-03T17:19:00+07:00,2026-05-03T22:19:00+07:00
ORD000022,CUS000211,2026-02-23T12:51:00+07:00,shipped,Can Tho,mobile_app,6660000.00,seed,2026-02-23T12:51:00+07:00,2026-02-23T12:51:00+07:00
ORD000023,CUS000262,2026-03-10T08:16:00+07:00,completed,Vinh,mobile_app,2650500.00,seed,2026-03-10T08:16:00+07:00,2026-03-10T11:16:00+07:00
ORD000024,CUS000521,2026-03-24T14:42:00+07:00,completed,Vinh,web,1611000.00,seed,2026-03-24T14:42:00+07:00,2026-03-26T03:42:00+07:00
ORD000025,CUS000161,2026-03-02T11:19:00+07:00,completed,Bac Ninh,social,12997000.00,seed,2026-03-02T11:19:00+07:00,2026-03-04T04:19:00+07:00
ORD000026,CUS000511,2026-05-27T21:17:00+07:00,completed,Hai Phong,web,7627000.00,seed,2026-05-27T21:17:00+07:00,2026-05-28T12:17:00+07:00
ORD000027,CUS000287,2026-06-05T18:59:00+07:00,shipped,Hai Phong,web,33726000.00,seed,2026-06-05T18:59:00+07:00,2026-06-07T15:59:00+07:00
ORD000028,CUS000328,2026-02-13T08:39:00+07:00,confirmed,Can Tho,mobile_app,4940000.00,seed,2026-02-13T08:39:00+07:00,2026-02-14T15:39:00+07:00
ORD000029,CUS000136,2026-03-25T12:49:00+07:00,completed,Can Tho,mobile_app,3773500.00,seed,2026-03-25T12:49:00+07:00,2026-03-25T12:49:00+07:00
ORD000030,CUS000915,2026-06-28T15:35:00+07:00,pending,Ho Chi Minh City,social,17103500.00,seed,2026-06-28T15:35:00+07:00,2026-06-29T20:35:00+07:00
ORD000031,CUS000521,2026-06-19T18:06:00+07:00,completed,Bac Ninh,web,11732000.00,seed,2026-06-19T18:06:00+07:00,2026-06-21T12:06:00+07:00
ORD000032,CUS000422,2026-03-25T18:50:00+07:00,completed,Hanoi,web,22150000.00,seed,2026-03-25T18:50:00+07:00,2026-03-27T13:50:00+07:00
ORD000033,CUS000778,2026-02-10T12:51:00+07:00,completed,Vinh,web,5432500.00,seed,2026-02-10T12:51:00+07:00,2026-02-11T20:51:00+07:00
ORD000034,CUS000490,2026-02-18T19:19:00+07:00,completed,Vinh,web,9152500.00,seed,2026-02-18T19:19:00+07:00,2026-02-19T03:19:00+07:00
ORD000035,CUS000119,2026-05-22T20:14:00+07:00,shipped,Quang Ninh,social,6020000.00,seed,2026-05-22T20:14:00+07:00,2026-05-23T07:14:00+07:00
ORD000036,CUS000411,2026-02-04T22:36:00+07:00,shipped,Hue,web,13831500.00,seed,2026-02-04T22:36:00+07:00,2026-02-05T02:36:00+07:00
ORD000037,CUS000121,2026-05-06T19:09:00+07:00,completed,Hanoi,mobile_app,30985000.00,seed,2026-05-06T19:09:00+07:00,2026-05-07T01:09:00+07:00
ORD000038,CUS000278,2026-02-20T22:05:00+07:00,completed,Quang Ninh,social,4643500.00,seed,2026-02-20T22:05:00+07:00,2026-02-21T06:05:00+07:00
ORD000039,CUS000744,2026-04-05T10:21:00+07:00,completed,Hai Phong,web,3220000.00,seed,2026-04-05T10:21:00+07:00,2026-04-05T20:21:00+07:00
ORD000040,CUS000615,2026-04-23T09:03:00+07:00,completed,Nha Trang,web,884000.00,seed,2026-04-23T09:03:00+07:00,2026-04-25T04:03:00+07:00
ORD000041,CUS000743,2026-02-17T10:50:00+07:00,shipped,Da Nang,web,6930000.00,seed,2026-02-17T10:50:00+07:00,2026-02-18T08:50:00+07:00
ORD000042,CUS000657,2026-02-03T16:31:00+07:00,completed,Hai Phong,social,13050000.00,seed,2026-02-03T16:31:00+07:00,2026-02-05T05:31:00+07:00
ORD000043,CUS000165,2026-05-30T18:47:00+07:00,completed,Vinh,social,27431000.00,seed,2026-05-30T18:47:00+07:00,2026-05-30T21:47:00+07:00
ORD000044,CUS000619,2026-05-07T22:22:00+07:00,confirmed,Vinh,web,11044500.00,seed,2026-05-07T22:22:00+07:00,2026-05-09T18:22:00+07:00
ORD000045,CUS000393,2026-05-09T22:48:00+07:00,shipped,Can Tho,web,5931000.00,seed,2026-05-09T22:48:00+07:00,2026-05-10T03:48:00+07:00
ORD000046,CUS000877,2026-01-26T18:25:00+07:00,completed,Vinh,mobile_app,14620000.00,seed,2026-01-26T18:25:00+07:00,2026-01-27T06:25:00+07:00
ORD000047,CUS000110,2026-04-26T16:53:00+07:00,completed,Quang Ninh,web,27621500.00,seed,2026-04-26T16:53:00+07:00,2026-04-26T22:53:00+07:00
ORD000048,CUS000943,2026-06-12T13:42:00+07:00,completed,Hanoi,social,769500.00,seed,2026-06-12T13:42:00+07:00,2026-06-12T20:42:00+07:00
ORD000049,CUS000503,2026-05-04T17:34:00+07:00,completed,Quang Ninh,mobile_app,17965500.00,seed,2026-05-04T17:34:00+07:00,2026-05-05T06:34:00+07:00
ORD000050,CUS000935,2026-01-13T15:51:00+07:00,completed,Hue,web,9088000.00,seed,2026-01-13T15:51:00+07:00,2026-01-14T21:51:00+07:00
ORD000051,CUS000499,2026-06-13T18:17:00+07:00,completed,Nha Trang,social,9775500.00,seed,2026-06-13T18:17:00+07:00,2026-06-15T07:17:00+07:00
ORD000052,CUS000539,2026-04-18T15:46:00+07:00,completed,Da Nang,web,44280000.00,seed,2026-04-18T15:46:00+07:00,2026-04-20T02:46:00+07:00
ORD000053,CUS000044,2026-03-11T11:10:00+07:00,completed,Hai Phong,web,19953000.00,seed,2026-03-11T11:10:00+07:00,2026-03-12T15:10:00+07:00
ORD000054,CUS000396,2026-04-21T20:13:00+07:00,shipped,Hanoi,mobile_app,16224000.00,seed,2026-04-21T20:13:00+07:00,2026-04-23T07:13:00+07:00
ORD000055,CUS000671,2026-05-13T19:22:00+07:00,completed,Hue,web,17320000.00,seed,2026-05-13T19:22:00+07:00,2026-05-14T13:22:00+07:00
ORD000056,CUS000983,2026-03-18T10:59:00+07:00,completed,Da Nang,social,1660000.00,seed,2026-03-18T10:59:00+07:00,2026-03-19T11:59:00+07:00
ORD000057,CUS000447,2026-05-11T14:04:00+07:00,completed,Vinh,web,14087000.00,seed,2026-05-11T14:04:00+07:00,2026-05-11T16:04:00+07:00
ORD000058,CUS000110,2026-01-27T15:49:00+07:00,completed,Bac Ninh,mobile_app,28625500.00,seed,2026-01-27T15:49:00+07:00,2026-01-29T06:49:00+07:00
ORD000059,CUS000946,2026-06-20T20:56:00+07:00,cancelled,Vinh,mobile_app,5180000.00,seed,2026-06-20T20:56:00+07:00,2026-06-21T14:56:00+07:00
ORD000060,CUS000407,2026-01-03T09:32:00+07:00,completed,Vinh,web,10953500.00,seed,2026-01-03T09:32:00+07:00,2026-01-04T02:32:00+07:00
ORD000061,CUS000061,2026-03-29T13:31:00+07:00,completed,Quang Ninh,social,12880000.00,seed,2026-03-29T13:31:00+07:00,2026-03-29T21:31:00+07:00
ORD000062,CUS000043,2026-03-13T15:19:00+07:00,shipped,Bac Ninh,web,10090500.00,seed,2026-03-13T15:19:00+07:00,2026-03-14T17:19:00+07:00
ORD000063,CUS000246,2026-05-23T09:26:00+07:00,confirmed,Vinh,web,9678000.00,seed,2026-05-23T09:26:00+07:00,2026-05-23T23:26:00+07:00
ORD000064,CUS000096,2026-06-01T18:35:00+07:00,completed,Hai Phong,web,10943500.00,seed,2026-06-01T18:35:00+07:00,2026-06-02T17:35:00+07:00
ORD000065,CUS000459,2026-06-06T15:15:00+07:00,completed,Hanoi,mobile_app,14131500.00,seed,2026-06-06T15:15:00+07:00,2026-06-08T08:15:00+07:00
ORD000066,CUS000427,2026-01-10T10:50:00+07:00,completed,Hai Phong,social,2930000.00,seed,2026-01-10T10:50:00+07:00,2026-01-10T11:50:00+07:00
ORD000067,CUS000576,2026-02-13T12:21:00+07:00,pending,Da Nang,mobile_app,16345000.00,seed,2026-02-13T12:21:00+07:00,2026-02-14T05:21:00+07:00
ORD000068,CUS000805,2026-03-13T08:22:00+07:00,completed,Vinh,mobile_app,24965000.00,seed,2026-03-13T08:22:00+07:00,2026-03-13T12:22:00+07:00
ORD000069,CUS000286,2026-01-27T17:54:00+07:00,completed,Ho Chi Minh City,web,31758000.00,seed,2026-01-27T17:54:00+07:00,2026-01-28T10:54:00+07:00
ORD000070,CUS000365,2026-05-26T17:54:00+07:00,cancelled,Quang Ninh,mobile_app,30578000.00,seed,2026-05-26T17:54:00+07:00,2026-05-28T08:54:00+07:00
ORD000071,CUS000077,2026-03-16T08:36:00+07:00,cancelled,Can Tho,mobile_app,8900000.00,seed,2026-03-16T08:36:00+07:00,2026-03-17T00:36:00+07:00
ORD000072,CUS000408,2026-02-27T15:17:00+07:00,completed,Vinh,mobile_app,5330000.00,seed,2026-02-27T15:17:00+07:00,2026-02-27T16:17:00+07:00
ORD000073,CUS000278,2026-01-29T11:36:00+07:00,completed,Nha Trang,web,8021000.00,seed,2026-01-29T11:36:00+07:00,2026-01-30T17:36:00+07:00
ORD000074,CUS000317,2026-05-21T17:55:00+07:00,completed,Vinh,mobile_app,5688000.00,seed,2026-05-21T17:55:00+07:00,2026-05-22T10:55:00+07:00
ORD000075,CUS000487,2026-02-26T19:49:00+07:00,confirmed,Vinh,web,22215500.00,seed,2026-02-26T19:49:00+07:00,2026-02-26T20:49:00+07:00
ORD000076,CUS000847,2026-04-07T12:29:00+07:00,completed,Bac Ninh,mobile_app,14179500.00,seed,2026-04-07T12:29:00+07:00,2026-04-09T05:29:00+07:00
ORD000077,CUS000972,2026-03-29T12:11:00+07:00,cancelled,Ho Chi Minh City,web,6360000.00,seed,2026-03-29T12:11:00+07:00,2026-03-30T09:11:00+07:00
ORD000078,CUS000031,2026-01-26T13:58:00+07:00,completed,Hue,mobile_app,20440000.00,seed,2026-01-26T13:58:00+07:00,2026-01-28T06:58:00+07:00
ORD000079,CUS000918,2026-04-20T19:59:00+07:00,shipped,Can Tho,web,4200500.00,seed,2026-04-20T19:59:00+07:00,2026-04-21T04:59:00+07:00
ORD000080,CUS000525,2026-02-07T20:50:00+07:00,shipped,Hue,social,4407500.00,seed,2026-02-07T20:50:00+07:00,2026-02-09T20:50:00+07:00
ORD000081,CUS000222,2026-02-26T13:35:00+07:00,completed,Hue,web,18031000.00,seed,2026-02-26T13:35:00+07:00,2026-02-27T04:35:00+07:00
ORD000082,CUS000092,2026-04-15T13:43:00+07:00,completed,Da Nang,mobile_app,16002500.00,seed,2026-04-15T13:43:00+07:00,2026-04-16T04:43:00+07:00
ORD000083,CUS000151,2026-02-07T14:17:00+07:00,completed,Bac Ninh,mobile_app,15383000.00,seed,2026-02-07T14:17:00+07:00,2026-02-08T14:17:00+07:00
ORD000084,CUS000424,2026-03-21T10:24:00+07:00,completed,Nha Trang,mobile_app,7130000.00,seed,2026-03-21T10:24:00+07:00,2026-03-22T16:24:00+07:00
ORD000085,CUS000624,2026-06-04T18:39:00+07:00,completed,Bac Ninh,social,16580500.00,seed,2026-06-04T18:39:00+07:00,2026-06-05T00:39:00+07:00
ORD000086,CUS000502,2026-06-22T17:13:00+07:00,completed,Vinh,web,15643500.00,seed,2026-06-22T17:13:00+07:00,2026-06-23T14:13:00+07:00
ORD000087,CUS000442,2026-03-17T17:14:00+07:00,completed,Hue,mobile_app,7522000.00,seed,2026-03-17T17:14:00+07:00,2026-03-18T23:14:00+07:00
ORD000088,CUS000052,2026-06-16T21:28:00+07:00,completed,Hanoi,social,3609000.00,seed,2026-06-16T21:28:00+07:00,2026-06-16T21:28:00+07:00
ORD000089,CUS000416,2026-06-13T10:35:00+07:00,completed,Hue,mobile_app,4607000.00,seed,2026-06-13T10:35:00+07:00,2026-06-14T03:35:00+07:00
ORD000090,CUS000854,2026-01-23T12:00:00+07:00,completed,Da Nang,social,11981000.00,seed,2026-01-23T12:00:00+07:00,2026-01-23T23:00:00+07:00
ORD000091,CUS000260,2026-02-21T13:10:00+07:00,completed,Can Tho,web,12093500.00,seed,2026-02-21T13:10:00+07:00,2026-02-23T05:10:00+07:00
ORD000092,CUS000513,2026-03-17T15:24:00+07:00,cancelled,Ho Chi Minh City,mobile_app,3657000.00,seed,2026-03-17T15:24:00+07:00,2026-03-19T09:24:00+07:00
ORD000093,CUS000093,2026-04-18T18:06:00+07:00,shipped,Hai Phong,social,6171000.00,seed,2026-04-18T18:06:00+07:00,2026-04-18T19:06:00+07:00
ORD000094,CUS000840,2026-06-11T10:59:00+07:00,confirmed,Can Tho,web,15330000.00,seed,2026-06-11T10:59:00+07:00,2026-06-12T10:59:00+07:00
ORD000095,CUS000644,2026-01-20T10:31:00+07:00,completed,Hanoi,mobile_app,21229500.00,seed,2026-01-20T10:31:00+07:00,2026-01-20T16:31:00+07:00
ORD000096,CUS000218,2026-04-30T09:33:00+07:00,shipped,Can Tho,mobile_app,17679500.00,seed,2026-04-30T09:33:00+07:00,2026-05-01T07:33:00+07:00
ORD000097,CUS000793,2026-06-26T12:58:00+07:00,completed,Vinh,social,15502500.00,seed,2026-06-26T12:58:00+07:00,2026-06-28T07:58:00+07:00
ORD000098,CUS000307,2026-06-12T10:57:00+07:00,shipped,Hai Phong,web,19635000.00,seed,2026-06-12T10:57:00+07:00,2026-06-13T16:57:00+07:00
ORD000099,CUS000135,2026-02-25T22:43:00+07:00,cancelled,Nha Trang,social,5950000.00,seed,2026-02-25T22:43:00+07:00,2026-02-26T12:43:00+07:00
ORD000100,CUS000266,2026-03-18T08:44:00+07:00,confirmed,Hue,mobile_app,314500.00,seed,2026-03-18T08:44:00+07:00,2026-03-19T03:44:00+07:00
ORD000101,CUS000999,2026-06-19T22:01:00+07:00,confirmed,Hanoi,social,9270000.00,seed,2026-06-19T22:01:00+07:00,2026-06-19T22:01:00+07:00
ORD000102,CUS000797,2026-03-03T10:59:00+07:00,completed,Quang Ninh,web,11662000.00,seed,2026-03-03T10:59:00+07:00,2026-03-05T04:59:00+07:00
ORD000103,CUS000954,2026-05-19T16:08:00+07:00,completed,Da Nang,mobile_app,8080000.00,seed,2026-05-19T16:08:00+07:00,2026-05-20T01:08:00+07:00
ORD000104,CUS000676,2026-05-31T10:41:00+07:00,completed,Hue,web,20338000.00,seed,2026-05-31T10:41:00+07:00,2026-06-01T08:41:00+07:00
ORD000105,CUS000124,2026-04-07T14:41:00+07:00,completed,Can Tho,web,5737500.00,seed,2026-04-07T14:41:00+07:00,2026-04-08T20:41:00+07:00
ORD000106,CUS000494,2026-03-11T11:36:00+07:00,shipped,Nha Trang,mobile_app,9844000.00,seed,2026-03-11T11:36:00+07:00,2026-03-12T04:36:00+07:00
ORD000107,CUS000564,2026-01-18T14:20:00+07:00,completed,Can Tho,web,14295500.00,seed,2026-01-18T14:20:00+07:00,2026-01-20T00:20:00+07:00
ORD000108,CUS000528,2026-05-26T08:12:00+07:00,shipped,Can Tho,mobile_app,9824000.00,seed,2026-05-26T08:12:00+07:00,2026-05-27T05:12:00+07:00
ORD000109,CUS000321,2026-02-15T08:17:00+07:00,shipped,Da Nang,mobile_app,9738500.00,seed,2026-02-15T08:17:00+07:00,2026-02-16T11:17:00+07:00
ORD000110,CUS000786,2026-03-25T14:18:00+07:00,completed,Can Tho,social,5179000.00,seed,2026-03-25T14:18:00+07:00,2026-03-27T11:18:00+07:00
ORD000111,CUS000512,2026-01-04T18:33:00+07:00,completed,Quang Ninh,web,19099500.00,seed,2026-01-04T18:33:00+07:00,2026-01-06T17:33:00+07:00
ORD000112,CUS000878,2026-04-13T09:28:00+07:00,completed,Da Nang,mobile_app,6020000.00,seed,2026-04-13T09:28:00+07:00,2026-04-14T07:28:00+07:00
ORD000113,CUS000512,2026-05-29T12:11:00+07:00,shipped,Da Nang,web,4562000.00,seed,2026-05-29T12:11:00+07:00,2026-05-29T19:11:00+07:00
ORD000114,CUS000734,2026-06-04T19:07:00+07:00,completed,Nha Trang,web,28780000.00,seed,2026-06-04T19:07:00+07:00,2026-06-06T07:07:00+07:00
ORD000115,CUS000374,2026-02-22T09:23:00+07:00,completed,Quang Ninh,mobile_app,24825500.00,seed,2026-02-22T09:23:00+07:00,2026-02-24T06:23:00+07:00
ORD000116,CUS000527,2026-03-28T18:20:00+07:00,completed,Hai Phong,web,4372000.00,seed,2026-03-28T18:20:00+07:00,2026-03-29T22:20:00+07:00
ORD000117,CUS000175,2026-03-13T19:21:00+07:00,completed,Nha Trang,mobile_app,8719500.00,seed,2026-03-13T19:21:00+07:00,2026-03-14T03:21:00+07:00
ORD000118,CUS000938,2026-03-13T14:27:00+07:00,completed,Hue,mobile_app,8190000.00,seed,2026-03-13T14:27:00+07:00,2026-03-14T11:27:00+07:00
ORD000119,CUS000870,2026-03-05T15:10:00+07:00,completed,Da Nang,mobile_app,13897500.00,seed,2026-03-05T15:10:00+07:00,2026-03-06T11:10:00+07:00
ORD000120,CUS000267,2026-04-12T10:58:00+07:00,pending,Hue,social,25320000.00,seed,2026-04-12T10:58:00+07:00,2026-04-13T06:58:00+07:00
ORD000121,CUS000568,2026-06-12T22:28:00+07:00,completed,Can Tho,web,9861000.00,seed,2026-06-12T22:28:00+07:00,2026-06-13T13:28:00+07:00
ORD000122,CUS000153,2026-01-03T09:30:00+07:00,completed,Hanoi,mobile_app,12603000.00,seed,2026-01-03T09:30:00+07:00,2026-01-05T00:30:00+07:00
ORD000123,CUS000976,2026-05-18T10:19:00+07:00,completed,Can Tho,social,17049000.00,seed,2026-05-18T10:19:00+07:00,2026-05-19T02:19:00+07:00
ORD000124,CUS000137,2026-03-10T08:25:00+07:00,completed,Can Tho,web,10544000.00,seed,2026-03-10T08:25:00+07:00,2026-03-11T05:25:00+07:00
ORD000125,CUS000668,2026-04-11T18:32:00+07:00,completed,Da Nang,web,15729000.00,seed,2026-04-11T18:32:00+07:00,2026-04-12T18:32:00+07:00
ORD000126,CUS000621,2026-06-01T16:18:00+07:00,completed,Vinh,web,35922000.00,seed,2026-06-01T16:18:00+07:00,2026-06-01T18:18:00+07:00
ORD000127,CUS000904,2026-01-20T10:07:00+07:00,cancelled,Can Tho,mobile_app,11548500.00,seed,2026-01-20T10:07:00+07:00,2026-01-21T17:07:00+07:00
ORD000128,CUS000425,2026-03-18T17:39:00+07:00,completed,Hanoi,social,19573000.00,seed,2026-03-18T17:39:00+07:00,2026-03-20T10:39:00+07:00
ORD000129,CUS000246,2026-05-23T20:44:00+07:00,completed,Vinh,mobile_app,9911000.00,seed,2026-05-23T20:44:00+07:00,2026-05-24T22:44:00+07:00
ORD000130,CUS000092,2026-01-08T09:51:00+07:00,completed,Bac Ninh,web,14245000.00,seed,2026-01-08T09:51:00+07:00,2026-01-08T09:51:00+07:00
ORD000131,CUS000590,2026-02-25T22:07:00+07:00,completed,Hai Phong,mobile_app,14304000.00,seed,2026-02-25T22:07:00+07:00,2026-02-27T06:07:00+07:00
ORD000132,CUS000903,2026-03-12T13:31:00+07:00,completed,Can Tho,social,12386000.00,seed,2026-03-12T13:31:00+07:00,2026-03-12T18:31:00+07:00
ORD000133,CUS000886,2026-06-23T23:00:00+07:00,completed,Hanoi,web,20349000.00,seed,2026-06-23T23:00:00+07:00,2026-06-24T23:00:00+07:00
ORD000134,CUS000214,2026-02-19T14:01:00+07:00,completed,Nha Trang,mobile_app,9306000.00,seed,2026-02-19T14:01:00+07:00,2026-02-21T04:01:00+07:00
ORD000135,CUS000350,2026-06-20T12:20:00+07:00,completed,Hai Phong,mobile_app,17310000.00,seed,2026-06-20T12:20:00+07:00,2026-06-22T10:20:00+07:00
ORD000136,CUS000631,2026-01-07T16:58:00+07:00,completed,Hanoi,mobile_app,3901000.00,seed,2026-01-07T16:58:00+07:00,2026-01-09T02:58:00+07:00
ORD000137,CUS000464,2026-03-30T21:50:00+07:00,completed,Hai Phong,web,10512000.00,seed,2026-03-30T21:50:00+07:00,2026-03-31T00:50:00+07:00
ORD000138,CUS000229,2026-04-09T21:12:00+07:00,completed,Ho Chi Minh City,web,9086500.00,seed,2026-04-09T21:12:00+07:00,2026-04-11T14:12:00+07:00
ORD000139,CUS000155,2026-05-17T09:15:00+07:00,completed,Hue,mobile_app,28364500.00,seed,2026-05-17T09:15:00+07:00,2026-05-19T06:15:00+07:00
ORD000140,CUS000851,2026-04-02T22:19:00+07:00,completed,Hai Phong,mobile_app,6980000.00,seed,2026-04-02T22:19:00+07:00,2026-04-04T21:19:00+07:00
ORD000141,CUS000081,2026-06-15T11:59:00+07:00,shipped,Nha Trang,web,6317500.00,seed,2026-06-15T11:59:00+07:00,2026-06-16T04:59:00+07:00
ORD000142,CUS000896,2026-01-21T13:36:00+07:00,confirmed,Quang Ninh,mobile_app,15050000.00,seed,2026-01-21T13:36:00+07:00,2026-01-22T14:36:00+07:00
ORD000143,CUS000957,2026-06-07T08:36:00+07:00,completed,Nha Trang,web,24425000.00,seed,2026-06-07T08:36:00+07:00,2026-06-07T19:36:00+07:00
ORD000144,CUS000682,2026-05-14T19:09:00+07:00,completed,Quang Ninh,web,6320000.00,seed,2026-05-14T19:09:00+07:00,2026-05-16T05:09:00+07:00
ORD000145,CUS000220,2026-04-19T15:17:00+07:00,completed,Can Tho,mobile_app,6349500.00,seed,2026-04-19T15:17:00+07:00,2026-04-21T15:17:00+07:00
ORD000146,CUS000774,2026-01-12T22:21:00+07:00,completed,Hue,mobile_app,8932000.00,seed,2026-01-12T22:21:00+07:00,2026-01-13T10:21:00+07:00
ORD000147,CUS000201,2026-05-27T20:29:00+07:00,completed,Da Nang,social,8813000.00,seed,2026-05-27T20:29:00+07:00,2026-05-28T20:29:00+07:00
ORD000148,CUS000492,2026-02-03T09:32:00+07:00,cancelled,Can Tho,web,14214000.00,seed,2026-02-03T09:32:00+07:00,2026-02-03T17:32:00+07:00
ORD000149,CUS000305,2026-05-04T09:24:00+07:00,cancelled,Ho Chi Minh City,social,9415500.00,seed,2026-05-04T09:24:00+07:00,2026-05-05T23:24:00+07:00
ORD000150,CUS000411,2026-04-15T19:51:00+07:00,completed,Quang Ninh,mobile_app,9895500.00,seed,2026-04-15T19:51:00+07:00,2026-04-16T15:51:00+07:00
ORD000151,CUS000634,2026-02-04T14:07:00+07:00,completed,Da Nang,web,5499000.00,seed,2026-02-04T14:07:00+07:00,2026-02-04T14:07:00+07:00
ORD000152,CUS000838,2026-02-17T13:51:00+07:00,cancelled,Hai Phong,mobile_app,6400000.00,seed,2026-02-17T13:51:00+07:00,2026-02-18T20:51:00+07:00
ORD000153,CUS000218,2026-04-07T18:40:00+07:00,completed,Hanoi,social,15784000.00,seed,2026-04-07T18:40:00+07:00,2026-04-09T11:40:00+07:00
ORD000154,CUS000557,2026-06-27T17:28:00+07:00,shipped,Hue,mobile_app,5330000.00,seed,2026-06-27T17:28:00+07:00,2026-06-28T16:28:00+07:00
ORD000155,CUS000418,2026-01-09T15:48:00+07:00,completed,Can Tho,mobile_app,19913000.00,seed,2026-01-09T15:48:00+07:00,2026-01-10T21:48:00+07:00
ORD000156,CUS000296,2026-04-25T11:41:00+07:00,pending,Vinh,mobile_app,24580000.00,seed,2026-04-25T11:41:00+07:00,2026-04-26T15:41:00+07:00
ORD000157,CUS000795,2026-04-25T09:11:00+07:00,confirmed,Vinh,web,7742000.00,seed,2026-04-25T09:11:00+07:00,2026-04-26T10:11:00+07:00
ORD000158,CUS000141,2026-03-24T17:51:00+07:00,completed,Vinh,social,2711500.00,seed,2026-03-24T17:51:00+07:00,2026-03-26T00:51:00+07:00
ORD000159,CUS000241,2026-05-08T22:23:00+07:00,completed,Hai Phong,web,6940000.00,seed,2026-05-08T22:23:00+07:00,2026-05-10T21:23:00+07:00
ORD000160,CUS000211,2026-04-21T21:04:00+07:00,completed,Vinh,mobile_app,14857500.00,seed,2026-04-21T21:04:00+07:00,2026-04-22T21:04:00+07:00
ORD000161,CUS000275,2026-01-16T10:49:00+07:00,completed,Hanoi,mobile_app,8822500.00,seed,2026-01-16T10:49:00+07:00,2026-01-17T11:49:00+07:00
ORD000162,CUS000467,2026-06-03T14:54:00+07:00,completed,Ho Chi Minh City,mobile_app,6570000.00,seed,2026-06-03T14:54:00+07:00,2026-06-05T04:54:00+07:00
ORD000163,CUS000796,2026-04-14T18:19:00+07:00,completed,Quang Ninh,social,27741000.00,seed,2026-04-14T18:19:00+07:00,2026-04-15T01:19:00+07:00
ORD000164,CUS000194,2026-05-22T11:59:00+07:00,completed,Ho Chi Minh City,web,10057500.00,seed,2026-05-22T11:59:00+07:00,2026-05-23T10:59:00+07:00
ORD000165,CUS000573,2026-05-15T12:02:00+07:00,confirmed,Hanoi,web,17541500.00,seed,2026-05-15T12:02:00+07:00,2026-05-15T17:02:00+07:00
ORD000166,CUS000849,2026-06-23T19:52:00+07:00,completed,Nha Trang,mobile_app,5815500.00,seed,2026-06-23T19:52:00+07:00,2026-06-24T05:52:00+07:00
ORD000167,CUS000092,2026-03-19T21:12:00+07:00,cancelled,Vinh,mobile_app,187000.00,seed,2026-03-19T21:12:00+07:00,2026-03-21T19:12:00+07:00
ORD000168,CUS000934,2026-01-21T17:54:00+07:00,completed,Can Tho,mobile_app,22641500.00,seed,2026-01-21T17:54:00+07:00,2026-01-23T07:54:00+07:00
ORD000169,CUS000642,2026-05-06T10:37:00+07:00,completed,Hanoi,mobile_app,24896000.00,seed,2026-05-06T10:37:00+07:00,2026-05-06T17:37:00+07:00
ORD000170,CUS000293,2026-03-20T10:15:00+07:00,completed,Da Nang,mobile_app,11474000.00,seed,2026-03-20T10:15:00+07:00,2026-03-20T13:15:00+07:00
ORD000171,CUS000012,2026-04-18T16:33:00+07:00,confirmed,Ho Chi Minh City,web,11407500.00,seed,2026-04-18T16:33:00+07:00,2026-04-18T19:33:00+07:00
ORD000172,CUS000696,2026-05-26T10:40:00+07:00,shipped,Hue,mobile_app,440000.00,seed,2026-05-26T10:40:00+07:00,2026-05-28T07:40:00+07:00
ORD000173,CUS000541,2026-06-27T21:12:00+07:00,completed,Bac Ninh,web,21414500.00,seed,2026-06-27T21:12:00+07:00,2026-06-28T10:12:00+07:00
ORD000174,CUS000034,2026-02-19T09:14:00+07:00,completed,Nha Trang,mobile_app,6596000.00,seed,2026-02-19T09:14:00+07:00,2026-02-21T02:14:00+07:00
ORD000175,CUS000894,2026-04-23T08:03:00+07:00,pending,Nha Trang,web,8681000.00,seed,2026-04-23T08:03:00+07:00,2026-04-25T01:03:00+07:00
ORD000176,CUS000417,2026-06-26T19:34:00+07:00,completed,Da Nang,web,23013500.00,seed,2026-06-26T19:34:00+07:00,2026-06-28T13:34:00+07:00
ORD000177,CUS000699,2026-06-17T14:00:00+07:00,completed,Vinh,mobile_app,4588500.00,seed,2026-06-17T14:00:00+07:00,2026-06-17T21:00:00+07:00
ORD000178,CUS000393,2026-02-26T17:28:00+07:00,cancelled,Bac Ninh,mobile_app,15773000.00,seed,2026-02-26T17:28:00+07:00,2026-02-28T17:28:00+07:00
ORD000179,CUS000773,2026-05-29T17:54:00+07:00,completed,Da Nang,mobile_app,8537000.00,seed,2026-05-29T17:54:00+07:00,2026-05-31T05:54:00+07:00
ORD000180,CUS000802,2026-02-16T09:49:00+07:00,completed,Can Tho,web,7782000.00,seed,2026-02-16T09:49:00+07:00,2026-02-17T21:49:00+07:00
ORD000181,CUS000261,2026-01-23T12:04:00+07:00,completed,Bac Ninh,social,2363000.00,seed,2026-01-23T12:04:00+07:00,2026-01-25T12:04:00+07:00
ORD000182,CUS000704,2026-06-03T22:39:00+07:00,completed,Nha Trang,social,17977500.00,seed,2026-06-03T22:39:00+07:00,2026-06-05T05:39:00+07:00
ORD000183,CUS000285,2026-02-20T15:09:00+07:00,confirmed,Hanoi,mobile_app,1062000.00,seed,2026-02-20T15:09:00+07:00,2026-02-22T14:09:00+07:00
ORD000184,CUS000771,2026-03-15T22:53:00+07:00,completed,Ho Chi Minh City,web,13769000.00,seed,2026-03-15T22:53:00+07:00,2026-03-16T19:53:00+07:00
ORD000185,CUS000078,2026-05-29T08:36:00+07:00,completed,Nha Trang,web,16591000.00,seed,2026-05-29T08:36:00+07:00,2026-05-30T15:36:00+07:00
ORD000186,CUS000474,2026-03-18T11:03:00+07:00,confirmed,Nha Trang,web,17337500.00,seed,2026-03-18T11:03:00+07:00,2026-03-19T02:03:00+07:00
ORD000187,CUS000885,2026-05-19T17:51:00+07:00,completed,Vinh,mobile_app,11297000.00,seed,2026-05-19T17:51:00+07:00,2026-05-21T00:51:00+07:00
ORD000188,CUS000327,2026-02-12T19:06:00+07:00,completed,Hai Phong,social,5240000.00,seed,2026-02-12T19:06:00+07:00,2026-02-14T02:06:00+07:00
ORD000189,CUS000082,2026-02-11T16:16:00+07:00,confirmed,Nha Trang,social,10533000.00,seed,2026-02-11T16:16:00+07:00,2026-02-12T01:16:00+07:00
ORD000190,CUS000628,2026-05-16T12:54:00+07:00,completed,Hue,web,15124000.00,seed,2026-05-16T12:54:00+07:00,2026-05-17T14:54:00+07:00
ORD000191,CUS000113,2026-02-23T16:42:00+07:00,completed,Quang Ninh,mobile_app,11639000.00,seed,2026-02-23T16:42:00+07:00,2026-02-24T22:42:00+07:00
ORD000192,CUS000919,2026-06-20T09:04:00+07:00,completed,Hue,mobile_app,4804000.00,seed,2026-06-20T09:04:00+07:00,2026-06-22T01:04:00+07:00
ORD000193,CUS000056,2026-03-07T22:00:00+07:00,completed,Quang Ninh,mobile_app,19176000.00,seed,2026-03-07T22:00:00+07:00,2026-03-08T19:00:00+07:00
ORD000194,CUS000512,2026-03-23T15:35:00+07:00,completed,Quang Ninh,mobile_app,6540000.00,seed,2026-03-23T15:35:00+07:00,2026-03-24T04:35:00+07:00
ORD000195,CUS000131,2026-01-29T19:44:00+07:00,pending,Bac Ninh,mobile_app,17282000.00,seed,2026-01-29T19:44:00+07:00,2026-01-31T18:44:00+07:00
ORD000196,CUS000336,2026-01-15T20:49:00+07:00,cancelled,Ho Chi Minh City,mobile_app,20584500.00,seed,2026-01-15T20:49:00+07:00,2026-01-17T07:49:00+07:00
ORD000197,CUS000416,2026-06-28T16:43:00+07:00,completed,Hue,web,5465500.00,seed,2026-06-28T16:43:00+07:00,2026-06-29T07:43:00+07:00
ORD000198,CUS000612,2026-06-02T15:02:00+07:00,completed,Nha Trang,mobile_app,5976000.00,seed,2026-06-02T15:02:00+07:00,2026-06-04T05:02:00+07:00
ORD000199,CUS000464,2026-06-11T11:39:00+07:00,completed,Bac Ninh,mobile_app,7548000.00,seed,2026-06-11T11:39:00+07:00,2026-06-13T07:39:00+07:00
ORD000200,CUS000566,2026-05-23T18:33:00+07:00,completed,Da Nang,mobile_app,8147000.00,seed,2026-05-23T18:33:00+07:00,2026-05-25T05:33:00+07:00
ORD000201,CUS000785,2026-04-29T12:15:00+07:00,completed,Da Nang,web,27445000.00,seed,2026-04-29T12:15:00+07:00,2026-04-30T05:15:00+07:00
ORD000202,CUS000768,2026-03-14T11:58:00+07:00,completed,Hue,mobile_app,7677000.00,seed,2026-03-14T11:58:00+07:00,2026-03-15T16:58:00+07:00
ORD000203,CUS000111,2026-01-06T19:15:00+07:00,completed,Bac Ninh,social,15859500.00,seed,2026-01-06T19:15:00+07:00,2026-01-07T13:15:00+07:00
ORD000204,CUS000921,2026-01-26T19:20:00+07:00,completed,Quang Ninh,mobile_app,3502000.00,seed,2026-01-26T19:20:00+07:00,2026-01-28T06:20:00+07:00
ORD000205,CUS000686,2026-03-03T08:06:00+07:00,completed,Ho Chi Minh City,mobile_app,13910000.00,seed,2026-03-03T08:06:00+07:00,2026-03-03T17:06:00+07:00
ORD000206,CUS000361,2026-05-28T16:57:00+07:00,completed,Hanoi,mobile_app,24194000.00,seed,2026-05-28T16:57:00+07:00,2026-05-29T16:57:00+07:00
ORD000207,CUS000774,2026-06-18T22:53:00+07:00,completed,Hue,mobile_app,4632500.00,seed,2026-06-18T22:53:00+07:00,2026-06-20T08:53:00+07:00
ORD000208,CUS000303,2026-01-16T08:27:00+07:00,completed,Vinh,mobile_app,17466000.00,seed,2026-01-16T08:27:00+07:00,2026-01-17T16:27:00+07:00
ORD000209,CUS000794,2026-02-05T15:05:00+07:00,completed,Ho Chi Minh City,web,13983000.00,seed,2026-02-05T15:05:00+07:00,2026-02-06T06:05:00+07:00
ORD000210,CUS000675,2026-04-18T20:37:00+07:00,completed,Can Tho,web,10783000.00,seed,2026-04-18T20:37:00+07:00,2026-04-19T10:37:00+07:00
ORD000211,CUS000893,2026-04-15T21:56:00+07:00,cancelled,Can Tho,mobile_app,2660500.00,seed,2026-04-15T21:56:00+07:00,2026-04-16T19:56:00+07:00
ORD000212,CUS000844,2026-01-21T20:54:00+07:00,completed,Ho Chi Minh City,web,9720000.00,seed,2026-01-21T20:54:00+07:00,2026-01-23T06:54:00+07:00
ORD000213,CUS000113,2026-03-23T12:58:00+07:00,completed,Nha Trang,mobile_app,6697500.00,seed,2026-03-23T12:58:00+07:00,2026-03-24T03:58:00+07:00
ORD000214,CUS000797,2026-03-18T09:11:00+07:00,completed,Ho Chi Minh City,mobile_app,25262000.00,seed,2026-03-18T09:11:00+07:00,2026-03-18T12:11:00+07:00
ORD000215,CUS000219,2026-01-22T15:55:00+07:00,confirmed,Nha Trang,mobile_app,9081000.00,seed,2026-01-22T15:55:00+07:00,2026-01-22T18:55:00+07:00
ORD000216,CUS000639,2026-01-16T08:27:00+07:00,completed,Da Nang,social,5299000.00,seed,2026-01-16T08:27:00+07:00,2026-01-18T08:27:00+07:00
ORD000217,CUS000946,2026-02-01T19:25:00+07:00,completed,Hanoi,web,6870000.00,seed,2026-02-01T19:25:00+07:00,2026-02-03T13:25:00+07:00
ORD000218,CUS000901,2026-04-14T22:20:00+07:00,completed,Hai Phong,mobile_app,17550000.00,seed,2026-04-14T22:20:00+07:00,2026-04-16T08:20:00+07:00
ORD000219,CUS000637,2026-04-22T09:32:00+07:00,pending,Da Nang,mobile_app,18330000.00,seed,2026-04-22T09:32:00+07:00,2026-04-23T00:32:00+07:00
ORD000220,CUS000550,2026-02-05T21:24:00+07:00,pending,Can Tho,web,18210000.00,seed,2026-02-05T21:24:00+07:00,2026-02-06T04:24:00+07:00
ORD000221,CUS000141,2026-01-04T16:03:00+07:00,cancelled,Ho Chi Minh City,social,9251500.00,seed,2026-01-04T16:03:00+07:00,2026-01-04T19:03:00+07:00
ORD000222,CUS000244,2026-01-26T15:42:00+07:00,completed,Hanoi,web,6350000.00,seed,2026-01-26T15:42:00+07:00,2026-01-27T22:42:00+07:00
ORD000223,CUS000562,2026-01-16T21:34:00+07:00,completed,Ho Chi Minh City,mobile_app,15216500.00,seed,2026-01-16T21:34:00+07:00,2026-01-18T19:34:00+07:00
ORD000224,CUS000403,2026-01-24T15:02:00+07:00,confirmed,Ho Chi Minh City,mobile_app,3526500.00,seed,2026-01-24T15:02:00+07:00,2026-01-24T22:02:00+07:00
ORD000225,CUS000192,2026-01-15T21:10:00+07:00,completed,Hanoi,mobile_app,7680000.00,seed,2026-01-15T21:10:00+07:00,2026-01-17T04:10:00+07:00
ORD000226,CUS000831,2026-04-30T09:37:00+07:00,completed,Hanoi,mobile_app,39692000.00,seed,2026-04-30T09:37:00+07:00,2026-05-01T02:37:00+07:00
ORD000227,CUS000265,2026-04-16T16:25:00+07:00,completed,Da Nang,mobile_app,17755500.00,seed,2026-04-16T16:25:00+07:00,2026-04-16T21:25:00+07:00
ORD000228,CUS000580,2026-02-27T11:37:00+07:00,completed,Can Tho,web,8751500.00,seed,2026-02-27T11:37:00+07:00,2026-02-28T05:37:00+07:00
ORD000229,CUS000555,2026-04-14T18:37:00+07:00,shipped,Ho Chi Minh City,web,24042000.00,seed,2026-04-14T18:37:00+07:00,2026-04-16T10:37:00+07:00
ORD000230,CUS000319,2026-03-04T18:11:00+07:00,completed,Quang Ninh,mobile_app,4841500.00,seed,2026-03-04T18:11:00+07:00,2026-03-04T22:11:00+07:00
ORD000231,CUS000899,2026-01-24T18:26:00+07:00,completed,Quang Ninh,mobile_app,3553000.00,seed,2026-01-24T18:26:00+07:00,2026-01-26T09:26:00+07:00
ORD000232,CUS000391,2026-04-01T14:10:00+07:00,completed,Hai Phong,mobile_app,7835500.00,seed,2026-04-01T14:10:00+07:00,2026-04-02T08:10:00+07:00
ORD000233,CUS000561,2026-03-16T19:29:00+07:00,completed,Ho Chi Minh City,web,6899000.00,seed,2026-03-16T19:29:00+07:00,2026-03-17T10:29:00+07:00
ORD000234,CUS000151,2026-03-15T21:13:00+07:00,confirmed,Hue,social,22937500.00,seed,2026-03-15T21:13:00+07:00,2026-03-17T11:13:00+07:00
ORD000235,CUS000486,2026-06-19T19:56:00+07:00,completed,Da Nang,mobile_app,16454500.00,seed,2026-06-19T19:56:00+07:00,2026-06-20T14:56:00+07:00
ORD000236,CUS000515,2026-02-11T11:21:00+07:00,pending,Quang Ninh,web,9582500.00,seed,2026-02-11T11:21:00+07:00,2026-02-11T13:21:00+07:00
ORD000237,CUS000508,2026-06-25T09:28:00+07:00,completed,Can Tho,web,7590500.00,seed,2026-06-25T09:28:00+07:00,2026-06-25T13:28:00+07:00
ORD000238,CUS000831,2026-05-27T14:27:00+07:00,completed,Bac Ninh,mobile_app,12939000.00,seed,2026-05-27T14:27:00+07:00,2026-05-28T10:27:00+07:00
ORD000239,CUS000095,2026-05-19T21:29:00+07:00,completed,Bac Ninh,web,5310000.00,seed,2026-05-19T21:29:00+07:00,2026-05-21T13:29:00+07:00
ORD000240,CUS000114,2026-02-09T12:56:00+07:00,completed,Hue,mobile_app,1330000.00,seed,2026-02-09T12:56:00+07:00,2026-02-09T21:56:00+07:00
ORD000241,CUS000494,2026-03-27T12:50:00+07:00,completed,Ho Chi Minh City,mobile_app,7200000.00,seed,2026-03-27T12:50:00+07:00,2026-03-28T00:50:00+07:00
ORD000242,CUS000946,2026-05-24T09:25:00+07:00,confirmed,Can Tho,mobile_app,10248500.00,seed,2026-05-24T09:25:00+07:00,2026-05-26T03:25:00+07:00
ORD000243,CUS000202,2026-02-13T13:23:00+07:00,pending,Vinh,mobile_app,7697500.00,seed,2026-02-13T13:23:00+07:00,2026-02-14T04:23:00+07:00
ORD000244,CUS000336,2026-02-12T17:01:00+07:00,cancelled,Can Tho,web,24543500.00,seed,2026-02-12T17:01:00+07:00,2026-02-13T20:01:00+07:00
ORD000245,CUS000943,2026-04-08T17:47:00+07:00,completed,Quang Ninh,web,117000.00,seed,2026-04-08T17:47:00+07:00,2026-04-09T10:47:00+07:00
ORD000246,CUS000850,2026-01-21T18:50:00+07:00,completed,Vinh,web,18489000.00,seed,2026-01-21T18:50:00+07:00,2026-01-22T09:50:00+07:00
ORD000247,CUS000182,2026-06-18T19:42:00+07:00,cancelled,Vinh,mobile_app,6030000.00,seed,2026-06-18T19:42:00+07:00,2026-06-19T10:42:00+07:00
ORD000248,CUS000816,2026-01-07T08:49:00+07:00,completed,Hanoi,web,10676000.00,seed,2026-01-07T08:49:00+07:00,2026-01-09T07:49:00+07:00
ORD000249,CUS000125,2026-06-16T22:38:00+07:00,completed,Hue,social,11969500.00,seed,2026-06-16T22:38:00+07:00,2026-06-18T13:38:00+07:00
ORD000250,CUS000757,2026-04-24T14:02:00+07:00,completed,Hanoi,web,11474000.00,seed,2026-04-24T14:02:00+07:00,2026-04-26T07:02:00+07:00
ORD000251,CUS000502,2026-05-12T12:26:00+07:00,confirmed,Hai Phong,mobile_app,7550500.00,seed,2026-05-12T12:26:00+07:00,2026-05-13T19:26:00+07:00
ORD000252,CUS000908,2026-03-11T22:49:00+07:00,completed,Ho Chi Minh City,mobile_app,22016000.00,seed,2026-03-11T22:49:00+07:00,2026-03-12T13:49:00+07:00
ORD000253,CUS000940,2026-04-10T12:35:00+07:00,completed,Da Nang,web,9780000.00,seed,2026-04-10T12:35:00+07:00,2026-04-10T22:35:00+07:00
ORD000254,CUS000972,2026-05-24T13:36:00+07:00,confirmed,Bac Ninh,web,14020000.00,seed,2026-05-24T13:36:00+07:00,2026-05-25T04:36:00+07:00
ORD000255,CUS000434,2026-06-28T20:45:00+07:00,completed,Ho Chi Minh City,web,6187500.00,seed,2026-06-28T20:45:00+07:00,2026-06-29T14:45:00+07:00
ORD000256,CUS000145,2026-06-18T18:05:00+07:00,completed,Hue,web,16015000.00,seed,2026-06-18T18:05:00+07:00,2026-06-20T04:05:00+07:00
ORD000257,CUS000018,2026-06-02T14:47:00+07:00,shipped,Quang Ninh,social,16006000.00,seed,2026-06-02T14:47:00+07:00,2026-06-03T05:47:00+07:00
ORD000258,CUS000116,2026-04-25T08:37:00+07:00,completed,Da Nang,web,11701000.00,seed,2026-04-25T08:37:00+07:00,2026-04-26T19:37:00+07:00
ORD000259,CUS000472,2026-05-20T11:52:00+07:00,completed,Da Nang,social,6818500.00,seed,2026-05-20T11:52:00+07:00,2026-05-22T07:52:00+07:00
ORD000260,CUS000496,2026-05-06T09:04:00+07:00,completed,Hue,mobile_app,27499500.00,seed,2026-05-06T09:04:00+07:00,2026-05-06T11:04:00+07:00
ORD000261,CUS000341,2026-02-03T13:12:00+07:00,completed,Hue,mobile_app,14824000.00,seed,2026-02-03T13:12:00+07:00,2026-02-04T19:12:00+07:00
ORD000262,CUS000699,2026-03-25T12:55:00+07:00,completed,Nha Trang,web,26109500.00,seed,2026-03-25T12:55:00+07:00,2026-03-26T18:55:00+07:00
ORD000263,CUS000426,2026-02-22T18:24:00+07:00,completed,Da Nang,web,191000.00,seed,2026-02-22T18:24:00+07:00,2026-02-24T03:24:00+07:00
ORD000264,CUS000639,2026-05-09T18:34:00+07:00,cancelled,Vinh,web,6821500.00,seed,2026-05-09T18:34:00+07:00,2026-05-11T14:34:00+07:00
ORD000265,CUS000610,2026-06-22T12:39:00+07:00,completed,Nha Trang,mobile_app,2686000.00,seed,2026-06-22T12:39:00+07:00,2026-06-23T04:39:00+07:00
ORD000266,CUS000485,2026-03-22T16:30:00+07:00,completed,Hanoi,mobile_app,5875000.00,seed,2026-03-22T16:30:00+07:00,2026-03-23T22:30:00+07:00
ORD000267,CUS000852,2026-05-24T14:30:00+07:00,completed,Hue,social,33059500.00,seed,2026-05-24T14:30:00+07:00,2026-05-26T11:30:00+07:00
ORD000268,CUS000538,2026-05-30T14:23:00+07:00,completed,Vinh,mobile_app,22550000.00,seed,2026-05-30T14:23:00+07:00,2026-06-01T08:23:00+07:00
ORD000269,CUS000815,2026-06-07T10:55:00+07:00,completed,Hai Phong,web,1555500.00,seed,2026-06-07T10:55:00+07:00,2026-06-08T10:55:00+07:00
ORD000270,CUS000591,2026-06-24T13:33:00+07:00,completed,Can Tho,web,16803500.00,seed,2026-06-24T13:33:00+07:00,2026-06-26T03:33:00+07:00
ORD000271,CUS000210,2026-02-03T19:57:00+07:00,completed,Vinh,web,18414000.00,seed,2026-02-03T19:57:00+07:00,2026-02-04T06:57:00+07:00
ORD000272,CUS000981,2026-03-09T16:58:00+07:00,shipped,Can Tho,mobile_app,2700000.00,seed,2026-03-09T16:58:00+07:00,2026-03-11T15:58:00+07:00
ORD000273,CUS000746,2026-02-18T18:30:00+07:00,completed,Quang Ninh,web,12239500.00,seed,2026-02-18T18:30:00+07:00,2026-02-19T19:30:00+07:00
ORD000274,CUS000911,2026-03-24T17:10:00+07:00,completed,Vinh,mobile_app,8915500.00,seed,2026-03-24T17:10:00+07:00,2026-03-25T19:10:00+07:00
ORD000275,CUS000537,2026-04-17T20:27:00+07:00,completed,Nha Trang,mobile_app,2765000.00,seed,2026-04-17T20:27:00+07:00,2026-04-19T17:27:00+07:00
ORD000276,CUS000938,2026-06-22T12:05:00+07:00,pending,Bac Ninh,mobile_app,12879000.00,seed,2026-06-22T12:05:00+07:00,2026-06-23T04:05:00+07:00
ORD000277,CUS000907,2026-05-27T13:08:00+07:00,completed,Can Tho,mobile_app,4998000.00,seed,2026-05-27T13:08:00+07:00,2026-05-28T03:08:00+07:00
ORD000278,CUS000540,2026-06-13T10:43:00+07:00,completed,Bac Ninh,mobile_app,34979000.00,seed,2026-06-13T10:43:00+07:00,2026-06-13T21:43:00+07:00
ORD000279,CUS000372,2026-04-26T21:05:00+07:00,shipped,Ho Chi Minh City,social,12030500.00,seed,2026-04-26T21:05:00+07:00,2026-04-27T16:05:00+07:00
ORD000280,CUS000896,2026-01-22T16:34:00+07:00,completed,Bac Ninh,web,29231000.00,seed,2026-01-22T16:34:00+07:00,2026-01-24T09:34:00+07:00
ORD000281,CUS000576,2026-06-20T22:49:00+07:00,completed,Can Tho,web,8242000.00,seed,2026-06-20T22:49:00+07:00,2026-06-21T10:49:00+07:00
ORD000282,CUS000230,2026-03-21T15:03:00+07:00,completed,Nha Trang,mobile_app,16033000.00,seed,2026-03-21T15:03:00+07:00,2026-03-21T18:03:00+07:00
ORD000283,CUS000011,2026-01-17T22:47:00+07:00,completed,Da Nang,web,20966500.00,seed,2026-01-17T22:47:00+07:00,2026-01-18T13:47:00+07:00
ORD000284,CUS000975,2026-04-18T15:07:00+07:00,completed,Can Tho,mobile_app,3500000.00,seed,2026-04-18T15:07:00+07:00,2026-04-18T22:07:00+07:00
ORD000285,CUS000229,2026-03-08T13:05:00+07:00,completed,Ho Chi Minh City,mobile_app,5652500.00,seed,2026-03-08T13:05:00+07:00,2026-03-10T06:05:00+07:00
ORD000286,CUS000171,2026-06-28T08:13:00+07:00,completed,Da Nang,web,1310000.00,seed,2026-06-28T08:13:00+07:00,2026-06-28T14:13:00+07:00
ORD000287,CUS000565,2026-03-01T14:43:00+07:00,completed,Nha Trang,mobile_app,21859000.00,seed,2026-03-01T14:43:00+07:00,2026-03-02T10:43:00+07:00
ORD000288,CUS000743,2026-06-14T08:38:00+07:00,completed,Nha Trang,web,13425000.00,seed,2026-06-14T08:38:00+07:00,2026-06-14T20:38:00+07:00
ORD000289,CUS000492,2026-03-25T18:40:00+07:00,completed,Nha Trang,mobile_app,16438000.00,seed,2026-03-25T18:40:00+07:00,2026-03-26T16:40:00+07:00
ORD000290,CUS000620,2026-04-10T22:41:00+07:00,completed,Da Nang,mobile_app,549000.00,seed,2026-04-10T22:41:00+07:00,2026-04-12T13:41:00+07:00
ORD000291,CUS000322,2026-04-02T17:51:00+07:00,shipped,Ho Chi Minh City,social,6279500.00,seed,2026-04-02T17:51:00+07:00,2026-04-03T13:51:00+07:00
ORD000292,CUS000721,2026-01-28T22:34:00+07:00,shipped,Da Nang,mobile_app,23395500.00,seed,2026-01-28T22:34:00+07:00,2026-01-30T07:34:00+07:00
ORD000293,CUS000526,2026-04-11T21:18:00+07:00,completed,Vinh,mobile_app,9705000.00,seed,2026-04-11T21:18:00+07:00,2026-04-13T15:18:00+07:00
ORD000294,CUS000121,2026-03-15T11:12:00+07:00,completed,Hanoi,mobile_app,7961000.00,seed,2026-03-15T11:12:00+07:00,2026-03-16T12:12:00+07:00
ORD000295,CUS000455,2026-04-24T13:43:00+07:00,completed,Bac Ninh,mobile_app,5826500.00,seed,2026-04-24T13:43:00+07:00,2026-04-25T21:43:00+07:00
ORD000296,CUS000068,2026-01-09T22:38:00+07:00,completed,Hue,mobile_app,12030000.00,seed,2026-01-09T22:38:00+07:00,2026-01-10T21:38:00+07:00
ORD000297,CUS000636,2026-01-10T12:55:00+07:00,completed,Hanoi,web,16569000.00,seed,2026-01-10T12:55:00+07:00,2026-01-10T19:55:00+07:00
ORD000298,CUS000838,2026-04-27T16:32:00+07:00,completed,Hai Phong,mobile_app,17321000.00,seed,2026-04-27T16:32:00+07:00,2026-04-27T17:32:00+07:00
ORD000299,CUS000285,2026-06-22T14:44:00+07:00,completed,Nha Trang,mobile_app,9401000.00,seed,2026-06-22T14:44:00+07:00,2026-06-24T01:44:00+07:00
ORD000300,CUS000531,2026-03-16T11:18:00+07:00,completed,Quang Ninh,mobile_app,6108000.00,seed,2026-03-16T11:18:00+07:00,2026-03-16T23:18:00+07:00
ORD000301,CUS000560,2026-04-29T20:44:00+07:00,completed,Vinh,mobile_app,3986500.00,seed,2026-04-29T20:44:00+07:00,2026-05-01T12:44:00+07:00
ORD000302,CUS000264,2026-06-07T13:58:00+07:00,completed,Can Tho,mobile_app,16969500.00,seed,2026-06-07T13:58:00+07:00,2026-06-07T22:58:00+07:00
ORD000303,CUS000002,2026-01-06T10:35:00+07:00,completed,Ho Chi Minh City,mobile_app,5460000.00,seed,2026-01-06T10:35:00+07:00,2026-01-08T05:35:00+07:00
ORD000304,CUS000581,2026-03-22T20:14:00+07:00,completed,Hue,social,4320000.00,seed,2026-03-22T20:14:00+07:00,2026-03-23T06:14:00+07:00
ORD000305,CUS000006,2026-06-13T08:12:00+07:00,completed,Hai Phong,mobile_app,2626500.00,seed,2026-06-13T08:12:00+07:00,2026-06-14T23:12:00+07:00
ORD000306,CUS000631,2026-05-05T12:05:00+07:00,completed,Hue,mobile_app,10534000.00,seed,2026-05-05T12:05:00+07:00,2026-05-07T07:05:00+07:00
ORD000307,CUS000889,2026-04-16T08:18:00+07:00,completed,Vinh,web,7050000.00,seed,2026-04-16T08:18:00+07:00,2026-04-17T20:18:00+07:00
ORD000308,CUS000496,2026-05-18T22:16:00+07:00,completed,Nha Trang,mobile_app,25119000.00,seed,2026-05-18T22:16:00+07:00,2026-05-20T20:16:00+07:00
ORD000309,CUS000670,2026-06-15T12:11:00+07:00,shipped,Da Nang,mobile_app,24561500.00,seed,2026-06-15T12:11:00+07:00,2026-06-16T21:11:00+07:00
ORD000310,CUS000470,2026-06-16T20:23:00+07:00,completed,Hai Phong,web,10238500.00,seed,2026-06-16T20:23:00+07:00,2026-06-18T11:23:00+07:00
ORD000311,CUS000318,2026-01-27T11:22:00+07:00,completed,Vinh,mobile_app,21180000.00,seed,2026-01-27T11:22:00+07:00,2026-01-28T20:22:00+07:00
ORD000312,CUS000642,2026-04-12T18:22:00+07:00,completed,Hai Phong,web,9784500.00,seed,2026-04-12T18:22:00+07:00,2026-04-14T03:22:00+07:00
ORD000313,CUS000816,2026-02-11T12:58:00+07:00,completed,Ho Chi Minh City,web,5805500.00,seed,2026-02-11T12:58:00+07:00,2026-02-13T08:58:00+07:00
ORD000314,CUS000643,2026-03-14T19:44:00+07:00,completed,Da Nang,web,11358000.00,seed,2026-03-14T19:44:00+07:00,2026-03-16T05:44:00+07:00
ORD000315,CUS000096,2026-05-14T10:29:00+07:00,completed,Hue,web,1000000.00,seed,2026-05-14T10:29:00+07:00,2026-05-15T11:29:00+07:00
ORD000316,CUS000736,2026-01-01T21:04:00+07:00,completed,Vinh,mobile_app,7380000.00,seed,2026-01-01T21:04:00+07:00,2026-01-03T07:04:00+07:00
ORD000317,CUS000167,2026-01-08T11:35:00+07:00,cancelled,Bac Ninh,mobile_app,10910000.00,seed,2026-01-08T11:35:00+07:00,2026-01-08T14:35:00+07:00
ORD000318,CUS000885,2026-03-27T22:38:00+07:00,cancelled,Nha Trang,web,13952500.00,seed,2026-03-27T22:38:00+07:00,2026-03-29T20:38:00+07:00
ORD000319,CUS000498,2026-05-28T12:27:00+07:00,shipped,Quang Ninh,mobile_app,16280000.00,seed,2026-05-28T12:27:00+07:00,2026-05-29T13:27:00+07:00
ORD000320,CUS000025,2026-01-12T22:01:00+07:00,completed,Bac Ninh,mobile_app,770000.00,seed,2026-01-12T22:01:00+07:00,2026-01-14T02:01:00+07:00
ORD000321,CUS000061,2026-04-10T20:25:00+07:00,completed,Bac Ninh,web,15982500.00,seed,2026-04-10T20:25:00+07:00,2026-04-11T10:25:00+07:00
ORD000322,CUS000560,2026-03-13T16:05:00+07:00,completed,Hanoi,web,17179500.00,seed,2026-03-13T16:05:00+07:00,2026-03-13T17:05:00+07:00
ORD000323,CUS000249,2026-01-30T16:28:00+07:00,cancelled,Hanoi,web,40962000.00,seed,2026-01-30T16:28:00+07:00,2026-02-01T07:28:00+07:00
ORD000324,CUS000219,2026-03-05T14:11:00+07:00,completed,Hue,web,16563000.00,seed,2026-03-05T14:11:00+07:00,2026-03-07T05:11:00+07:00
ORD000325,CUS000091,2026-05-26T11:23:00+07:00,completed,Ho Chi Minh City,mobile_app,6406500.00,seed,2026-05-26T11:23:00+07:00,2026-05-27T06:23:00+07:00
ORD000326,CUS000170,2026-06-03T08:22:00+07:00,completed,Ho Chi Minh City,mobile_app,9211500.00,seed,2026-06-03T08:22:00+07:00,2026-06-03T11:22:00+07:00
ORD000327,CUS000872,2026-01-22T12:20:00+07:00,completed,Vinh,social,720000.00,seed,2026-01-22T12:20:00+07:00,2026-01-23T16:20:00+07:00
ORD000328,CUS000748,2026-03-01T11:00:00+07:00,completed,Hai Phong,social,10779500.00,seed,2026-03-01T11:00:00+07:00,2026-03-03T03:00:00+07:00
ORD000329,CUS000958,2026-06-11T09:46:00+07:00,completed,Bac Ninh,mobile_app,15254500.00,seed,2026-06-11T09:46:00+07:00,2026-06-12T18:46:00+07:00
ORD000330,CUS000123,2026-06-17T16:24:00+07:00,completed,Bac Ninh,mobile_app,675000.00,seed,2026-06-17T16:24:00+07:00,2026-06-19T12:24:00+07:00
ORD000331,CUS000145,2026-01-11T15:43:00+07:00,completed,Da Nang,mobile_app,12983500.00,seed,2026-01-11T15:43:00+07:00,2026-01-12T05:43:00+07:00
ORD000332,CUS000803,2026-03-24T12:49:00+07:00,completed,Can Tho,mobile_app,5770000.00,seed,2026-03-24T12:49:00+07:00,2026-03-26T07:49:00+07:00
ORD000333,CUS000605,2026-06-25T09:06:00+07:00,completed,Da Nang,mobile_app,8243000.00,seed,2026-06-25T09:06:00+07:00,2026-06-25T21:06:00+07:00
ORD000334,CUS000646,2026-02-01T17:55:00+07:00,completed,Hue,web,18433500.00,seed,2026-02-01T17:55:00+07:00,2026-02-03T09:55:00+07:00
ORD000335,CUS000727,2026-04-30T22:12:00+07:00,confirmed,Vinh,web,22640000.00,seed,2026-04-30T22:12:00+07:00,2026-05-02T12:12:00+07:00
ORD000336,CUS000456,2026-02-25T20:01:00+07:00,completed,Nha Trang,web,7630000.00,seed,2026-02-25T20:01:00+07:00,2026-02-26T17:01:00+07:00
ORD000337,CUS000404,2026-04-20T10:07:00+07:00,completed,Hanoi,mobile_app,32474000.00,seed,2026-04-20T10:07:00+07:00,2026-04-22T10:07:00+07:00
ORD000338,CUS000028,2026-05-21T17:56:00+07:00,shipped,Vinh,web,3980000.00,seed,2026-05-21T17:56:00+07:00,2026-05-23T03:56:00+07:00
ORD000339,CUS000185,2026-02-08T13:44:00+07:00,pending,Hai Phong,mobile_app,17097500.00,seed,2026-02-08T13:44:00+07:00,2026-02-10T09:44:00+07:00
ORD000340,CUS000698,2026-04-27T11:22:00+07:00,completed,Can Tho,web,18831500.00,seed,2026-04-27T11:22:00+07:00,2026-04-29T04:22:00+07:00
ORD000341,CUS000142,2026-03-26T12:56:00+07:00,completed,Hanoi,mobile_app,8363000.00,seed,2026-03-26T12:56:00+07:00,2026-03-27T20:56:00+07:00
ORD000342,CUS000056,2026-03-11T12:53:00+07:00,completed,Da Nang,mobile_app,20909000.00,seed,2026-03-11T12:53:00+07:00,2026-03-12T15:53:00+07:00
ORD000343,CUS000374,2026-04-11T16:21:00+07:00,completed,Da Nang,social,13569000.00,seed,2026-04-11T16:21:00+07:00,2026-04-11T19:21:00+07:00
ORD000344,CUS000606,2026-03-08T15:34:00+07:00,completed,Ho Chi Minh City,web,14378000.00,seed,2026-03-08T15:34:00+07:00,2026-03-08T23:34:00+07:00
ORD000345,CUS000758,2026-01-15T21:07:00+07:00,completed,Da Nang,web,6685500.00,seed,2026-01-15T21:07:00+07:00,2026-01-16T19:07:00+07:00
ORD000346,CUS000826,2026-05-05T22:18:00+07:00,completed,Can Tho,web,2812000.00,seed,2026-05-05T22:18:00+07:00,2026-05-05T23:18:00+07:00
ORD000347,CUS000095,2026-06-23T14:07:00+07:00,completed,Hue,mobile_app,13591000.00,seed,2026-06-23T14:07:00+07:00,2026-06-25T00:07:00+07:00
ORD000348,CUS000789,2026-04-27T14:29:00+07:00,completed,Vinh,web,13315000.00,seed,2026-04-27T14:29:00+07:00,2026-04-29T04:29:00+07:00
ORD000349,CUS000501,2026-01-05T09:29:00+07:00,completed,Hanoi,social,843500.00,seed,2026-01-05T09:29:00+07:00,2026-01-07T05:29:00+07:00
ORD000350,CUS000577,2026-06-11T22:00:00+07:00,completed,Hue,web,6849500.00,seed,2026-06-11T22:00:00+07:00,2026-06-12T21:00:00+07:00
ORD000351,CUS000597,2026-05-12T10:58:00+07:00,completed,Da Nang,web,13335000.00,seed,2026-05-12T10:58:00+07:00,2026-05-13T20:58:00+07:00
ORD000352,CUS000157,2026-02-06T14:32:00+07:00,pending,Quang Ninh,mobile_app,13120000.00,seed,2026-02-06T14:32:00+07:00,2026-02-08T13:32:00+07:00
ORD000353,CUS000084,2026-06-25T12:28:00+07:00,completed,Vinh,web,23796500.00,seed,2026-06-25T12:28:00+07:00,2026-06-27T11:28:00+07:00
ORD000354,CUS000464,2026-03-07T19:23:00+07:00,completed,Ho Chi Minh City,web,4560000.00,seed,2026-03-07T19:23:00+07:00,2026-03-08T00:23:00+07:00
ORD000355,CUS000227,2026-05-04T11:04:00+07:00,completed,Ho Chi Minh City,mobile_app,13744000.00,seed,2026-05-04T11:04:00+07:00,2026-05-05T05:04:00+07:00
ORD000356,CUS000094,2026-04-03T22:00:00+07:00,completed,Hanoi,social,32504500.00,seed,2026-04-03T22:00:00+07:00,2026-04-04T23:00:00+07:00
ORD000357,CUS000862,2026-02-16T09:10:00+07:00,completed,Can Tho,mobile_app,17815000.00,seed,2026-02-16T09:10:00+07:00,2026-02-18T05:10:00+07:00
ORD000358,CUS000993,2026-05-12T17:22:00+07:00,completed,Da Nang,web,7640500.00,seed,2026-05-12T17:22:00+07:00,2026-05-13T22:22:00+07:00
ORD000359,CUS000551,2026-01-31T10:54:00+07:00,completed,Vinh,web,11247000.00,seed,2026-01-31T10:54:00+07:00,2026-02-01T08:54:00+07:00
ORD000360,CUS000903,2026-05-03T18:56:00+07:00,completed,Can Tho,mobile_app,5440000.00,seed,2026-05-03T18:56:00+07:00,2026-05-04T23:56:00+07:00
ORD000361,CUS000999,2026-01-08T19:07:00+07:00,completed,Nha Trang,mobile_app,16509000.00,seed,2026-01-08T19:07:00+07:00,2026-01-08T19:07:00+07:00
ORD000362,CUS000183,2026-03-14T10:43:00+07:00,completed,Nha Trang,web,16965500.00,seed,2026-03-14T10:43:00+07:00,2026-03-15T14:43:00+07:00
ORD000363,CUS000808,2026-02-03T12:33:00+07:00,pending,Ho Chi Minh City,mobile_app,4712000.00,seed,2026-02-03T12:33:00+07:00,2026-02-03T20:33:00+07:00
ORD000364,CUS000922,2026-05-07T10:11:00+07:00,completed,Vinh,web,11080000.00,seed,2026-05-07T10:11:00+07:00,2026-05-09T00:11:00+07:00
ORD000365,CUS000977,2026-06-21T08:14:00+07:00,cancelled,Bac Ninh,web,5880500.00,seed,2026-06-21T08:14:00+07:00,2026-06-21T20:14:00+07:00
ORD000366,CUS000897,2026-05-08T13:08:00+07:00,completed,Hanoi,web,21830000.00,seed,2026-05-08T13:08:00+07:00,2026-05-09T00:08:00+07:00
ORD000367,CUS000011,2026-02-23T21:45:00+07:00,shipped,Hai Phong,web,680000.00,seed,2026-02-23T21:45:00+07:00,2026-02-23T22:45:00+07:00
ORD000368,CUS000591,2026-04-13T18:23:00+07:00,completed,Hai Phong,mobile_app,13529000.00,seed,2026-04-13T18:23:00+07:00,2026-04-14T13:23:00+07:00
ORD000369,CUS000121,2026-04-29T19:17:00+07:00,completed,Bac Ninh,mobile_app,17072500.00,seed,2026-04-29T19:17:00+07:00,2026-04-29T22:17:00+07:00
ORD000370,CUS000476,2026-02-05T18:54:00+07:00,completed,Quang Ninh,mobile_app,30425000.00,seed,2026-02-05T18:54:00+07:00,2026-02-06T08:54:00+07:00
ORD000371,CUS000402,2026-05-07T12:19:00+07:00,completed,Nha Trang,mobile_app,6240000.00,seed,2026-05-07T12:19:00+07:00,2026-05-08T03:19:00+07:00
ORD000372,CUS000446,2026-01-17T09:28:00+07:00,completed,Hue,mobile_app,12838000.00,seed,2026-01-17T09:28:00+07:00,2026-01-17T17:28:00+07:00
ORD000373,CUS000172,2026-02-25T18:01:00+07:00,shipped,Nha Trang,web,12373500.00,seed,2026-02-25T18:01:00+07:00,2026-02-27T15:01:00+07:00
ORD000374,CUS000874,2026-02-17T14:58:00+07:00,completed,Ho Chi Minh City,mobile_app,17136000.00,seed,2026-02-17T14:58:00+07:00,2026-02-18T23:58:00+07:00
ORD000375,CUS000695,2026-04-18T22:10:00+07:00,completed,Da Nang,mobile_app,14022000.00,seed,2026-04-18T22:10:00+07:00,2026-04-19T17:10:00+07:00
ORD000376,CUS000729,2026-03-14T21:50:00+07:00,completed,Ho Chi Minh City,web,3563500.00,seed,2026-03-14T21:50:00+07:00,2026-03-15T04:50:00+07:00
ORD000377,CUS000037,2026-01-06T22:24:00+07:00,pending,Hai Phong,web,19890000.00,seed,2026-01-06T22:24:00+07:00,2026-01-08T03:24:00+07:00
ORD000378,CUS000331,2026-06-05T08:02:00+07:00,completed,Ho Chi Minh City,mobile_app,29002500.00,seed,2026-06-05T08:02:00+07:00,2026-06-05T18:02:00+07:00
ORD000379,CUS000169,2026-03-30T11:26:00+07:00,completed,Ho Chi Minh City,mobile_app,7786000.00,seed,2026-03-30T11:26:00+07:00,2026-04-01T04:26:00+07:00
ORD000380,CUS000389,2026-02-24T22:01:00+07:00,completed,Hanoi,web,7531000.00,seed,2026-02-24T22:01:00+07:00,2026-02-26T02:01:00+07:00
ORD000381,CUS000084,2026-01-06T08:50:00+07:00,confirmed,Can Tho,mobile_app,26272500.00,seed,2026-01-06T08:50:00+07:00,2026-01-07T21:50:00+07:00
ORD000382,CUS000338,2026-06-23T19:41:00+07:00,completed,Ho Chi Minh City,web,11220000.00,seed,2026-06-23T19:41:00+07:00,2026-06-23T21:41:00+07:00
ORD000383,CUS000542,2026-06-05T15:50:00+07:00,confirmed,Ho Chi Minh City,mobile_app,8276000.00,seed,2026-06-05T15:50:00+07:00,2026-06-06T12:50:00+07:00
ORD000384,CUS000977,2026-04-12T19:57:00+07:00,completed,Quang Ninh,social,3439000.00,seed,2026-04-12T19:57:00+07:00,2026-04-14T03:57:00+07:00
ORD000385,CUS000985,2026-05-04T18:47:00+07:00,completed,Quang Ninh,mobile_app,8067000.00,seed,2026-05-04T18:47:00+07:00,2026-05-04T22:47:00+07:00
ORD000386,CUS000419,2026-05-17T10:54:00+07:00,completed,Ho Chi Minh City,mobile_app,14600000.00,seed,2026-05-17T10:54:00+07:00,2026-05-17T14:54:00+07:00
ORD000387,CUS000906,2026-05-02T15:57:00+07:00,completed,Hai Phong,mobile_app,12018500.00,seed,2026-05-02T15:57:00+07:00,2026-05-04T11:57:00+07:00
ORD000388,CUS000563,2026-06-04T13:36:00+07:00,shipped,Da Nang,mobile_app,4380000.00,seed,2026-06-04T13:36:00+07:00,2026-06-06T03:36:00+07:00
ORD000389,CUS000087,2026-06-02T21:34:00+07:00,completed,Hanoi,mobile_app,44243500.00,seed,2026-06-02T21:34:00+07:00,2026-06-03T21:34:00+07:00
ORD000390,CUS000169,2026-05-14T08:41:00+07:00,completed,Hue,social,21724000.00,seed,2026-05-14T08:41:00+07:00,2026-05-14T12:41:00+07:00
ORD000391,CUS000724,2026-04-21T18:30:00+07:00,completed,Nha Trang,web,11617000.00,seed,2026-04-21T18:30:00+07:00,2026-04-21T20:30:00+07:00
ORD000392,CUS000942,2026-01-02T16:12:00+07:00,completed,Hanoi,web,19989000.00,seed,2026-01-02T16:12:00+07:00,2026-01-03T19:12:00+07:00
ORD000393,CUS000998,2026-04-21T16:27:00+07:00,cancelled,Hue,web,10915000.00,seed,2026-04-21T16:27:00+07:00,2026-04-21T22:27:00+07:00
ORD000394,CUS000066,2026-05-16T16:28:00+07:00,completed,Ho Chi Minh City,web,14092500.00,seed,2026-05-16T16:28:00+07:00,2026-05-16T16:28:00+07:00
ORD000395,CUS000468,2026-01-13T22:38:00+07:00,completed,Ho Chi Minh City,mobile_app,11480000.00,seed,2026-01-13T22:38:00+07:00,2026-01-15T19:38:00+07:00
ORD000396,CUS000737,2026-04-04T13:05:00+07:00,completed,Bac Ninh,web,10970000.00,seed,2026-04-04T13:05:00+07:00,2026-04-04T21:05:00+07:00
ORD000397,CUS000469,2026-04-18T20:20:00+07:00,completed,Hai Phong,web,23541500.00,seed,2026-04-18T20:20:00+07:00,2026-04-20T11:20:00+07:00
ORD000398,CUS000001,2026-05-19T20:48:00+07:00,completed,Nha Trang,mobile_app,5562000.00,seed,2026-05-19T20:48:00+07:00,2026-05-21T05:48:00+07:00
ORD000399,CUS000581,2026-06-02T16:32:00+07:00,cancelled,Hai Phong,web,10870500.00,seed,2026-06-02T16:32:00+07:00,2026-06-03T01:32:00+07:00
ORD000400,CUS000963,2026-02-20T21:18:00+07:00,completed,Quang Ninh,mobile_app,6100000.00,seed,2026-02-20T21:18:00+07:00,2026-02-21T00:18:00+07:00
ORD000401,CUS000329,2026-01-24T12:36:00+07:00,completed,Da Nang,mobile_app,11605000.00,seed,2026-01-24T12:36:00+07:00,2026-01-25T22:36:00+07:00
ORD000402,CUS000501,2026-06-29T12:43:00+07:00,shipped,Bac Ninh,mobile_app,3450000.00,seed,2026-06-29T12:43:00+07:00,2026-06-30T04:43:00+07:00
ORD000403,CUS000439,2026-06-08T08:41:00+07:00,cancelled,Hue,web,12987500.00,seed,2026-06-08T08:41:00+07:00,2026-06-08T23:41:00+07:00
ORD000404,CUS000977,2026-04-30T10:47:00+07:00,completed,Hue,mobile_app,10392000.00,seed,2026-04-30T10:47:00+07:00,2026-04-30T20:47:00+07:00
ORD000405,CUS000909,2026-05-26T16:28:00+07:00,completed,Bac Ninh,social,10540000.00,seed,2026-05-26T16:28:00+07:00,2026-05-28T07:28:00+07:00
ORD000406,CUS000582,2026-03-13T11:25:00+07:00,completed,Nha Trang,web,5006500.00,seed,2026-03-13T11:25:00+07:00,2026-03-13T19:25:00+07:00
ORD000407,CUS000492,2026-03-04T21:43:00+07:00,completed,Quang Ninh,web,1287000.00,seed,2026-03-04T21:43:00+07:00,2026-03-05T10:43:00+07:00
ORD000408,CUS000617,2026-05-26T16:22:00+07:00,completed,Hanoi,web,14094500.00,seed,2026-05-26T16:22:00+07:00,2026-05-28T04:22:00+07:00
ORD000409,CUS000509,2026-02-14T09:06:00+07:00,completed,Hai Phong,web,27323500.00,seed,2026-02-14T09:06:00+07:00,2026-02-14T22:06:00+07:00
ORD000410,CUS000440,2026-01-16T17:09:00+07:00,completed,Can Tho,web,15702500.00,seed,2026-01-16T17:09:00+07:00,2026-01-17T14:09:00+07:00
ORD000411,CUS000780,2026-02-08T16:36:00+07:00,completed,Can Tho,mobile_app,13180000.00,seed,2026-02-08T16:36:00+07:00,2026-02-09T06:36:00+07:00
ORD000412,CUS000573,2026-06-29T22:51:00+07:00,completed,Can Tho,web,11847000.00,seed,2026-06-29T22:51:00+07:00,2026-07-01T07:51:00+07:00
ORD000413,CUS000226,2026-03-06T11:11:00+07:00,cancelled,Hanoi,mobile_app,7106000.00,seed,2026-03-06T11:11:00+07:00,2026-03-06T21:11:00+07:00
ORD000414,CUS000900,2026-02-14T21:29:00+07:00,shipped,Nha Trang,web,8723000.00,seed,2026-02-14T21:29:00+07:00,2026-02-16T13:29:00+07:00
ORD000415,CUS000563,2026-06-06T16:13:00+07:00,pending,Vinh,web,30034000.00,seed,2026-06-06T16:13:00+07:00,2026-06-08T02:13:00+07:00
ORD000416,CUS000132,2026-01-12T09:21:00+07:00,completed,Nha Trang,mobile_app,6039000.00,seed,2026-01-12T09:21:00+07:00,2026-01-14T08:21:00+07:00
ORD000417,CUS000196,2026-06-29T20:46:00+07:00,completed,Hue,web,20886000.00,seed,2026-06-29T20:46:00+07:00,2026-06-30T18:46:00+07:00
ORD000418,CUS000666,2026-06-03T16:35:00+07:00,completed,Hanoi,web,18443500.00,seed,2026-06-03T16:35:00+07:00,2026-06-05T15:35:00+07:00
ORD000419,CUS000181,2026-01-17T10:58:00+07:00,completed,Can Tho,mobile_app,21226000.00,seed,2026-01-17T10:58:00+07:00,2026-01-17T19:58:00+07:00
ORD000420,CUS000999,2026-05-26T08:08:00+07:00,completed,Nha Trang,mobile_app,4029000.00,seed,2026-05-26T08:08:00+07:00,2026-05-27T03:08:00+07:00
ORD000421,CUS000417,2026-03-03T10:46:00+07:00,completed,Hue,mobile_app,4720000.00,seed,2026-03-03T10:46:00+07:00,2026-03-05T08:46:00+07:00
ORD000422,CUS000971,2026-06-17T09:21:00+07:00,shipped,Hue,social,15699500.00,seed,2026-06-17T09:21:00+07:00,2026-06-17T22:21:00+07:00
ORD000423,CUS000322,2026-04-19T19:24:00+07:00,completed,Quang Ninh,mobile_app,18255000.00,seed,2026-04-19T19:24:00+07:00,2026-04-20T01:24:00+07:00
ORD000424,CUS000932,2026-02-27T11:09:00+07:00,completed,Da Nang,mobile_app,9740000.00,seed,2026-02-27T11:09:00+07:00,2026-03-01T05:09:00+07:00
ORD000425,CUS000189,2026-02-28T11:55:00+07:00,confirmed,Vinh,mobile_app,5685000.00,seed,2026-02-28T11:55:00+07:00,2026-02-28T20:55:00+07:00
ORD000426,CUS000216,2026-06-15T12:26:00+07:00,completed,Vinh,social,22661500.00,seed,2026-06-15T12:26:00+07:00,2026-06-16T05:26:00+07:00
ORD000427,CUS000645,2026-06-12T11:16:00+07:00,completed,Bac Ninh,mobile_app,13884000.00,seed,2026-06-12T11:16:00+07:00,2026-06-12T14:16:00+07:00
ORD000428,CUS000962,2026-05-10T15:56:00+07:00,completed,Quang Ninh,mobile_app,25553000.00,seed,2026-05-10T15:56:00+07:00,2026-05-12T13:56:00+07:00
ORD000429,CUS000670,2026-02-04T21:24:00+07:00,completed,Da Nang,mobile_app,6290000.00,seed,2026-02-04T21:24:00+07:00,2026-02-06T04:24:00+07:00
ORD000430,CUS000415,2026-01-13T20:24:00+07:00,completed,Hanoi,web,8394500.00,seed,2026-01-13T20:24:00+07:00,2026-01-14T18:24:00+07:00
ORD000431,CUS000265,2026-01-14T19:53:00+07:00,completed,Nha Trang,mobile_app,17848000.00,seed,2026-01-14T19:53:00+07:00,2026-01-15T07:53:00+07:00
ORD000432,CUS000447,2026-02-06T20:21:00+07:00,shipped,Nha Trang,mobile_app,32462000.00,seed,2026-02-06T20:21:00+07:00,2026-02-08T14:21:00+07:00
ORD000433,CUS000496,2026-04-10T21:22:00+07:00,completed,Ho Chi Minh City,web,13924500.00,seed,2026-04-10T21:22:00+07:00,2026-04-12T10:22:00+07:00
ORD000434,CUS000481,2026-01-25T09:50:00+07:00,completed,Can Tho,mobile_app,11892000.00,seed,2026-01-25T09:50:00+07:00,2026-01-26T06:50:00+07:00
ORD000435,CUS000276,2026-05-10T16:22:00+07:00,completed,Hue,web,33288000.00,seed,2026-05-10T16:22:00+07:00,2026-05-10T22:22:00+07:00
ORD000436,CUS000966,2026-01-21T15:35:00+07:00,completed,Vinh,web,20086000.00,seed,2026-01-21T15:35:00+07:00,2026-01-22T10:35:00+07:00
ORD000437,CUS000594,2026-03-27T19:31:00+07:00,cancelled,Bac Ninh,mobile_app,7810000.00,seed,2026-03-27T19:31:00+07:00,2026-03-28T16:31:00+07:00
ORD000438,CUS000970,2026-01-21T16:51:00+07:00,completed,Vinh,web,7030000.00,seed,2026-01-21T16:51:00+07:00,2026-01-22T09:51:00+07:00
ORD000439,CUS000359,2026-03-13T18:19:00+07:00,completed,Hue,mobile_app,8390000.00,seed,2026-03-13T18:19:00+07:00,2026-03-14T14:19:00+07:00
ORD000440,CUS000945,2026-05-18T15:59:00+07:00,completed,Da Nang,social,8530000.00,seed,2026-05-18T15:59:00+07:00,2026-05-19T03:59:00+07:00
ORD000441,CUS000542,2026-06-02T11:53:00+07:00,confirmed,Hue,social,13761000.00,seed,2026-06-02T11:53:00+07:00,2026-06-04T03:53:00+07:00
ORD000442,CUS000612,2026-06-11T19:19:00+07:00,completed,Hue,mobile_app,15180000.00,seed,2026-06-11T19:19:00+07:00,2026-06-13T12:19:00+07:00
ORD000443,CUS000280,2026-03-12T13:09:00+07:00,confirmed,Hanoi,social,16102000.00,seed,2026-03-12T13:09:00+07:00,2026-03-14T01:09:00+07:00
ORD000444,CUS000441,2026-03-29T20:56:00+07:00,completed,Can Tho,web,9762000.00,seed,2026-03-29T20:56:00+07:00,2026-03-31T12:56:00+07:00
ORD000445,CUS000438,2026-06-07T09:20:00+07:00,completed,Quang Ninh,mobile_app,11299000.00,seed,2026-06-07T09:20:00+07:00,2026-06-07T18:20:00+07:00
ORD000446,CUS000304,2026-05-22T19:22:00+07:00,completed,Ho Chi Minh City,web,21850500.00,seed,2026-05-22T19:22:00+07:00,2026-05-24T00:22:00+07:00
ORD000447,CUS000091,2026-05-23T16:04:00+07:00,completed,Nha Trang,web,21012000.00,seed,2026-05-23T16:04:00+07:00,2026-05-24T07:04:00+07:00
ORD000448,CUS000066,2026-04-04T14:21:00+07:00,completed,Ho Chi Minh City,mobile_app,1833500.00,seed,2026-04-04T14:21:00+07:00,2026-04-05T13:21:00+07:00
ORD000449,CUS000422,2026-05-12T19:59:00+07:00,completed,Nha Trang,social,5608000.00,seed,2026-05-12T19:59:00+07:00,2026-05-14T17:59:00+07:00
ORD000450,CUS000953,2026-06-08T21:15:00+07:00,completed,Da Nang,mobile_app,12608000.00,seed,2026-06-08T21:15:00+07:00,2026-06-10T17:15:00+07:00
ORD000451,CUS000300,2026-05-09T19:38:00+07:00,completed,Hanoi,web,15095500.00,seed,2026-05-09T19:38:00+07:00,2026-05-10T06:38:00+07:00
ORD000452,CUS000771,2026-03-12T11:56:00+07:00,completed,Da Nang,web,21066500.00,seed,2026-03-12T11:56:00+07:00,2026-03-14T02:56:00+07:00
ORD000453,CUS000324,2026-01-01T19:01:00+07:00,completed,Bac Ninh,mobile_app,11703000.00,seed,2026-01-01T19:01:00+07:00,2026-01-02T18:01:00+07:00
ORD000454,CUS000010,2026-03-13T17:57:00+07:00,completed,Hai Phong,mobile_app,27603500.00,seed,2026-03-13T17:57:00+07:00,2026-03-13T23:57:00+07:00
ORD000455,CUS000246,2026-04-03T14:22:00+07:00,completed,Hue,web,12849000.00,seed,2026-04-03T14:22:00+07:00,2026-04-03T17:22:00+07:00
ORD000456,CUS000822,2026-04-26T14:43:00+07:00,completed,Nha Trang,web,14507500.00,seed,2026-04-26T14:43:00+07:00,2026-04-26T17:43:00+07:00
ORD000457,CUS000017,2026-03-24T17:34:00+07:00,completed,Bac Ninh,mobile_app,30537000.00,seed,2026-03-24T17:34:00+07:00,2026-03-26T07:34:00+07:00
ORD000458,CUS000207,2026-04-13T08:10:00+07:00,completed,Nha Trang,mobile_app,17155500.00,seed,2026-04-13T08:10:00+07:00,2026-04-14T02:10:00+07:00
ORD000459,CUS000914,2026-03-04T15:01:00+07:00,completed,Bac Ninh,mobile_app,7921000.00,seed,2026-03-04T15:01:00+07:00,2026-03-05T11:01:00+07:00
ORD000460,CUS000164,2026-06-18T11:15:00+07:00,shipped,Quang Ninh,web,19904000.00,seed,2026-06-18T11:15:00+07:00,2026-06-18T20:15:00+07:00
ORD000461,CUS000820,2026-04-03T19:19:00+07:00,completed,Hanoi,mobile_app,8647500.00,seed,2026-04-03T19:19:00+07:00,2026-04-04T23:19:00+07:00
ORD000462,CUS000631,2026-03-05T18:03:00+07:00,completed,Bac Ninh,mobile_app,16647000.00,seed,2026-03-05T18:03:00+07:00,2026-03-06T07:03:00+07:00
ORD000463,CUS000483,2026-03-08T15:39:00+07:00,completed,Hanoi,social,6972500.00,seed,2026-03-08T15:39:00+07:00,2026-03-10T04:39:00+07:00
ORD000464,CUS000250,2026-02-01T11:45:00+07:00,completed,Ho Chi Minh City,mobile_app,12510000.00,seed,2026-02-01T11:45:00+07:00,2026-02-01T12:45:00+07:00
ORD000465,CUS000928,2026-01-03T11:57:00+07:00,completed,Bac Ninh,mobile_app,11619000.00,seed,2026-01-03T11:57:00+07:00,2026-01-04T07:57:00+07:00
ORD000466,CUS000235,2026-05-08T09:49:00+07:00,completed,Nha Trang,mobile_app,15545000.00,seed,2026-05-08T09:49:00+07:00,2026-05-10T02:49:00+07:00
ORD000467,CUS000544,2026-06-23T17:19:00+07:00,completed,Ho Chi Minh City,social,16183500.00,seed,2026-06-23T17:19:00+07:00,2026-06-24T10:19:00+07:00
ORD000468,CUS000536,2026-01-24T19:17:00+07:00,shipped,Da Nang,web,11435000.00,seed,2026-01-24T19:17:00+07:00,2026-01-26T17:17:00+07:00
ORD000469,CUS000877,2026-04-27T20:41:00+07:00,shipped,Ho Chi Minh City,web,11233000.00,seed,2026-04-27T20:41:00+07:00,2026-04-29T02:41:00+07:00
ORD000470,CUS000179,2026-04-10T15:46:00+07:00,completed,Quang Ninh,web,28882000.00,seed,2026-04-10T15:46:00+07:00,2026-04-11T18:46:00+07:00
ORD000471,CUS000806,2026-03-22T21:27:00+07:00,cancelled,Hue,mobile_app,12189000.00,seed,2026-03-22T21:27:00+07:00,2026-03-23T21:27:00+07:00
ORD000472,CUS000988,2026-04-16T09:52:00+07:00,completed,Can Tho,mobile_app,19424000.00,seed,2026-04-16T09:52:00+07:00,2026-04-16T23:52:00+07:00
ORD000473,CUS000846,2026-06-02T19:40:00+07:00,completed,Hue,mobile_app,7983000.00,seed,2026-06-02T19:40:00+07:00,2026-06-03T06:40:00+07:00
ORD000474,CUS000486,2026-01-08T12:16:00+07:00,completed,Hanoi,web,24655500.00,seed,2026-01-08T12:16:00+07:00,2026-01-09T02:16:00+07:00
ORD000475,CUS000793,2026-01-30T21:39:00+07:00,completed,Hanoi,web,4131000.00,seed,2026-01-30T21:39:00+07:00,2026-01-31T22:39:00+07:00
ORD000476,CUS000781,2026-05-13T09:05:00+07:00,shipped,Hue,web,19532500.00,seed,2026-05-13T09:05:00+07:00,2026-05-14T18:05:00+07:00
ORD000477,CUS000238,2026-04-23T22:56:00+07:00,pending,Hue,mobile_app,16289500.00,seed,2026-04-23T22:56:00+07:00,2026-04-25T07:56:00+07:00
ORD000478,CUS000325,2026-03-26T15:18:00+07:00,shipped,Ho Chi Minh City,mobile_app,14595500.00,seed,2026-03-26T15:18:00+07:00,2026-03-28T08:18:00+07:00
ORD000479,CUS000526,2026-05-25T11:55:00+07:00,completed,Hanoi,mobile_app,19920000.00,seed,2026-05-25T11:55:00+07:00,2026-05-27T11:55:00+07:00
ORD000480,CUS000547,2026-05-26T08:45:00+07:00,confirmed,Nha Trang,social,25087500.00,seed,2026-05-26T08:45:00+07:00,2026-05-27T20:45:00+07:00
ORD000481,CUS000453,2026-04-25T17:32:00+07:00,completed,Hue,web,3626000.00,seed,2026-04-25T17:32:00+07:00,2026-04-26T03:32:00+07:00
ORD000482,CUS000135,2026-01-30T08:45:00+07:00,completed,Hanoi,social,10158000.00,seed,2026-01-30T08:45:00+07:00,2026-01-30T18:45:00+07:00
ORD000483,CUS000581,2026-03-20T21:30:00+07:00,confirmed,Da Nang,web,29398500.00,seed,2026-03-20T21:30:00+07:00,2026-03-20T23:30:00+07:00
ORD000484,CUS000623,2026-06-13T16:46:00+07:00,completed,Quang Ninh,mobile_app,1256000.00,seed,2026-06-13T16:46:00+07:00,2026-06-14T06:46:00+07:00
ORD000485,CUS000765,2026-02-14T21:36:00+07:00,completed,Can Tho,mobile_app,4180000.00,seed,2026-02-14T21:36:00+07:00,2026-02-15T15:36:00+07:00
ORD000486,CUS000867,2026-06-13T17:07:00+07:00,completed,Vinh,web,16844000.00,seed,2026-06-13T17:07:00+07:00,2026-06-15T12:07:00+07:00
ORD000487,CUS000953,2026-03-14T09:06:00+07:00,shipped,Hue,web,3570000.00,seed,2026-03-14T09:06:00+07:00,2026-03-14T18:06:00+07:00
ORD000488,CUS000224,2026-01-25T20:12:00+07:00,shipped,Hanoi,mobile_app,4410000.00,seed,2026-01-25T20:12:00+07:00,2026-01-27T20:12:00+07:00
ORD000489,CUS000276,2026-01-05T12:28:00+07:00,completed,Hue,social,12886500.00,seed,2026-01-05T12:28:00+07:00,2026-01-05T19:28:00+07:00
ORD000490,CUS000415,2026-03-25T15:56:00+07:00,completed,Nha Trang,web,29884000.00,seed,2026-03-25T15:56:00+07:00,2026-03-26T16:56:00+07:00
ORD000491,CUS000835,2026-03-20T12:51:00+07:00,completed,Hue,web,20912500.00,seed,2026-03-20T12:51:00+07:00,2026-03-20T23:51:00+07:00
ORD000492,CUS000703,2026-04-12T11:49:00+07:00,completed,Can Tho,web,8880500.00,seed,2026-04-12T11:49:00+07:00,2026-04-12T20:49:00+07:00
ORD000493,CUS000988,2026-03-11T09:36:00+07:00,shipped,Hanoi,web,9505000.00,seed,2026-03-11T09:36:00+07:00,2026-03-13T00:36:00+07:00
ORD000494,CUS000133,2026-05-04T13:22:00+07:00,confirmed,Bac Ninh,social,14300000.00,seed,2026-05-04T13:22:00+07:00,2026-05-05T15:22:00+07:00
ORD000495,CUS000377,2026-01-20T18:33:00+07:00,completed,Bac Ninh,mobile_app,13599000.00,seed,2026-01-20T18:33:00+07:00,2026-01-22T07:33:00+07:00
ORD000496,CUS000493,2026-06-22T22:53:00+07:00,completed,Hai Phong,web,9339000.00,seed,2026-06-22T22:53:00+07:00,2026-06-24T17:53:00+07:00
ORD000497,CUS000528,2026-03-17T12:40:00+07:00,completed,Nha Trang,mobile_app,7183000.00,seed,2026-03-17T12:40:00+07:00,2026-03-19T09:40:00+07:00
ORD000498,CUS000306,2026-02-07T18:55:00+07:00,confirmed,Hanoi,mobile_app,15710000.00,seed,2026-02-07T18:55:00+07:00,2026-02-08T13:55:00+07:00
ORD000499,CUS000462,2026-05-09T21:46:00+07:00,shipped,Hai Phong,mobile_app,13800000.00,seed,2026-05-09T21:46:00+07:00,2026-05-11T05:46:00+07:00
ORD000500,CUS000963,2026-04-03T18:53:00+07:00,completed,Ho Chi Minh City,mobile_app,2992500.00,seed,2026-04-03T18:53:00+07:00,2026-04-04T06:53:00+07:00
ORD000501,CUS000591,2026-05-06T19:48:00+07:00,completed,Quang Ninh,web,7095500.00,seed,2026-05-06T19:48:00+07:00,2026-05-08T15:48:00+07:00
ORD000502,CUS000567,2026-02-11T15:30:00+07:00,completed,Hanoi,mobile_app,14814000.00,seed,2026-02-11T15:30:00+07:00,2026-02-12T05:30:00+07:00
ORD000503,CUS000206,2026-02-08T10:20:00+07:00,completed,Hue,web,37178000.00,seed,2026-02-08T10:20:00+07:00,2026-02-08T20:20:00+07:00
ORD000504,CUS000821,2026-06-19T13:36:00+07:00,completed,Can Tho,web,7446000.00,seed,2026-06-19T13:36:00+07:00,2026-06-20T11:36:00+07:00
ORD000505,CUS000551,2026-03-02T21:14:00+07:00,completed,Quang Ninh,mobile_app,14866000.00,seed,2026-03-02T21:14:00+07:00,2026-03-03T23:14:00+07:00
ORD000506,CUS000505,2026-05-29T19:05:00+07:00,completed,Can Tho,web,2125000.00,seed,2026-05-29T19:05:00+07:00,2026-05-30T09:05:00+07:00
ORD000507,CUS000143,2026-06-15T17:55:00+07:00,completed,Da Nang,web,4482000.00,seed,2026-06-15T17:55:00+07:00,2026-06-16T19:55:00+07:00
ORD000508,CUS000978,2026-04-23T09:50:00+07:00,confirmed,Ho Chi Minh City,mobile_app,1647000.00,seed,2026-04-23T09:50:00+07:00,2026-04-23T09:50:00+07:00
ORD000509,CUS000458,2026-01-03T12:29:00+07:00,completed,Bac Ninh,mobile_app,4217000.00,seed,2026-01-03T12:29:00+07:00,2026-01-05T02:29:00+07:00
ORD000510,CUS000618,2026-06-17T09:56:00+07:00,completed,Nha Trang,web,8237500.00,seed,2026-06-17T09:56:00+07:00,2026-06-17T22:56:00+07:00
ORD000511,CUS000407,2026-05-16T10:39:00+07:00,cancelled,Ho Chi Minh City,web,12214000.00,seed,2026-05-16T10:39:00+07:00,2026-05-18T07:39:00+07:00
ORD000512,CUS000131,2026-06-01T10:23:00+07:00,completed,Quang Ninh,mobile_app,25371000.00,seed,2026-06-01T10:23:00+07:00,2026-06-02T11:23:00+07:00
ORD000513,CUS000249,2026-06-14T20:02:00+07:00,completed,Hai Phong,mobile_app,8580000.00,seed,2026-06-14T20:02:00+07:00,2026-06-15T16:02:00+07:00
ORD000514,CUS000261,2026-02-16T13:51:00+07:00,completed,Quang Ninh,mobile_app,32271000.00,seed,2026-02-16T13:51:00+07:00,2026-02-17T22:51:00+07:00
ORD000515,CUS000526,2026-01-30T11:06:00+07:00,completed,Nha Trang,web,14225000.00,seed,2026-01-30T11:06:00+07:00,2026-01-31T02:06:00+07:00
ORD000516,CUS000217,2026-04-03T16:13:00+07:00,completed,Nha Trang,web,17418000.00,seed,2026-04-03T16:13:00+07:00,2026-04-05T01:13:00+07:00
ORD000517,CUS000007,2026-04-19T19:37:00+07:00,cancelled,Can Tho,web,34142000.00,seed,2026-04-19T19:37:00+07:00,2026-04-20T00:37:00+07:00
ORD000518,CUS000945,2026-01-23T18:30:00+07:00,completed,Bac Ninh,web,2835000.00,seed,2026-01-23T18:30:00+07:00,2026-01-25T18:30:00+07:00
ORD000519,CUS000579,2026-03-11T14:37:00+07:00,cancelled,Ho Chi Minh City,web,24768500.00,seed,2026-03-11T14:37:00+07:00,2026-03-12T05:37:00+07:00
ORD000520,CUS000576,2026-05-18T13:44:00+07:00,completed,Vinh,mobile_app,11650000.00,seed,2026-05-18T13:44:00+07:00,2026-05-18T20:44:00+07:00
ORD000521,CUS000630,2026-03-07T11:28:00+07:00,completed,Ho Chi Minh City,web,19743000.00,seed,2026-03-07T11:28:00+07:00,2026-03-08T00:28:00+07:00
ORD000522,CUS000133,2026-03-14T15:28:00+07:00,completed,Da Nang,web,2896500.00,seed,2026-03-14T15:28:00+07:00,2026-03-15T14:28:00+07:00
ORD000523,CUS000521,2026-06-25T13:54:00+07:00,cancelled,Nha Trang,web,23354000.00,seed,2026-06-25T13:54:00+07:00,2026-06-27T01:54:00+07:00
ORD000524,CUS000408,2026-01-22T20:59:00+07:00,completed,Bac Ninh,mobile_app,4960000.00,seed,2026-01-22T20:59:00+07:00,2026-01-24T02:59:00+07:00
ORD000525,CUS000673,2026-05-26T22:34:00+07:00,completed,Can Tho,web,6966000.00,seed,2026-05-26T22:34:00+07:00,2026-05-27T03:34:00+07:00
ORD000526,CUS000148,2026-05-06T16:19:00+07:00,completed,Hai Phong,web,8255500.00,seed,2026-05-06T16:19:00+07:00,2026-05-06T21:19:00+07:00
ORD000527,CUS000569,2026-05-23T20:54:00+07:00,completed,Hue,mobile_app,950000.00,seed,2026-05-23T20:54:00+07:00,2026-05-25T02:54:00+07:00
ORD000528,CUS000663,2026-02-25T21:42:00+07:00,completed,Hue,web,5475000.00,seed,2026-02-25T21:42:00+07:00,2026-02-27T14:42:00+07:00
ORD000529,CUS000610,2026-04-19T17:10:00+07:00,completed,Hue,mobile_app,17173500.00,seed,2026-04-19T17:10:00+07:00,2026-04-21T14:10:00+07:00
ORD000530,CUS000408,2026-01-10T10:45:00+07:00,completed,Da Nang,social,3190000.00,seed,2026-01-10T10:45:00+07:00,2026-01-11T15:45:00+07:00
ORD000531,CUS000713,2026-01-12T14:39:00+07:00,completed,Can Tho,web,7159000.00,seed,2026-01-12T14:39:00+07:00,2026-01-14T11:39:00+07:00
ORD000532,CUS000055,2026-02-16T13:47:00+07:00,completed,Bac Ninh,mobile_app,4550000.00,seed,2026-02-16T13:47:00+07:00,2026-02-17T13:47:00+07:00
ORD000533,CUS000336,2026-02-13T17:47:00+07:00,completed,Hanoi,mobile_app,15704500.00,seed,2026-02-13T17:47:00+07:00,2026-02-14T08:47:00+07:00
ORD000534,CUS000505,2026-03-17T20:49:00+07:00,completed,Quang Ninh,web,14374000.00,seed,2026-03-17T20:49:00+07:00,2026-03-18T23:49:00+07:00
ORD000535,CUS000760,2026-05-02T18:36:00+07:00,completed,Ho Chi Minh City,web,1380000.00,seed,2026-05-02T18:36:00+07:00,2026-05-03T05:36:00+07:00
ORD000536,CUS000319,2026-05-19T21:23:00+07:00,cancelled,Hue,mobile_app,9933000.00,seed,2026-05-19T21:23:00+07:00,2026-05-21T10:23:00+07:00
ORD000537,CUS000461,2026-06-12T21:49:00+07:00,shipped,Bac Ninh,social,8186500.00,seed,2026-06-12T21:49:00+07:00,2026-06-14T17:49:00+07:00
ORD000538,CUS000976,2026-04-01T13:38:00+07:00,cancelled,Vinh,social,28966000.00,seed,2026-04-01T13:38:00+07:00,2026-04-03T08:38:00+07:00
ORD000539,CUS000456,2026-01-08T19:19:00+07:00,completed,Vinh,mobile_app,9885000.00,seed,2026-01-08T19:19:00+07:00,2026-01-10T04:19:00+07:00
ORD000540,CUS000105,2026-02-05T10:30:00+07:00,shipped,Quang Ninh,mobile_app,5672500.00,seed,2026-02-05T10:30:00+07:00,2026-02-07T09:30:00+07:00
ORD000541,CUS000244,2026-01-07T08:19:00+07:00,completed,Bac Ninh,mobile_app,18428000.00,seed,2026-01-07T08:19:00+07:00,2026-01-07T14:19:00+07:00
ORD000542,CUS000757,2026-01-31T22:34:00+07:00,completed,Quang Ninh,web,14218000.00,seed,2026-01-31T22:34:00+07:00,2026-02-01T00:34:00+07:00
ORD000543,CUS000056,2026-02-17T15:17:00+07:00,cancelled,Hai Phong,web,31684000.00,seed,2026-02-17T15:17:00+07:00,2026-02-18T12:17:00+07:00
ORD000544,CUS000586,2026-05-05T16:25:00+07:00,completed,Hue,mobile_app,14802000.00,seed,2026-05-05T16:25:00+07:00,2026-05-06T19:25:00+07:00
ORD000545,CUS000066,2026-03-02T09:04:00+07:00,completed,Da Nang,web,20013500.00,seed,2026-03-02T09:04:00+07:00,2026-03-02T17:04:00+07:00
ORD000546,CUS000154,2026-03-09T13:32:00+07:00,completed,Quang Ninh,web,14505500.00,seed,2026-03-09T13:32:00+07:00,2026-03-10T00:32:00+07:00
ORD000547,CUS000979,2026-04-12T13:37:00+07:00,completed,Hai Phong,web,9806500.00,seed,2026-04-12T13:37:00+07:00,2026-04-13T07:37:00+07:00
ORD000548,CUS000035,2026-04-16T20:57:00+07:00,confirmed,Vinh,mobile_app,9040000.00,seed,2026-04-16T20:57:00+07:00,2026-04-18T18:57:00+07:00
ORD000549,CUS000966,2026-06-26T19:16:00+07:00,completed,Hai Phong,mobile_app,9625500.00,seed,2026-06-26T19:16:00+07:00,2026-06-27T10:16:00+07:00
ORD000550,CUS000862,2026-04-13T19:21:00+07:00,completed,Ho Chi Minh City,mobile_app,2399500.00,seed,2026-04-13T19:21:00+07:00,2026-04-14T01:21:00+07:00
ORD000551,CUS000878,2026-02-26T11:22:00+07:00,completed,Can Tho,mobile_app,17479000.00,seed,2026-02-26T11:22:00+07:00,2026-02-27T07:22:00+07:00
ORD000552,CUS000018,2026-03-25T20:01:00+07:00,completed,Hanoi,mobile_app,14418000.00,seed,2026-03-25T20:01:00+07:00,2026-03-26T13:01:00+07:00
ORD000553,CUS000069,2026-02-25T10:57:00+07:00,completed,Vinh,mobile_app,14047500.00,seed,2026-02-25T10:57:00+07:00,2026-02-25T19:57:00+07:00
ORD000554,CUS000257,2026-05-22T20:12:00+07:00,completed,Can Tho,mobile_app,7376000.00,seed,2026-05-22T20:12:00+07:00,2026-05-23T21:12:00+07:00
ORD000555,CUS000896,2026-06-19T20:56:00+07:00,completed,Ho Chi Minh City,web,7930000.00,seed,2026-06-19T20:56:00+07:00,2026-06-19T23:56:00+07:00
ORD000556,CUS000293,2026-05-03T21:57:00+07:00,completed,Da Nang,web,8447000.00,seed,2026-05-03T21:57:00+07:00,2026-05-05T01:57:00+07:00
ORD000557,CUS000858,2026-06-11T17:05:00+07:00,completed,Hai Phong,web,10878000.00,seed,2026-06-11T17:05:00+07:00,2026-06-12T12:05:00+07:00
ORD000558,CUS000833,2026-06-03T16:59:00+07:00,completed,Da Nang,web,18231000.00,seed,2026-06-03T16:59:00+07:00,2026-06-05T09:59:00+07:00
ORD000559,CUS000742,2026-06-07T18:09:00+07:00,completed,Quang Ninh,web,22810000.00,seed,2026-06-07T18:09:00+07:00,2026-06-08T02:09:00+07:00
ORD000560,CUS000785,2026-05-08T16:10:00+07:00,confirmed,Hanoi,mobile_app,7136500.00,seed,2026-05-08T16:10:00+07:00,2026-05-09T13:10:00+07:00
ORD000561,CUS000688,2026-01-13T19:01:00+07:00,completed,Hanoi,web,30361000.00,seed,2026-01-13T19:01:00+07:00,2026-01-14T02:01:00+07:00
ORD000562,CUS000155,2026-03-23T13:08:00+07:00,completed,Hue,social,5660000.00,seed,2026-03-23T13:08:00+07:00,2026-03-24T17:08:00+07:00
ORD000563,CUS000053,2026-02-09T12:45:00+07:00,completed,Hanoi,web,981000.00,seed,2026-02-09T12:45:00+07:00,2026-02-11T07:45:00+07:00
ORD000564,CUS000082,2026-04-13T15:49:00+07:00,completed,Quang Ninh,mobile_app,24258000.00,seed,2026-04-13T15:49:00+07:00,2026-04-15T00:49:00+07:00
ORD000565,CUS000511,2026-06-10T18:22:00+07:00,completed,Vinh,mobile_app,5462500.00,seed,2026-06-10T18:22:00+07:00,2026-06-11T23:22:00+07:00
ORD000566,CUS000302,2026-01-13T20:34:00+07:00,completed,Bac Ninh,web,5933000.00,seed,2026-01-13T20:34:00+07:00,2026-01-15T06:34:00+07:00
ORD000567,CUS000582,2026-01-27T08:09:00+07:00,completed,Quang Ninh,mobile_app,18323000.00,seed,2026-01-27T08:09:00+07:00,2026-01-28T13:09:00+07:00
ORD000568,CUS000702,2026-04-27T08:04:00+07:00,completed,Da Nang,mobile_app,6886500.00,seed,2026-04-27T08:04:00+07:00,2026-04-28T16:04:00+07:00
ORD000569,CUS000970,2026-03-03T09:43:00+07:00,completed,Vinh,web,10340000.00,seed,2026-03-03T09:43:00+07:00,2026-03-03T10:43:00+07:00
ORD000570,CUS000088,2026-03-24T20:14:00+07:00,completed,Da Nang,web,6441000.00,seed,2026-03-24T20:14:00+07:00,2026-03-26T11:14:00+07:00
ORD000571,CUS000637,2026-06-25T22:18:00+07:00,completed,Hue,web,22460500.00,seed,2026-06-25T22:18:00+07:00,2026-06-26T18:18:00+07:00
ORD000572,CUS000989,2026-01-02T10:37:00+07:00,completed,Quang Ninh,web,26829500.00,seed,2026-01-02T10:37:00+07:00,2026-01-04T06:37:00+07:00
ORD000573,CUS000388,2026-02-11T14:29:00+07:00,completed,Hai Phong,web,6498000.00,seed,2026-02-11T14:29:00+07:00,2026-02-11T21:29:00+07:00
ORD000574,CUS000833,2026-05-04T17:23:00+07:00,shipped,Da Nang,mobile_app,17616000.00,seed,2026-05-04T17:23:00+07:00,2026-05-05T12:23:00+07:00
ORD000575,CUS000099,2026-02-20T13:24:00+07:00,pending,Vinh,social,30334000.00,seed,2026-02-20T13:24:00+07:00,2026-02-20T19:24:00+07:00
ORD000576,CUS000848,2026-04-01T18:45:00+07:00,completed,Hanoi,web,21142000.00,seed,2026-04-01T18:45:00+07:00,2026-04-02T08:45:00+07:00
ORD000577,CUS000593,2026-03-26T20:07:00+07:00,completed,Vinh,mobile_app,20100000.00,seed,2026-03-26T20:07:00+07:00,2026-03-28T03:07:00+07:00
ORD000578,CUS000794,2026-03-12T18:45:00+07:00,cancelled,Bac Ninh,mobile_app,10746000.00,seed,2026-03-12T18:45:00+07:00,2026-03-14T18:45:00+07:00
ORD000579,CUS000785,2026-02-24T22:25:00+07:00,pending,Can Tho,mobile_app,7239000.00,seed,2026-02-24T22:25:00+07:00,2026-02-25T18:25:00+07:00
ORD000580,CUS000687,2026-02-02T16:01:00+07:00,completed,Hanoi,web,6344500.00,seed,2026-02-02T16:01:00+07:00,2026-02-03T09:01:00+07:00
ORD000581,CUS000909,2026-04-30T22:03:00+07:00,completed,Hue,mobile_app,4906000.00,seed,2026-04-30T22:03:00+07:00,2026-05-02T03:03:00+07:00
ORD000582,CUS000868,2026-03-06T19:37:00+07:00,cancelled,Hanoi,web,13930500.00,seed,2026-03-06T19:37:00+07:00,2026-03-08T07:37:00+07:00
ORD000583,CUS000993,2026-04-18T08:13:00+07:00,completed,Vinh,social,22539500.00,seed,2026-04-18T08:13:00+07:00,2026-04-18T14:13:00+07:00
ORD000584,CUS000041,2026-04-28T20:39:00+07:00,completed,Bac Ninh,mobile_app,6286500.00,seed,2026-04-28T20:39:00+07:00,2026-04-29T19:39:00+07:00
ORD000585,CUS000104,2026-03-06T08:52:00+07:00,completed,Hanoi,web,4520000.00,seed,2026-03-06T08:52:00+07:00,2026-03-07T08:52:00+07:00
ORD000586,CUS000532,2026-03-18T16:55:00+07:00,cancelled,Hai Phong,social,823500.00,seed,2026-03-18T16:55:00+07:00,2026-03-19T00:55:00+07:00
ORD000587,CUS000370,2026-06-04T13:03:00+07:00,cancelled,Quang Ninh,mobile_app,240000.00,seed,2026-06-04T13:03:00+07:00,2026-06-04T23:03:00+07:00
ORD000588,CUS000413,2026-03-13T19:17:00+07:00,confirmed,Nha Trang,web,23776000.00,seed,2026-03-13T19:17:00+07:00,2026-03-14T15:17:00+07:00
ORD000589,CUS000208,2026-01-14T15:58:00+07:00,completed,Hue,web,2062000.00,seed,2026-01-14T15:58:00+07:00,2026-01-15T23:58:00+07:00
ORD000590,CUS000886,2026-04-18T22:17:00+07:00,completed,Vinh,mobile_app,9420000.00,seed,2026-04-18T22:17:00+07:00,2026-04-20T16:17:00+07:00
ORD000591,CUS000368,2026-01-04T14:07:00+07:00,pending,Vinh,mobile_app,14161500.00,seed,2026-01-04T14:07:00+07:00,2026-01-05T02:07:00+07:00
ORD000592,CUS000841,2026-02-15T08:57:00+07:00,completed,Ho Chi Minh City,social,8660000.00,seed,2026-02-15T08:57:00+07:00,2026-02-15T17:57:00+07:00
ORD000593,CUS000362,2026-01-25T18:48:00+07:00,completed,Quang Ninh,web,9223500.00,seed,2026-01-25T18:48:00+07:00,2026-01-26T21:48:00+07:00
ORD000594,CUS000067,2026-05-25T17:55:00+07:00,shipped,Bac Ninh,web,7850000.00,seed,2026-05-25T17:55:00+07:00,2026-05-27T02:55:00+07:00
ORD000595,CUS000893,2026-06-17T10:26:00+07:00,completed,Da Nang,mobile_app,22737000.00,seed,2026-06-17T10:26:00+07:00,2026-06-19T04:26:00+07:00
ORD000596,CUS000936,2026-03-04T09:51:00+07:00,pending,Bac Ninh,web,14140000.00,seed,2026-03-04T09:51:00+07:00,2026-03-05T14:51:00+07:00
ORD000597,CUS000526,2026-04-01T20:36:00+07:00,completed,Hue,mobile_app,7380000.00,seed,2026-04-01T20:36:00+07:00,2026-04-02T17:36:00+07:00
ORD000598,CUS000256,2026-03-24T18:38:00+07:00,confirmed,Da Nang,mobile_app,4768500.00,seed,2026-03-24T18:38:00+07:00,2026-03-26T03:38:00+07:00
ORD000599,CUS000145,2026-02-16T19:55:00+07:00,completed,Bac Ninh,mobile_app,4012000.00,seed,2026-02-16T19:55:00+07:00,2026-02-17T05:55:00+07:00
ORD000600,CUS000593,2026-01-12T08:18:00+07:00,confirmed,Ho Chi Minh City,mobile_app,12530000.00,seed,2026-01-12T08:18:00+07:00,2026-01-14T01:18:00+07:00
ORD000601,CUS000891,2026-01-20T10:07:00+07:00,completed,Hanoi,mobile_app,6080000.00,seed,2026-01-20T10:07:00+07:00,2026-01-21T08:07:00+07:00
ORD000602,CUS000367,2026-05-20T22:02:00+07:00,completed,Da Nang,web,7622000.00,seed,2026-05-20T22:02:00+07:00,2026-05-22T02:02:00+07:00
ORD000603,CUS000865,2026-05-07T18:19:00+07:00,completed,Nha Trang,web,17071000.00,seed,2026-05-07T18:19:00+07:00,2026-05-09T04:19:00+07:00
ORD000604,CUS000374,2026-04-01T10:54:00+07:00,completed,Nha Trang,mobile_app,2940000.00,seed,2026-04-01T10:54:00+07:00,2026-04-02T02:54:00+07:00
ORD000605,CUS000874,2026-02-14T09:08:00+07:00,completed,Hai Phong,web,16337500.00,seed,2026-02-14T09:08:00+07:00,2026-02-14T22:08:00+07:00
ORD000606,CUS000625,2026-02-11T11:18:00+07:00,confirmed,Ho Chi Minh City,mobile_app,14711000.00,seed,2026-02-11T11:18:00+07:00,2026-02-11T23:18:00+07:00
ORD000607,CUS000698,2026-06-13T11:56:00+07:00,completed,Quang Ninh,web,19348000.00,seed,2026-06-13T11:56:00+07:00,2026-06-14T02:56:00+07:00
ORD000608,CUS000480,2026-05-17T21:48:00+07:00,confirmed,Vinh,web,24942000.00,seed,2026-05-17T21:48:00+07:00,2026-05-19T17:48:00+07:00
ORD000609,CUS000333,2026-05-20T18:46:00+07:00,completed,Quang Ninh,web,15055500.00,seed,2026-05-20T18:46:00+07:00,2026-05-20T21:46:00+07:00
ORD000610,CUS000726,2026-05-14T08:13:00+07:00,completed,Hai Phong,web,6453000.00,seed,2026-05-14T08:13:00+07:00,2026-05-15T23:13:00+07:00
ORD000611,CUS000617,2026-04-27T12:03:00+07:00,completed,Can Tho,web,15427500.00,seed,2026-04-27T12:03:00+07:00,2026-04-27T23:03:00+07:00
ORD000612,CUS000744,2026-03-05T16:21:00+07:00,completed,Da Nang,mobile_app,15595000.00,seed,2026-03-05T16:21:00+07:00,2026-03-06T12:21:00+07:00
ORD000613,CUS000759,2026-06-23T16:14:00+07:00,completed,Hanoi,mobile_app,7301500.00,seed,2026-06-23T16:14:00+07:00,2026-06-25T11:14:00+07:00
ORD000614,CUS000434,2026-05-12T22:19:00+07:00,completed,Nha Trang,mobile_app,4167000.00,seed,2026-05-12T22:19:00+07:00,2026-05-13T23:19:00+07:00
ORD000615,CUS000106,2026-01-07T19:49:00+07:00,shipped,Hue,web,19278500.00,seed,2026-01-07T19:49:00+07:00,2026-01-08T14:49:00+07:00
ORD000616,CUS000683,2026-01-03T15:25:00+07:00,completed,Hanoi,web,8790000.00,seed,2026-01-03T15:25:00+07:00,2026-01-04T08:25:00+07:00
ORD000617,CUS000920,2026-03-04T17:00:00+07:00,completed,Bac Ninh,web,26785000.00,seed,2026-03-04T17:00:00+07:00,2026-03-05T11:00:00+07:00
ORD000618,CUS000492,2026-05-21T18:29:00+07:00,completed,Vinh,mobile_app,6748500.00,seed,2026-05-21T18:29:00+07:00,2026-05-23T08:29:00+07:00
ORD000619,CUS000348,2026-01-04T15:02:00+07:00,completed,Hue,web,4210000.00,seed,2026-01-04T15:02:00+07:00,2026-01-04T15:02:00+07:00
ORD000620,CUS000885,2026-03-21T10:14:00+07:00,completed,Hanoi,web,8338500.00,seed,2026-03-21T10:14:00+07:00,2026-03-21T14:14:00+07:00
ORD000621,CUS000764,2026-02-13T10:00:00+07:00,completed,Hai Phong,web,23999000.00,seed,2026-02-13T10:00:00+07:00,2026-02-14T04:00:00+07:00
ORD000622,CUS000184,2026-02-15T18:42:00+07:00,shipped,Ho Chi Minh City,mobile_app,29795500.00,seed,2026-02-15T18:42:00+07:00,2026-02-16T22:42:00+07:00
ORD000623,CUS000577,2026-01-06T20:18:00+07:00,cancelled,Bac Ninh,mobile_app,5346000.00,seed,2026-01-06T20:18:00+07:00,2026-01-07T23:18:00+07:00
ORD000624,CUS000242,2026-06-10T10:56:00+07:00,shipped,Hanoi,mobile_app,6612500.00,seed,2026-06-10T10:56:00+07:00,2026-06-12T05:56:00+07:00
ORD000625,CUS000596,2026-05-17T19:13:00+07:00,completed,Quang Ninh,web,14056000.00,seed,2026-05-17T19:13:00+07:00,2026-05-18T16:13:00+07:00
ORD000626,CUS000543,2026-04-03T11:19:00+07:00,completed,Quang Ninh,social,29680000.00,seed,2026-04-03T11:19:00+07:00,2026-04-05T06:19:00+07:00
ORD000627,CUS000089,2026-01-27T11:11:00+07:00,completed,Hanoi,web,15640000.00,seed,2026-01-27T11:11:00+07:00,2026-01-29T03:11:00+07:00
ORD000628,CUS000488,2026-03-23T21:53:00+07:00,completed,Nha Trang,web,1460000.00,seed,2026-03-23T21:53:00+07:00,2026-03-24T00:53:00+07:00
ORD000629,CUS000819,2026-01-06T17:41:00+07:00,completed,Da Nang,mobile_app,10044500.00,seed,2026-01-06T17:41:00+07:00,2026-01-07T03:41:00+07:00
ORD000630,CUS000639,2026-02-17T14:36:00+07:00,completed,Can Tho,mobile_app,2305000.00,seed,2026-02-17T14:36:00+07:00,2026-02-17T15:36:00+07:00
ORD000631,CUS000844,2026-01-15T22:39:00+07:00,completed,Ho Chi Minh City,web,10467000.00,seed,2026-01-15T22:39:00+07:00,2026-01-16T08:39:00+07:00
ORD000632,CUS000714,2026-04-13T08:11:00+07:00,completed,Vinh,web,11830000.00,seed,2026-04-13T08:11:00+07:00,2026-04-13T22:11:00+07:00
ORD000633,CUS000870,2026-06-06T09:45:00+07:00,pending,Hue,web,4303500.00,seed,2026-06-06T09:45:00+07:00,2026-06-06T14:45:00+07:00
ORD000634,CUS000714,2026-05-11T09:54:00+07:00,completed,Ho Chi Minh City,mobile_app,18125000.00,seed,2026-05-11T09:54:00+07:00,2026-05-13T09:54:00+07:00
ORD000635,CUS000224,2026-05-30T15:08:00+07:00,completed,Da Nang,mobile_app,9090000.00,seed,2026-05-30T15:08:00+07:00,2026-05-31T14:08:00+07:00
ORD000636,CUS000599,2026-06-26T17:15:00+07:00,completed,Ho Chi Minh City,web,33903500.00,seed,2026-06-26T17:15:00+07:00,2026-06-27T23:15:00+07:00
ORD000637,CUS000810,2026-04-15T11:14:00+07:00,shipped,Can Tho,social,21738000.00,seed,2026-04-15T11:14:00+07:00,2026-04-17T08:14:00+07:00
ORD000638,CUS000957,2026-06-18T19:11:00+07:00,completed,Nha Trang,mobile_app,28605000.00,seed,2026-06-18T19:11:00+07:00,2026-06-20T07:11:00+07:00
ORD000639,CUS000292,2026-03-24T08:21:00+07:00,completed,Hue,mobile_app,16402000.00,seed,2026-03-24T08:21:00+07:00,2026-03-25T15:21:00+07:00
ORD000640,CUS000424,2026-05-27T08:52:00+07:00,completed,Hai Phong,mobile_app,10075000.00,seed,2026-05-27T08:52:00+07:00,2026-05-29T07:52:00+07:00
ORD000641,CUS000365,2026-01-09T22:06:00+07:00,completed,Quang Ninh,mobile_app,17943500.00,seed,2026-01-09T22:06:00+07:00,2026-01-10T09:06:00+07:00
ORD000642,CUS000873,2026-04-01T09:00:00+07:00,completed,Vinh,web,26037000.00,seed,2026-04-01T09:00:00+07:00,2026-04-03T04:00:00+07:00
ORD000643,CUS000339,2026-01-13T20:17:00+07:00,completed,Vinh,web,18495000.00,seed,2026-01-13T20:17:00+07:00,2026-01-14T22:17:00+07:00
ORD000644,CUS000351,2026-06-26T11:33:00+07:00,confirmed,Nha Trang,mobile_app,15427500.00,seed,2026-06-26T11:33:00+07:00,2026-06-26T21:33:00+07:00
ORD000645,CUS000042,2026-06-04T08:43:00+07:00,completed,Da Nang,web,25150000.00,seed,2026-06-04T08:43:00+07:00,2026-06-04T16:43:00+07:00
ORD000646,CUS000733,2026-02-26T20:25:00+07:00,completed,Nha Trang,web,14959000.00,seed,2026-02-26T20:25:00+07:00,2026-02-27T04:25:00+07:00
ORD000647,CUS000377,2026-02-23T12:24:00+07:00,completed,Vinh,mobile_app,10009000.00,seed,2026-02-23T12:24:00+07:00,2026-02-25T05:24:00+07:00
ORD000648,CUS000513,2026-03-10T10:05:00+07:00,completed,Da Nang,mobile_app,21391000.00,seed,2026-03-10T10:05:00+07:00,2026-03-11T03:05:00+07:00
ORD000649,CUS000946,2026-06-29T08:46:00+07:00,completed,Can Tho,web,2204000.00,seed,2026-06-29T08:46:00+07:00,2026-06-29T22:46:00+07:00
ORD000650,CUS000474,2026-06-10T17:52:00+07:00,completed,Quang Ninh,mobile_app,31967500.00,seed,2026-06-10T17:52:00+07:00,2026-06-12T06:52:00+07:00
ORD000651,CUS000039,2026-04-07T11:10:00+07:00,pending,Da Nang,web,10782000.00,seed,2026-04-07T11:10:00+07:00,2026-04-07T14:10:00+07:00
ORD000652,CUS000901,2026-03-11T08:30:00+07:00,cancelled,Hai Phong,social,27013000.00,seed,2026-03-11T08:30:00+07:00,2026-03-12T22:30:00+07:00
ORD000653,CUS000891,2026-03-27T21:46:00+07:00,completed,Nha Trang,web,11664000.00,seed,2026-03-27T21:46:00+07:00,2026-03-28T14:46:00+07:00
ORD000654,CUS000184,2026-04-27T17:35:00+07:00,completed,Quang Ninh,web,23603000.00,seed,2026-04-27T17:35:00+07:00,2026-04-28T14:35:00+07:00
ORD000655,CUS000196,2026-04-16T09:57:00+07:00,completed,Hue,web,21432000.00,seed,2026-04-16T09:57:00+07:00,2026-04-16T09:57:00+07:00
ORD000656,CUS000726,2026-03-17T20:03:00+07:00,completed,Vinh,web,4858500.00,seed,2026-03-17T20:03:00+07:00,2026-03-19T14:03:00+07:00
ORD000657,CUS000017,2026-03-25T22:03:00+07:00,confirmed,Da Nang,mobile_app,9426000.00,seed,2026-03-25T22:03:00+07:00,2026-03-26T06:03:00+07:00
ORD000658,CUS000188,2026-05-30T08:04:00+07:00,completed,Can Tho,social,27442000.00,seed,2026-05-30T08:04:00+07:00,2026-06-01T06:04:00+07:00
ORD000659,CUS001000,2026-06-07T22:10:00+07:00,completed,Can Tho,web,5909000.00,seed,2026-06-07T22:10:00+07:00,2026-06-08T15:10:00+07:00
ORD000660,CUS000355,2026-03-05T12:13:00+07:00,completed,Hue,web,21106500.00,seed,2026-03-05T12:13:00+07:00,2026-03-05T17:13:00+07:00
ORD000661,CUS000575,2026-03-04T11:11:00+07:00,completed,Hanoi,mobile_app,15593500.00,seed,2026-03-04T11:11:00+07:00,2026-03-06T09:11:00+07:00
ORD000662,CUS000375,2026-03-06T16:12:00+07:00,shipped,Nha Trang,mobile_app,17881000.00,seed,2026-03-06T16:12:00+07:00,2026-03-07T00:12:00+07:00
ORD000663,CUS000104,2026-06-13T20:41:00+07:00,shipped,Hai Phong,mobile_app,27996000.00,seed,2026-06-13T20:41:00+07:00,2026-06-15T15:41:00+07:00
ORD000664,CUS000730,2026-06-14T10:57:00+07:00,completed,Vinh,web,18140500.00,seed,2026-06-14T10:57:00+07:00,2026-06-16T02:57:00+07:00
ORD000665,CUS000596,2026-05-17T21:37:00+07:00,completed,Hue,social,18943000.00,seed,2026-05-17T21:37:00+07:00,2026-05-19T12:37:00+07:00
ORD000666,CUS000598,2026-01-03T18:06:00+07:00,cancelled,Da Nang,web,6704000.00,seed,2026-01-03T18:06:00+07:00,2026-01-04T12:06:00+07:00
ORD000667,CUS000963,2026-01-16T21:26:00+07:00,completed,Can Tho,web,13763000.00,seed,2026-01-16T21:26:00+07:00,2026-01-17T02:26:00+07:00
ORD000668,CUS000770,2026-02-14T13:27:00+07:00,completed,Hanoi,mobile_app,14230000.00,seed,2026-02-14T13:27:00+07:00,2026-02-16T00:27:00+07:00
ORD000669,CUS000754,2026-06-25T10:20:00+07:00,completed,Vinh,mobile_app,10218000.00,seed,2026-06-25T10:20:00+07:00,2026-06-25T21:20:00+07:00
ORD000670,CUS000923,2026-04-10T10:25:00+07:00,completed,Hai Phong,web,11046000.00,seed,2026-04-10T10:25:00+07:00,2026-04-12T09:25:00+07:00
ORD000671,CUS000883,2026-01-05T18:58:00+07:00,completed,Hue,web,4815500.00,seed,2026-01-05T18:58:00+07:00,2026-01-07T02:58:00+07:00
ORD000672,CUS000989,2026-06-28T13:49:00+07:00,pending,Quang Ninh,web,7882000.00,seed,2026-06-28T13:49:00+07:00,2026-06-29T01:49:00+07:00
ORD000673,CUS000235,2026-02-24T16:24:00+07:00,completed,Can Tho,web,7410000.00,seed,2026-02-24T16:24:00+07:00,2026-02-25T06:24:00+07:00
ORD000674,CUS000089,2026-03-24T22:24:00+07:00,completed,Hai Phong,mobile_app,11080000.00,seed,2026-03-24T22:24:00+07:00,2026-03-25T14:24:00+07:00
ORD000675,CUS000061,2026-04-25T20:39:00+07:00,completed,Hanoi,social,7065000.00,seed,2026-04-25T20:39:00+07:00,2026-04-26T07:39:00+07:00
ORD000676,CUS000094,2026-03-15T10:52:00+07:00,completed,Quang Ninh,mobile_app,4280000.00,seed,2026-03-15T10:52:00+07:00,2026-03-16T00:52:00+07:00
ORD000677,CUS000161,2026-04-16T09:13:00+07:00,cancelled,Hanoi,mobile_app,2489000.00,seed,2026-04-16T09:13:00+07:00,2026-04-16T18:13:00+07:00
ORD000678,CUS000362,2026-01-16T14:47:00+07:00,completed,Hai Phong,mobile_app,6507000.00,seed,2026-01-16T14:47:00+07:00,2026-01-16T20:47:00+07:00
ORD000679,CUS000870,2026-01-17T17:26:00+07:00,completed,Vinh,web,32968500.00,seed,2026-01-17T17:26:00+07:00,2026-01-18T18:26:00+07:00
ORD000680,CUS000242,2026-06-11T13:12:00+07:00,completed,Da Nang,social,3978000.00,seed,2026-06-11T13:12:00+07:00,2026-06-13T01:12:00+07:00
ORD000681,CUS000312,2026-03-26T22:31:00+07:00,shipped,Nha Trang,web,6788500.00,seed,2026-03-26T22:31:00+07:00,2026-03-28T11:31:00+07:00
ORD000682,CUS000521,2026-03-15T18:30:00+07:00,completed,Quang Ninh,mobile_app,33828000.00,seed,2026-03-15T18:30:00+07:00,2026-03-16T02:30:00+07:00
ORD000683,CUS000909,2026-04-24T10:33:00+07:00,cancelled,Hue,web,8898000.00,seed,2026-04-24T10:33:00+07:00,2026-04-26T08:33:00+07:00
ORD000684,CUS000608,2026-01-28T20:48:00+07:00,completed,Vinh,web,18430500.00,seed,2026-01-28T20:48:00+07:00,2026-01-30T03:48:00+07:00
ORD000685,CUS000111,2026-04-09T18:00:00+07:00,completed,Bac Ninh,mobile_app,3408500.00,seed,2026-04-09T18:00:00+07:00,2026-04-10T11:00:00+07:00
ORD000686,CUS000572,2026-04-04T15:38:00+07:00,cancelled,Can Tho,web,1858000.00,seed,2026-04-04T15:38:00+07:00,2026-04-05T04:38:00+07:00
ORD000687,CUS000804,2026-03-24T22:23:00+07:00,completed,Hue,mobile_app,21324000.00,seed,2026-03-24T22:23:00+07:00,2026-03-26T22:23:00+07:00
ORD000688,CUS000826,2026-02-27T18:25:00+07:00,confirmed,Can Tho,mobile_app,14666000.00,seed,2026-02-27T18:25:00+07:00,2026-03-01T00:25:00+07:00
ORD000689,CUS000935,2026-05-06T10:59:00+07:00,completed,Hanoi,web,980000.00,seed,2026-05-06T10:59:00+07:00,2026-05-06T19:59:00+07:00
ORD000690,CUS000718,2026-02-05T19:01:00+07:00,completed,Da Nang,mobile_app,34580000.00,seed,2026-02-05T19:01:00+07:00,2026-02-05T22:01:00+07:00
ORD000691,CUS000767,2026-03-15T08:24:00+07:00,completed,Vinh,mobile_app,12985500.00,seed,2026-03-15T08:24:00+07:00,2026-03-16T17:24:00+07:00
ORD000692,CUS000859,2026-01-17T18:34:00+07:00,completed,Hue,mobile_app,8822500.00,seed,2026-01-17T18:34:00+07:00,2026-01-19T01:34:00+07:00
ORD000693,CUS000695,2026-04-08T08:37:00+07:00,shipped,Hai Phong,mobile_app,11152500.00,seed,2026-04-08T08:37:00+07:00,2026-04-08T09:37:00+07:00
ORD000694,CUS000644,2026-06-25T22:00:00+07:00,completed,Bac Ninh,web,6536500.00,seed,2026-06-25T22:00:00+07:00,2026-06-27T21:00:00+07:00
ORD000695,CUS000676,2026-04-03T14:52:00+07:00,completed,Nha Trang,web,8975000.00,seed,2026-04-03T14:52:00+07:00,2026-04-04T04:52:00+07:00
ORD000696,CUS000037,2026-03-08T08:27:00+07:00,completed,Ho Chi Minh City,social,9782000.00,seed,2026-03-08T08:27:00+07:00,2026-03-10T03:27:00+07:00
ORD000697,CUS000119,2026-02-03T16:57:00+07:00,completed,Ho Chi Minh City,web,22402000.00,seed,2026-02-03T16:57:00+07:00,2026-02-05T12:57:00+07:00
ORD000698,CUS000406,2026-02-14T18:44:00+07:00,completed,Da Nang,web,12351000.00,seed,2026-02-14T18:44:00+07:00,2026-02-15T02:44:00+07:00
ORD000699,CUS000776,2026-05-10T16:30:00+07:00,shipped,Quang Ninh,mobile_app,4424000.00,seed,2026-05-10T16:30:00+07:00,2026-05-12T11:30:00+07:00
ORD000700,CUS000193,2026-03-16T16:46:00+07:00,completed,Bac Ninh,web,10787000.00,seed,2026-03-16T16:46:00+07:00,2026-03-18T09:46:00+07:00
ORD000701,CUS000181,2026-04-08T15:03:00+07:00,completed,Bac Ninh,web,13579000.00,seed,2026-04-08T15:03:00+07:00,2026-04-09T20:03:00+07:00
ORD000702,CUS000069,2026-04-26T20:16:00+07:00,completed,Da Nang,mobile_app,4383000.00,seed,2026-04-26T20:16:00+07:00,2026-04-26T22:16:00+07:00
ORD000703,CUS000855,2026-04-21T18:56:00+07:00,completed,Vinh,web,3687500.00,seed,2026-04-21T18:56:00+07:00,2026-04-22T03:56:00+07:00
ORD000704,CUS000367,2026-02-20T12:06:00+07:00,completed,Quang Ninh,web,26910000.00,seed,2026-02-20T12:06:00+07:00,2026-02-22T09:06:00+07:00
ORD000705,CUS000007,2026-03-31T11:33:00+07:00,shipped,Quang Ninh,mobile_app,15468000.00,seed,2026-03-31T11:33:00+07:00,2026-03-31T22:33:00+07:00
ORD000706,CUS000206,2026-06-06T22:32:00+07:00,completed,Hue,mobile_app,11730000.00,seed,2026-06-06T22:32:00+07:00,2026-06-07T04:32:00+07:00
ORD000707,CUS000828,2026-02-22T19:55:00+07:00,completed,Quang Ninh,mobile_app,9299000.00,seed,2026-02-22T19:55:00+07:00,2026-02-22T21:55:00+07:00
ORD000708,CUS000808,2026-06-13T09:04:00+07:00,completed,Ho Chi Minh City,web,4522000.00,seed,2026-06-13T09:04:00+07:00,2026-06-15T08:04:00+07:00
ORD000709,CUS000534,2026-03-29T12:43:00+07:00,completed,Ho Chi Minh City,web,13556000.00,seed,2026-03-29T12:43:00+07:00,2026-03-29T12:43:00+07:00
ORD000710,CUS000621,2026-06-21T14:48:00+07:00,completed,Nha Trang,mobile_app,16982000.00,seed,2026-06-21T14:48:00+07:00,2026-06-22T12:48:00+07:00
ORD000711,CUS000090,2026-04-26T20:24:00+07:00,completed,Quang Ninh,web,12151500.00,seed,2026-04-26T20:24:00+07:00,2026-04-26T20:24:00+07:00
ORD000712,CUS000723,2026-02-26T16:46:00+07:00,completed,Ho Chi Minh City,web,35535000.00,seed,2026-02-26T16:46:00+07:00,2026-02-27T03:46:00+07:00
ORD000713,CUS000325,2026-02-16T09:31:00+07:00,completed,Hue,web,15294000.00,seed,2026-02-16T09:31:00+07:00,2026-02-18T04:31:00+07:00
ORD000714,CUS000578,2026-02-26T20:42:00+07:00,completed,Vinh,mobile_app,11658500.00,seed,2026-02-26T20:42:00+07:00,2026-02-28T02:42:00+07:00
ORD000715,CUS000988,2026-05-20T16:30:00+07:00,completed,Hai Phong,web,4914000.00,seed,2026-05-20T16:30:00+07:00,2026-05-22T00:30:00+07:00
ORD000716,CUS000621,2026-03-29T18:19:00+07:00,completed,Hanoi,social,20514000.00,seed,2026-03-29T18:19:00+07:00,2026-03-30T01:19:00+07:00
ORD000717,CUS000424,2026-05-20T22:02:00+07:00,completed,Hai Phong,mobile_app,7635000.00,seed,2026-05-20T22:02:00+07:00,2026-05-21T03:02:00+07:00
ORD000718,CUS000198,2026-05-30T13:20:00+07:00,completed,Nha Trang,social,14696500.00,seed,2026-05-30T13:20:00+07:00,2026-05-30T15:20:00+07:00
ORD000719,CUS000506,2026-06-06T09:55:00+07:00,completed,Nha Trang,web,15924500.00,seed,2026-06-06T09:55:00+07:00,2026-06-07T04:55:00+07:00
ORD000720,CUS000619,2026-03-28T21:27:00+07:00,completed,Ho Chi Minh City,web,3150000.00,seed,2026-03-28T21:27:00+07:00,2026-03-30T07:27:00+07:00
ORD000721,CUS000513,2026-06-23T17:29:00+07:00,completed,Hue,social,38061500.00,seed,2026-06-23T17:29:00+07:00,2026-06-25T01:29:00+07:00
ORD000722,CUS000121,2026-02-03T17:51:00+07:00,completed,Vinh,mobile_app,3204500.00,seed,2026-02-03T17:51:00+07:00,2026-02-05T17:51:00+07:00
ORD000723,CUS000347,2026-05-27T14:28:00+07:00,cancelled,Hai Phong,web,22603500.00,seed,2026-05-27T14:28:00+07:00,2026-05-27T19:28:00+07:00
ORD000724,CUS000494,2026-05-07T11:26:00+07:00,completed,Can Tho,web,10053500.00,seed,2026-05-07T11:26:00+07:00,2026-05-08T06:26:00+07:00
ORD000725,CUS000860,2026-06-17T09:21:00+07:00,completed,Can Tho,social,15600000.00,seed,2026-06-17T09:21:00+07:00,2026-06-17T12:21:00+07:00
ORD000726,CUS000023,2026-06-18T11:37:00+07:00,completed,Vinh,mobile_app,8814000.00,seed,2026-06-18T11:37:00+07:00,2026-06-19T18:37:00+07:00
ORD000727,CUS000860,2026-06-04T13:09:00+07:00,completed,Can Tho,mobile_app,15561500.00,seed,2026-06-04T13:09:00+07:00,2026-06-06T00:09:00+07:00
ORD000728,CUS000758,2026-04-08T12:06:00+07:00,completed,Hai Phong,social,17423000.00,seed,2026-04-08T12:06:00+07:00,2026-04-09T04:06:00+07:00
ORD000729,CUS000119,2026-06-11T20:17:00+07:00,completed,Da Nang,web,15395000.00,seed,2026-06-11T20:17:00+07:00,2026-06-12T22:17:00+07:00
ORD000730,CUS000621,2026-02-09T21:25:00+07:00,completed,Bac Ninh,mobile_app,10263500.00,seed,2026-02-09T21:25:00+07:00,2026-02-11T00:25:00+07:00
ORD000731,CUS000285,2026-02-25T08:44:00+07:00,completed,Vinh,web,5220000.00,seed,2026-02-25T08:44:00+07:00,2026-02-26T20:44:00+07:00
ORD000732,CUS000126,2026-03-24T22:09:00+07:00,cancelled,Quang Ninh,mobile_app,9917000.00,seed,2026-03-24T22:09:00+07:00,2026-03-25T16:09:00+07:00
ORD000733,CUS000106,2026-01-09T22:51:00+07:00,completed,Hanoi,social,30325000.00,seed,2026-01-09T22:51:00+07:00,2026-01-11T05:51:00+07:00
ORD000734,CUS000940,2026-06-08T13:33:00+07:00,completed,Bac Ninh,mobile_app,8835000.00,seed,2026-06-08T13:33:00+07:00,2026-06-09T03:33:00+07:00
ORD000735,CUS000830,2026-04-21T20:19:00+07:00,completed,Hue,web,26979500.00,seed,2026-04-21T20:19:00+07:00,2026-04-22T14:19:00+07:00
ORD000736,CUS000647,2026-02-12T22:57:00+07:00,pending,Hai Phong,mobile_app,18499000.00,seed,2026-02-12T22:57:00+07:00,2026-02-14T16:57:00+07:00
ORD000737,CUS000942,2026-01-09T11:21:00+07:00,completed,Nha Trang,social,14424500.00,seed,2026-01-09T11:21:00+07:00,2026-01-10T18:21:00+07:00
ORD000738,CUS000591,2026-02-02T12:09:00+07:00,completed,Quang Ninh,web,14281500.00,seed,2026-02-02T12:09:00+07:00,2026-02-04T06:09:00+07:00
ORD000739,CUS000644,2026-01-18T17:50:00+07:00,shipped,Hanoi,mobile_app,43258500.00,seed,2026-01-18T17:50:00+07:00,2026-01-19T18:50:00+07:00
ORD000740,CUS000620,2026-05-18T08:44:00+07:00,shipped,Bac Ninh,mobile_app,10501000.00,seed,2026-05-18T08:44:00+07:00,2026-05-20T04:44:00+07:00
ORD000741,CUS000538,2026-03-13T20:57:00+07:00,completed,Da Nang,mobile_app,22322000.00,seed,2026-03-13T20:57:00+07:00,2026-03-13T21:57:00+07:00
ORD000742,CUS000414,2026-01-09T14:41:00+07:00,completed,Quang Ninh,web,1440000.00,seed,2026-01-09T14:41:00+07:00,2026-01-10T10:41:00+07:00
ORD000743,CUS000984,2026-05-30T10:34:00+07:00,completed,Hanoi,mobile_app,24540000.00,seed,2026-05-30T10:34:00+07:00,2026-06-01T06:34:00+07:00
ORD000744,CUS000565,2026-06-09T21:58:00+07:00,cancelled,Quang Ninh,mobile_app,12297000.00,seed,2026-06-09T21:58:00+07:00,2026-06-11T05:58:00+07:00
ORD000745,CUS000263,2026-05-08T17:33:00+07:00,completed,Vinh,mobile_app,2390000.00,seed,2026-05-08T17:33:00+07:00,2026-05-09T07:33:00+07:00
ORD000746,CUS000672,2026-05-27T08:06:00+07:00,completed,Bac Ninh,web,6562000.00,seed,2026-05-27T08:06:00+07:00,2026-05-27T21:06:00+07:00
ORD000747,CUS000910,2026-04-14T19:21:00+07:00,completed,Bac Ninh,mobile_app,13000000.00,seed,2026-04-14T19:21:00+07:00,2026-04-16T05:21:00+07:00
ORD000748,CUS000642,2026-06-04T09:53:00+07:00,completed,Ho Chi Minh City,social,10759000.00,seed,2026-06-04T09:53:00+07:00,2026-06-06T09:53:00+07:00
ORD000749,CUS000034,2026-01-08T08:52:00+07:00,pending,Ho Chi Minh City,web,16003000.00,seed,2026-01-08T08:52:00+07:00,2026-01-09T04:52:00+07:00
ORD000750,CUS000260,2026-06-07T16:02:00+07:00,completed,Nha Trang,web,3204500.00,seed,2026-06-07T16:02:00+07:00,2026-06-08T20:02:00+07:00
ORD000751,CUS000575,2026-05-06T12:45:00+07:00,completed,Nha Trang,web,12750500.00,seed,2026-05-06T12:45:00+07:00,2026-05-08T01:45:00+07:00
ORD000752,CUS000688,2026-04-26T22:49:00+07:00,cancelled,Hai Phong,web,17210000.00,seed,2026-04-26T22:49:00+07:00,2026-04-27T01:49:00+07:00
ORD000753,CUS000024,2026-06-17T15:29:00+07:00,completed,Ho Chi Minh City,mobile_app,22985000.00,seed,2026-06-17T15:29:00+07:00,2026-06-18T21:29:00+07:00
ORD000754,CUS000585,2026-01-31T08:34:00+07:00,completed,Vinh,web,13357000.00,seed,2026-01-31T08:34:00+07:00,2026-02-01T11:34:00+07:00
ORD000755,CUS000581,2026-06-14T19:55:00+07:00,completed,Can Tho,mobile_app,5035500.00,seed,2026-06-14T19:55:00+07:00,2026-06-16T00:55:00+07:00
ORD000756,CUS000662,2026-05-29T17:34:00+07:00,completed,Can Tho,mobile_app,5499500.00,seed,2026-05-29T17:34:00+07:00,2026-05-29T23:34:00+07:00
ORD000757,CUS000576,2026-04-06T13:34:00+07:00,completed,Hue,web,460000.00,seed,2026-04-06T13:34:00+07:00,2026-04-06T21:34:00+07:00
ORD000758,CUS000276,2026-01-02T14:09:00+07:00,completed,Hanoi,web,19771500.00,seed,2026-01-02T14:09:00+07:00,2026-01-04T05:09:00+07:00
ORD000759,CUS000396,2026-06-03T12:20:00+07:00,confirmed,Hanoi,mobile_app,5310000.00,seed,2026-06-03T12:20:00+07:00,2026-06-04T14:20:00+07:00
ORD000760,CUS000200,2026-01-10T12:04:00+07:00,completed,Hanoi,mobile_app,2310000.00,seed,2026-01-10T12:04:00+07:00,2026-01-10T19:04:00+07:00
ORD000761,CUS000970,2026-06-24T14:34:00+07:00,completed,Vinh,social,2451000.00,seed,2026-06-24T14:34:00+07:00,2026-06-26T12:34:00+07:00
ORD000762,CUS000663,2026-05-12T10:44:00+07:00,shipped,Vinh,web,36891500.00,seed,2026-05-12T10:44:00+07:00,2026-05-13T18:44:00+07:00
ORD000763,CUS000429,2026-05-19T19:30:00+07:00,pending,Bac Ninh,social,13408000.00,seed,2026-05-19T19:30:00+07:00,2026-05-20T21:30:00+07:00
ORD000764,CUS000161,2026-02-18T21:26:00+07:00,completed,Ho Chi Minh City,web,8371000.00,seed,2026-02-18T21:26:00+07:00,2026-02-19T23:26:00+07:00
ORD000765,CUS000921,2026-06-16T15:48:00+07:00,shipped,Vinh,web,6669000.00,seed,2026-06-16T15:48:00+07:00,2026-06-17T13:48:00+07:00
ORD000766,CUS000602,2026-06-12T15:27:00+07:00,completed,Vinh,mobile_app,8290000.00,seed,2026-06-12T15:27:00+07:00,2026-06-13T22:27:00+07:00
ORD000767,CUS000838,2026-04-03T13:10:00+07:00,completed,Vinh,mobile_app,26950500.00,seed,2026-04-03T13:10:00+07:00,2026-04-04T04:10:00+07:00
ORD000768,CUS000469,2026-06-23T16:58:00+07:00,completed,Da Nang,web,11399500.00,seed,2026-06-23T16:58:00+07:00,2026-06-25T09:58:00+07:00
ORD000769,CUS000467,2026-06-24T14:32:00+07:00,completed,Can Tho,mobile_app,19896000.00,seed,2026-06-24T14:32:00+07:00,2026-06-26T12:32:00+07:00
ORD000770,CUS000912,2026-02-08T09:04:00+07:00,confirmed,Hue,social,11220000.00,seed,2026-02-08T09:04:00+07:00,2026-02-08T11:04:00+07:00
ORD000771,CUS000762,2026-05-03T10:31:00+07:00,completed,Ho Chi Minh City,mobile_app,10174500.00,seed,2026-05-03T10:31:00+07:00,2026-05-03T13:31:00+07:00
ORD000772,CUS000738,2026-06-11T08:45:00+07:00,completed,Hai Phong,mobile_app,3090000.00,seed,2026-06-11T08:45:00+07:00,2026-06-12T23:45:00+07:00
ORD000773,CUS000663,2026-04-12T14:31:00+07:00,completed,Hai Phong,mobile_app,14320000.00,seed,2026-04-12T14:31:00+07:00,2026-04-12T20:31:00+07:00
ORD000774,CUS000324,2026-01-12T22:18:00+07:00,shipped,Hue,social,13284500.00,seed,2026-01-12T22:18:00+07:00,2026-01-13T09:18:00+07:00
ORD000775,CUS000985,2026-02-02T16:24:00+07:00,completed,Vinh,mobile_app,5886000.00,seed,2026-02-02T16:24:00+07:00,2026-02-03T23:24:00+07:00
ORD000776,CUS000278,2026-03-11T12:37:00+07:00,completed,Bac Ninh,web,391000.00,seed,2026-03-11T12:37:00+07:00,2026-03-12T04:37:00+07:00
ORD000777,CUS000209,2026-05-05T17:24:00+07:00,completed,Hanoi,web,8283000.00,seed,2026-05-05T17:24:00+07:00,2026-05-06T09:24:00+07:00
ORD000778,CUS000317,2026-05-17T17:40:00+07:00,completed,Hue,web,4380000.00,seed,2026-05-17T17:40:00+07:00,2026-05-18T02:40:00+07:00
ORD000779,CUS000453,2026-03-04T09:15:00+07:00,completed,Ho Chi Minh City,web,5395500.00,seed,2026-03-04T09:15:00+07:00,2026-03-05T17:15:00+07:00
ORD000780,CUS000374,2026-06-15T15:14:00+07:00,completed,Da Nang,web,12315000.00,seed,2026-06-15T15:14:00+07:00,2026-06-15T15:14:00+07:00
ORD000781,CUS000936,2026-01-11T12:04:00+07:00,cancelled,Ho Chi Minh City,web,17615000.00,seed,2026-01-11T12:04:00+07:00,2026-01-13T10:04:00+07:00
ORD000782,CUS000793,2026-03-05T10:13:00+07:00,completed,Hai Phong,web,15441000.00,seed,2026-03-05T10:13:00+07:00,2026-03-06T08:13:00+07:00
ORD000783,CUS000957,2026-04-10T15:24:00+07:00,completed,Vinh,web,6423000.00,seed,2026-04-10T15:24:00+07:00,2026-04-12T08:24:00+07:00
ORD000784,CUS000913,2026-03-27T19:59:00+07:00,completed,Quang Ninh,mobile_app,18989000.00,seed,2026-03-27T19:59:00+07:00,2026-03-28T10:59:00+07:00
ORD000785,CUS000165,2026-05-30T16:10:00+07:00,completed,Bac Ninh,social,3842000.00,seed,2026-05-30T16:10:00+07:00,2026-05-31T07:10:00+07:00
ORD000786,CUS000903,2026-04-24T11:04:00+07:00,completed,Quang Ninh,web,4187500.00,seed,2026-04-24T11:04:00+07:00,2026-04-25T13:04:00+07:00
ORD000787,CUS000525,2026-06-12T13:46:00+07:00,completed,Da Nang,mobile_app,11698000.00,seed,2026-06-12T13:46:00+07:00,2026-06-14T09:46:00+07:00
ORD000788,CUS000243,2026-01-09T15:05:00+07:00,cancelled,Ho Chi Minh City,mobile_app,6184500.00,seed,2026-01-09T15:05:00+07:00,2026-01-10T00:05:00+07:00
ORD000789,CUS000830,2026-05-18T17:53:00+07:00,completed,Vinh,social,19023000.00,seed,2026-05-18T17:53:00+07:00,2026-05-19T03:53:00+07:00
ORD000790,CUS000481,2026-03-10T09:00:00+07:00,completed,Da Nang,mobile_app,7016000.00,seed,2026-03-10T09:00:00+07:00,2026-03-12T07:00:00+07:00
ORD000791,CUS000312,2026-02-15T14:19:00+07:00,completed,Bac Ninh,mobile_app,8938500.00,seed,2026-02-15T14:19:00+07:00,2026-02-16T01:19:00+07:00
ORD000792,CUS000381,2026-05-26T14:38:00+07:00,completed,Vinh,mobile_app,3321000.00,seed,2026-05-26T14:38:00+07:00,2026-05-27T11:38:00+07:00
ORD000793,CUS000262,2026-04-28T14:31:00+07:00,completed,Hue,web,8647500.00,seed,2026-04-28T14:31:00+07:00,2026-04-29T11:31:00+07:00
ORD000794,CUS000187,2026-04-05T20:49:00+07:00,completed,Nha Trang,web,16879500.00,seed,2026-04-05T20:49:00+07:00,2026-04-06T14:49:00+07:00
ORD000795,CUS000304,2026-06-12T13:53:00+07:00,shipped,Can Tho,mobile_app,11225000.00,seed,2026-06-12T13:53:00+07:00,2026-06-13T21:53:00+07:00
ORD000796,CUS000271,2026-01-28T12:26:00+07:00,completed,Vinh,mobile_app,10372500.00,seed,2026-01-28T12:26:00+07:00,2026-01-29T08:26:00+07:00
ORD000797,CUS000826,2026-04-09T15:36:00+07:00,completed,Da Nang,mobile_app,5418000.00,seed,2026-04-09T15:36:00+07:00,2026-04-10T21:36:00+07:00
ORD000798,CUS000210,2026-06-25T22:23:00+07:00,completed,Nha Trang,web,8868000.00,seed,2026-06-25T22:23:00+07:00,2026-06-26T07:23:00+07:00
ORD000799,CUS000731,2026-03-07T16:23:00+07:00,completed,Ho Chi Minh City,web,7185000.00,seed,2026-03-07T16:23:00+07:00,2026-03-09T13:23:00+07:00
ORD000800,CUS000493,2026-06-12T12:22:00+07:00,pending,Ho Chi Minh City,mobile_app,9081000.00,seed,2026-06-12T12:22:00+07:00,2026-06-14T05:22:00+07:00
ORD000801,CUS000660,2026-04-15T13:15:00+07:00,pending,Quang Ninh,mobile_app,4394500.00,seed,2026-04-15T13:15:00+07:00,2026-04-17T13:15:00+07:00
ORD000802,CUS000189,2026-01-26T21:55:00+07:00,completed,Bac Ninh,mobile_app,12220000.00,seed,2026-01-26T21:55:00+07:00,2026-01-28T00:55:00+07:00
ORD000803,CUS000748,2026-01-14T22:12:00+07:00,completed,Nha Trang,mobile_app,8962500.00,seed,2026-01-14T22:12:00+07:00,2026-01-15T10:12:00+07:00
ORD000804,CUS000998,2026-03-23T17:29:00+07:00,completed,Vinh,web,7398000.00,seed,2026-03-23T17:29:00+07:00,2026-03-25T07:29:00+07:00
ORD000805,CUS000236,2026-04-06T16:55:00+07:00,completed,Can Tho,web,7150000.00,seed,2026-04-06T16:55:00+07:00,2026-04-08T01:55:00+07:00
ORD000806,CUS000072,2026-01-28T16:10:00+07:00,completed,Da Nang,web,6189500.00,seed,2026-01-28T16:10:00+07:00,2026-01-28T23:10:00+07:00
ORD000807,CUS000621,2026-03-19T09:02:00+07:00,completed,Hanoi,mobile_app,40263000.00,seed,2026-03-19T09:02:00+07:00,2026-03-19T12:02:00+07:00
ORD000808,CUS000359,2026-06-25T13:23:00+07:00,completed,Bac Ninh,mobile_app,1092500.00,seed,2026-06-25T13:23:00+07:00,2026-06-26T11:23:00+07:00
ORD000809,CUS000604,2026-05-29T21:29:00+07:00,completed,Hanoi,web,816000.00,seed,2026-05-29T21:29:00+07:00,2026-05-31T00:29:00+07:00
ORD000810,CUS000305,2026-03-09T13:45:00+07:00,completed,Bac Ninh,web,4326500.00,seed,2026-03-09T13:45:00+07:00,2026-03-10T11:45:00+07:00
ORD000811,CUS000665,2026-03-11T13:29:00+07:00,completed,Quang Ninh,mobile_app,6793000.00,seed,2026-03-11T13:29:00+07:00,2026-03-13T12:29:00+07:00
ORD000812,CUS000105,2026-05-24T21:56:00+07:00,completed,Nha Trang,web,3320000.00,seed,2026-05-24T21:56:00+07:00,2026-05-26T06:56:00+07:00
ORD000813,CUS000067,2026-02-15T22:12:00+07:00,completed,Nha Trang,web,18779000.00,seed,2026-02-15T22:12:00+07:00,2026-02-17T13:12:00+07:00
ORD000814,CUS000890,2026-04-16T13:50:00+07:00,completed,Hai Phong,mobile_app,5899000.00,seed,2026-04-16T13:50:00+07:00,2026-04-17T21:50:00+07:00
ORD000815,CUS000931,2026-02-21T08:53:00+07:00,completed,Ho Chi Minh City,web,11815000.00,seed,2026-02-21T08:53:00+07:00,2026-02-22T03:53:00+07:00
ORD000816,CUS000754,2026-05-21T18:54:00+07:00,completed,Hai Phong,web,6341000.00,seed,2026-05-21T18:54:00+07:00,2026-05-22T21:54:00+07:00
ORD000817,CUS000331,2026-04-26T14:44:00+07:00,cancelled,Hai Phong,mobile_app,6258000.00,seed,2026-04-26T14:44:00+07:00,2026-04-28T07:44:00+07:00
ORD000818,CUS000263,2026-03-04T10:36:00+07:00,shipped,Hanoi,mobile_app,7680000.00,seed,2026-03-04T10:36:00+07:00,2026-03-05T04:36:00+07:00
ORD000819,CUS000334,2026-02-13T13:30:00+07:00,completed,Bac Ninh,social,8835000.00,seed,2026-02-13T13:30:00+07:00,2026-02-14T09:30:00+07:00
ORD000820,CUS000160,2026-04-27T08:27:00+07:00,shipped,Nha Trang,mobile_app,6977500.00,seed,2026-04-27T08:27:00+07:00,2026-04-29T04:27:00+07:00
ORD000821,CUS000857,2026-04-09T21:23:00+07:00,confirmed,Hanoi,mobile_app,15680000.00,seed,2026-04-09T21:23:00+07:00,2026-04-11T17:23:00+07:00
ORD000822,CUS000350,2026-04-24T13:29:00+07:00,cancelled,Bac Ninh,social,28350000.00,seed,2026-04-24T13:29:00+07:00,2026-04-25T10:29:00+07:00
ORD000823,CUS000801,2026-05-11T16:42:00+07:00,completed,Can Tho,mobile_app,18951000.00,seed,2026-05-11T16:42:00+07:00,2026-05-12T07:42:00+07:00
ORD000824,CUS000966,2026-02-08T21:27:00+07:00,completed,Quang Ninh,web,19748000.00,seed,2026-02-08T21:27:00+07:00,2026-02-10T02:27:00+07:00
ORD000825,CUS000493,2026-05-15T15:49:00+07:00,confirmed,Hue,mobile_app,15137000.00,seed,2026-05-15T15:49:00+07:00,2026-05-17T15:49:00+07:00
ORD000826,CUS000589,2026-06-21T17:49:00+07:00,shipped,Nha Trang,mobile_app,8960500.00,seed,2026-06-21T17:49:00+07:00,2026-06-21T19:49:00+07:00
ORD000827,CUS000263,2026-04-19T17:45:00+07:00,completed,Quang Ninh,web,8623000.00,seed,2026-04-19T17:45:00+07:00,2026-04-20T11:45:00+07:00
ORD000828,CUS000545,2026-05-02T19:11:00+07:00,completed,Hue,mobile_app,46647000.00,seed,2026-05-02T19:11:00+07:00,2026-05-03T21:11:00+07:00
ORD000829,CUS000130,2026-01-23T14:16:00+07:00,completed,Ho Chi Minh City,mobile_app,2943000.00,seed,2026-01-23T14:16:00+07:00,2026-01-25T01:16:00+07:00
ORD000830,CUS000848,2026-03-13T08:41:00+07:00,completed,Ho Chi Minh City,web,10129000.00,seed,2026-03-13T08:41:00+07:00,2026-03-14T03:41:00+07:00
ORD000831,CUS000487,2026-06-08T19:40:00+07:00,completed,Can Tho,mobile_app,4839500.00,seed,2026-06-08T19:40:00+07:00,2026-06-09T08:40:00+07:00
ORD000832,CUS000165,2026-06-20T18:29:00+07:00,completed,Da Nang,mobile_app,19660000.00,seed,2026-06-20T18:29:00+07:00,2026-06-22T16:29:00+07:00
ORD000833,CUS000864,2026-02-15T10:39:00+07:00,completed,Nha Trang,web,6188000.00,seed,2026-02-15T10:39:00+07:00,2026-02-16T06:39:00+07:00
ORD000834,CUS000422,2026-06-10T14:47:00+07:00,completed,Hai Phong,web,8170000.00,seed,2026-06-10T14:47:00+07:00,2026-06-11T07:47:00+07:00
ORD000835,CUS000490,2026-01-30T12:20:00+07:00,completed,Vinh,web,4794500.00,seed,2026-01-30T12:20:00+07:00,2026-01-30T19:20:00+07:00
ORD000836,CUS000202,2026-02-08T13:46:00+07:00,shipped,Hai Phong,mobile_app,3523000.00,seed,2026-02-08T13:46:00+07:00,2026-02-09T16:46:00+07:00
ORD000837,CUS000069,2026-02-24T11:43:00+07:00,completed,Hanoi,social,11007000.00,seed,2026-02-24T11:43:00+07:00,2026-02-25T00:43:00+07:00
ORD000838,CUS000836,2026-01-23T18:38:00+07:00,completed,Nha Trang,web,5661000.00,seed,2026-01-23T18:38:00+07:00,2026-01-24T22:38:00+07:00
ORD000839,CUS000471,2026-02-11T12:03:00+07:00,completed,Quang Ninh,web,10233500.00,seed,2026-02-11T12:03:00+07:00,2026-02-13T03:03:00+07:00
ORD000840,CUS000185,2026-01-10T15:12:00+07:00,completed,Nha Trang,mobile_app,3332500.00,seed,2026-01-10T15:12:00+07:00,2026-01-11T09:12:00+07:00
ORD000841,CUS000230,2026-01-10T08:35:00+07:00,completed,Da Nang,web,39385000.00,seed,2026-01-10T08:35:00+07:00,2026-01-11T10:35:00+07:00
ORD000842,CUS000203,2026-06-09T11:48:00+07:00,completed,Hanoi,mobile_app,4794000.00,seed,2026-06-09T11:48:00+07:00,2026-06-10T15:48:00+07:00
ORD000843,CUS000985,2026-03-17T16:36:00+07:00,completed,Vinh,web,10110000.00,seed,2026-03-17T16:36:00+07:00,2026-03-19T07:36:00+07:00
ORD000844,CUS000959,2026-02-11T16:13:00+07:00,completed,Ho Chi Minh City,mobile_app,9028500.00,seed,2026-02-11T16:13:00+07:00,2026-02-13T00:13:00+07:00
ORD000845,CUS000697,2026-03-04T20:16:00+07:00,completed,Vinh,web,4420000.00,seed,2026-03-04T20:16:00+07:00,2026-03-06T17:16:00+07:00
ORD000846,CUS000939,2026-04-19T13:57:00+07:00,completed,Hai Phong,mobile_app,19383500.00,seed,2026-04-19T13:57:00+07:00,2026-04-20T07:57:00+07:00
ORD000847,CUS000429,2026-03-17T08:38:00+07:00,completed,Quang Ninh,web,12504000.00,seed,2026-03-17T08:38:00+07:00,2026-03-18T00:38:00+07:00
ORD000848,CUS000123,2026-03-25T17:14:00+07:00,completed,Bac Ninh,mobile_app,9001500.00,seed,2026-03-25T17:14:00+07:00,2026-03-27T05:14:00+07:00
ORD000849,CUS000289,2026-05-09T19:24:00+07:00,completed,Hue,web,7493000.00,seed,2026-05-09T19:24:00+07:00,2026-05-11T04:24:00+07:00
ORD000850,CUS000534,2026-01-30T19:53:00+07:00,confirmed,Hai Phong,web,5435500.00,seed,2026-01-30T19:53:00+07:00,2026-02-01T04:53:00+07:00
ORD000851,CUS000396,2026-01-15T20:51:00+07:00,completed,Ho Chi Minh City,web,26797500.00,seed,2026-01-15T20:51:00+07:00,2026-01-16T00:51:00+07:00
ORD000852,CUS000302,2026-02-20T19:25:00+07:00,completed,Hanoi,mobile_app,5740000.00,seed,2026-02-20T19:25:00+07:00,2026-02-22T10:25:00+07:00
ORD000853,CUS000739,2026-06-05T17:22:00+07:00,completed,Da Nang,web,8578000.00,seed,2026-06-05T17:22:00+07:00,2026-06-06T02:22:00+07:00
ORD000854,CUS000646,2026-03-19T12:08:00+07:00,completed,Hai Phong,web,23965500.00,seed,2026-03-19T12:08:00+07:00,2026-03-19T22:08:00+07:00
ORD000855,CUS000539,2026-04-25T16:00:00+07:00,completed,Hue,mobile_app,14524000.00,seed,2026-04-25T16:00:00+07:00,2026-04-26T00:00:00+07:00
ORD000856,CUS000049,2026-02-10T10:45:00+07:00,completed,Quang Ninh,web,20651000.00,seed,2026-02-10T10:45:00+07:00,2026-02-11T11:45:00+07:00
ORD000857,CUS000325,2026-05-03T16:53:00+07:00,completed,Vinh,mobile_app,7170000.00,seed,2026-05-03T16:53:00+07:00,2026-05-05T01:53:00+07:00
ORD000858,CUS000033,2026-01-27T19:38:00+07:00,shipped,Hai Phong,mobile_app,5655000.00,seed,2026-01-27T19:38:00+07:00,2026-01-28T16:38:00+07:00
ORD000859,CUS000902,2026-01-16T12:12:00+07:00,completed,Ho Chi Minh City,web,12115000.00,seed,2026-01-16T12:12:00+07:00,2026-01-17T12:12:00+07:00
ORD000860,CUS000658,2026-06-07T14:18:00+07:00,completed,Da Nang,web,7140000.00,seed,2026-06-07T14:18:00+07:00,2026-06-08T14:18:00+07:00
ORD000861,CUS000706,2026-03-02T09:45:00+07:00,completed,Hanoi,mobile_app,14220000.00,seed,2026-03-02T09:45:00+07:00,2026-03-03T04:45:00+07:00
ORD000862,CUS000577,2026-03-01T16:51:00+07:00,completed,Can Tho,mobile_app,15126500.00,seed,2026-03-01T16:51:00+07:00,2026-03-03T08:51:00+07:00
ORD000863,CUS000182,2026-02-27T15:07:00+07:00,completed,Hai Phong,web,4900000.00,seed,2026-02-27T15:07:00+07:00,2026-02-28T05:07:00+07:00
ORD000864,CUS000931,2026-03-24T11:31:00+07:00,completed,Vinh,mobile_app,7444000.00,seed,2026-03-24T11:31:00+07:00,2026-03-24T11:31:00+07:00
ORD000865,CUS000789,2026-05-25T15:27:00+07:00,completed,Bac Ninh,social,21238000.00,seed,2026-05-25T15:27:00+07:00,2026-05-26T13:27:00+07:00
ORD000866,CUS000445,2026-05-31T21:36:00+07:00,completed,Da Nang,mobile_app,11461000.00,seed,2026-05-31T21:36:00+07:00,2026-06-01T11:36:00+07:00
ORD000867,CUS000100,2026-03-04T17:17:00+07:00,shipped,Can Tho,web,684000.00,seed,2026-03-04T17:17:00+07:00,2026-03-06T07:17:00+07:00
ORD000868,CUS000513,2026-03-24T10:22:00+07:00,completed,Quang Ninh,mobile_app,5120000.00,seed,2026-03-24T10:22:00+07:00,2026-03-25T14:22:00+07:00
ORD000869,CUS000565,2026-05-13T22:51:00+07:00,completed,Bac Ninh,web,19280000.00,seed,2026-05-13T22:51:00+07:00,2026-05-15T00:51:00+07:00
ORD000870,CUS000550,2026-04-02T12:38:00+07:00,completed,Nha Trang,mobile_app,9153500.00,seed,2026-04-02T12:38:00+07:00,2026-04-04T02:38:00+07:00
ORD000871,CUS000278,2026-04-06T16:20:00+07:00,completed,Hai Phong,mobile_app,15981500.00,seed,2026-04-06T16:20:00+07:00,2026-04-07T04:20:00+07:00
ORD000872,CUS000366,2026-04-23T20:22:00+07:00,completed,Da Nang,web,29485000.00,seed,2026-04-23T20:22:00+07:00,2026-04-25T17:22:00+07:00
ORD000873,CUS000871,2026-03-23T08:01:00+07:00,completed,Hanoi,web,38998000.00,seed,2026-03-23T08:01:00+07:00,2026-03-24T04:01:00+07:00
ORD000874,CUS000393,2026-01-08T19:09:00+07:00,completed,Hai Phong,mobile_app,19542000.00,seed,2026-01-08T19:09:00+07:00,2026-01-10T09:09:00+07:00
ORD000875,CUS000582,2026-02-25T17:18:00+07:00,completed,Da Nang,web,16074000.00,seed,2026-02-25T17:18:00+07:00,2026-02-25T17:18:00+07:00
ORD000876,CUS000041,2026-03-25T18:13:00+07:00,cancelled,Ho Chi Minh City,mobile_app,4759500.00,seed,2026-03-25T18:13:00+07:00,2026-03-27T12:13:00+07:00
ORD000877,CUS000037,2026-04-04T13:58:00+07:00,completed,Hai Phong,web,7046000.00,seed,2026-04-04T13:58:00+07:00,2026-04-05T15:58:00+07:00
ORD000878,CUS000692,2026-04-05T16:06:00+07:00,completed,Bac Ninh,web,7249000.00,seed,2026-04-05T16:06:00+07:00,2026-04-06T15:06:00+07:00
ORD000879,CUS000914,2026-04-07T20:11:00+07:00,completed,Hanoi,social,4410000.00,seed,2026-04-07T20:11:00+07:00,2026-04-07T21:11:00+07:00
ORD000880,CUS000930,2026-04-09T12:56:00+07:00,completed,Hue,social,15990000.00,seed,2026-04-09T12:56:00+07:00,2026-04-10T15:56:00+07:00
ORD000881,CUS000827,2026-01-30T16:49:00+07:00,completed,Nha Trang,web,12898500.00,seed,2026-01-30T16:49:00+07:00,2026-02-01T04:49:00+07:00
ORD000882,CUS000649,2026-06-17T18:12:00+07:00,completed,Da Nang,mobile_app,17166000.00,seed,2026-06-17T18:12:00+07:00,2026-06-19T15:12:00+07:00
ORD000883,CUS000305,2026-01-16T11:53:00+07:00,completed,Hanoi,web,4414000.00,seed,2026-01-16T11:53:00+07:00,2026-01-17T14:53:00+07:00
ORD000884,CUS000265,2026-03-03T22:00:00+07:00,completed,Nha Trang,web,20284500.00,seed,2026-03-03T22:00:00+07:00,2026-03-04T14:00:00+07:00
ORD000885,CUS000584,2026-01-31T18:05:00+07:00,completed,Quang Ninh,mobile_app,3660000.00,seed,2026-01-31T18:05:00+07:00,2026-02-02T15:05:00+07:00
ORD000886,CUS000502,2026-03-26T20:55:00+07:00,cancelled,Hai Phong,mobile_app,14604000.00,seed,2026-03-26T20:55:00+07:00,2026-03-28T19:55:00+07:00
ORD000887,CUS000227,2026-05-29T20:15:00+07:00,completed,Hanoi,web,32690000.00,seed,2026-05-29T20:15:00+07:00,2026-05-31T13:15:00+07:00
ORD000888,CUS000554,2026-03-27T20:07:00+07:00,completed,Hanoi,web,20720500.00,seed,2026-03-27T20:07:00+07:00,2026-03-28T14:07:00+07:00
ORD000889,CUS000278,2026-04-29T19:36:00+07:00,shipped,Vinh,social,13345000.00,seed,2026-04-29T19:36:00+07:00,2026-05-01T19:36:00+07:00
ORD000890,CUS000885,2026-02-02T15:29:00+07:00,completed,Ho Chi Minh City,mobile_app,6680000.00,seed,2026-02-02T15:29:00+07:00,2026-02-04T13:29:00+07:00
ORD000891,CUS000245,2026-05-26T08:59:00+07:00,cancelled,Nha Trang,mobile_app,6972000.00,seed,2026-05-26T08:59:00+07:00,2026-05-27T13:59:00+07:00
ORD000892,CUS000943,2026-02-08T10:24:00+07:00,completed,Hai Phong,mobile_app,6630000.00,seed,2026-02-08T10:24:00+07:00,2026-02-08T16:24:00+07:00
ORD000893,CUS000459,2026-05-03T19:07:00+07:00,completed,Quang Ninh,mobile_app,19066000.00,seed,2026-05-03T19:07:00+07:00,2026-05-05T00:07:00+07:00
ORD000894,CUS000833,2026-02-27T09:34:00+07:00,confirmed,Bac Ninh,web,6210000.00,seed,2026-02-27T09:34:00+07:00,2026-02-28T23:34:00+07:00
ORD000895,CUS000832,2026-04-15T12:53:00+07:00,completed,Hai Phong,mobile_app,9700000.00,seed,2026-04-15T12:53:00+07:00,2026-04-16T20:53:00+07:00
ORD000896,CUS000819,2026-03-08T10:40:00+07:00,completed,Quang Ninh,web,15850000.00,seed,2026-03-08T10:40:00+07:00,2026-03-10T01:40:00+07:00
ORD000897,CUS000480,2026-02-19T16:49:00+07:00,completed,Hanoi,mobile_app,5318000.00,seed,2026-02-19T16:49:00+07:00,2026-02-19T18:49:00+07:00
ORD000898,CUS000967,2026-02-28T13:28:00+07:00,cancelled,Hai Phong,web,19234000.00,seed,2026-02-28T13:28:00+07:00,2026-03-01T10:28:00+07:00
ORD000899,CUS000868,2026-01-06T10:07:00+07:00,completed,Hai Phong,web,5975500.00,seed,2026-01-06T10:07:00+07:00,2026-01-07T08:07:00+07:00
ORD000900,CUS000659,2026-01-08T12:47:00+07:00,cancelled,Ho Chi Minh City,web,6122000.00,seed,2026-01-08T12:47:00+07:00,2026-01-09T15:47:00+07:00
ORD000901,CUS000422,2026-03-28T20:58:00+07:00,completed,Quang Ninh,web,18485000.00,seed,2026-03-28T20:58:00+07:00,2026-03-29T20:58:00+07:00
ORD000902,CUS000876,2026-06-25T12:54:00+07:00,completed,Da Nang,mobile_app,4521000.00,seed,2026-06-25T12:54:00+07:00,2026-06-26T22:54:00+07:00
ORD000903,CUS000912,2026-06-12T12:28:00+07:00,completed,Hai Phong,mobile_app,8325000.00,seed,2026-06-12T12:28:00+07:00,2026-06-13T06:28:00+07:00
ORD000904,CUS000946,2026-04-23T20:37:00+07:00,completed,Bac Ninh,web,7532000.00,seed,2026-04-23T20:37:00+07:00,2026-04-25T16:37:00+07:00
ORD000905,CUS000825,2026-03-05T14:56:00+07:00,completed,Can Tho,web,5332500.00,seed,2026-03-05T14:56:00+07:00,2026-03-06T15:56:00+07:00
ORD000906,CUS000476,2026-05-14T20:32:00+07:00,completed,Can Tho,mobile_app,1092500.00,seed,2026-05-14T20:32:00+07:00,2026-05-14T21:32:00+07:00
ORD000907,CUS000510,2026-04-10T19:46:00+07:00,completed,Hai Phong,social,19167000.00,seed,2026-04-10T19:46:00+07:00,2026-04-12T14:46:00+07:00
ORD000908,CUS000222,2026-04-10T17:44:00+07:00,completed,Bac Ninh,mobile_app,5521500.00,seed,2026-04-10T17:44:00+07:00,2026-04-11T04:44:00+07:00
ORD000909,CUS000750,2026-01-08T09:08:00+07:00,completed,Bac Ninh,social,6117000.00,seed,2026-01-08T09:08:00+07:00,2026-01-09T16:08:00+07:00
ORD000910,CUS000851,2026-01-18T17:45:00+07:00,completed,Hue,web,14718000.00,seed,2026-01-18T17:45:00+07:00,2026-01-20T05:45:00+07:00
ORD000911,CUS000287,2026-03-21T12:56:00+07:00,completed,Quang Ninh,web,7630000.00,seed,2026-03-21T12:56:00+07:00,2026-03-21T12:56:00+07:00
ORD000912,CUS000575,2026-03-04T11:52:00+07:00,completed,Vinh,mobile_app,41562000.00,seed,2026-03-04T11:52:00+07:00,2026-03-06T01:52:00+07:00
ORD000913,CUS000432,2026-04-11T10:40:00+07:00,completed,Quang Ninh,web,8984500.00,seed,2026-04-11T10:40:00+07:00,2026-04-12T18:40:00+07:00
ORD000914,CUS000569,2026-02-10T22:18:00+07:00,completed,Hanoi,social,15610000.00,seed,2026-02-10T22:18:00+07:00,2026-02-11T13:18:00+07:00
ORD000915,CUS000636,2026-04-28T15:04:00+07:00,completed,Da Nang,mobile_app,9563000.00,seed,2026-04-28T15:04:00+07:00,2026-04-29T10:04:00+07:00
ORD000916,CUS000168,2026-01-20T16:26:00+07:00,pending,Da Nang,web,6722000.00,seed,2026-01-20T16:26:00+07:00,2026-01-22T08:26:00+07:00
ORD000917,CUS000418,2026-01-24T08:44:00+07:00,completed,Vinh,web,13048500.00,seed,2026-01-24T08:44:00+07:00,2026-01-26T01:44:00+07:00
ORD000918,CUS000926,2026-06-22T10:28:00+07:00,completed,Bac Ninh,mobile_app,22311000.00,seed,2026-06-22T10:28:00+07:00,2026-06-23T11:28:00+07:00
ORD000919,CUS000947,2026-01-04T19:41:00+07:00,completed,Quang Ninh,mobile_app,18727000.00,seed,2026-01-04T19:41:00+07:00,2026-01-05T03:41:00+07:00
ORD000920,CUS000772,2026-06-20T22:25:00+07:00,completed,Quang Ninh,mobile_app,14108000.00,seed,2026-06-20T22:25:00+07:00,2026-06-21T20:25:00+07:00
ORD000921,CUS000221,2026-05-14T16:30:00+07:00,completed,Bac Ninh,web,8450000.00,seed,2026-05-14T16:30:00+07:00,2026-05-16T14:30:00+07:00
ORD000922,CUS000283,2026-02-08T09:42:00+07:00,completed,Nha Trang,mobile_app,5618500.00,seed,2026-02-08T09:42:00+07:00,2026-02-09T08:42:00+07:00
ORD000923,CUS000690,2026-02-21T10:34:00+07:00,completed,Quang Ninh,web,19368500.00,seed,2026-02-21T10:34:00+07:00,2026-02-22T22:34:00+07:00
ORD000924,CUS000494,2026-06-26T10:09:00+07:00,completed,Hanoi,web,19040500.00,seed,2026-06-26T10:09:00+07:00,2026-06-28T03:09:00+07:00
ORD000925,CUS000898,2026-01-07T11:44:00+07:00,completed,Hanoi,web,8744500.00,seed,2026-01-07T11:44:00+07:00,2026-01-08T01:44:00+07:00
ORD000926,CUS000673,2026-05-29T19:52:00+07:00,completed,Hue,social,19560500.00,seed,2026-05-29T19:52:00+07:00,2026-05-30T01:52:00+07:00
ORD000927,CUS000572,2026-06-09T13:48:00+07:00,completed,Da Nang,web,18640000.00,seed,2026-06-09T13:48:00+07:00,2026-06-11T13:48:00+07:00
ORD000928,CUS000938,2026-05-20T17:29:00+07:00,completed,Can Tho,mobile_app,32132000.00,seed,2026-05-20T17:29:00+07:00,2026-05-21T10:29:00+07:00
ORD000929,CUS000277,2026-04-03T08:19:00+07:00,completed,Quang Ninh,web,12488000.00,seed,2026-04-03T08:19:00+07:00,2026-04-04T18:19:00+07:00
ORD000930,CUS000672,2026-01-13T21:34:00+07:00,completed,Bac Ninh,social,15850000.00,seed,2026-01-13T21:34:00+07:00,2026-01-14T05:34:00+07:00
ORD000931,CUS000583,2026-06-07T14:43:00+07:00,completed,Quang Ninh,web,15242500.00,seed,2026-06-07T14:43:00+07:00,2026-06-08T09:43:00+07:00
ORD000932,CUS000508,2026-03-22T16:43:00+07:00,completed,Can Tho,mobile_app,9867500.00,seed,2026-03-22T16:43:00+07:00,2026-03-23T07:43:00+07:00
ORD000933,CUS000032,2026-01-05T19:46:00+07:00,completed,Quang Ninh,web,17867000.00,seed,2026-01-05T19:46:00+07:00,2026-01-06T08:46:00+07:00
ORD000934,CUS000329,2026-01-24T11:01:00+07:00,shipped,Vinh,web,4075500.00,seed,2026-01-24T11:01:00+07:00,2026-01-25T11:01:00+07:00
ORD000935,CUS000550,2026-04-15T08:37:00+07:00,completed,Hanoi,mobile_app,7410000.00,seed,2026-04-15T08:37:00+07:00,2026-04-16T02:37:00+07:00
ORD000936,CUS000307,2026-05-11T08:48:00+07:00,completed,Hanoi,web,3867500.00,seed,2026-05-11T08:48:00+07:00,2026-05-11T17:48:00+07:00
ORD000937,CUS000542,2026-06-01T13:13:00+07:00,cancelled,Quang Ninh,mobile_app,17807000.00,seed,2026-06-01T13:13:00+07:00,2026-06-03T04:13:00+07:00
ORD000938,CUS000607,2026-04-30T11:33:00+07:00,completed,Hue,web,23449000.00,seed,2026-04-30T11:33:00+07:00,2026-04-30T20:33:00+07:00
ORD000939,CUS000933,2026-03-30T21:29:00+07:00,completed,Ho Chi Minh City,web,8490000.00,seed,2026-03-30T21:29:00+07:00,2026-03-31T13:29:00+07:00
ORD000940,CUS000309,2026-05-10T16:00:00+07:00,confirmed,Bac Ninh,web,18599500.00,seed,2026-05-10T16:00:00+07:00,2026-05-11T20:00:00+07:00
ORD000941,CUS000020,2026-01-14T18:15:00+07:00,shipped,Da Nang,mobile_app,13067500.00,seed,2026-01-14T18:15:00+07:00,2026-01-14T23:15:00+07:00
ORD000942,CUS000768,2026-06-28T21:58:00+07:00,completed,Hue,social,20578500.00,seed,2026-06-28T21:58:00+07:00,2026-06-29T01:58:00+07:00
ORD000943,CUS000403,2026-03-27T19:44:00+07:00,completed,Hue,mobile_app,14946000.00,seed,2026-03-27T19:44:00+07:00,2026-03-28T09:44:00+07:00
ORD000944,CUS000647,2026-03-14T12:07:00+07:00,completed,Quang Ninh,mobile_app,9173000.00,seed,2026-03-14T12:07:00+07:00,2026-03-15T18:07:00+07:00
ORD000945,CUS000622,2026-03-15T09:41:00+07:00,cancelled,Bac Ninh,web,9710500.00,seed,2026-03-15T09:41:00+07:00,2026-03-17T06:41:00+07:00
ORD000946,CUS000597,2026-06-03T21:11:00+07:00,completed,Hanoi,mobile_app,10854500.00,seed,2026-06-03T21:11:00+07:00,2026-06-04T22:11:00+07:00
ORD000947,CUS000601,2026-02-27T20:35:00+07:00,completed,Quang Ninh,web,1990000.00,seed,2026-02-27T20:35:00+07:00,2026-02-28T17:35:00+07:00
ORD000948,CUS000188,2026-06-14T19:09:00+07:00,shipped,Hanoi,mobile_app,28051500.00,seed,2026-06-14T19:09:00+07:00,2026-06-16T05:09:00+07:00
ORD000949,CUS000820,2026-01-17T19:49:00+07:00,completed,Hanoi,web,5740000.00,seed,2026-01-17T19:49:00+07:00,2026-01-19T07:49:00+07:00
ORD000950,CUS000819,2026-03-05T08:55:00+07:00,completed,Ho Chi Minh City,mobile_app,16067000.00,seed,2026-03-05T08:55:00+07:00,2026-03-07T05:55:00+07:00
ORD000951,CUS000626,2026-01-17T21:24:00+07:00,shipped,Ho Chi Minh City,mobile_app,357000.00,seed,2026-01-17T21:24:00+07:00,2026-01-19T08:24:00+07:00
ORD000952,CUS000362,2026-02-28T20:07:00+07:00,completed,Da Nang,web,24927000.00,seed,2026-02-28T20:07:00+07:00,2026-03-02T01:07:00+07:00
ORD000953,CUS000286,2026-06-22T18:52:00+07:00,shipped,Ho Chi Minh City,web,20039000.00,seed,2026-06-22T18:52:00+07:00,2026-06-23T14:52:00+07:00
ORD000954,CUS000204,2026-02-02T21:02:00+07:00,completed,Hanoi,web,13357500.00,seed,2026-02-02T21:02:00+07:00,2026-02-04T10:02:00+07:00
ORD000955,CUS000684,2026-01-22T15:25:00+07:00,confirmed,Vinh,mobile_app,1260000.00,seed,2026-01-22T15:25:00+07:00,2026-01-23T20:25:00+07:00
ORD000956,CUS000451,2026-03-13T14:53:00+07:00,shipped,Nha Trang,mobile_app,4626500.00,seed,2026-03-13T14:53:00+07:00,2026-03-14T23:53:00+07:00
ORD000957,CUS000890,2026-03-24T13:32:00+07:00,completed,Hue,mobile_app,14794000.00,seed,2026-03-24T13:32:00+07:00,2026-03-26T05:32:00+07:00
ORD000958,CUS000674,2026-06-21T20:05:00+07:00,completed,Hanoi,mobile_app,11022000.00,seed,2026-06-21T20:05:00+07:00,2026-06-22T10:05:00+07:00
ORD000959,CUS000656,2026-04-03T14:06:00+07:00,completed,Hai Phong,web,10515500.00,seed,2026-04-03T14:06:00+07:00,2026-04-05T10:06:00+07:00
ORD000960,CUS000859,2026-01-07T11:33:00+07:00,completed,Hanoi,web,12250000.00,seed,2026-01-07T11:33:00+07:00,2026-01-07T11:33:00+07:00
ORD000961,CUS000934,2026-06-10T08:50:00+07:00,shipped,Hai Phong,web,6746000.00,seed,2026-06-10T08:50:00+07:00,2026-06-11T16:50:00+07:00
ORD000962,CUS000256,2026-01-01T17:00:00+07:00,completed,Can Tho,web,12558500.00,seed,2026-01-01T17:00:00+07:00,2026-01-02T04:00:00+07:00
ORD000963,CUS000684,2026-06-16T12:33:00+07:00,completed,Bac Ninh,mobile_app,21092000.00,seed,2026-06-16T12:33:00+07:00,2026-06-17T15:33:00+07:00
ORD000964,CUS000147,2026-02-05T17:24:00+07:00,completed,Da Nang,mobile_app,9722500.00,seed,2026-02-05T17:24:00+07:00,2026-02-06T03:24:00+07:00
ORD000965,CUS000744,2026-04-27T10:38:00+07:00,completed,Nha Trang,mobile_app,20481000.00,seed,2026-04-27T10:38:00+07:00,2026-04-27T22:38:00+07:00
ORD000966,CUS000837,2026-05-10T10:39:00+07:00,completed,Da Nang,mobile_app,8780000.00,seed,2026-05-10T10:39:00+07:00,2026-05-11T03:39:00+07:00
ORD000967,CUS000893,2026-03-23T18:37:00+07:00,completed,Quang Ninh,web,15900000.00,seed,2026-03-23T18:37:00+07:00,2026-03-25T13:37:00+07:00
ORD000968,CUS000414,2026-01-06T13:55:00+07:00,completed,Can Tho,web,30980500.00,seed,2026-01-06T13:55:00+07:00,2026-01-07T21:55:00+07:00
ORD000969,CUS000281,2026-01-23T14:23:00+07:00,completed,Can Tho,mobile_app,585000.00,seed,2026-01-23T14:23:00+07:00,2026-01-24T06:23:00+07:00
ORD000970,CUS000666,2026-06-20T18:55:00+07:00,completed,Hai Phong,mobile_app,12081000.00,seed,2026-06-20T18:55:00+07:00,2026-06-21T22:55:00+07:00
ORD000971,CUS000517,2026-04-08T14:09:00+07:00,completed,Quang Ninh,mobile_app,24974500.00,seed,2026-04-08T14:09:00+07:00,2026-04-09T13:09:00+07:00
ORD000972,CUS000008,2026-03-22T22:20:00+07:00,completed,Hai Phong,web,21023000.00,seed,2026-03-22T22:20:00+07:00,2026-03-23T06:20:00+07:00
ORD000973,CUS000078,2026-04-02T09:04:00+07:00,completed,Quang Ninh,mobile_app,8368500.00,seed,2026-04-02T09:04:00+07:00,2026-04-03T17:04:00+07:00
ORD000974,CUS000770,2026-06-16T08:31:00+07:00,completed,Hue,mobile_app,13098000.00,seed,2026-06-16T08:31:00+07:00,2026-06-16T09:31:00+07:00
ORD000975,CUS000657,2026-06-08T13:35:00+07:00,completed,Hue,social,7133500.00,seed,2026-06-08T13:35:00+07:00,2026-06-08T14:35:00+07:00
ORD000976,CUS000364,2026-05-18T20:10:00+07:00,completed,Da Nang,mobile_app,3469500.00,seed,2026-05-18T20:10:00+07:00,2026-05-19T01:10:00+07:00
ORD000977,CUS000968,2026-06-23T22:30:00+07:00,completed,Can Tho,web,11087500.00,seed,2026-06-23T22:30:00+07:00,2026-06-25T04:30:00+07:00
ORD000978,CUS000866,2026-05-03T12:27:00+07:00,completed,Can Tho,social,1120000.00,seed,2026-05-03T12:27:00+07:00,2026-05-04T13:27:00+07:00
ORD000979,CUS000891,2026-02-20T21:06:00+07:00,completed,Nha Trang,web,26724000.00,seed,2026-02-20T21:06:00+07:00,2026-02-22T15:06:00+07:00
ORD000980,CUS000240,2026-04-12T08:09:00+07:00,pending,Quang Ninh,web,3714500.00,seed,2026-04-12T08:09:00+07:00,2026-04-13T07:09:00+07:00
ORD000981,CUS000281,2026-03-08T14:32:00+07:00,completed,Ho Chi Minh City,web,4860000.00,seed,2026-03-08T14:32:00+07:00,2026-03-09T22:32:00+07:00
ORD000982,CUS000310,2026-02-09T15:58:00+07:00,completed,Hanoi,mobile_app,22048000.00,seed,2026-02-09T15:58:00+07:00,2026-02-11T14:58:00+07:00
ORD000983,CUS000760,2026-06-25T11:01:00+07:00,shipped,Bac Ninh,web,8020000.00,seed,2026-06-25T11:01:00+07:00,2026-06-26T04:01:00+07:00
ORD000984,CUS000409,2026-05-04T15:29:00+07:00,completed,Bac Ninh,social,22815000.00,seed,2026-05-04T15:29:00+07:00,2026-05-04T23:29:00+07:00
ORD000985,CUS000095,2026-01-10T20:41:00+07:00,shipped,Bac Ninh,mobile_app,5292000.00,seed,2026-01-10T20:41:00+07:00,2026-01-12T15:41:00+07:00
ORD000986,CUS000930,2026-06-17T12:38:00+07:00,completed,Bac Ninh,web,9135500.00,seed,2026-06-17T12:38:00+07:00,2026-06-18T10:38:00+07:00
ORD000987,CUS000426,2026-02-18T17:45:00+07:00,completed,Quang Ninh,mobile_app,5625000.00,seed,2026-02-18T17:45:00+07:00,2026-02-20T00:45:00+07:00
ORD000988,CUS000134,2026-04-30T18:44:00+07:00,completed,Bac Ninh,mobile_app,20283500.00,seed,2026-04-30T18:44:00+07:00,2026-05-01T00:44:00+07:00
ORD000989,CUS000961,2026-05-22T20:53:00+07:00,completed,Da Nang,web,16940500.00,seed,2026-05-22T20:53:00+07:00,2026-05-24T00:53:00+07:00
ORD000990,CUS000382,2026-04-30T22:03:00+07:00,completed,Hanoi,web,28586500.00,seed,2026-04-30T22:03:00+07:00,2026-05-02T12:03:00+07:00
ORD000991,CUS000547,2026-02-20T08:20:00+07:00,completed,Vinh,web,10051000.00,seed,2026-02-20T08:20:00+07:00,2026-02-21T20:20:00+07:00
ORD000992,CUS000811,2026-01-06T14:28:00+07:00,completed,Bac Ninh,mobile_app,21037500.00,seed,2026-01-06T14:28:00+07:00,2026-01-06T19:28:00+07:00
ORD000993,CUS000101,2026-03-01T18:22:00+07:00,completed,Hanoi,mobile_app,13585000.00,seed,2026-03-01T18:22:00+07:00,2026-03-02T03:22:00+07:00
ORD000994,CUS000572,2026-06-19T20:24:00+07:00,completed,Quang Ninh,mobile_app,12980000.00,seed,2026-06-19T20:24:00+07:00,2026-06-19T22:24:00+07:00
ORD000995,CUS000107,2026-01-08T16:51:00+07:00,shipped,Vinh,mobile_app,32151000.00,seed,2026-01-08T16:51:00+07:00,2026-01-08T18:51:00+07:00
ORD000996,CUS000388,2026-02-16T13:15:00+07:00,completed,Da Nang,mobile_app,10854000.00,seed,2026-02-16T13:15:00+07:00,2026-02-18T01:15:00+07:00
ORD000997,CUS000856,2026-06-04T14:08:00+07:00,completed,Hanoi,mobile_app,8642500.00,seed,2026-06-04T14:08:00+07:00,2026-06-05T19:08:00+07:00
ORD000998,CUS000160,2026-02-07T13:26:00+07:00,completed,Quang Ninh,web,13484500.00,seed,2026-02-07T13:26:00+07:00,2026-02-08T03:26:00+07:00
ORD000999,CUS000092,2026-04-01T08:37:00+07:00,shipped,Nha Trang,web,2637000.00,seed,2026-04-01T08:37:00+07:00,2026-04-02T22:37:00+07:00
ORD001000,CUS000309,2026-03-11T22:24:00+07:00,completed,Can Tho,web,14663000.00,seed,2026-03-11T22:24:00+07:00,2026-03-12T22:24:00+07:00
ORD001001,CUS000140,2026-05-21T11:16:00+07:00,completed,Hai Phong,web,5750000.00,seed,2026-05-21T11:16:00+07:00,2026-05-21T15:16:00+07:00
ORD001002,CUS000914,2026-05-21T13:51:00+07:00,completed,Nha Trang,mobile_app,1810500.00,seed,2026-05-21T13:51:00+07:00,2026-05-22T17:51:00+07:00
ORD001003,CUS000733,2026-03-05T19:19:00+07:00,shipped,Bac Ninh,mobile_app,3030500.00,seed,2026-03-05T19:19:00+07:00,2026-03-06T09:19:00+07:00
ORD001004,CUS000580,2026-02-21T19:30:00+07:00,shipped,Hanoi,web,5196000.00,seed,2026-02-21T19:30:00+07:00,2026-02-22T15:30:00+07:00
ORD001005,CUS000163,2026-02-16T17:18:00+07:00,completed,Hanoi,mobile_app,2783500.00,seed,2026-02-16T17:18:00+07:00,2026-02-18T06:18:00+07:00
ORD001006,CUS000169,2026-06-25T16:09:00+07:00,shipped,Hai Phong,social,6753000.00,seed,2026-06-25T16:09:00+07:00,2026-06-26T03:09:00+07:00
ORD001007,CUS000079,2026-05-05T19:59:00+07:00,completed,Nha Trang,web,22890000.00,seed,2026-05-05T19:59:00+07:00,2026-05-06T02:59:00+07:00
ORD001008,CUS000288,2026-01-04T21:14:00+07:00,completed,Bac Ninh,web,18975000.00,seed,2026-01-04T21:14:00+07:00,2026-01-05T17:14:00+07:00
ORD001009,CUS000596,2026-02-10T22:19:00+07:00,completed,Can Tho,social,7020000.00,seed,2026-02-10T22:19:00+07:00,2026-02-11T00:19:00+07:00
ORD001010,CUS000840,2026-04-16T10:35:00+07:00,completed,Ho Chi Minh City,social,23717500.00,seed,2026-04-16T10:35:00+07:00,2026-04-18T05:35:00+07:00
ORD001011,CUS000305,2026-03-17T10:33:00+07:00,completed,Da Nang,web,15095500.00,seed,2026-03-17T10:33:00+07:00,2026-03-17T19:33:00+07:00
ORD001012,CUS000057,2026-04-30T20:06:00+07:00,completed,Nha Trang,web,3140000.00,seed,2026-04-30T20:06:00+07:00,2026-05-01T00:06:00+07:00
ORD001013,CUS000904,2026-03-26T14:50:00+07:00,completed,Ho Chi Minh City,mobile_app,10869000.00,seed,2026-03-26T14:50:00+07:00,2026-03-28T13:50:00+07:00
ORD001014,CUS000686,2026-05-27T15:50:00+07:00,completed,Quang Ninh,mobile_app,7247000.00,seed,2026-05-27T15:50:00+07:00,2026-05-29T10:50:00+07:00
ORD001015,CUS000112,2026-01-04T19:00:00+07:00,pending,Nha Trang,web,11394000.00,seed,2026-01-04T19:00:00+07:00,2026-01-05T01:00:00+07:00
ORD001016,CUS000041,2026-02-23T22:51:00+07:00,completed,Can Tho,social,4580000.00,seed,2026-02-23T22:51:00+07:00,2026-02-23T23:51:00+07:00
ORD001017,CUS000158,2026-03-31T22:47:00+07:00,completed,Can Tho,web,3455000.00,seed,2026-03-31T22:47:00+07:00,2026-04-02T03:47:00+07:00
ORD001018,CUS000786,2026-03-19T22:38:00+07:00,completed,Da Nang,mobile_app,22432000.00,seed,2026-03-19T22:38:00+07:00,2026-03-20T06:38:00+07:00
ORD001019,CUS000847,2026-05-27T09:15:00+07:00,completed,Hanoi,web,16060000.00,seed,2026-05-27T09:15:00+07:00,2026-05-28T05:15:00+07:00
ORD001020,CUS000196,2026-06-27T17:48:00+07:00,completed,Nha Trang,mobile_app,15297000.00,seed,2026-06-27T17:48:00+07:00,2026-06-29T10:48:00+07:00
ORD001021,CUS000745,2026-03-07T19:06:00+07:00,completed,Hue,social,7752000.00,seed,2026-03-07T19:06:00+07:00,2026-03-09T13:06:00+07:00
ORD001022,CUS000922,2026-01-10T10:08:00+07:00,completed,Hanoi,social,21737000.00,seed,2026-01-10T10:08:00+07:00,2026-01-10T12:08:00+07:00
ORD001023,CUS000888,2026-06-18T12:45:00+07:00,completed,Ho Chi Minh City,web,9435500.00,seed,2026-06-18T12:45:00+07:00,2026-06-18T22:45:00+07:00
ORD001024,CUS000192,2026-06-23T19:35:00+07:00,completed,Can Tho,mobile_app,20458000.00,seed,2026-06-23T19:35:00+07:00,2026-06-24T11:35:00+07:00
ORD001025,CUS000295,2026-03-02T11:32:00+07:00,completed,Hanoi,web,24782500.00,seed,2026-03-02T11:32:00+07:00,2026-03-04T08:32:00+07:00
ORD001026,CUS000010,2026-02-13T12:24:00+07:00,shipped,Da Nang,web,5728500.00,seed,2026-02-13T12:24:00+07:00,2026-02-15T04:24:00+07:00
ORD001027,CUS000346,2026-02-10T09:46:00+07:00,completed,Vinh,web,180000.00,seed,2026-02-10T09:46:00+07:00,2026-02-12T01:46:00+07:00
ORD001028,CUS000339,2026-01-21T19:13:00+07:00,completed,Hai Phong,web,7751000.00,seed,2026-01-21T19:13:00+07:00,2026-01-23T14:13:00+07:00
ORD001029,CUS000783,2026-04-06T18:37:00+07:00,completed,Hue,mobile_app,15680000.00,seed,2026-04-06T18:37:00+07:00,2026-04-07T18:37:00+07:00
ORD001030,CUS000953,2026-02-23T10:52:00+07:00,shipped,Hanoi,social,24195500.00,seed,2026-02-23T10:52:00+07:00,2026-02-24T17:52:00+07:00
ORD001031,CUS000846,2026-04-10T16:50:00+07:00,completed,Da Nang,web,703000.00,seed,2026-04-10T16:50:00+07:00,2026-04-10T23:50:00+07:00
ORD001032,CUS000120,2026-04-03T11:43:00+07:00,completed,Ho Chi Minh City,mobile_app,12106000.00,seed,2026-04-03T11:43:00+07:00,2026-04-03T23:43:00+07:00
ORD001033,CUS000618,2026-01-06T17:53:00+07:00,shipped,Hue,mobile_app,8759000.00,seed,2026-01-06T17:53:00+07:00,2026-01-08T15:53:00+07:00
ORD001034,CUS000827,2026-05-17T11:49:00+07:00,completed,Hai Phong,web,9600000.00,seed,2026-05-17T11:49:00+07:00,2026-05-18T01:49:00+07:00
ORD001035,CUS000609,2026-01-27T09:06:00+07:00,completed,Bac Ninh,mobile_app,32435000.00,seed,2026-01-27T09:06:00+07:00,2026-01-29T07:06:00+07:00
ORD001036,CUS000030,2026-02-09T09:38:00+07:00,shipped,Hanoi,mobile_app,16905500.00,seed,2026-02-09T09:38:00+07:00,2026-02-10T02:38:00+07:00
ORD001037,CUS000650,2026-06-03T13:59:00+07:00,completed,Hanoi,web,13249500.00,seed,2026-06-03T13:59:00+07:00,2026-06-04T13:59:00+07:00
ORD001038,CUS000271,2026-03-15T12:56:00+07:00,completed,Quang Ninh,mobile_app,11675000.00,seed,2026-03-15T12:56:00+07:00,2026-03-16T15:56:00+07:00
ORD001039,CUS000783,2026-04-04T16:53:00+07:00,completed,Hanoi,mobile_app,8580000.00,seed,2026-04-04T16:53:00+07:00,2026-04-06T10:53:00+07:00
ORD001040,CUS000699,2026-02-10T14:49:00+07:00,completed,Can Tho,mobile_app,24908000.00,seed,2026-02-10T14:49:00+07:00,2026-02-12T06:49:00+07:00
ORD001041,CUS000061,2026-05-12T15:25:00+07:00,completed,Can Tho,mobile_app,10659000.00,seed,2026-05-12T15:25:00+07:00,2026-05-13T14:25:00+07:00
ORD001042,CUS000100,2026-06-11T12:53:00+07:00,completed,Hanoi,mobile_app,3068500.00,seed,2026-06-11T12:53:00+07:00,2026-06-11T22:53:00+07:00
ORD001043,CUS000744,2026-01-21T08:15:00+07:00,completed,Vinh,mobile_app,10194000.00,seed,2026-01-21T08:15:00+07:00,2026-01-23T07:15:00+07:00
ORD001044,CUS000791,2026-02-28T19:33:00+07:00,shipped,Quang Ninh,web,5510000.00,seed,2026-02-28T19:33:00+07:00,2026-03-01T06:33:00+07:00
ORD001045,CUS000319,2026-05-11T09:25:00+07:00,cancelled,Bac Ninh,web,10573500.00,seed,2026-05-11T09:25:00+07:00,2026-05-12T14:25:00+07:00
ORD001046,CUS000178,2026-05-28T11:25:00+07:00,completed,Hai Phong,web,12500000.00,seed,2026-05-28T11:25:00+07:00,2026-05-30T01:25:00+07:00
ORD001047,CUS000836,2026-05-04T22:45:00+07:00,completed,Nha Trang,web,5301000.00,seed,2026-05-04T22:45:00+07:00,2026-05-06T14:45:00+07:00
ORD001048,CUS000852,2026-06-02T20:20:00+07:00,cancelled,Hanoi,web,28190000.00,seed,2026-06-02T20:20:00+07:00,2026-06-04T01:20:00+07:00
ORD001049,CUS000336,2026-06-29T22:38:00+07:00,completed,Hanoi,social,17109000.00,seed,2026-06-29T22:38:00+07:00,2026-07-01T01:38:00+07:00
ORD001050,CUS000543,2026-06-16T16:28:00+07:00,completed,Ho Chi Minh City,mobile_app,13608000.00,seed,2026-06-16T16:28:00+07:00,2026-06-18T15:28:00+07:00
ORD001051,CUS000916,2026-03-04T08:21:00+07:00,completed,Vinh,mobile_app,22550000.00,seed,2026-03-04T08:21:00+07:00,2026-03-05T14:21:00+07:00
ORD001052,CUS000863,2026-04-15T13:49:00+07:00,completed,Vinh,mobile_app,14427500.00,seed,2026-04-15T13:49:00+07:00,2026-04-17T08:49:00+07:00
ORD001053,CUS000498,2026-02-26T15:15:00+07:00,confirmed,Nha Trang,web,816000.00,seed,2026-02-26T15:15:00+07:00,2026-02-26T19:15:00+07:00
ORD001054,CUS000298,2026-04-14T08:09:00+07:00,confirmed,Bac Ninh,web,17720000.00,seed,2026-04-14T08:09:00+07:00,2026-04-14T21:09:00+07:00
ORD001055,CUS000513,2026-02-17T22:33:00+07:00,completed,Ho Chi Minh City,social,18565500.00,seed,2026-02-17T22:33:00+07:00,2026-02-18T11:33:00+07:00
ORD001056,CUS000377,2026-02-16T20:26:00+07:00,completed,Hanoi,web,12166000.00,seed,2026-02-16T20:26:00+07:00,2026-02-18T07:26:00+07:00
ORD001057,CUS000861,2026-05-09T08:38:00+07:00,completed,Hai Phong,mobile_app,17467000.00,seed,2026-05-09T08:38:00+07:00,2026-05-10T07:38:00+07:00
ORD001058,CUS000202,2026-03-03T08:44:00+07:00,completed,Vinh,social,7740000.00,seed,2026-03-03T08:44:00+07:00,2026-03-05T00:44:00+07:00
ORD001059,CUS000272,2026-02-27T15:01:00+07:00,completed,Ho Chi Minh City,mobile_app,9018000.00,seed,2026-02-27T15:01:00+07:00,2026-03-01T11:01:00+07:00
ORD001060,CUS000368,2026-03-06T22:14:00+07:00,completed,Vinh,mobile_app,18095500.00,seed,2026-03-06T22:14:00+07:00,2026-03-07T17:14:00+07:00
ORD001061,CUS000828,2026-04-09T14:13:00+07:00,completed,Hue,web,6816500.00,seed,2026-04-09T14:13:00+07:00,2026-04-10T12:13:00+07:00
ORD001062,CUS000162,2026-03-10T15:24:00+07:00,completed,Can Tho,mobile_app,23415000.00,seed,2026-03-10T15:24:00+07:00,2026-03-11T14:24:00+07:00
ORD001063,CUS000771,2026-06-27T21:20:00+07:00,completed,Hai Phong,social,9464000.00,seed,2026-06-27T21:20:00+07:00,2026-06-29T10:20:00+07:00
ORD001064,CUS000625,2026-03-07T14:20:00+07:00,shipped,Da Nang,web,22657500.00,seed,2026-03-07T14:20:00+07:00,2026-03-07T14:20:00+07:00
ORD001065,CUS000300,2026-03-24T13:04:00+07:00,confirmed,Can Tho,web,15453500.00,seed,2026-03-24T13:04:00+07:00,2026-03-25T03:04:00+07:00
ORD001066,CUS000844,2026-01-27T17:17:00+07:00,completed,Bac Ninh,mobile_app,1750000.00,seed,2026-01-27T17:17:00+07:00,2026-01-29T04:17:00+07:00
ORD001067,CUS000472,2026-03-21T16:49:00+07:00,completed,Ho Chi Minh City,web,2392500.00,seed,2026-03-21T16:49:00+07:00,2026-03-23T00:49:00+07:00
ORD001068,CUS000851,2026-02-08T11:56:00+07:00,shipped,Can Tho,web,25105000.00,seed,2026-02-08T11:56:00+07:00,2026-02-09T00:56:00+07:00
ORD001069,CUS000945,2026-05-12T16:04:00+07:00,confirmed,Vinh,mobile_app,24155000.00,seed,2026-05-12T16:04:00+07:00,2026-05-14T01:04:00+07:00
ORD001070,CUS000076,2026-05-25T10:55:00+07:00,completed,Hanoi,mobile_app,29531500.00,seed,2026-05-25T10:55:00+07:00,2026-05-26T01:55:00+07:00
ORD001071,CUS000447,2026-02-20T15:49:00+07:00,completed,Da Nang,mobile_app,2449000.00,seed,2026-02-20T15:49:00+07:00,2026-02-22T06:49:00+07:00
ORD001072,CUS000852,2026-06-14T19:41:00+07:00,completed,Nha Trang,mobile_app,19559000.00,seed,2026-06-14T19:41:00+07:00,2026-06-15T02:41:00+07:00
ORD001073,CUS000483,2026-06-11T16:35:00+07:00,completed,Hue,mobile_app,16852000.00,seed,2026-06-11T16:35:00+07:00,2026-06-12T15:35:00+07:00
ORD001074,CUS000329,2026-05-14T19:29:00+07:00,completed,Nha Trang,social,14117500.00,seed,2026-05-14T19:29:00+07:00,2026-05-15T18:29:00+07:00
ORD001075,CUS000903,2026-05-08T11:05:00+07:00,completed,Bac Ninh,mobile_app,13630000.00,seed,2026-05-08T11:05:00+07:00,2026-05-09T19:05:00+07:00
ORD001076,CUS000558,2026-02-19T09:59:00+07:00,completed,Da Nang,web,1249500.00,seed,2026-02-19T09:59:00+07:00,2026-02-20T18:59:00+07:00
ORD001077,CUS000845,2026-01-09T17:49:00+07:00,shipped,Vinh,web,2641000.00,seed,2026-01-09T17:49:00+07:00,2026-01-09T17:49:00+07:00
ORD001078,CUS000571,2026-06-28T11:56:00+07:00,shipped,Hanoi,mobile_app,12332000.00,seed,2026-06-28T11:56:00+07:00,2026-06-28T11:56:00+07:00
ORD001079,CUS000259,2026-04-17T11:55:00+07:00,shipped,Vinh,web,17682500.00,seed,2026-04-17T11:55:00+07:00,2026-04-19T07:55:00+07:00
ORD001080,CUS000969,2026-01-29T10:03:00+07:00,shipped,Quang Ninh,web,25433000.00,seed,2026-01-29T10:03:00+07:00,2026-01-30T14:03:00+07:00
ORD001081,CUS000747,2026-04-06T09:01:00+07:00,completed,Bac Ninh,web,7275500.00,seed,2026-04-06T09:01:00+07:00,2026-04-06T19:01:00+07:00
ORD001082,CUS000452,2026-01-20T16:21:00+07:00,completed,Hue,web,21842500.00,seed,2026-01-20T16:21:00+07:00,2026-01-21T22:21:00+07:00
ORD001083,CUS000692,2026-03-01T13:34:00+07:00,shipped,Hue,web,13702000.00,seed,2026-03-01T13:34:00+07:00,2026-03-02T03:34:00+07:00
ORD001084,CUS000711,2026-05-30T11:15:00+07:00,completed,Can Tho,web,13380000.00,seed,2026-05-30T11:15:00+07:00,2026-06-01T02:15:00+07:00
ORD001085,CUS000877,2026-06-02T11:18:00+07:00,confirmed,Bac Ninh,mobile_app,29283000.00,seed,2026-06-02T11:18:00+07:00,2026-06-04T01:18:00+07:00
ORD001086,CUS000331,2026-05-08T20:58:00+07:00,shipped,Da Nang,web,6060000.00,seed,2026-05-08T20:58:00+07:00,2026-05-10T09:58:00+07:00
ORD001087,CUS000311,2026-02-19T18:04:00+07:00,completed,Hanoi,mobile_app,19090000.00,seed,2026-02-19T18:04:00+07:00,2026-02-19T18:04:00+07:00
ORD001088,CUS000532,2026-02-21T22:07:00+07:00,completed,Da Nang,web,7395000.00,seed,2026-02-21T22:07:00+07:00,2026-02-23T11:07:00+07:00
ORD001089,CUS000010,2026-03-17T15:14:00+07:00,completed,Quang Ninh,web,13220000.00,seed,2026-03-17T15:14:00+07:00,2026-03-18T18:14:00+07:00
ORD001090,CUS000060,2026-06-08T09:11:00+07:00,completed,Can Tho,web,24444500.00,seed,2026-06-08T09:11:00+07:00,2026-06-08T19:11:00+07:00
ORD001091,CUS000545,2026-03-04T19:28:00+07:00,confirmed,Quang Ninh,web,11934000.00,seed,2026-03-04T19:28:00+07:00,2026-03-04T21:28:00+07:00
ORD001092,CUS000723,2026-03-14T08:29:00+07:00,completed,Hanoi,web,21495500.00,seed,2026-03-14T08:29:00+07:00,2026-03-16T01:29:00+07:00
ORD001093,CUS000379,2026-05-20T14:28:00+07:00,completed,Vinh,mobile_app,8380000.00,seed,2026-05-20T14:28:00+07:00,2026-05-20T15:28:00+07:00
ORD001094,CUS000596,2026-06-16T09:06:00+07:00,completed,Vinh,mobile_app,7242000.00,seed,2026-06-16T09:06:00+07:00,2026-06-18T03:06:00+07:00
ORD001095,CUS000791,2026-03-21T13:03:00+07:00,completed,Hue,social,12305000.00,seed,2026-03-21T13:03:00+07:00,2026-03-22T08:03:00+07:00
ORD001096,CUS000410,2026-05-14T20:08:00+07:00,completed,Vinh,web,14145000.00,seed,2026-05-14T20:08:00+07:00,2026-05-15T20:08:00+07:00
ORD001097,CUS000451,2026-03-04T22:07:00+07:00,completed,Quang Ninh,web,3277500.00,seed,2026-03-04T22:07:00+07:00,2026-03-06T18:07:00+07:00
ORD001098,CUS000773,2026-01-11T11:47:00+07:00,completed,Vinh,mobile_app,7909000.00,seed,2026-01-11T11:47:00+07:00,2026-01-13T08:47:00+07:00
ORD001099,CUS000227,2026-06-24T15:25:00+07:00,shipped,Can Tho,web,24877000.00,seed,2026-06-24T15:25:00+07:00,2026-06-26T03:25:00+07:00
ORD001100,CUS000587,2026-01-22T08:18:00+07:00,confirmed,Hanoi,web,12729000.00,seed,2026-01-22T08:18:00+07:00,2026-01-23T21:18:00+07:00
ORD001101,CUS000560,2026-04-08T08:51:00+07:00,completed,Quang Ninh,social,15860000.00,seed,2026-04-08T08:51:00+07:00,2026-04-08T08:51:00+07:00
ORD001102,CUS000109,2026-06-03T18:57:00+07:00,completed,Hai Phong,web,10315000.00,seed,2026-06-03T18:57:00+07:00,2026-06-05T04:57:00+07:00
ORD001103,CUS000693,2026-01-20T08:52:00+07:00,completed,Da Nang,mobile_app,25418000.00,seed,2026-01-20T08:52:00+07:00,2026-01-21T14:52:00+07:00
ORD001104,CUS000861,2026-01-05T22:52:00+07:00,completed,Da Nang,web,15280500.00,seed,2026-01-05T22:52:00+07:00,2026-01-07T16:52:00+07:00
ORD001105,CUS000018,2026-06-19T22:11:00+07:00,completed,Quang Ninh,web,15247500.00,seed,2026-06-19T22:11:00+07:00,2026-06-19T23:11:00+07:00
ORD001106,CUS000532,2026-02-17T11:19:00+07:00,completed,Hai Phong,mobile_app,24909000.00,seed,2026-02-17T11:19:00+07:00,2026-02-17T23:19:00+07:00
ORD001107,CUS000618,2026-02-02T08:53:00+07:00,completed,Hai Phong,mobile_app,12382000.00,seed,2026-02-02T08:53:00+07:00,2026-02-04T04:53:00+07:00
ORD001108,CUS000874,2026-01-17T22:29:00+07:00,completed,Bac Ninh,web,1900000.00,seed,2026-01-17T22:29:00+07:00,2026-01-19T11:29:00+07:00
ORD001109,CUS000535,2026-01-07T18:59:00+07:00,pending,Can Tho,web,16450000.00,seed,2026-01-07T18:59:00+07:00,2026-01-09T08:59:00+07:00
ORD001110,CUS000167,2026-06-17T10:42:00+07:00,completed,Hai Phong,web,9016500.00,seed,2026-06-17T10:42:00+07:00,2026-06-17T22:42:00+07:00
ORD001111,CUS000311,2026-05-28T18:31:00+07:00,completed,Bac Ninh,mobile_app,6589500.00,seed,2026-05-28T18:31:00+07:00,2026-05-29T04:31:00+07:00
ORD001112,CUS000152,2026-01-27T12:52:00+07:00,shipped,Can Tho,mobile_app,14829000.00,seed,2026-01-27T12:52:00+07:00,2026-01-28T01:52:00+07:00
ORD001113,CUS000790,2026-04-07T19:34:00+07:00,completed,Ho Chi Minh City,mobile_app,12578000.00,seed,2026-04-07T19:34:00+07:00,2026-04-08T17:34:00+07:00
ORD001114,CUS000791,2026-02-12T10:53:00+07:00,shipped,Hai Phong,mobile_app,970000.00,seed,2026-02-12T10:53:00+07:00,2026-02-13T14:53:00+07:00
ORD001115,CUS000879,2026-04-10T20:39:00+07:00,cancelled,Vinh,web,11324000.00,seed,2026-04-10T20:39:00+07:00,2026-04-12T11:39:00+07:00
ORD001116,CUS000754,2026-02-21T21:26:00+07:00,completed,Can Tho,mobile_app,25944500.00,seed,2026-02-21T21:26:00+07:00,2026-02-22T17:26:00+07:00
ORD001117,CUS000780,2026-03-14T15:11:00+07:00,completed,Can Tho,mobile_app,6640000.00,seed,2026-03-14T15:11:00+07:00,2026-03-15T06:11:00+07:00
ORD001118,CUS000120,2026-02-19T11:50:00+07:00,completed,Vinh,mobile_app,17874500.00,seed,2026-02-19T11:50:00+07:00,2026-02-19T23:50:00+07:00
ORD001119,CUS000322,2026-05-13T17:28:00+07:00,shipped,Can Tho,mobile_app,5443500.00,seed,2026-05-13T17:28:00+07:00,2026-05-13T19:28:00+07:00
ORD001120,CUS000151,2026-04-22T14:45:00+07:00,completed,Da Nang,social,3519000.00,seed,2026-04-22T14:45:00+07:00,2026-04-24T05:45:00+07:00
ORD001121,CUS000696,2026-01-30T18:45:00+07:00,completed,Hanoi,social,9871500.00,seed,2026-01-30T18:45:00+07:00,2026-01-31T04:45:00+07:00
ORD001122,CUS000036,2026-05-02T08:39:00+07:00,shipped,Ho Chi Minh City,web,4814500.00,seed,2026-05-02T08:39:00+07:00,2026-05-02T12:39:00+07:00
ORD001123,CUS000189,2026-02-06T21:38:00+07:00,completed,Vinh,web,11584000.00,seed,2026-02-06T21:38:00+07:00,2026-02-08T03:38:00+07:00
ORD001124,CUS000203,2026-06-12T15:43:00+07:00,completed,Da Nang,web,6984000.00,seed,2026-06-12T15:43:00+07:00,2026-06-13T09:43:00+07:00
ORD001125,CUS000586,2026-06-07T09:57:00+07:00,completed,Nha Trang,web,8209500.00,seed,2026-06-07T09:57:00+07:00,2026-06-09T07:57:00+07:00
ORD001126,CUS000383,2026-02-24T15:30:00+07:00,completed,Hue,mobile_app,5743500.00,seed,2026-02-24T15:30:00+07:00,2026-02-25T16:30:00+07:00
ORD001127,CUS000385,2026-03-28T17:51:00+07:00,confirmed,Hue,web,5236000.00,seed,2026-03-28T17:51:00+07:00,2026-03-29T00:51:00+07:00
ORD001128,CUS000655,2026-06-13T08:56:00+07:00,confirmed,Quang Ninh,web,26479500.00,seed,2026-06-13T08:56:00+07:00,2026-06-14T09:56:00+07:00
ORD001129,CUS000332,2026-04-03T19:27:00+07:00,pending,Nha Trang,web,3844500.00,seed,2026-04-03T19:27:00+07:00,2026-04-05T00:27:00+07:00
ORD001130,CUS000356,2026-06-10T09:38:00+07:00,completed,Nha Trang,mobile_app,11630000.00,seed,2026-06-10T09:38:00+07:00,2026-06-12T02:38:00+07:00
ORD001131,CUS000183,2026-05-17T08:16:00+07:00,completed,Bac Ninh,mobile_app,5983000.00,seed,2026-05-17T08:16:00+07:00,2026-05-19T03:16:00+07:00
ORD001132,CUS000224,2026-03-09T21:27:00+07:00,completed,Can Tho,mobile_app,16994000.00,seed,2026-03-09T21:27:00+07:00,2026-03-10T17:27:00+07:00
ORD001133,CUS000178,2026-04-01T17:08:00+07:00,completed,Da Nang,web,14333500.00,seed,2026-04-01T17:08:00+07:00,2026-04-02T19:08:00+07:00
ORD001134,CUS000649,2026-01-02T12:21:00+07:00,completed,Ho Chi Minh City,web,16264500.00,seed,2026-01-02T12:21:00+07:00,2026-01-02T21:21:00+07:00
ORD001135,CUS000915,2026-01-15T10:58:00+07:00,completed,Bac Ninh,web,24112000.00,seed,2026-01-15T10:58:00+07:00,2026-01-15T13:58:00+07:00
ORD001136,CUS000459,2026-06-16T10:38:00+07:00,completed,Hanoi,mobile_app,5662000.00,seed,2026-06-16T10:38:00+07:00,2026-06-17T20:38:00+07:00
ORD001137,CUS000153,2026-02-14T18:22:00+07:00,shipped,Hue,web,12866500.00,seed,2026-02-14T18:22:00+07:00,2026-02-15T18:22:00+07:00
ORD001138,CUS000966,2026-03-02T10:19:00+07:00,completed,Nha Trang,web,10600000.00,seed,2026-03-02T10:19:00+07:00,2026-03-03T21:19:00+07:00
ORD001139,CUS000013,2026-04-25T13:05:00+07:00,completed,Nha Trang,web,8906000.00,seed,2026-04-25T13:05:00+07:00,2026-04-26T01:05:00+07:00
ORD001140,CUS000002,2026-05-11T20:56:00+07:00,completed,Hanoi,web,26470000.00,seed,2026-05-11T20:56:00+07:00,2026-05-13T09:56:00+07:00
ORD001141,CUS000317,2026-03-04T13:18:00+07:00,confirmed,Hai Phong,web,7090000.00,seed,2026-03-04T13:18:00+07:00,2026-03-05T17:18:00+07:00
ORD001142,CUS000084,2026-04-15T22:40:00+07:00,completed,Bac Ninh,web,6811500.00,seed,2026-04-15T22:40:00+07:00,2026-04-16T01:40:00+07:00
ORD001143,CUS000475,2026-02-27T18:51:00+07:00,completed,Da Nang,web,3529500.00,seed,2026-02-27T18:51:00+07:00,2026-03-01T08:51:00+07:00
ORD001144,CUS000182,2026-03-03T16:37:00+07:00,completed,Da Nang,mobile_app,8847000.00,seed,2026-03-03T16:37:00+07:00,2026-03-03T23:37:00+07:00
ORD001145,CUS000629,2026-06-08T11:26:00+07:00,pending,Hue,web,1460000.00,seed,2026-06-08T11:26:00+07:00,2026-06-08T21:26:00+07:00
ORD001146,CUS000385,2026-05-12T16:46:00+07:00,completed,Da Nang,web,13523000.00,seed,2026-05-12T16:46:00+07:00,2026-05-13T10:46:00+07:00
ORD001147,CUS000441,2026-02-06T09:19:00+07:00,completed,Vinh,mobile_app,11008500.00,seed,2026-02-06T09:19:00+07:00,2026-02-07T11:19:00+07:00
ORD001148,CUS000960,2026-01-24T12:06:00+07:00,completed,Bac Ninh,mobile_app,15705500.00,seed,2026-01-24T12:06:00+07:00,2026-01-24T19:06:00+07:00
ORD001149,CUS000805,2026-05-19T19:59:00+07:00,completed,Can Tho,mobile_app,1260000.00,seed,2026-05-19T19:59:00+07:00,2026-05-19T20:59:00+07:00
ORD001150,CUS000170,2026-03-27T17:25:00+07:00,completed,Nha Trang,mobile_app,6610000.00,seed,2026-03-27T17:25:00+07:00,2026-03-27T22:25:00+07:00
ORD001151,CUS000054,2026-01-17T12:29:00+07:00,completed,Nha Trang,mobile_app,14176000.00,seed,2026-01-17T12:29:00+07:00,2026-01-17T17:29:00+07:00
ORD001152,CUS000321,2026-04-17T16:58:00+07:00,completed,Nha Trang,mobile_app,6760000.00,seed,2026-04-17T16:58:00+07:00,2026-04-19T08:58:00+07:00
ORD001153,CUS000919,2026-01-31T08:41:00+07:00,completed,Can Tho,web,7870000.00,seed,2026-01-31T08:41:00+07:00,2026-02-01T05:41:00+07:00
ORD001154,CUS000218,2026-06-23T17:56:00+07:00,completed,Hanoi,social,31496500.00,seed,2026-06-23T17:56:00+07:00,2026-06-24T20:56:00+07:00
ORD001155,CUS000408,2026-02-27T12:06:00+07:00,confirmed,Bac Ninh,web,7234000.00,seed,2026-02-27T12:06:00+07:00,2026-03-01T07:06:00+07:00
ORD001156,CUS000385,2026-01-01T14:14:00+07:00,completed,Hue,mobile_app,16230000.00,seed,2026-01-01T14:14:00+07:00,2026-01-02T14:14:00+07:00
ORD001157,CUS000425,2026-03-26T14:24:00+07:00,cancelled,Bac Ninh,web,5618500.00,seed,2026-03-26T14:24:00+07:00,2026-03-28T04:24:00+07:00
ORD001158,CUS000831,2026-02-15T21:27:00+07:00,completed,Hanoi,social,23814000.00,seed,2026-02-15T21:27:00+07:00,2026-02-16T15:27:00+07:00
ORD001159,CUS000663,2026-04-02T19:00:00+07:00,shipped,Nha Trang,mobile_app,20663500.00,seed,2026-04-02T19:00:00+07:00,2026-04-03T22:00:00+07:00
ORD001160,CUS000336,2026-02-17T17:52:00+07:00,cancelled,Hai Phong,mobile_app,2361000.00,seed,2026-02-17T17:52:00+07:00,2026-02-18T08:52:00+07:00
ORD001161,CUS000543,2026-06-21T16:01:00+07:00,completed,Nha Trang,mobile_app,4339500.00,seed,2026-06-21T16:01:00+07:00,2026-06-22T21:01:00+07:00
ORD001162,CUS000857,2026-06-26T10:01:00+07:00,completed,Ho Chi Minh City,mobile_app,20801000.00,seed,2026-06-26T10:01:00+07:00,2026-06-26T17:01:00+07:00
ORD001163,CUS000105,2026-02-10T19:25:00+07:00,completed,Nha Trang,web,5661500.00,seed,2026-02-10T19:25:00+07:00,2026-02-10T19:25:00+07:00
ORD001164,CUS000018,2026-04-11T21:17:00+07:00,cancelled,Da Nang,web,9746500.00,seed,2026-04-11T21:17:00+07:00,2026-04-13T04:17:00+07:00
ORD001165,CUS000304,2026-05-11T09:25:00+07:00,completed,Vinh,social,9641000.00,seed,2026-05-11T09:25:00+07:00,2026-05-11T23:25:00+07:00
ORD001166,CUS000462,2026-05-16T19:29:00+07:00,confirmed,Ho Chi Minh City,web,2534000.00,seed,2026-05-16T19:29:00+07:00,2026-05-17T10:29:00+07:00
ORD001167,CUS000188,2026-06-06T19:04:00+07:00,completed,Hanoi,web,9281000.00,seed,2026-06-06T19:04:00+07:00,2026-06-07T21:04:00+07:00
ORD001168,CUS000930,2026-02-13T14:28:00+07:00,completed,Vinh,web,16580500.00,seed,2026-02-13T14:28:00+07:00,2026-02-14T12:28:00+07:00
ORD001169,CUS000444,2026-04-03T17:16:00+07:00,completed,Can Tho,mobile_app,8509000.00,seed,2026-04-03T17:16:00+07:00,2026-04-05T15:16:00+07:00
ORD001170,CUS000144,2026-04-17T12:29:00+07:00,completed,Hanoi,web,14144000.00,seed,2026-04-17T12:29:00+07:00,2026-04-18T12:29:00+07:00
ORD001171,CUS000072,2026-02-27T19:56:00+07:00,completed,Ho Chi Minh City,mobile_app,12362500.00,seed,2026-02-27T19:56:00+07:00,2026-02-28T12:56:00+07:00
ORD001172,CUS000290,2026-01-26T19:11:00+07:00,completed,Hai Phong,web,17293000.00,seed,2026-01-26T19:11:00+07:00,2026-01-27T02:11:00+07:00
ORD001173,CUS000727,2026-02-08T20:17:00+07:00,completed,Vinh,social,29290500.00,seed,2026-02-08T20:17:00+07:00,2026-02-10T16:17:00+07:00
ORD001174,CUS000065,2026-03-10T10:12:00+07:00,completed,Hue,social,6984000.00,seed,2026-03-10T10:12:00+07:00,2026-03-12T02:12:00+07:00
ORD001175,CUS000999,2026-01-22T09:54:00+07:00,completed,Bac Ninh,mobile_app,6180500.00,seed,2026-01-22T09:54:00+07:00,2026-01-23T07:54:00+07:00
ORD001176,CUS000176,2026-02-25T10:08:00+07:00,completed,Hanoi,mobile_app,17017000.00,seed,2026-02-25T10:08:00+07:00,2026-02-27T01:08:00+07:00
ORD001177,CUS000732,2026-01-14T08:56:00+07:00,completed,Quang Ninh,social,22476000.00,seed,2026-01-14T08:56:00+07:00,2026-01-15T14:56:00+07:00
ORD001178,CUS000570,2026-03-09T08:58:00+07:00,completed,Bac Ninh,mobile_app,16023500.00,seed,2026-03-09T08:58:00+07:00,2026-03-09T13:58:00+07:00
ORD001179,CUS000355,2026-02-22T12:23:00+07:00,completed,Hanoi,mobile_app,4910500.00,seed,2026-02-22T12:23:00+07:00,2026-02-22T23:23:00+07:00
ORD001180,CUS000012,2026-05-13T10:56:00+07:00,shipped,Vinh,mobile_app,3570000.00,seed,2026-05-13T10:56:00+07:00,2026-05-14T00:56:00+07:00
ORD001181,CUS000708,2026-02-26T14:21:00+07:00,completed,Da Nang,mobile_app,5559000.00,seed,2026-02-26T14:21:00+07:00,2026-02-28T03:21:00+07:00
ORD001182,CUS000141,2026-03-09T21:19:00+07:00,completed,Da Nang,social,23679000.00,seed,2026-03-09T21:19:00+07:00,2026-03-09T21:19:00+07:00
ORD001183,CUS000141,2026-05-23T17:05:00+07:00,completed,Hanoi,social,3880000.00,seed,2026-05-23T17:05:00+07:00,2026-05-24T17:05:00+07:00
ORD001184,CUS000959,2026-06-27T17:00:00+07:00,completed,Quang Ninh,mobile_app,21292000.00,seed,2026-06-27T17:00:00+07:00,2026-06-28T11:00:00+07:00
ORD001185,CUS000409,2026-06-07T12:04:00+07:00,shipped,Hue,web,1273000.00,seed,2026-06-07T12:04:00+07:00,2026-06-07T18:04:00+07:00
ORD001186,CUS000401,2026-05-27T11:03:00+07:00,shipped,Bac Ninh,web,1340000.00,seed,2026-05-27T11:03:00+07:00,2026-05-27T16:03:00+07:00
ORD001187,CUS000705,2026-06-16T15:31:00+07:00,completed,Ho Chi Minh City,mobile_app,9567500.00,seed,2026-06-16T15:31:00+07:00,2026-06-18T13:31:00+07:00
ORD001188,CUS000414,2026-01-10T14:42:00+07:00,shipped,Can Tho,mobile_app,1368000.00,seed,2026-01-10T14:42:00+07:00,2026-01-11T18:42:00+07:00
ORD001189,CUS000848,2026-01-18T11:55:00+07:00,confirmed,Quang Ninh,social,26665000.00,seed,2026-01-18T11:55:00+07:00,2026-01-19T07:55:00+07:00
ORD001190,CUS000763,2026-04-03T21:57:00+07:00,completed,Ho Chi Minh City,web,18397000.00,seed,2026-04-03T21:57:00+07:00,2026-04-04T20:57:00+07:00
ORD001191,CUS000566,2026-01-30T15:04:00+07:00,shipped,Vinh,mobile_app,14193000.00,seed,2026-01-30T15:04:00+07:00,2026-02-01T05:04:00+07:00
ORD001192,CUS000174,2026-03-17T11:42:00+07:00,completed,Ho Chi Minh City,web,9659000.00,seed,2026-03-17T11:42:00+07:00,2026-03-18T05:42:00+07:00
ORD001193,CUS000438,2026-01-22T10:54:00+07:00,shipped,Da Nang,mobile_app,6672500.00,seed,2026-01-22T10:54:00+07:00,2026-01-23T05:54:00+07:00
ORD001194,CUS000858,2026-02-18T21:19:00+07:00,completed,Hanoi,mobile_app,5423000.00,seed,2026-02-18T21:19:00+07:00,2026-02-20T10:19:00+07:00
ORD001195,CUS000332,2026-05-04T16:17:00+07:00,completed,Hai Phong,mobile_app,8968000.00,seed,2026-05-04T16:17:00+07:00,2026-05-05T05:17:00+07:00
ORD001196,CUS000221,2026-06-09T10:05:00+07:00,shipped,Hanoi,mobile_app,10367500.00,seed,2026-06-09T10:05:00+07:00,2026-06-10T13:05:00+07:00
ORD001197,CUS000439,2026-03-17T08:33:00+07:00,completed,Vinh,mobile_app,19633500.00,seed,2026-03-17T08:33:00+07:00,2026-03-18T01:33:00+07:00
ORD001198,CUS000084,2026-06-29T16:54:00+07:00,completed,Hanoi,mobile_app,13575500.00,seed,2026-06-29T16:54:00+07:00,2026-06-30T08:54:00+07:00
ORD001199,CUS000786,2026-01-02T09:54:00+07:00,completed,Bac Ninh,mobile_app,263500.00,seed,2026-01-02T09:54:00+07:00,2026-01-02T23:54:00+07:00
ORD001200,CUS000963,2026-04-29T16:59:00+07:00,completed,Hai Phong,social,20626000.00,seed,2026-04-29T16:59:00+07:00,2026-04-29T20:59:00+07:00
ORD001201,CUS000643,2026-02-08T11:40:00+07:00,confirmed,Quang Ninh,web,18657500.00,seed,2026-02-08T11:40:00+07:00,2026-02-10T01:40:00+07:00
ORD001202,CUS000101,2026-01-03T15:42:00+07:00,pending,Da Nang,mobile_app,21814500.00,seed,2026-01-03T15:42:00+07:00,2026-01-05T04:42:00+07:00
ORD001203,CUS000108,2026-03-27T08:01:00+07:00,completed,Hue,web,27192500.00,seed,2026-03-27T08:01:00+07:00,2026-03-28T18:01:00+07:00
ORD001204,CUS000951,2026-05-26T18:07:00+07:00,completed,Hai Phong,web,8670000.00,seed,2026-05-26T18:07:00+07:00,2026-05-27T11:07:00+07:00
ORD001205,CUS000136,2026-05-13T12:16:00+07:00,completed,Hanoi,mobile_app,10840000.00,seed,2026-05-13T12:16:00+07:00,2026-05-15T11:16:00+07:00
ORD001206,CUS000025,2026-03-04T16:11:00+07:00,shipped,Can Tho,social,13347500.00,seed,2026-03-04T16:11:00+07:00,2026-03-05T16:11:00+07:00
ORD001207,CUS000219,2026-04-17T20:21:00+07:00,completed,Hanoi,mobile_app,7031500.00,seed,2026-04-17T20:21:00+07:00,2026-04-19T07:21:00+07:00
ORD001208,CUS000255,2026-06-16T10:37:00+07:00,completed,Hai Phong,web,12900000.00,seed,2026-06-16T10:37:00+07:00,2026-06-17T08:37:00+07:00
ORD001209,CUS000851,2026-03-11T16:23:00+07:00,completed,Quang Ninh,mobile_app,25405500.00,seed,2026-03-11T16:23:00+07:00,2026-03-13T09:23:00+07:00
ORD001210,CUS000050,2026-02-03T13:02:00+07:00,shipped,Can Tho,social,17187500.00,seed,2026-02-03T13:02:00+07:00,2026-02-04T16:02:00+07:00
ORD001211,CUS000841,2026-02-27T09:15:00+07:00,completed,Can Tho,web,8258500.00,seed,2026-02-27T09:15:00+07:00,2026-03-01T01:15:00+07:00
ORD001212,CUS000057,2026-05-20T20:53:00+07:00,completed,Nha Trang,web,16226500.00,seed,2026-05-20T20:53:00+07:00,2026-05-22T09:53:00+07:00
ORD001213,CUS000272,2026-04-17T20:40:00+07:00,completed,Nha Trang,mobile_app,10455500.00,seed,2026-04-17T20:40:00+07:00,2026-04-18T18:40:00+07:00
ORD001214,CUS000155,2026-03-20T15:29:00+07:00,completed,Quang Ninh,mobile_app,26868000.00,seed,2026-03-20T15:29:00+07:00,2026-03-20T22:29:00+07:00
ORD001215,CUS000304,2026-01-17T08:49:00+07:00,cancelled,Hanoi,web,29801000.00,seed,2026-01-17T08:49:00+07:00,2026-01-17T10:49:00+07:00
ORD001216,CUS000825,2026-02-28T12:06:00+07:00,completed,Vinh,mobile_app,15605000.00,seed,2026-02-28T12:06:00+07:00,2026-03-01T06:06:00+07:00
ORD001217,CUS000808,2026-03-02T18:32:00+07:00,completed,Hue,web,23890000.00,seed,2026-03-02T18:32:00+07:00,2026-03-04T01:32:00+07:00
ORD001218,CUS000762,2026-01-29T13:17:00+07:00,completed,Vinh,mobile_app,20946000.00,seed,2026-01-29T13:17:00+07:00,2026-01-31T05:17:00+07:00
ORD001219,CUS000381,2026-04-21T18:06:00+07:00,completed,Nha Trang,mobile_app,9784000.00,seed,2026-04-21T18:06:00+07:00,2026-04-22T09:06:00+07:00
ORD001220,CUS000078,2026-03-07T15:55:00+07:00,completed,Hue,mobile_app,418000.00,seed,2026-03-07T15:55:00+07:00,2026-03-08T15:55:00+07:00
ORD001221,CUS000245,2026-04-17T20:00:00+07:00,completed,Can Tho,mobile_app,12040000.00,seed,2026-04-17T20:00:00+07:00,2026-04-18T15:00:00+07:00
ORD001222,CUS000320,2026-04-17T16:18:00+07:00,completed,Can Tho,mobile_app,16815000.00,seed,2026-04-17T16:18:00+07:00,2026-04-19T12:18:00+07:00
ORD001223,CUS000338,2026-06-01T13:06:00+07:00,shipped,Nha Trang,mobile_app,9923500.00,seed,2026-06-01T13:06:00+07:00,2026-06-02T18:06:00+07:00
ORD001224,CUS000592,2026-06-02T14:46:00+07:00,completed,Bac Ninh,social,18925000.00,seed,2026-06-02T14:46:00+07:00,2026-06-03T11:46:00+07:00
ORD001225,CUS000878,2026-01-25T17:37:00+07:00,completed,Hanoi,mobile_app,5206000.00,seed,2026-01-25T17:37:00+07:00,2026-01-26T02:37:00+07:00
ORD001226,CUS000151,2026-06-17T12:42:00+07:00,completed,Can Tho,web,760000.00,seed,2026-06-17T12:42:00+07:00,2026-06-19T10:42:00+07:00
ORD001227,CUS000867,2026-05-26T16:49:00+07:00,completed,Da Nang,mobile_app,7505000.00,seed,2026-05-26T16:49:00+07:00,2026-05-27T21:49:00+07:00
ORD001228,CUS000650,2026-01-11T13:32:00+07:00,shipped,Can Tho,mobile_app,5670000.00,seed,2026-01-11T13:32:00+07:00,2026-01-12T02:32:00+07:00
ORD001229,CUS000139,2026-06-23T20:58:00+07:00,completed,Nha Trang,social,7461000.00,seed,2026-06-23T20:58:00+07:00,2026-06-24T15:58:00+07:00
ORD001230,CUS000239,2026-03-07T16:28:00+07:00,completed,Nha Trang,web,7992000.00,seed,2026-03-07T16:28:00+07:00,2026-03-09T12:28:00+07:00
ORD001231,CUS000263,2026-04-15T17:32:00+07:00,completed,Hanoi,mobile_app,21449500.00,seed,2026-04-15T17:32:00+07:00,2026-04-15T18:32:00+07:00
ORD001232,CUS000855,2026-06-02T20:01:00+07:00,completed,Hue,web,5087500.00,seed,2026-06-02T20:01:00+07:00,2026-06-04T00:01:00+07:00
ORD001233,CUS000159,2026-01-10T19:06:00+07:00,completed,Hue,social,7522500.00,seed,2026-01-10T19:06:00+07:00,2026-01-12T17:06:00+07:00
ORD001234,CUS000425,2026-01-16T16:38:00+07:00,completed,Nha Trang,mobile_app,15531000.00,seed,2026-01-16T16:38:00+07:00,2026-01-17T18:38:00+07:00
ORD001235,CUS000170,2026-03-06T20:11:00+07:00,completed,Bac Ninh,social,5300000.00,seed,2026-03-06T20:11:00+07:00,2026-03-07T18:11:00+07:00
ORD001236,CUS000531,2026-06-06T20:23:00+07:00,completed,Hue,mobile_app,7809000.00,seed,2026-06-06T20:23:00+07:00,2026-06-08T20:23:00+07:00
ORD001237,CUS000704,2026-04-17T20:41:00+07:00,completed,Da Nang,web,330000.00,seed,2026-04-17T20:41:00+07:00,2026-04-18T05:41:00+07:00
ORD001238,CUS000236,2026-03-26T17:55:00+07:00,completed,Hanoi,web,10122000.00,seed,2026-03-26T17:55:00+07:00,2026-03-27T17:55:00+07:00
ORD001239,CUS000439,2026-03-07T15:14:00+07:00,completed,Quang Ninh,mobile_app,22657500.00,seed,2026-03-07T15:14:00+07:00,2026-03-07T17:14:00+07:00
ORD001240,CUS000271,2026-06-17T14:49:00+07:00,completed,Nha Trang,web,23380000.00,seed,2026-06-17T14:49:00+07:00,2026-06-19T13:49:00+07:00
ORD001241,CUS000729,2026-05-08T22:50:00+07:00,completed,Da Nang,mobile_app,446500.00,seed,2026-05-08T22:50:00+07:00,2026-05-09T16:50:00+07:00
ORD001242,CUS000476,2026-04-19T11:03:00+07:00,completed,Ho Chi Minh City,web,9921500.00,seed,2026-04-19T11:03:00+07:00,2026-04-21T02:03:00+07:00
ORD001243,CUS000675,2026-04-01T15:33:00+07:00,completed,Hue,mobile_app,11408000.00,seed,2026-04-01T15:33:00+07:00,2026-04-02T13:33:00+07:00
ORD001244,CUS000684,2026-06-09T12:33:00+07:00,completed,Quang Ninh,mobile_app,13475000.00,seed,2026-06-09T12:33:00+07:00,2026-06-09T17:33:00+07:00
ORD001245,CUS000963,2026-02-24T17:44:00+07:00,cancelled,Vinh,web,24390000.00,seed,2026-02-24T17:44:00+07:00,2026-02-25T10:44:00+07:00
ORD001246,CUS000528,2026-02-11T09:40:00+07:00,completed,Vinh,mobile_app,18497500.00,seed,2026-02-11T09:40:00+07:00,2026-02-12T09:40:00+07:00
ORD001247,CUS000146,2026-05-02T10:39:00+07:00,confirmed,Can Tho,web,4590000.00,seed,2026-05-02T10:39:00+07:00,2026-05-02T17:39:00+07:00
ORD001248,CUS000440,2026-05-01T11:03:00+07:00,pending,Nha Trang,mobile_app,12360000.00,seed,2026-05-01T11:03:00+07:00,2026-05-01T21:03:00+07:00
ORD001249,CUS000325,2026-05-16T14:32:00+07:00,confirmed,Quang Ninh,web,7980500.00,seed,2026-05-16T14:32:00+07:00,2026-05-17T09:32:00+07:00
ORD001250,CUS000408,2026-04-05T22:27:00+07:00,completed,Nha Trang,mobile_app,19815000.00,seed,2026-04-05T22:27:00+07:00,2026-04-07T22:27:00+07:00
ORD001251,CUS000754,2026-02-03T13:01:00+07:00,completed,Hai Phong,web,31180000.00,seed,2026-02-03T13:01:00+07:00,2026-02-05T01:01:00+07:00
ORD001252,CUS000661,2026-01-16T09:50:00+07:00,completed,Hanoi,web,33918000.00,seed,2026-01-16T09:50:00+07:00,2026-01-16T20:50:00+07:00
ORD001253,CUS000464,2026-05-20T14:55:00+07:00,confirmed,Hue,web,10499000.00,seed,2026-05-20T14:55:00+07:00,2026-05-20T18:55:00+07:00
ORD001254,CUS000936,2026-06-16T16:25:00+07:00,completed,Nha Trang,web,7415500.00,seed,2026-06-16T16:25:00+07:00,2026-06-17T05:25:00+07:00
ORD001255,CUS000080,2026-03-04T13:52:00+07:00,completed,Da Nang,web,15335500.00,seed,2026-03-04T13:52:00+07:00,2026-03-06T02:52:00+07:00
ORD001256,CUS000420,2026-02-25T12:10:00+07:00,confirmed,Can Tho,mobile_app,23263000.00,seed,2026-02-25T12:10:00+07:00,2026-02-26T02:10:00+07:00
ORD001257,CUS000304,2026-03-20T14:11:00+07:00,completed,Can Tho,web,22083000.00,seed,2026-03-20T14:11:00+07:00,2026-03-20T16:11:00+07:00
ORD001258,CUS000999,2026-02-23T08:58:00+07:00,completed,Hanoi,mobile_app,26641500.00,seed,2026-02-23T08:58:00+07:00,2026-02-24T16:58:00+07:00
ORD001259,CUS000422,2026-03-03T22:07:00+07:00,completed,Can Tho,mobile_app,12280000.00,seed,2026-03-03T22:07:00+07:00,2026-03-03T23:07:00+07:00
ORD001260,CUS000641,2026-04-02T13:18:00+07:00,completed,Hue,social,12330000.00,seed,2026-04-02T13:18:00+07:00,2026-04-03T16:18:00+07:00
ORD001261,CUS000969,2026-05-04T20:33:00+07:00,completed,Hai Phong,social,7671000.00,seed,2026-05-04T20:33:00+07:00,2026-05-06T19:33:00+07:00
ORD001262,CUS000267,2026-01-06T17:08:00+07:00,pending,Hai Phong,mobile_app,10506000.00,seed,2026-01-06T17:08:00+07:00,2026-01-07T03:08:00+07:00
ORD001263,CUS000739,2026-06-11T21:06:00+07:00,completed,Hai Phong,web,7096500.00,seed,2026-06-11T21:06:00+07:00,2026-06-13T12:06:00+07:00
ORD001264,CUS000757,2026-02-22T16:25:00+07:00,completed,Vinh,mobile_app,20138500.00,seed,2026-02-22T16:25:00+07:00,2026-02-24T09:25:00+07:00
ORD001265,CUS000755,2026-01-17T17:33:00+07:00,completed,Nha Trang,web,11595500.00,seed,2026-01-17T17:33:00+07:00,2026-01-18T20:33:00+07:00
ORD001266,CUS000648,2026-01-02T08:00:00+07:00,cancelled,Hue,web,2850000.00,seed,2026-01-02T08:00:00+07:00,2026-01-03T14:00:00+07:00
ORD001267,CUS000728,2026-06-19T18:07:00+07:00,completed,Hue,web,19750000.00,seed,2026-06-19T18:07:00+07:00,2026-06-20T19:07:00+07:00
ORD001268,CUS000941,2026-06-06T17:45:00+07:00,completed,Quang Ninh,mobile_app,4835000.00,seed,2026-06-06T17:45:00+07:00,2026-06-07T19:45:00+07:00
ORD001269,CUS000613,2026-02-18T18:23:00+07:00,shipped,Can Tho,mobile_app,4158000.00,seed,2026-02-18T18:23:00+07:00,2026-02-18T23:23:00+07:00
ORD001270,CUS000320,2026-01-22T12:04:00+07:00,completed,Hue,social,8447000.00,seed,2026-01-22T12:04:00+07:00,2026-01-22T16:04:00+07:00
ORD001271,CUS000461,2026-03-12T08:00:00+07:00,completed,Hanoi,mobile_app,11474500.00,seed,2026-03-12T08:00:00+07:00,2026-03-13T22:00:00+07:00
ORD001272,CUS000888,2026-05-07T16:05:00+07:00,shipped,Can Tho,web,10453000.00,seed,2026-05-07T16:05:00+07:00,2026-05-07T16:05:00+07:00
ORD001273,CUS000066,2026-01-04T08:09:00+07:00,completed,Can Tho,web,20819500.00,seed,2026-01-04T08:09:00+07:00,2026-01-05T07:09:00+07:00
ORD001274,CUS000648,2026-02-25T22:13:00+07:00,completed,Quang Ninh,web,12810500.00,seed,2026-02-25T22:13:00+07:00,2026-02-27T20:13:00+07:00
ORD001275,CUS000529,2026-06-11T08:26:00+07:00,completed,Bac Ninh,social,4984000.00,seed,2026-06-11T08:26:00+07:00,2026-06-11T23:26:00+07:00
ORD001276,CUS000825,2026-03-04T21:38:00+07:00,completed,Vinh,web,4797500.00,seed,2026-03-04T21:38:00+07:00,2026-03-05T17:38:00+07:00
ORD001277,CUS000205,2026-05-15T21:35:00+07:00,completed,Hue,mobile_app,11133000.00,seed,2026-05-15T21:35:00+07:00,2026-05-16T07:35:00+07:00
ORD001278,CUS000324,2026-01-10T19:34:00+07:00,completed,Hanoi,mobile_app,7792000.00,seed,2026-01-10T19:34:00+07:00,2026-01-11T11:34:00+07:00
ORD001279,CUS000556,2026-01-16T20:34:00+07:00,shipped,Ho Chi Minh City,social,6617000.00,seed,2026-01-16T20:34:00+07:00,2026-01-17T21:34:00+07:00
ORD001280,CUS000397,2026-03-11T13:30:00+07:00,completed,Can Tho,web,902500.00,seed,2026-03-11T13:30:00+07:00,2026-03-12T21:30:00+07:00
ORD001281,CUS000303,2026-03-20T20:44:00+07:00,completed,Ho Chi Minh City,web,19794000.00,seed,2026-03-20T20:44:00+07:00,2026-03-21T00:44:00+07:00
ORD001282,CUS000894,2026-06-08T09:39:00+07:00,completed,Nha Trang,web,8917000.00,seed,2026-06-08T09:39:00+07:00,2026-06-09T09:39:00+07:00
ORD001283,CUS000167,2026-03-20T20:57:00+07:00,completed,Quang Ninh,web,2360000.00,seed,2026-03-20T20:57:00+07:00,2026-03-22T05:57:00+07:00
ORD001284,CUS000844,2026-05-03T20:26:00+07:00,completed,Vinh,mobile_app,1159000.00,seed,2026-05-03T20:26:00+07:00,2026-05-05T00:26:00+07:00
ORD001285,CUS000817,2026-01-16T13:13:00+07:00,completed,Nha Trang,mobile_app,14467500.00,seed,2026-01-16T13:13:00+07:00,2026-01-18T08:13:00+07:00
ORD001286,CUS000377,2026-04-26T11:54:00+07:00,confirmed,Vinh,mobile_app,6137000.00,seed,2026-04-26T11:54:00+07:00,2026-04-27T10:54:00+07:00
ORD001287,CUS000131,2026-06-20T12:52:00+07:00,completed,Vinh,web,7002000.00,seed,2026-06-20T12:52:00+07:00,2026-06-21T00:52:00+07:00
ORD001288,CUS000956,2026-05-13T19:08:00+07:00,completed,Hue,web,13532000.00,seed,2026-05-13T19:08:00+07:00,2026-05-15T05:08:00+07:00
ORD001289,CUS000712,2026-02-10T18:42:00+07:00,completed,Hanoi,web,5589500.00,seed,2026-02-10T18:42:00+07:00,2026-02-11T14:42:00+07:00
ORD001290,CUS000280,2026-02-18T20:42:00+07:00,completed,Vinh,mobile_app,6820000.00,seed,2026-02-18T20:42:00+07:00,2026-02-18T22:42:00+07:00
ORD001291,CUS000354,2026-05-23T13:43:00+07:00,pending,Can Tho,social,15184500.00,seed,2026-05-23T13:43:00+07:00,2026-05-23T17:43:00+07:00
ORD001292,CUS000151,2026-06-15T19:25:00+07:00,completed,Vinh,mobile_app,10822000.00,seed,2026-06-15T19:25:00+07:00,2026-06-17T02:25:00+07:00
ORD001293,CUS000706,2026-01-22T14:21:00+07:00,completed,Hai Phong,mobile_app,30767500.00,seed,2026-01-22T14:21:00+07:00,2026-01-23T14:21:00+07:00
ORD001294,CUS000570,2026-02-06T14:03:00+07:00,completed,Bac Ninh,mobile_app,2546000.00,seed,2026-02-06T14:03:00+07:00,2026-02-07T11:03:00+07:00
ORD001295,CUS000826,2026-06-29T14:09:00+07:00,completed,Hue,mobile_app,11920000.00,seed,2026-06-29T14:09:00+07:00,2026-06-30T14:09:00+07:00
ORD001296,CUS000105,2026-04-04T18:52:00+07:00,cancelled,Nha Trang,social,30066000.00,seed,2026-04-04T18:52:00+07:00,2026-04-06T12:52:00+07:00
ORD001297,CUS000568,2026-05-11T20:58:00+07:00,completed,Ho Chi Minh City,web,33615000.00,seed,2026-05-11T20:58:00+07:00,2026-05-12T09:58:00+07:00
ORD001298,CUS000890,2026-06-25T20:51:00+07:00,cancelled,Vinh,web,6664000.00,seed,2026-06-25T20:51:00+07:00,2026-06-26T12:51:00+07:00
ORD001299,CUS000236,2026-02-12T15:08:00+07:00,confirmed,Hanoi,mobile_app,4220000.00,seed,2026-02-12T15:08:00+07:00,2026-02-12T18:08:00+07:00
ORD001300,CUS000993,2026-06-27T20:57:00+07:00,shipped,Bac Ninh,mobile_app,10700500.00,seed,2026-06-27T20:57:00+07:00,2026-06-28T15:57:00+07:00
ORD001301,CUS000417,2026-04-13T09:05:00+07:00,completed,Can Tho,social,6834000.00,seed,2026-04-13T09:05:00+07:00,2026-04-14T10:05:00+07:00
ORD001302,CUS000603,2026-04-21T11:11:00+07:00,completed,Ho Chi Minh City,mobile_app,5033000.00,seed,2026-04-21T11:11:00+07:00,2026-04-21T22:11:00+07:00
ORD001303,CUS000284,2026-02-18T12:58:00+07:00,completed,Da Nang,web,11244000.00,seed,2026-02-18T12:58:00+07:00,2026-02-18T22:58:00+07:00
ORD001304,CUS000089,2026-05-05T09:18:00+07:00,completed,Da Nang,mobile_app,13400000.00,seed,2026-05-05T09:18:00+07:00,2026-05-07T02:18:00+07:00
ORD001305,CUS000249,2026-04-03T18:57:00+07:00,pending,Hue,social,19012000.00,seed,2026-04-03T18:57:00+07:00,2026-04-04T08:57:00+07:00
ORD001306,CUS000417,2026-06-06T16:12:00+07:00,shipped,Bac Ninh,mobile_app,2320000.00,seed,2026-06-06T16:12:00+07:00,2026-06-08T01:12:00+07:00
ORD001307,CUS000195,2026-03-18T18:52:00+07:00,completed,Nha Trang,web,9557500.00,seed,2026-03-18T18:52:00+07:00,2026-03-19T10:52:00+07:00
ORD001308,CUS000274,2026-06-16T19:46:00+07:00,completed,Quang Ninh,web,950000.00,seed,2026-06-16T19:46:00+07:00,2026-06-18T03:46:00+07:00
ORD001309,CUS000822,2026-03-08T14:39:00+07:00,completed,Ho Chi Minh City,mobile_app,16143000.00,seed,2026-03-08T14:39:00+07:00,2026-03-09T08:39:00+07:00
ORD001310,CUS000947,2026-05-24T15:23:00+07:00,completed,Quang Ninh,mobile_app,10445000.00,seed,2026-05-24T15:23:00+07:00,2026-05-25T02:23:00+07:00
ORD001311,CUS000638,2026-01-12T11:36:00+07:00,completed,Hue,web,25794500.00,seed,2026-01-12T11:36:00+07:00,2026-01-13T14:36:00+07:00
ORD001312,CUS000705,2026-05-23T13:47:00+07:00,completed,Hue,mobile_app,21703000.00,seed,2026-05-23T13:47:00+07:00,2026-05-25T07:47:00+07:00
ORD001313,CUS000898,2026-01-17T10:21:00+07:00,completed,Quang Ninh,web,28690000.00,seed,2026-01-17T10:21:00+07:00,2026-01-18T12:21:00+07:00
ORD001314,CUS000745,2026-02-26T13:27:00+07:00,completed,Hanoi,mobile_app,15998000.00,seed,2026-02-26T13:27:00+07:00,2026-02-26T22:27:00+07:00
ORD001315,CUS000242,2026-03-18T11:41:00+07:00,completed,Hanoi,web,27780000.00,seed,2026-03-18T11:41:00+07:00,2026-03-19T01:41:00+07:00
ORD001316,CUS000873,2026-04-05T16:23:00+07:00,completed,Nha Trang,social,10250500.00,seed,2026-04-05T16:23:00+07:00,2026-04-07T12:23:00+07:00
ORD001317,CUS000445,2026-04-28T14:11:00+07:00,pending,Bac Ninh,web,11009000.00,seed,2026-04-28T14:11:00+07:00,2026-04-29T11:11:00+07:00
ORD001318,CUS000093,2026-03-13T11:56:00+07:00,confirmed,Nha Trang,social,8147000.00,seed,2026-03-13T11:56:00+07:00,2026-03-15T10:56:00+07:00
ORD001319,CUS000754,2026-03-20T14:34:00+07:00,shipped,Quang Ninh,social,2374000.00,seed,2026-03-20T14:34:00+07:00,2026-03-21T15:34:00+07:00
ORD001320,CUS000284,2026-03-01T12:34:00+07:00,shipped,Quang Ninh,web,5720000.00,seed,2026-03-01T12:34:00+07:00,2026-03-02T11:34:00+07:00
ORD001321,CUS000144,2026-04-01T16:45:00+07:00,completed,Ho Chi Minh City,mobile_app,712500.00,seed,2026-04-01T16:45:00+07:00,2026-04-01T17:45:00+07:00
ORD001322,CUS000516,2026-02-11T12:21:00+07:00,pending,Bac Ninh,social,11396000.00,seed,2026-02-11T12:21:00+07:00,2026-02-11T16:21:00+07:00
ORD001323,CUS000032,2026-02-08T10:30:00+07:00,completed,Bac Ninh,web,19710000.00,seed,2026-02-08T10:30:00+07:00,2026-02-10T10:30:00+07:00
ORD001324,CUS000131,2026-04-03T18:35:00+07:00,shipped,Quang Ninh,mobile_app,9831500.00,seed,2026-04-03T18:35:00+07:00,2026-04-05T08:35:00+07:00
ORD001325,CUS000137,2026-05-28T18:06:00+07:00,completed,Hanoi,web,6867000.00,seed,2026-05-28T18:06:00+07:00,2026-05-28T23:06:00+07:00
ORD001326,CUS000696,2026-06-22T12:18:00+07:00,completed,Vinh,mobile_app,19333500.00,seed,2026-06-22T12:18:00+07:00,2026-06-24T02:18:00+07:00
ORD001327,CUS000199,2026-03-29T17:43:00+07:00,completed,Vinh,web,24504500.00,seed,2026-03-29T17:43:00+07:00,2026-03-29T21:43:00+07:00
ORD001328,CUS000632,2026-02-05T19:24:00+07:00,confirmed,Nha Trang,web,4590000.00,seed,2026-02-05T19:24:00+07:00,2026-02-07T16:24:00+07:00
ORD001329,CUS000475,2026-01-19T21:16:00+07:00,completed,Can Tho,social,23729000.00,seed,2026-01-19T21:16:00+07:00,2026-01-20T09:16:00+07:00
ORD001330,CUS000999,2026-01-14T19:32:00+07:00,completed,Quang Ninh,social,7144000.00,seed,2026-01-14T19:32:00+07:00,2026-01-16T02:32:00+07:00
ORD001331,CUS000200,2026-06-07T13:27:00+07:00,completed,Ho Chi Minh City,mobile_app,26788000.00,seed,2026-06-07T13:27:00+07:00,2026-06-07T21:27:00+07:00
ORD001332,CUS000360,2026-05-10T19:26:00+07:00,confirmed,Quang Ninh,mobile_app,1300000.00,seed,2026-05-10T19:26:00+07:00,2026-05-12T03:26:00+07:00
ORD001333,CUS000863,2026-05-02T09:11:00+07:00,completed,Quang Ninh,web,5272500.00,seed,2026-05-02T09:11:00+07:00,2026-05-03T08:11:00+07:00
ORD001334,CUS000301,2026-01-08T17:11:00+07:00,completed,Hai Phong,social,6370500.00,seed,2026-01-08T17:11:00+07:00,2026-01-10T02:11:00+07:00
ORD001335,CUS000168,2026-05-15T18:25:00+07:00,completed,Vinh,mobile_app,12507000.00,seed,2026-05-15T18:25:00+07:00,2026-05-16T14:25:00+07:00
ORD001336,CUS000056,2026-01-24T14:38:00+07:00,completed,Can Tho,web,2286500.00,seed,2026-01-24T14:38:00+07:00,2026-01-24T23:38:00+07:00
ORD001337,CUS000375,2026-01-01T17:31:00+07:00,shipped,Hai Phong,web,15064500.00,seed,2026-01-01T17:31:00+07:00,2026-01-02T14:31:00+07:00
ORD001338,CUS000880,2026-06-29T09:15:00+07:00,completed,Can Tho,mobile_app,6306000.00,seed,2026-06-29T09:15:00+07:00,2026-06-30T06:15:00+07:00
ORD001339,CUS000041,2026-04-27T17:47:00+07:00,completed,Vinh,mobile_app,14170000.00,seed,2026-04-27T17:47:00+07:00,2026-04-28T06:47:00+07:00
ORD001340,CUS000011,2026-05-04T08:54:00+07:00,shipped,Bac Ninh,mobile_app,15785500.00,seed,2026-05-04T08:54:00+07:00,2026-05-04T10:54:00+07:00
ORD001341,CUS000780,2026-01-24T14:40:00+07:00,completed,Hue,web,3875000.00,seed,2026-01-24T14:40:00+07:00,2026-01-24T16:40:00+07:00
ORD001342,CUS000002,2026-03-11T18:30:00+07:00,completed,Hue,social,5219000.00,seed,2026-03-11T18:30:00+07:00,2026-03-12T09:30:00+07:00
ORD001343,CUS000854,2026-03-02T14:00:00+07:00,completed,Ho Chi Minh City,mobile_app,9240500.00,seed,2026-03-02T14:00:00+07:00,2026-03-03T20:00:00+07:00
ORD001344,CUS000911,2026-03-03T17:24:00+07:00,completed,Vinh,mobile_app,3748500.00,seed,2026-03-03T17:24:00+07:00,2026-03-05T00:24:00+07:00
ORD001345,CUS000667,2026-06-12T14:19:00+07:00,completed,Ho Chi Minh City,social,5490000.00,seed,2026-06-12T14:19:00+07:00,2026-06-13T00:19:00+07:00
ORD001346,CUS000849,2026-02-02T19:14:00+07:00,completed,Vinh,mobile_app,11485000.00,seed,2026-02-02T19:14:00+07:00,2026-02-03T07:14:00+07:00
ORD001347,CUS000925,2026-06-07T22:44:00+07:00,completed,Quang Ninh,social,18598000.00,seed,2026-06-07T22:44:00+07:00,2026-06-09T10:44:00+07:00
ORD001348,CUS000463,2026-04-11T12:04:00+07:00,completed,Da Nang,web,23302000.00,seed,2026-04-11T12:04:00+07:00,2026-04-11T18:04:00+07:00
ORD001349,CUS000691,2026-03-21T17:50:00+07:00,completed,Da Nang,mobile_app,21092000.00,seed,2026-03-21T17:50:00+07:00,2026-03-21T22:50:00+07:00
ORD001350,CUS000659,2026-02-27T16:47:00+07:00,completed,Hue,web,2499000.00,seed,2026-02-27T16:47:00+07:00,2026-03-01T06:47:00+07:00
ORD001351,CUS000158,2026-01-26T22:48:00+07:00,completed,Ho Chi Minh City,web,9240500.00,seed,2026-01-26T22:48:00+07:00,2026-01-28T22:48:00+07:00
ORD001352,CUS000354,2026-05-01T20:04:00+07:00,completed,Ho Chi Minh City,mobile_app,14231000.00,seed,2026-05-01T20:04:00+07:00,2026-05-03T04:04:00+07:00
ORD001353,CUS000488,2026-02-03T21:37:00+07:00,completed,Da Nang,mobile_app,21549000.00,seed,2026-02-03T21:37:00+07:00,2026-02-04T18:37:00+07:00
ORD001354,CUS000784,2026-05-14T14:51:00+07:00,completed,Can Tho,web,4139500.00,seed,2026-05-14T14:51:00+07:00,2026-05-15T01:51:00+07:00
ORD001355,CUS000463,2026-06-19T13:16:00+07:00,completed,Da Nang,mobile_app,3591000.00,seed,2026-06-19T13:16:00+07:00,2026-06-19T23:16:00+07:00
ORD001356,CUS000778,2026-03-29T22:41:00+07:00,completed,Vinh,web,14171500.00,seed,2026-03-29T22:41:00+07:00,2026-03-31T00:41:00+07:00
ORD001357,CUS000969,2026-03-11T19:09:00+07:00,completed,Nha Trang,web,14941500.00,seed,2026-03-11T19:09:00+07:00,2026-03-13T09:09:00+07:00
ORD001358,CUS000704,2026-01-30T11:38:00+07:00,shipped,Can Tho,web,17860000.00,seed,2026-01-30T11:38:00+07:00,2026-01-31T18:38:00+07:00
ORD001359,CUS000068,2026-01-06T09:16:00+07:00,confirmed,Vinh,social,19318000.00,seed,2026-01-06T09:16:00+07:00,2026-01-08T07:16:00+07:00
ORD001360,CUS000793,2026-03-28T16:54:00+07:00,completed,Bac Ninh,mobile_app,4479500.00,seed,2026-03-28T16:54:00+07:00,2026-03-29T23:54:00+07:00
ORD001361,CUS000633,2026-04-14T16:12:00+07:00,completed,Da Nang,web,7198500.00,seed,2026-04-14T16:12:00+07:00,2026-04-16T12:12:00+07:00
ORD001362,CUS000646,2026-04-23T22:05:00+07:00,completed,Da Nang,mobile_app,12269000.00,seed,2026-04-23T22:05:00+07:00,2026-04-24T04:05:00+07:00
ORD001363,CUS000253,2026-01-31T13:50:00+07:00,completed,Nha Trang,web,13693500.00,seed,2026-01-31T13:50:00+07:00,2026-02-02T08:50:00+07:00
ORD001364,CUS000802,2026-06-11T12:18:00+07:00,completed,Nha Trang,social,6519500.00,seed,2026-06-11T12:18:00+07:00,2026-06-12T01:18:00+07:00
ORD001365,CUS000390,2026-04-09T11:35:00+07:00,shipped,Nha Trang,mobile_app,14040000.00,seed,2026-04-09T11:35:00+07:00,2026-04-11T03:35:00+07:00
ORD001366,CUS000299,2026-05-20T14:05:00+07:00,completed,Can Tho,web,15215000.00,seed,2026-05-20T14:05:00+07:00,2026-05-22T09:05:00+07:00
ORD001367,CUS000599,2026-02-14T15:06:00+07:00,completed,Vinh,social,8494000.00,seed,2026-02-14T15:06:00+07:00,2026-02-15T18:06:00+07:00
ORD001368,CUS000952,2026-06-18T12:51:00+07:00,completed,Can Tho,social,1080000.00,seed,2026-06-18T12:51:00+07:00,2026-06-18T17:51:00+07:00
ORD001369,CUS000285,2026-04-15T09:23:00+07:00,completed,Vinh,web,16469500.00,seed,2026-04-15T09:23:00+07:00,2026-04-15T17:23:00+07:00
ORD001370,CUS000022,2026-04-17T10:26:00+07:00,completed,Hue,mobile_app,6822000.00,seed,2026-04-17T10:26:00+07:00,2026-04-19T01:26:00+07:00
ORD001371,CUS000026,2026-05-23T11:45:00+07:00,completed,Quang Ninh,web,4980000.00,seed,2026-05-23T11:45:00+07:00,2026-05-23T14:45:00+07:00
ORD001372,CUS000946,2026-05-27T13:46:00+07:00,completed,Hue,web,9780000.00,seed,2026-05-27T13:46:00+07:00,2026-05-27T19:46:00+07:00
ORD001373,CUS000178,2026-06-16T19:06:00+07:00,completed,Quang Ninh,social,8371000.00,seed,2026-06-16T19:06:00+07:00,2026-06-17T21:06:00+07:00
ORD001374,CUS000867,2026-03-17T20:41:00+07:00,cancelled,Bac Ninh,web,14286000.00,seed,2026-03-17T20:41:00+07:00,2026-03-18T12:41:00+07:00
ORD001375,CUS000903,2026-05-29T11:13:00+07:00,shipped,Quang Ninh,web,14324500.00,seed,2026-05-29T11:13:00+07:00,2026-05-29T11:13:00+07:00
ORD001376,CUS000832,2026-03-29T18:48:00+07:00,completed,Hai Phong,mobile_app,11858000.00,seed,2026-03-29T18:48:00+07:00,2026-03-30T13:48:00+07:00
ORD001377,CUS000081,2026-06-07T21:49:00+07:00,completed,Hai Phong,social,7173000.00,seed,2026-06-07T21:49:00+07:00,2026-06-08T14:49:00+07:00
ORD001378,CUS000191,2026-05-01T22:03:00+07:00,shipped,Nha Trang,web,3192000.00,seed,2026-05-01T22:03:00+07:00,2026-05-03T13:03:00+07:00
ORD001379,CUS000404,2026-05-22T18:53:00+07:00,completed,Quang Ninh,mobile_app,8502000.00,seed,2026-05-22T18:53:00+07:00,2026-05-23T19:53:00+07:00
ORD001380,CUS000836,2026-04-12T15:35:00+07:00,completed,Vinh,web,486000.00,seed,2026-04-12T15:35:00+07:00,2026-04-12T19:35:00+07:00
ORD001381,CUS000487,2026-01-02T11:23:00+07:00,confirmed,Da Nang,social,5970000.00,seed,2026-01-02T11:23:00+07:00,2026-01-03T13:23:00+07:00
ORD001382,CUS000561,2026-01-05T19:18:00+07:00,shipped,Bac Ninh,mobile_app,2102500.00,seed,2026-01-05T19:18:00+07:00,2026-01-07T07:18:00+07:00
ORD001383,CUS000946,2026-01-02T20:16:00+07:00,completed,Bac Ninh,mobile_app,15323000.00,seed,2026-01-02T20:16:00+07:00,2026-01-03T11:16:00+07:00
ORD001384,CUS000413,2026-04-30T11:14:00+07:00,completed,Hue,mobile_app,17770000.00,seed,2026-04-30T11:14:00+07:00,2026-05-02T08:14:00+07:00
ORD001385,CUS000973,2026-03-26T11:53:00+07:00,completed,Ho Chi Minh City,mobile_app,14816000.00,seed,2026-03-26T11:53:00+07:00,2026-03-27T20:53:00+07:00
ORD001386,CUS000940,2026-05-26T15:54:00+07:00,completed,Quang Ninh,mobile_app,30272500.00,seed,2026-05-26T15:54:00+07:00,2026-05-28T10:54:00+07:00
ORD001387,CUS000215,2026-06-22T21:02:00+07:00,completed,Hanoi,mobile_app,11204000.00,seed,2026-06-22T21:02:00+07:00,2026-06-23T00:02:00+07:00
ORD001388,CUS000474,2026-04-23T18:07:00+07:00,completed,Hanoi,web,5487000.00,seed,2026-04-23T18:07:00+07:00,2026-04-25T16:07:00+07:00
ORD001389,CUS000109,2026-01-16T22:28:00+07:00,completed,Vinh,web,14327000.00,seed,2026-01-16T22:28:00+07:00,2026-01-17T12:28:00+07:00
ORD001390,CUS000438,2026-05-06T15:13:00+07:00,completed,Hue,mobile_app,17679000.00,seed,2026-05-06T15:13:00+07:00,2026-05-07T13:13:00+07:00
ORD001391,CUS000318,2026-02-21T19:50:00+07:00,completed,Hai Phong,web,16073000.00,seed,2026-02-21T19:50:00+07:00,2026-02-22T23:50:00+07:00
ORD001392,CUS000867,2026-03-06T15:53:00+07:00,completed,Vinh,mobile_app,26653000.00,seed,2026-03-06T15:53:00+07:00,2026-03-07T12:53:00+07:00
ORD001393,CUS000241,2026-03-05T17:18:00+07:00,completed,Quang Ninh,web,18813500.00,seed,2026-03-05T17:18:00+07:00,2026-03-06T07:18:00+07:00
ORD001394,CUS000140,2026-05-06T18:33:00+07:00,shipped,Hue,web,27802500.00,seed,2026-05-06T18:33:00+07:00,2026-05-07T04:33:00+07:00
ORD001395,CUS000389,2026-02-19T12:28:00+07:00,completed,Nha Trang,web,22995000.00,seed,2026-02-19T12:28:00+07:00,2026-02-20T08:28:00+07:00
ORD001396,CUS000531,2026-05-05T10:11:00+07:00,completed,Ho Chi Minh City,mobile_app,12289500.00,seed,2026-05-05T10:11:00+07:00,2026-05-06T09:11:00+07:00
ORD001397,CUS000291,2026-06-19T16:07:00+07:00,cancelled,Hai Phong,web,3483000.00,seed,2026-06-19T16:07:00+07:00,2026-06-20T08:07:00+07:00
ORD001398,CUS000599,2026-06-29T12:54:00+07:00,completed,Ho Chi Minh City,web,4199000.00,seed,2026-06-29T12:54:00+07:00,2026-06-30T18:54:00+07:00
ORD001399,CUS000525,2026-05-04T17:24:00+07:00,completed,Da Nang,web,8630000.00,seed,2026-05-04T17:24:00+07:00,2026-05-06T06:24:00+07:00
ORD001400,CUS000420,2026-02-06T19:42:00+07:00,completed,Can Tho,mobile_app,14332000.00,seed,2026-02-06T19:42:00+07:00,2026-02-07T23:42:00+07:00
ORD001401,CUS000415,2026-02-19T21:59:00+07:00,completed,Vinh,web,8940000.00,seed,2026-02-19T21:59:00+07:00,2026-02-21T07:59:00+07:00
ORD001402,CUS000900,2026-03-23T09:52:00+07:00,completed,Hue,web,8513000.00,seed,2026-03-23T09:52:00+07:00,2026-03-23T22:52:00+07:00
ORD001403,CUS000931,2026-01-18T20:28:00+07:00,cancelled,Ho Chi Minh City,web,10404000.00,seed,2026-01-18T20:28:00+07:00,2026-01-20T16:28:00+07:00
ORD001404,CUS000207,2026-01-20T11:10:00+07:00,pending,Hai Phong,web,7290000.00,seed,2026-01-20T11:10:00+07:00,2026-01-22T10:10:00+07:00
ORD001405,CUS000112,2026-06-25T22:53:00+07:00,completed,Vinh,web,20583000.00,seed,2026-06-25T22:53:00+07:00,2026-06-26T12:53:00+07:00
ORD001406,CUS000001,2026-04-10T12:32:00+07:00,completed,Da Nang,web,17775500.00,seed,2026-04-10T12:32:00+07:00,2026-04-10T14:32:00+07:00
ORD001407,CUS000086,2026-05-23T09:44:00+07:00,confirmed,Ho Chi Minh City,web,6160000.00,seed,2026-05-23T09:44:00+07:00,2026-05-23T13:44:00+07:00
ORD001408,CUS000738,2026-06-13T14:43:00+07:00,completed,Bac Ninh,web,4939000.00,seed,2026-06-13T14:43:00+07:00,2026-06-14T09:43:00+07:00
ORD001409,CUS000879,2026-02-10T08:27:00+07:00,completed,Bac Ninh,web,23043000.00,seed,2026-02-10T08:27:00+07:00,2026-02-12T08:27:00+07:00
ORD001410,CUS000075,2026-04-05T20:58:00+07:00,completed,Hanoi,mobile_app,18924000.00,seed,2026-04-05T20:58:00+07:00,2026-04-06T18:58:00+07:00
ORD001411,CUS000171,2026-05-16T12:29:00+07:00,completed,Hai Phong,web,4964000.00,seed,2026-05-16T12:29:00+07:00,2026-05-16T13:29:00+07:00
ORD001412,CUS000376,2026-01-16T20:07:00+07:00,completed,Quang Ninh,mobile_app,2926000.00,seed,2026-01-16T20:07:00+07:00,2026-01-17T22:07:00+07:00
ORD001413,CUS000844,2026-04-04T18:33:00+07:00,pending,Can Tho,mobile_app,2360000.00,seed,2026-04-04T18:33:00+07:00,2026-04-05T20:33:00+07:00
ORD001414,CUS000530,2026-02-23T13:49:00+07:00,completed,Hanoi,social,11490000.00,seed,2026-02-23T13:49:00+07:00,2026-02-25T13:49:00+07:00
ORD001415,CUS000187,2026-04-20T19:39:00+07:00,completed,Can Tho,mobile_app,20891000.00,seed,2026-04-20T19:39:00+07:00,2026-04-21T08:39:00+07:00
ORD001416,CUS000295,2026-03-12T09:49:00+07:00,pending,Bac Ninh,social,13039000.00,seed,2026-03-12T09:49:00+07:00,2026-03-13T04:49:00+07:00
ORD001417,CUS000889,2026-06-26T10:19:00+07:00,completed,Hai Phong,mobile_app,25711000.00,seed,2026-06-26T10:19:00+07:00,2026-06-28T00:19:00+07:00
ORD001418,CUS000528,2026-06-16T10:51:00+07:00,completed,Can Tho,web,7970000.00,seed,2026-06-16T10:51:00+07:00,2026-06-17T17:51:00+07:00
ORD001419,CUS000132,2026-06-24T22:25:00+07:00,completed,Bac Ninh,web,24338500.00,seed,2026-06-24T22:25:00+07:00,2026-06-26T08:25:00+07:00
ORD001420,CUS000731,2026-02-01T17:10:00+07:00,completed,Vinh,web,3572500.00,seed,2026-02-01T17:10:00+07:00,2026-02-03T12:10:00+07:00
ORD001421,CUS000596,2026-06-07T13:43:00+07:00,completed,Hai Phong,web,9970000.00,seed,2026-06-07T13:43:00+07:00,2026-06-07T14:43:00+07:00
ORD001422,CUS000014,2026-03-17T17:38:00+07:00,completed,Hue,mobile_app,4870000.00,seed,2026-03-17T17:38:00+07:00,2026-03-17T20:38:00+07:00
ORD001423,CUS000414,2026-06-03T08:03:00+07:00,completed,Bac Ninh,web,15859000.00,seed,2026-06-03T08:03:00+07:00,2026-06-04T08:03:00+07:00
ORD001424,CUS000660,2026-01-30T16:58:00+07:00,completed,Nha Trang,web,22070000.00,seed,2026-01-30T16:58:00+07:00,2026-01-31T13:58:00+07:00
ORD001425,CUS000812,2026-05-31T16:30:00+07:00,completed,Ho Chi Minh City,social,16445000.00,seed,2026-05-31T16:30:00+07:00,2026-05-31T18:30:00+07:00
ORD001426,CUS000992,2026-05-16T11:50:00+07:00,shipped,Quang Ninh,web,5710000.00,seed,2026-05-16T11:50:00+07:00,2026-05-18T02:50:00+07:00
ORD001427,CUS000980,2026-05-28T12:46:00+07:00,completed,Can Tho,web,9991500.00,seed,2026-05-28T12:46:00+07:00,2026-05-28T23:46:00+07:00
ORD001428,CUS000012,2026-01-29T14:32:00+07:00,shipped,Quang Ninh,mobile_app,12123500.00,seed,2026-01-29T14:32:00+07:00,2026-01-30T04:32:00+07:00
ORD001429,CUS000518,2026-05-29T08:46:00+07:00,completed,Vinh,social,10910000.00,seed,2026-05-29T08:46:00+07:00,2026-05-30T06:46:00+07:00
ORD001430,CUS000110,2026-01-30T10:35:00+07:00,completed,Hue,web,13735500.00,seed,2026-01-30T10:35:00+07:00,2026-01-31T05:35:00+07:00
ORD001431,CUS000167,2026-05-23T20:46:00+07:00,completed,Da Nang,mobile_app,632000.00,seed,2026-05-23T20:46:00+07:00,2026-05-24T15:46:00+07:00
ORD001432,CUS000030,2026-02-20T14:02:00+07:00,confirmed,Quang Ninh,mobile_app,6630000.00,seed,2026-02-20T14:02:00+07:00,2026-02-22T05:02:00+07:00
ORD001433,CUS000901,2026-05-12T18:39:00+07:00,completed,Vinh,web,9909500.00,seed,2026-05-12T18:39:00+07:00,2026-05-13T00:39:00+07:00
ORD001434,CUS000572,2026-03-26T13:52:00+07:00,completed,Hanoi,web,28202000.00,seed,2026-03-26T13:52:00+07:00,2026-03-27T16:52:00+07:00
ORD001435,CUS000648,2026-03-26T21:33:00+07:00,completed,Da Nang,web,21721000.00,seed,2026-03-26T21:33:00+07:00,2026-03-28T11:33:00+07:00
ORD001436,CUS000303,2026-04-09T19:14:00+07:00,cancelled,Bac Ninh,web,21039500.00,seed,2026-04-09T19:14:00+07:00,2026-04-10T03:14:00+07:00
ORD001437,CUS000535,2026-01-19T17:39:00+07:00,completed,Hai Phong,web,23445500.00,seed,2026-01-19T17:39:00+07:00,2026-01-20T19:39:00+07:00
ORD001438,CUS000276,2026-05-07T11:42:00+07:00,shipped,Hue,mobile_app,8452000.00,seed,2026-05-07T11:42:00+07:00,2026-05-08T15:42:00+07:00
ORD001439,CUS000660,2026-03-31T16:30:00+07:00,completed,Vinh,mobile_app,14051500.00,seed,2026-03-31T16:30:00+07:00,2026-04-02T07:30:00+07:00
ORD001440,CUS000543,2026-04-25T21:19:00+07:00,completed,Nha Trang,web,8364000.00,seed,2026-04-25T21:19:00+07:00,2026-04-27T15:19:00+07:00
ORD001441,CUS000206,2026-05-10T10:00:00+07:00,completed,Hanoi,web,2170500.00,seed,2026-05-10T10:00:00+07:00,2026-05-10T16:00:00+07:00
ORD001442,CUS000507,2026-06-15T10:50:00+07:00,completed,Vinh,web,3591000.00,seed,2026-06-15T10:50:00+07:00,2026-06-16T00:50:00+07:00
ORD001443,CUS000701,2026-03-06T15:52:00+07:00,completed,Nha Trang,mobile_app,2626500.00,seed,2026-03-06T15:52:00+07:00,2026-03-07T12:52:00+07:00
ORD001444,CUS000566,2026-05-10T17:50:00+07:00,cancelled,Hue,web,26603000.00,seed,2026-05-10T17:50:00+07:00,2026-05-11T06:50:00+07:00
ORD001445,CUS000743,2026-02-25T21:59:00+07:00,completed,Vinh,mobile_app,3497000.00,seed,2026-02-25T21:59:00+07:00,2026-02-26T11:59:00+07:00
ORD001446,CUS000846,2026-06-15T09:20:00+07:00,completed,Hanoi,mobile_app,17635500.00,seed,2026-06-15T09:20:00+07:00,2026-06-16T00:20:00+07:00
ORD001447,CUS000959,2026-06-29T12:37:00+07:00,completed,Nha Trang,social,6690000.00,seed,2026-06-29T12:37:00+07:00,2026-06-30T19:37:00+07:00
ORD001448,CUS000217,2026-05-01T21:46:00+07:00,pending,Hai Phong,web,23515000.00,seed,2026-05-01T21:46:00+07:00,2026-05-02T12:46:00+07:00
ORD001449,CUS000557,2026-05-31T20:02:00+07:00,completed,Hai Phong,mobile_app,7660000.00,seed,2026-05-31T20:02:00+07:00,2026-06-01T05:02:00+07:00
ORD001450,CUS000964,2026-04-07T22:12:00+07:00,completed,Da Nang,web,6167000.00,seed,2026-04-07T22:12:00+07:00,2026-04-09T07:12:00+07:00
ORD001451,CUS000837,2026-02-05T11:28:00+07:00,cancelled,Vinh,web,18482500.00,seed,2026-02-05T11:28:00+07:00,2026-02-05T22:28:00+07:00
ORD001452,CUS000554,2026-03-26T12:20:00+07:00,pending,Nha Trang,mobile_app,9350000.00,seed,2026-03-26T12:20:00+07:00,2026-03-28T02:20:00+07:00
ORD001453,CUS000027,2026-01-01T22:56:00+07:00,completed,Da Nang,mobile_app,6938000.00,seed,2026-01-01T22:56:00+07:00,2026-01-02T01:56:00+07:00
ORD001454,CUS000323,2026-01-21T22:51:00+07:00,cancelled,Da Nang,mobile_app,15050000.00,seed,2026-01-21T22:51:00+07:00,2026-01-23T17:51:00+07:00
ORD001455,CUS000033,2026-01-31T14:53:00+07:00,cancelled,Can Tho,mobile_app,610000.00,seed,2026-01-31T14:53:00+07:00,2026-02-01T20:53:00+07:00
ORD001456,CUS000278,2026-04-10T18:45:00+07:00,shipped,Ho Chi Minh City,mobile_app,6186000.00,seed,2026-04-10T18:45:00+07:00,2026-04-11T14:45:00+07:00
ORD001457,CUS000707,2026-03-15T20:03:00+07:00,completed,Hai Phong,web,11283500.00,seed,2026-03-15T20:03:00+07:00,2026-03-15T20:03:00+07:00
ORD001458,CUS000163,2026-02-25T11:23:00+07:00,completed,Nha Trang,mobile_app,2268000.00,seed,2026-02-25T11:23:00+07:00,2026-02-25T15:23:00+07:00
ORD001459,CUS000859,2026-05-16T20:20:00+07:00,completed,Hue,mobile_app,8928000.00,seed,2026-05-16T20:20:00+07:00,2026-05-17T03:20:00+07:00
ORD001460,CUS000960,2026-03-23T17:21:00+07:00,completed,Bac Ninh,social,11602000.00,seed,2026-03-23T17:21:00+07:00,2026-03-25T11:21:00+07:00
ORD001461,CUS000839,2026-03-17T17:03:00+07:00,completed,Hanoi,mobile_app,3006000.00,seed,2026-03-17T17:03:00+07:00,2026-03-19T06:03:00+07:00
ORD001462,CUS000427,2026-05-15T13:34:00+07:00,completed,Hanoi,web,21722000.00,seed,2026-05-15T13:34:00+07:00,2026-05-17T00:34:00+07:00
ORD001463,CUS000190,2026-04-03T17:31:00+07:00,completed,Hai Phong,mobile_app,6012000.00,seed,2026-04-03T17:31:00+07:00,2026-04-03T23:31:00+07:00
ORD001464,CUS000997,2026-05-14T15:02:00+07:00,completed,Can Tho,web,18069500.00,seed,2026-05-14T15:02:00+07:00,2026-05-15T03:02:00+07:00
ORD001465,CUS000087,2026-06-22T22:31:00+07:00,completed,Da Nang,web,21988000.00,seed,2026-06-22T22:31:00+07:00,2026-06-24T13:31:00+07:00
ORD001466,CUS000157,2026-04-29T10:33:00+07:00,shipped,Hanoi,mobile_app,6689000.00,seed,2026-04-29T10:33:00+07:00,2026-04-29T17:33:00+07:00
ORD001467,CUS000561,2026-02-22T18:27:00+07:00,completed,Ho Chi Minh City,web,12602500.00,seed,2026-02-22T18:27:00+07:00,2026-02-23T21:27:00+07:00
ORD001468,CUS000453,2026-01-21T14:58:00+07:00,completed,Can Tho,mobile_app,23841500.00,seed,2026-01-21T14:58:00+07:00,2026-01-21T18:58:00+07:00
ORD001469,CUS000797,2026-05-16T20:34:00+07:00,completed,Hai Phong,mobile_app,8263000.00,seed,2026-05-16T20:34:00+07:00,2026-05-18T08:34:00+07:00
ORD001470,CUS000666,2026-06-02T10:59:00+07:00,completed,Vinh,web,4293500.00,seed,2026-06-02T10:59:00+07:00,2026-06-03T22:59:00+07:00
ORD001471,CUS000394,2026-02-23T22:31:00+07:00,completed,Hue,mobile_app,4513500.00,seed,2026-02-23T22:31:00+07:00,2026-02-24T07:31:00+07:00
ORD001472,CUS000840,2026-03-04T11:42:00+07:00,completed,Da Nang,mobile_app,14455500.00,seed,2026-03-04T11:42:00+07:00,2026-03-05T18:42:00+07:00
ORD001473,CUS000720,2026-06-22T20:01:00+07:00,completed,Hai Phong,web,6625500.00,seed,2026-06-22T20:01:00+07:00,2026-06-23T23:01:00+07:00
ORD001474,CUS000753,2026-03-27T08:38:00+07:00,completed,Can Tho,web,31995500.00,seed,2026-03-27T08:38:00+07:00,2026-03-27T09:38:00+07:00
ORD001475,CUS000198,2026-02-10T08:39:00+07:00,completed,Quang Ninh,web,6138000.00,seed,2026-02-10T08:39:00+07:00,2026-02-11T17:39:00+07:00
ORD001476,CUS000842,2026-03-27T11:01:00+07:00,shipped,Hanoi,mobile_app,9986500.00,seed,2026-03-27T11:01:00+07:00,2026-03-28T11:01:00+07:00
ORD001477,CUS000904,2026-05-30T14:26:00+07:00,completed,Hanoi,web,21957000.00,seed,2026-05-30T14:26:00+07:00,2026-05-31T04:26:00+07:00
ORD001478,CUS000219,2026-03-14T17:41:00+07:00,completed,Nha Trang,web,6379000.00,seed,2026-03-14T17:41:00+07:00,2026-03-14T17:41:00+07:00
ORD001479,CUS000289,2026-06-06T12:01:00+07:00,completed,Hue,web,10060000.00,seed,2026-06-06T12:01:00+07:00,2026-06-06T22:01:00+07:00
ORD001480,CUS000737,2026-05-22T19:50:00+07:00,completed,Hanoi,mobile_app,18800000.00,seed,2026-05-22T19:50:00+07:00,2026-05-23T02:50:00+07:00
ORD001481,CUS000980,2026-05-02T21:20:00+07:00,completed,Hanoi,web,8553000.00,seed,2026-05-02T21:20:00+07:00,2026-05-04T12:20:00+07:00
ORD001482,CUS000410,2026-02-20T11:03:00+07:00,completed,Nha Trang,web,9480000.00,seed,2026-02-20T11:03:00+07:00,2026-02-21T19:03:00+07:00
ORD001483,CUS000074,2026-03-25T15:34:00+07:00,pending,Nha Trang,web,7784000.00,seed,2026-03-25T15:34:00+07:00,2026-03-27T15:34:00+07:00
ORD001484,CUS000360,2026-03-20T17:17:00+07:00,completed,Vinh,web,4759500.00,seed,2026-03-20T17:17:00+07:00,2026-03-22T13:17:00+07:00
ORD001485,CUS000286,2026-05-08T08:13:00+07:00,completed,Hanoi,mobile_app,5819500.00,seed,2026-05-08T08:13:00+07:00,2026-05-09T13:13:00+07:00
ORD001486,CUS000799,2026-05-05T17:59:00+07:00,completed,Hai Phong,mobile_app,4830000.00,seed,2026-05-05T17:59:00+07:00,2026-05-06T04:59:00+07:00
ORD001487,CUS000176,2026-01-19T13:57:00+07:00,completed,Hanoi,social,12173000.00,seed,2026-01-19T13:57:00+07:00,2026-01-19T21:57:00+07:00
ORD001488,CUS000936,2026-04-04T09:41:00+07:00,completed,Quang Ninh,web,36079000.00,seed,2026-04-04T09:41:00+07:00,2026-04-06T07:41:00+07:00
ORD001489,CUS000379,2026-06-23T18:32:00+07:00,completed,Bac Ninh,mobile_app,1396500.00,seed,2026-06-23T18:32:00+07:00,2026-06-25T11:32:00+07:00
ORD001490,CUS000331,2026-03-23T16:27:00+07:00,completed,Hue,mobile_app,6150000.00,seed,2026-03-23T16:27:00+07:00,2026-03-24T13:27:00+07:00
ORD001491,CUS000482,2026-02-10T11:06:00+07:00,completed,Bac Ninh,mobile_app,12240500.00,seed,2026-02-10T11:06:00+07:00,2026-02-10T13:06:00+07:00
ORD001492,CUS000206,2026-02-03T18:10:00+07:00,completed,Can Tho,web,24997000.00,seed,2026-02-03T18:10:00+07:00,2026-02-05T08:10:00+07:00
ORD001493,CUS000441,2026-02-18T20:02:00+07:00,completed,Vinh,mobile_app,7505000.00,seed,2026-02-18T20:02:00+07:00,2026-02-20T02:02:00+07:00
ORD001494,CUS000450,2026-03-23T22:48:00+07:00,completed,Quang Ninh,mobile_app,17037000.00,seed,2026-03-23T22:48:00+07:00,2026-03-24T05:48:00+07:00
ORD001495,CUS000192,2026-06-27T15:21:00+07:00,completed,Nha Trang,social,16920000.00,seed,2026-06-27T15:21:00+07:00,2026-06-29T14:21:00+07:00
ORD001496,CUS000693,2026-05-05T10:31:00+07:00,completed,Hue,web,3978000.00,seed,2026-05-05T10:31:00+07:00,2026-05-07T00:31:00+07:00
ORD001497,CUS000521,2026-02-26T11:22:00+07:00,completed,Bac Ninh,web,12803000.00,seed,2026-02-26T11:22:00+07:00,2026-02-27T18:22:00+07:00
ORD001498,CUS000451,2026-04-23T22:40:00+07:00,completed,Hai Phong,web,14368500.00,seed,2026-04-23T22:40:00+07:00,2026-04-25T18:40:00+07:00
ORD001499,CUS000758,2026-06-15T22:07:00+07:00,completed,Can Tho,web,8407000.00,seed,2026-06-15T22:07:00+07:00,2026-06-16T02:07:00+07:00
ORD001500,CUS000145,2026-03-08T15:13:00+07:00,completed,Da Nang,web,198000.00,seed,2026-03-08T15:13:00+07:00,2026-03-08T16:13:00+07:00
ORD001501,CUS000712,2026-03-25T12:20:00+07:00,completed,Bac Ninh,mobile_app,9252000.00,seed,2026-03-25T12:20:00+07:00,2026-03-25T13:20:00+07:00
ORD001502,CUS000801,2026-06-25T09:12:00+07:00,completed,Bac Ninh,web,10014000.00,seed,2026-06-25T09:12:00+07:00,2026-06-26T04:12:00+07:00
ORD001503,CUS000446,2026-04-03T09:51:00+07:00,cancelled,Nha Trang,web,6552000.00,seed,2026-04-03T09:51:00+07:00,2026-04-03T18:51:00+07:00
ORD001504,CUS000356,2026-02-20T11:53:00+07:00,cancelled,Quang Ninh,web,2479000.00,seed,2026-02-20T11:53:00+07:00,2026-02-20T16:53:00+07:00
ORD001505,CUS000206,2026-05-12T14:51:00+07:00,completed,Nha Trang,web,5133500.00,seed,2026-05-12T14:51:00+07:00,2026-05-14T12:51:00+07:00
ORD001506,CUS000385,2026-01-13T13:27:00+07:00,completed,Bac Ninh,mobile_app,17556000.00,seed,2026-01-13T13:27:00+07:00,2026-01-15T11:27:00+07:00
ORD001507,CUS000838,2026-01-22T19:58:00+07:00,completed,Nha Trang,web,14929500.00,seed,2026-01-22T19:58:00+07:00,2026-01-23T11:58:00+07:00
ORD001508,CUS000316,2026-05-31T09:15:00+07:00,completed,Hanoi,web,16852000.00,seed,2026-05-31T09:15:00+07:00,2026-06-02T08:15:00+07:00
ORD001509,CUS000627,2026-03-26T17:20:00+07:00,completed,Hai Phong,web,15813500.00,seed,2026-03-26T17:20:00+07:00,2026-03-26T18:20:00+07:00
ORD001510,CUS000287,2026-03-11T11:00:00+07:00,completed,Bac Ninh,social,24139000.00,seed,2026-03-11T11:00:00+07:00,2026-03-11T19:00:00+07:00
ORD001511,CUS000641,2026-01-17T19:02:00+07:00,shipped,Ho Chi Minh City,mobile_app,21012000.00,seed,2026-01-17T19:02:00+07:00,2026-01-19T19:02:00+07:00
ORD001512,CUS000575,2026-06-21T08:19:00+07:00,completed,Nha Trang,social,9137000.00,seed,2026-06-21T08:19:00+07:00,2026-06-22T15:19:00+07:00
ORD001513,CUS000619,2026-01-17T19:57:00+07:00,completed,Ho Chi Minh City,mobile_app,20236500.00,seed,2026-01-17T19:57:00+07:00,2026-01-18T09:57:00+07:00
ORD001514,CUS000492,2026-06-28T10:49:00+07:00,completed,Vinh,web,17545000.00,seed,2026-06-28T10:49:00+07:00,2026-06-29T01:49:00+07:00
ORD001515,CUS000683,2026-03-25T08:54:00+07:00,completed,Hai Phong,mobile_app,7960000.00,seed,2026-03-25T08:54:00+07:00,2026-03-25T18:54:00+07:00
ORD001516,CUS000072,2026-03-21T15:02:00+07:00,completed,Quang Ninh,web,15621000.00,seed,2026-03-21T15:02:00+07:00,2026-03-22T20:02:00+07:00
ORD001517,CUS000038,2026-03-17T17:34:00+07:00,completed,Can Tho,web,10780000.00,seed,2026-03-17T17:34:00+07:00,2026-03-18T04:34:00+07:00
ORD001518,CUS000454,2026-03-29T10:00:00+07:00,completed,Quang Ninh,web,9436000.00,seed,2026-03-29T10:00:00+07:00,2026-03-30T18:00:00+07:00
ORD001519,CUS000234,2026-04-27T17:36:00+07:00,completed,Vinh,mobile_app,6915500.00,seed,2026-04-27T17:36:00+07:00,2026-04-29T04:36:00+07:00
ORD001520,CUS000047,2026-05-11T08:24:00+07:00,completed,Quang Ninh,web,6246000.00,seed,2026-05-11T08:24:00+07:00,2026-05-11T13:24:00+07:00
ORD001521,CUS000460,2026-04-11T13:51:00+07:00,completed,Can Tho,mobile_app,3860000.00,seed,2026-04-11T13:51:00+07:00,2026-04-11T19:51:00+07:00
ORD001522,CUS000261,2026-03-01T13:24:00+07:00,completed,Bac Ninh,mobile_app,11628000.00,seed,2026-03-01T13:24:00+07:00,2026-03-02T09:24:00+07:00
ORD001523,CUS000119,2026-05-23T20:56:00+07:00,completed,Quang Ninh,mobile_app,26967500.00,seed,2026-05-23T20:56:00+07:00,2026-05-24T23:56:00+07:00
ORD001524,CUS000693,2026-02-04T16:37:00+07:00,completed,Hanoi,web,4766000.00,seed,2026-02-04T16:37:00+07:00,2026-02-06T05:37:00+07:00
ORD001525,CUS000995,2026-06-23T10:31:00+07:00,shipped,Nha Trang,mobile_app,26924000.00,seed,2026-06-23T10:31:00+07:00,2026-06-24T03:31:00+07:00
ORD001526,CUS000985,2026-01-21T08:09:00+07:00,completed,Hai Phong,web,14411500.00,seed,2026-01-21T08:09:00+07:00,2026-01-23T02:09:00+07:00
ORD001527,CUS000730,2026-03-08T22:39:00+07:00,pending,Ho Chi Minh City,web,11933000.00,seed,2026-03-08T22:39:00+07:00,2026-03-10T04:39:00+07:00
ORD001528,CUS000965,2026-06-17T09:06:00+07:00,completed,Quang Ninh,mobile_app,8890000.00,seed,2026-06-17T09:06:00+07:00,2026-06-18T11:06:00+07:00
ORD001529,CUS000326,2026-06-11T19:51:00+07:00,completed,Nha Trang,web,25146500.00,seed,2026-06-11T19:51:00+07:00,2026-06-13T16:51:00+07:00
ORD001530,CUS000118,2026-06-18T20:13:00+07:00,completed,Hue,web,17931000.00,seed,2026-06-18T20:13:00+07:00,2026-06-20T05:13:00+07:00
ORD001531,CUS000177,2026-05-06T10:23:00+07:00,completed,Quang Ninh,web,4710500.00,seed,2026-05-06T10:23:00+07:00,2026-05-07T08:23:00+07:00
ORD001532,CUS000755,2026-01-14T19:08:00+07:00,shipped,Quang Ninh,social,2410000.00,seed,2026-01-14T19:08:00+07:00,2026-01-15T12:08:00+07:00
ORD001533,CUS000060,2026-06-15T19:15:00+07:00,completed,Vinh,web,31173000.00,seed,2026-06-15T19:15:00+07:00,2026-06-17T03:15:00+07:00
ORD001534,CUS000698,2026-03-18T15:27:00+07:00,completed,Nha Trang,web,4560000.00,seed,2026-03-18T15:27:00+07:00,2026-03-19T15:27:00+07:00
ORD001535,CUS000568,2026-05-12T13:04:00+07:00,completed,Can Tho,web,13553000.00,seed,2026-05-12T13:04:00+07:00,2026-05-12T18:04:00+07:00
ORD001536,CUS000853,2026-02-20T13:31:00+07:00,completed,Hai Phong,web,3000000.00,seed,2026-02-20T13:31:00+07:00,2026-02-22T11:31:00+07:00
ORD001537,CUS000332,2026-03-16T13:38:00+07:00,completed,Hanoi,mobile_app,14358500.00,seed,2026-03-16T13:38:00+07:00,2026-03-16T23:38:00+07:00
ORD001538,CUS000024,2026-04-04T16:22:00+07:00,completed,Ho Chi Minh City,mobile_app,13693000.00,seed,2026-04-04T16:22:00+07:00,2026-04-05T07:22:00+07:00
ORD001539,CUS000334,2026-03-22T13:17:00+07:00,completed,Quang Ninh,social,14819000.00,seed,2026-03-22T13:17:00+07:00,2026-03-23T19:17:00+07:00
ORD001540,CUS000824,2026-03-30T08:58:00+07:00,completed,Nha Trang,web,13089500.00,seed,2026-03-30T08:58:00+07:00,2026-03-30T17:58:00+07:00
ORD001541,CUS000704,2026-04-12T11:31:00+07:00,completed,Bac Ninh,mobile_app,9842000.00,seed,2026-04-12T11:31:00+07:00,2026-04-14T08:31:00+07:00
ORD001542,CUS000082,2026-05-03T13:36:00+07:00,confirmed,Quang Ninh,social,4699000.00,seed,2026-05-03T13:36:00+07:00,2026-05-03T20:36:00+07:00
ORD001543,CUS000770,2026-06-01T16:09:00+07:00,confirmed,Vinh,mobile_app,9626500.00,seed,2026-06-01T16:09:00+07:00,2026-06-03T09:09:00+07:00
ORD001544,CUS000752,2026-05-04T11:40:00+07:00,confirmed,Can Tho,web,3173000.00,seed,2026-05-04T11:40:00+07:00,2026-05-04T22:40:00+07:00
ORD001545,CUS000321,2026-02-02T14:16:00+07:00,completed,Nha Trang,web,8689000.00,seed,2026-02-02T14:16:00+07:00,2026-02-04T05:16:00+07:00
ORD001546,CUS000891,2026-06-07T09:04:00+07:00,cancelled,Bac Ninh,web,11438000.00,seed,2026-06-07T09:04:00+07:00,2026-06-07T11:04:00+07:00
ORD001547,CUS000019,2026-02-15T17:09:00+07:00,completed,Quang Ninh,web,2472000.00,seed,2026-02-15T17:09:00+07:00,2026-02-16T14:09:00+07:00
ORD001548,CUS000492,2026-05-09T13:02:00+07:00,completed,Nha Trang,web,26106000.00,seed,2026-05-09T13:02:00+07:00,2026-05-11T09:02:00+07:00
ORD001549,CUS000271,2026-06-26T08:54:00+07:00,completed,Hanoi,web,16556000.00,seed,2026-06-26T08:54:00+07:00,2026-06-27T18:54:00+07:00
ORD001550,CUS000067,2026-05-23T18:59:00+07:00,completed,Can Tho,mobile_app,13006500.00,seed,2026-05-23T18:59:00+07:00,2026-05-24T14:59:00+07:00
ORD001551,CUS000113,2026-03-12T15:08:00+07:00,completed,Hue,mobile_app,26995000.00,seed,2026-03-12T15:08:00+07:00,2026-03-14T05:08:00+07:00
ORD001552,CUS000661,2026-02-20T09:37:00+07:00,cancelled,Nha Trang,mobile_app,13470000.00,seed,2026-02-20T09:37:00+07:00,2026-02-21T14:37:00+07:00
ORD001553,CUS000206,2026-01-04T11:19:00+07:00,completed,Hanoi,social,7365000.00,seed,2026-01-04T11:19:00+07:00,2026-01-06T00:19:00+07:00
ORD001554,CUS000995,2026-03-26T21:56:00+07:00,completed,Vinh,web,8405000.00,seed,2026-03-26T21:56:00+07:00,2026-03-27T06:56:00+07:00
ORD001555,CUS000743,2026-03-21T20:37:00+07:00,shipped,Bac Ninh,social,17095500.00,seed,2026-03-21T20:37:00+07:00,2026-03-23T14:37:00+07:00
ORD001556,CUS000460,2026-03-14T22:03:00+07:00,completed,Vinh,social,16421500.00,seed,2026-03-14T22:03:00+07:00,2026-03-16T11:03:00+07:00
ORD001557,CUS000001,2026-01-05T18:09:00+07:00,shipped,Can Tho,web,12220000.00,seed,2026-01-05T18:09:00+07:00,2026-01-06T18:09:00+07:00
ORD001558,CUS000388,2026-04-15T14:39:00+07:00,completed,Ho Chi Minh City,web,27909000.00,seed,2026-04-15T14:39:00+07:00,2026-04-15T17:39:00+07:00
ORD001559,CUS000593,2026-02-13T08:10:00+07:00,pending,Da Nang,web,20075500.00,seed,2026-02-13T08:10:00+07:00,2026-02-15T03:10:00+07:00
ORD001560,CUS000632,2026-02-08T15:03:00+07:00,completed,Hanoi,mobile_app,16943000.00,seed,2026-02-08T15:03:00+07:00,2026-02-10T07:03:00+07:00
ORD001561,CUS000338,2026-06-25T17:43:00+07:00,completed,Bac Ninh,mobile_app,12862500.00,seed,2026-06-25T17:43:00+07:00,2026-06-25T20:43:00+07:00
ORD001562,CUS000702,2026-04-23T21:36:00+07:00,confirmed,Can Tho,mobile_app,13721500.00,seed,2026-04-23T21:36:00+07:00,2026-04-25T10:36:00+07:00
ORD001563,CUS000622,2026-05-23T11:13:00+07:00,completed,Hanoi,social,9580000.00,seed,2026-05-23T11:13:00+07:00,2026-05-23T14:13:00+07:00
ORD001564,CUS000969,2026-05-05T17:09:00+07:00,completed,Hai Phong,mobile_app,11437000.00,seed,2026-05-05T17:09:00+07:00,2026-05-07T13:09:00+07:00
ORD001565,CUS000961,2026-02-22T16:05:00+07:00,completed,Hanoi,mobile_app,7720000.00,seed,2026-02-22T16:05:00+07:00,2026-02-23T18:05:00+07:00
ORD001566,CUS000460,2026-05-30T21:06:00+07:00,completed,Quang Ninh,mobile_app,1360000.00,seed,2026-05-30T21:06:00+07:00,2026-06-01T07:06:00+07:00
ORD001567,CUS000698,2026-03-01T19:06:00+07:00,completed,Ho Chi Minh City,web,6599000.00,seed,2026-03-01T19:06:00+07:00,2026-03-03T00:06:00+07:00
ORD001568,CUS000114,2026-01-01T16:11:00+07:00,completed,Ho Chi Minh City,web,27313000.00,seed,2026-01-01T16:11:00+07:00,2026-01-02T13:11:00+07:00
ORD001569,CUS000364,2026-04-10T13:46:00+07:00,completed,Hue,mobile_app,14372500.00,seed,2026-04-10T13:46:00+07:00,2026-04-10T14:46:00+07:00
ORD001570,CUS000495,2026-03-09T17:29:00+07:00,completed,Hue,web,14100000.00,seed,2026-03-09T17:29:00+07:00,2026-03-11T06:29:00+07:00
ORD001571,CUS000893,2026-01-28T17:50:00+07:00,completed,Hue,mobile_app,1805000.00,seed,2026-01-28T17:50:00+07:00,2026-01-30T03:50:00+07:00
ORD001572,CUS000524,2026-01-18T17:20:00+07:00,pending,Hai Phong,social,10510000.00,seed,2026-01-18T17:20:00+07:00,2026-01-19T19:20:00+07:00
ORD001573,CUS000843,2026-03-16T10:52:00+07:00,pending,Nha Trang,web,40476000.00,seed,2026-03-16T10:52:00+07:00,2026-03-16T22:52:00+07:00
ORD001574,CUS000144,2026-06-21T20:15:00+07:00,completed,Ho Chi Minh City,mobile_app,8508500.00,seed,2026-06-21T20:15:00+07:00,2026-06-23T19:15:00+07:00
ORD001575,CUS000383,2026-01-16T11:25:00+07:00,completed,Hai Phong,web,6528000.00,seed,2026-01-16T11:25:00+07:00,2026-01-18T02:25:00+07:00
ORD001576,CUS000163,2026-03-08T08:04:00+07:00,confirmed,Da Nang,social,16315000.00,seed,2026-03-08T08:04:00+07:00,2026-03-08T15:04:00+07:00
ORD001577,CUS000924,2026-04-05T22:06:00+07:00,shipped,Nha Trang,social,6032500.00,seed,2026-04-05T22:06:00+07:00,2026-04-07T10:06:00+07:00
ORD001578,CUS000515,2026-01-05T18:32:00+07:00,completed,Bac Ninh,web,11758500.00,seed,2026-01-05T18:32:00+07:00,2026-01-06T00:32:00+07:00
ORD001579,CUS000445,2026-06-17T15:29:00+07:00,completed,Ho Chi Minh City,mobile_app,16900000.00,seed,2026-06-17T15:29:00+07:00,2026-06-18T15:29:00+07:00
ORD001580,CUS000108,2026-04-26T16:31:00+07:00,completed,Hanoi,web,6858000.00,seed,2026-04-26T16:31:00+07:00,2026-04-28T13:31:00+07:00
ORD001581,CUS000398,2026-06-19T13:09:00+07:00,shipped,Quang Ninh,web,6276000.00,seed,2026-06-19T13:09:00+07:00,2026-06-20T08:09:00+07:00
ORD001582,CUS000523,2026-02-02T12:20:00+07:00,completed,Vinh,mobile_app,26878000.00,seed,2026-02-02T12:20:00+07:00,2026-02-03T08:20:00+07:00
ORD001583,CUS000109,2026-01-14T14:03:00+07:00,cancelled,Vinh,web,17288000.00,seed,2026-01-14T14:03:00+07:00,2026-01-15T18:03:00+07:00
ORD001584,CUS000389,2026-02-12T15:40:00+07:00,completed,Hai Phong,web,6507000.00,seed,2026-02-12T15:40:00+07:00,2026-02-13T16:40:00+07:00
ORD001585,CUS000437,2026-05-23T13:08:00+07:00,completed,Hue,mobile_app,19854000.00,seed,2026-05-23T13:08:00+07:00,2026-05-23T16:08:00+07:00
ORD001586,CUS000736,2026-06-09T18:15:00+07:00,confirmed,Bac Ninh,mobile_app,3114000.00,seed,2026-06-09T18:15:00+07:00,2026-06-10T00:15:00+07:00
ORD001587,CUS000582,2026-01-25T09:00:00+07:00,cancelled,Da Nang,web,6483500.00,seed,2026-01-25T09:00:00+07:00,2026-01-26T19:00:00+07:00
ORD001588,CUS000431,2026-02-05T14:23:00+07:00,completed,Bac Ninh,web,26426000.00,seed,2026-02-05T14:23:00+07:00,2026-02-06T08:23:00+07:00
ORD001589,CUS000965,2026-06-20T11:36:00+07:00,completed,Can Tho,mobile_app,1368000.00,seed,2026-06-20T11:36:00+07:00,2026-06-20T21:36:00+07:00
ORD001590,CUS000832,2026-05-06T15:44:00+07:00,completed,Hanoi,mobile_app,6203500.00,seed,2026-05-06T15:44:00+07:00,2026-05-07T10:44:00+07:00
ORD001591,CUS000617,2026-05-24T22:09:00+07:00,completed,Hue,social,17875500.00,seed,2026-05-24T22:09:00+07:00,2026-05-25T02:09:00+07:00
ORD001592,CUS000669,2026-02-16T15:56:00+07:00,completed,Hue,mobile_app,4380000.00,seed,2026-02-16T15:56:00+07:00,2026-02-16T22:56:00+07:00
ORD001593,CUS000650,2026-01-09T09:04:00+07:00,completed,Hai Phong,web,5421000.00,seed,2026-01-09T09:04:00+07:00,2026-01-11T03:04:00+07:00
ORD001594,CUS000809,2026-04-20T14:11:00+07:00,completed,Can Tho,web,2079000.00,seed,2026-04-20T14:11:00+07:00,2026-04-21T07:11:00+07:00
ORD001595,CUS000722,2026-05-24T15:40:00+07:00,shipped,Quang Ninh,web,16950500.00,seed,2026-05-24T15:40:00+07:00,2026-05-25T20:40:00+07:00
ORD001596,CUS000615,2026-02-05T19:06:00+07:00,completed,Ho Chi Minh City,mobile_app,2327500.00,seed,2026-02-05T19:06:00+07:00,2026-02-07T01:06:00+07:00
ORD001597,CUS000489,2026-04-10T16:31:00+07:00,cancelled,Bac Ninh,web,9300000.00,seed,2026-04-10T16:31:00+07:00,2026-04-10T19:31:00+07:00
ORD001598,CUS000428,2026-05-28T08:14:00+07:00,completed,Ho Chi Minh City,web,981000.00,seed,2026-05-28T08:14:00+07:00,2026-05-30T05:14:00+07:00
ORD001599,CUS000735,2026-03-01T20:41:00+07:00,completed,Da Nang,web,17134500.00,seed,2026-03-01T20:41:00+07:00,2026-03-03T20:41:00+07:00
ORD001600,CUS000390,2026-04-01T18:54:00+07:00,completed,Bac Ninh,web,7656000.00,seed,2026-04-01T18:54:00+07:00,2026-04-03T04:54:00+07:00
ORD001601,CUS000589,2026-04-14T08:45:00+07:00,pending,Vinh,social,14364000.00,seed,2026-04-14T08:45:00+07:00,2026-04-14T19:45:00+07:00
ORD001602,CUS000720,2026-06-06T15:05:00+07:00,cancelled,Can Tho,mobile_app,20853500.00,seed,2026-06-06T15:05:00+07:00,2026-06-06T17:05:00+07:00
ORD001603,CUS000885,2026-02-16T14:57:00+07:00,completed,Hue,web,26615500.00,seed,2026-02-16T14:57:00+07:00,2026-02-17T23:57:00+07:00
ORD001604,CUS000872,2026-06-06T22:32:00+07:00,completed,Can Tho,mobile_app,4400000.00,seed,2026-06-06T22:32:00+07:00,2026-06-08T19:32:00+07:00
ORD001605,CUS000609,2026-03-04T11:17:00+07:00,completed,Ho Chi Minh City,mobile_app,3360000.00,seed,2026-03-04T11:17:00+07:00,2026-03-04T16:17:00+07:00
ORD001606,CUS000854,2026-04-23T13:44:00+07:00,shipped,Vinh,mobile_app,27253000.00,seed,2026-04-23T13:44:00+07:00,2026-04-24T02:44:00+07:00
ORD001607,CUS000918,2026-01-26T21:29:00+07:00,completed,Quang Ninh,mobile_app,5348500.00,seed,2026-01-26T21:29:00+07:00,2026-01-27T13:29:00+07:00
ORD001608,CUS000412,2026-02-09T16:07:00+07:00,completed,Ho Chi Minh City,web,14744000.00,seed,2026-02-09T16:07:00+07:00,2026-02-10T18:07:00+07:00
ORD001609,CUS000018,2026-03-07T08:19:00+07:00,completed,Da Nang,social,22534000.00,seed,2026-03-07T08:19:00+07:00,2026-03-08T16:19:00+07:00
ORD001610,CUS000696,2026-01-31T20:45:00+07:00,completed,Hanoi,mobile_app,21848000.00,seed,2026-01-31T20:45:00+07:00,2026-02-01T01:45:00+07:00
ORD001611,CUS000786,2026-03-25T11:09:00+07:00,completed,Vinh,web,8079500.00,seed,2026-03-25T11:09:00+07:00,2026-03-26T11:09:00+07:00
ORD001612,CUS000220,2026-05-31T19:53:00+07:00,completed,Hai Phong,web,13728500.00,seed,2026-05-31T19:53:00+07:00,2026-06-02T01:53:00+07:00
ORD001613,CUS000991,2026-06-13T17:39:00+07:00,completed,Ho Chi Minh City,web,5973000.00,seed,2026-06-13T17:39:00+07:00,2026-06-13T17:39:00+07:00
ORD001614,CUS000678,2026-06-10T17:59:00+07:00,completed,Bac Ninh,mobile_app,828000.00,seed,2026-06-10T17:59:00+07:00,2026-06-10T17:59:00+07:00
ORD001615,CUS000754,2026-03-30T17:21:00+07:00,completed,Hue,mobile_app,3543500.00,seed,2026-03-30T17:21:00+07:00,2026-04-01T17:21:00+07:00
ORD001616,CUS000532,2026-03-07T13:33:00+07:00,shipped,Hai Phong,web,6156000.00,seed,2026-03-07T13:33:00+07:00,2026-03-08T09:33:00+07:00
ORD001617,CUS000041,2026-02-17T09:44:00+07:00,completed,Bac Ninh,mobile_app,4301000.00,seed,2026-02-17T09:44:00+07:00,2026-02-19T09:44:00+07:00
ORD001618,CUS000295,2026-04-29T15:57:00+07:00,shipped,Can Tho,web,7380000.00,seed,2026-04-29T15:57:00+07:00,2026-05-01T07:57:00+07:00
ORD001619,CUS000658,2026-05-20T12:38:00+07:00,pending,Bac Ninh,web,730000.00,seed,2026-05-20T12:38:00+07:00,2026-05-20T13:38:00+07:00
ORD001620,CUS000665,2026-01-08T19:38:00+07:00,shipped,Nha Trang,mobile_app,3420000.00,seed,2026-01-08T19:38:00+07:00,2026-01-10T08:38:00+07:00
ORD001621,CUS000831,2026-04-07T10:19:00+07:00,completed,Can Tho,web,7470000.00,seed,2026-04-07T10:19:00+07:00,2026-04-08T02:19:00+07:00
ORD001622,CUS000364,2026-05-06T21:44:00+07:00,cancelled,Nha Trang,web,9578000.00,seed,2026-05-06T21:44:00+07:00,2026-05-08T00:44:00+07:00
ORD001623,CUS000994,2026-06-14T16:04:00+07:00,completed,Hanoi,mobile_app,25457000.00,seed,2026-06-14T16:04:00+07:00,2026-06-15T22:04:00+07:00
ORD001624,CUS000486,2026-01-13T14:55:00+07:00,completed,Ho Chi Minh City,web,30570000.00,seed,2026-01-13T14:55:00+07:00,2026-01-15T10:55:00+07:00
ORD001625,CUS000210,2026-02-08T22:31:00+07:00,completed,Vinh,mobile_app,17991000.00,seed,2026-02-08T22:31:00+07:00,2026-02-10T05:31:00+07:00
ORD001626,CUS000673,2026-06-19T20:22:00+07:00,completed,Bac Ninh,web,13225500.00,seed,2026-06-19T20:22:00+07:00,2026-06-19T20:22:00+07:00
ORD001627,CUS000814,2026-06-10T08:02:00+07:00,completed,Ho Chi Minh City,mobile_app,7257000.00,seed,2026-06-10T08:02:00+07:00,2026-06-11T04:02:00+07:00
ORD001628,CUS000645,2026-04-13T17:58:00+07:00,completed,Hanoi,mobile_app,9847500.00,seed,2026-04-13T17:58:00+07:00,2026-04-14T05:58:00+07:00
ORD001629,CUS000013,2026-04-22T08:23:00+07:00,completed,Can Tho,mobile_app,18094000.00,seed,2026-04-22T08:23:00+07:00,2026-04-24T00:23:00+07:00
ORD001630,CUS000276,2026-05-25T17:18:00+07:00,completed,Hue,web,18060000.00,seed,2026-05-25T17:18:00+07:00,2026-05-26T23:18:00+07:00
ORD001631,CUS000348,2026-05-23T08:32:00+07:00,shipped,Hai Phong,web,31173500.00,seed,2026-05-23T08:32:00+07:00,2026-05-24T04:32:00+07:00
ORD001632,CUS000140,2026-05-05T09:07:00+07:00,cancelled,Vinh,web,25937500.00,seed,2026-05-05T09:07:00+07:00,2026-05-06T09:07:00+07:00
ORD001633,CUS000552,2026-06-18T17:35:00+07:00,confirmed,Hue,web,6250000.00,seed,2026-06-18T17:35:00+07:00,2026-06-20T07:35:00+07:00
ORD001634,CUS000803,2026-05-28T20:44:00+07:00,cancelled,Hue,social,5326000.00,seed,2026-05-28T20:44:00+07:00,2026-05-29T02:44:00+07:00
ORD001635,CUS000332,2026-02-26T15:06:00+07:00,completed,Da Nang,mobile_app,24165500.00,seed,2026-02-26T15:06:00+07:00,2026-02-28T09:06:00+07:00
ORD001636,CUS000211,2026-03-14T08:11:00+07:00,completed,Can Tho,web,11981000.00,seed,2026-03-14T08:11:00+07:00,2026-03-15T01:11:00+07:00
ORD001637,CUS000057,2026-02-02T12:55:00+07:00,confirmed,Can Tho,mobile_app,3270000.00,seed,2026-02-02T12:55:00+07:00,2026-02-02T20:55:00+07:00
ORD001638,CUS000686,2026-03-01T08:25:00+07:00,shipped,Ho Chi Minh City,web,18788500.00,seed,2026-03-01T08:25:00+07:00,2026-03-01T21:25:00+07:00
ORD001639,CUS000478,2026-02-27T21:26:00+07:00,completed,Hue,mobile_app,9996000.00,seed,2026-02-27T21:26:00+07:00,2026-03-01T20:26:00+07:00
ORD001640,CUS000852,2026-03-02T21:44:00+07:00,confirmed,Da Nang,mobile_app,10820000.00,seed,2026-03-02T21:44:00+07:00,2026-03-03T12:44:00+07:00
ORD001641,CUS000426,2026-04-22T20:01:00+07:00,completed,Da Nang,mobile_app,10967000.00,seed,2026-04-22T20:01:00+07:00,2026-04-24T02:01:00+07:00
ORD001642,CUS000036,2026-03-08T13:41:00+07:00,completed,Hanoi,web,1743000.00,seed,2026-03-08T13:41:00+07:00,2026-03-10T07:41:00+07:00
ORD001643,CUS000517,2026-04-21T16:22:00+07:00,completed,Hue,web,5480000.00,seed,2026-04-21T16:22:00+07:00,2026-04-22T17:22:00+07:00
ORD001644,CUS000310,2026-04-19T18:49:00+07:00,completed,Da Nang,web,13723500.00,seed,2026-04-19T18:49:00+07:00,2026-04-20T05:49:00+07:00
ORD001645,CUS000914,2026-03-11T20:34:00+07:00,completed,Bac Ninh,web,2856000.00,seed,2026-03-11T20:34:00+07:00,2026-03-12T19:34:00+07:00
ORD001646,CUS000835,2026-04-22T21:02:00+07:00,completed,Quang Ninh,mobile_app,15865000.00,seed,2026-04-22T21:02:00+07:00,2026-04-23T07:02:00+07:00
ORD001647,CUS000465,2026-01-09T18:38:00+07:00,completed,Can Tho,web,6744000.00,seed,2026-01-09T18:38:00+07:00,2026-01-11T06:38:00+07:00
ORD001648,CUS000499,2026-06-18T08:17:00+07:00,completed,Vinh,mobile_app,31587000.00,seed,2026-06-18T08:17:00+07:00,2026-06-19T18:17:00+07:00
ORD001649,CUS000682,2026-01-20T09:34:00+07:00,completed,Ho Chi Minh City,mobile_app,3136500.00,seed,2026-01-20T09:34:00+07:00,2026-01-22T05:34:00+07:00
ORD001650,CUS000311,2026-06-01T12:12:00+07:00,completed,Hue,web,2204000.00,seed,2026-06-01T12:12:00+07:00,2026-06-02T13:12:00+07:00
ORD001651,CUS000755,2026-04-16T22:39:00+07:00,completed,Hai Phong,web,9840000.00,seed,2026-04-16T22:39:00+07:00,2026-04-18T15:39:00+07:00
ORD001652,CUS000970,2026-06-22T19:29:00+07:00,completed,Vinh,web,14229000.00,seed,2026-06-22T19:29:00+07:00,2026-06-23T08:29:00+07:00
ORD001653,CUS000054,2026-05-06T09:21:00+07:00,completed,Vinh,web,10063000.00,seed,2026-05-06T09:21:00+07:00,2026-05-07T21:21:00+07:00
ORD001654,CUS000133,2026-01-14T09:34:00+07:00,completed,Nha Trang,mobile_app,17587500.00,seed,2026-01-14T09:34:00+07:00,2026-01-14T15:34:00+07:00
ORD001655,CUS000728,2026-04-10T15:02:00+07:00,completed,Bac Ninh,web,8136000.00,seed,2026-04-10T15:02:00+07:00,2026-04-11T03:02:00+07:00
ORD001656,CUS000932,2026-04-24T20:13:00+07:00,completed,Ho Chi Minh City,web,9530000.00,seed,2026-04-24T20:13:00+07:00,2026-04-26T11:13:00+07:00
ORD001657,CUS000217,2026-06-21T20:13:00+07:00,completed,Bac Ninh,mobile_app,24382000.00,seed,2026-06-21T20:13:00+07:00,2026-06-22T07:13:00+07:00
ORD001658,CUS000251,2026-01-24T15:45:00+07:00,completed,Hai Phong,web,7587000.00,seed,2026-01-24T15:45:00+07:00,2026-01-25T18:45:00+07:00
ORD001659,CUS000408,2026-04-21T18:46:00+07:00,completed,Hanoi,social,6360000.00,seed,2026-04-21T18:46:00+07:00,2026-04-22T03:46:00+07:00
ORD001660,CUS000165,2026-05-16T13:49:00+07:00,shipped,Da Nang,mobile_app,12605000.00,seed,2026-05-16T13:49:00+07:00,2026-05-17T22:49:00+07:00
ORD001661,CUS000038,2026-01-27T20:16:00+07:00,completed,Hai Phong,mobile_app,4776500.00,seed,2026-01-27T20:16:00+07:00,2026-01-29T13:16:00+07:00
ORD001662,CUS000449,2026-02-17T22:03:00+07:00,completed,Hue,web,1930000.00,seed,2026-02-17T22:03:00+07:00,2026-02-18T06:03:00+07:00
ORD001663,CUS000761,2026-06-05T13:48:00+07:00,completed,Can Tho,web,11470000.00,seed,2026-06-05T13:48:00+07:00,2026-06-06T08:48:00+07:00
ORD001664,CUS000415,2026-01-03T16:34:00+07:00,completed,Hanoi,mobile_app,22617500.00,seed,2026-01-03T16:34:00+07:00,2026-01-03T19:34:00+07:00
ORD001665,CUS000546,2026-02-24T12:21:00+07:00,completed,Vinh,web,12493500.00,seed,2026-02-24T12:21:00+07:00,2026-02-24T14:21:00+07:00
ORD001666,CUS000131,2026-01-02T09:07:00+07:00,completed,Nha Trang,web,3043000.00,seed,2026-01-02T09:07:00+07:00,2026-01-02T16:07:00+07:00
ORD001667,CUS000434,2026-05-07T08:03:00+07:00,completed,Hue,web,5841500.00,seed,2026-05-07T08:03:00+07:00,2026-05-08T16:03:00+07:00
ORD001668,CUS000271,2026-01-29T19:20:00+07:00,completed,Nha Trang,web,14940000.00,seed,2026-01-29T19:20:00+07:00,2026-01-30T12:20:00+07:00
ORD001669,CUS000051,2026-06-25T21:21:00+07:00,shipped,Quang Ninh,web,6250000.00,seed,2026-06-25T21:21:00+07:00,2026-06-26T08:21:00+07:00
ORD001670,CUS000955,2026-03-13T21:54:00+07:00,cancelled,Hai Phong,mobile_app,8287000.00,seed,2026-03-13T21:54:00+07:00,2026-03-15T01:54:00+07:00
ORD001671,CUS000644,2026-04-16T11:43:00+07:00,confirmed,Ho Chi Minh City,mobile_app,10580000.00,seed,2026-04-16T11:43:00+07:00,2026-04-17T11:43:00+07:00
ORD001672,CUS000764,2026-01-26T16:15:00+07:00,completed,Bac Ninh,mobile_app,10916000.00,seed,2026-01-26T16:15:00+07:00,2026-01-28T12:15:00+07:00
ORD001673,CUS000128,2026-02-03T09:35:00+07:00,completed,Nha Trang,web,13179500.00,seed,2026-02-03T09:35:00+07:00,2026-02-05T02:35:00+07:00
ORD001674,CUS000281,2026-01-01T12:29:00+07:00,completed,Can Tho,mobile_app,12443000.00,seed,2026-01-01T12:29:00+07:00,2026-01-02T11:29:00+07:00
ORD001675,CUS000357,2026-04-11T15:07:00+07:00,completed,Hanoi,mobile_app,12268500.00,seed,2026-04-11T15:07:00+07:00,2026-04-11T20:07:00+07:00
ORD001676,CUS000211,2026-03-21T15:21:00+07:00,completed,Bac Ninh,social,11342000.00,seed,2026-03-21T15:21:00+07:00,2026-03-23T12:21:00+07:00
ORD001677,CUS000866,2026-05-21T22:47:00+07:00,completed,Da Nang,mobile_app,1316500.00,seed,2026-05-21T22:47:00+07:00,2026-05-22T19:47:00+07:00
ORD001678,CUS000898,2026-01-01T19:47:00+07:00,completed,Ho Chi Minh City,mobile_app,7978500.00,seed,2026-01-01T19:47:00+07:00,2026-01-03T00:47:00+07:00
ORD001679,CUS000997,2026-05-08T14:58:00+07:00,confirmed,Hanoi,mobile_app,2390000.00,seed,2026-05-08T14:58:00+07:00,2026-05-08T23:58:00+07:00
ORD001680,CUS000262,2026-04-06T08:22:00+07:00,shipped,Bac Ninh,web,760000.00,seed,2026-04-06T08:22:00+07:00,2026-04-07T12:22:00+07:00
ORD001681,CUS000999,2026-02-25T12:21:00+07:00,completed,Quang Ninh,web,9248000.00,seed,2026-02-25T12:21:00+07:00,2026-02-25T17:21:00+07:00
ORD001682,CUS000439,2026-06-14T22:06:00+07:00,completed,Nha Trang,web,7770000.00,seed,2026-06-14T22:06:00+07:00,2026-06-15T05:06:00+07:00
ORD001683,CUS000406,2026-03-07T11:37:00+07:00,shipped,Ho Chi Minh City,mobile_app,1140000.00,seed,2026-03-07T11:37:00+07:00,2026-03-08T19:37:00+07:00
ORD001684,CUS000495,2026-01-15T08:02:00+07:00,shipped,Nha Trang,web,5200000.00,seed,2026-01-15T08:02:00+07:00,2026-01-17T06:02:00+07:00
ORD001685,CUS000249,2026-03-13T17:51:00+07:00,completed,Vinh,mobile_app,1963500.00,seed,2026-03-13T17:51:00+07:00,2026-03-15T02:51:00+07:00
ORD001686,CUS000930,2026-06-10T16:48:00+07:00,shipped,Hai Phong,mobile_app,10726000.00,seed,2026-06-10T16:48:00+07:00,2026-06-11T15:48:00+07:00
ORD001687,CUS000440,2026-03-18T19:40:00+07:00,completed,Bac Ninh,mobile_app,9286500.00,seed,2026-03-18T19:40:00+07:00,2026-03-19T14:40:00+07:00
ORD001688,CUS000336,2026-06-09T21:47:00+07:00,completed,Hue,mobile_app,31690000.00,seed,2026-06-09T21:47:00+07:00,2026-06-10T17:47:00+07:00
ORD001689,CUS000061,2026-03-18T20:04:00+07:00,completed,Hai Phong,mobile_app,7647500.00,seed,2026-03-18T20:04:00+07:00,2026-03-20T11:04:00+07:00
ORD001690,CUS000837,2026-01-28T14:29:00+07:00,completed,Nha Trang,web,920000.00,seed,2026-01-28T14:29:00+07:00,2026-01-29T01:29:00+07:00
ORD001691,CUS000737,2026-04-23T18:36:00+07:00,shipped,Hai Phong,web,28897500.00,seed,2026-04-23T18:36:00+07:00,2026-04-24T03:36:00+07:00
ORD001692,CUS000782,2026-05-14T20:57:00+07:00,shipped,Da Nang,web,6460000.00,seed,2026-05-14T20:57:00+07:00,2026-05-16T08:57:00+07:00
ORD001693,CUS000672,2026-06-02T08:43:00+07:00,completed,Quang Ninh,social,7700000.00,seed,2026-06-02T08:43:00+07:00,2026-06-03T09:43:00+07:00
ORD001694,CUS000172,2026-05-19T16:16:00+07:00,completed,Hanoi,mobile_app,12401000.00,seed,2026-05-19T16:16:00+07:00,2026-05-20T21:16:00+07:00
ORD001695,CUS000082,2026-01-10T16:47:00+07:00,completed,Vinh,mobile_app,6029000.00,seed,2026-01-10T16:47:00+07:00,2026-01-12T12:47:00+07:00
ORD001696,CUS000931,2026-01-01T17:06:00+07:00,completed,Ho Chi Minh City,web,14380000.00,seed,2026-01-01T17:06:00+07:00,2026-01-02T06:06:00+07:00
ORD001697,CUS000295,2026-01-05T21:03:00+07:00,cancelled,Hai Phong,web,4482000.00,seed,2026-01-05T21:03:00+07:00,2026-01-07T02:03:00+07:00
ORD001698,CUS000884,2026-01-24T20:33:00+07:00,cancelled,Da Nang,mobile_app,4846500.00,seed,2026-01-24T20:33:00+07:00,2026-01-26T01:33:00+07:00
ORD001699,CUS000325,2026-01-03T15:36:00+07:00,completed,Vinh,web,11281500.00,seed,2026-01-03T15:36:00+07:00,2026-01-05T15:36:00+07:00
ORD001700,CUS000745,2026-03-31T21:03:00+07:00,completed,Quang Ninh,mobile_app,19656000.00,seed,2026-03-31T21:03:00+07:00,2026-04-01T21:03:00+07:00
ORD001701,CUS000148,2026-04-03T14:57:00+07:00,completed,Quang Ninh,web,10810000.00,seed,2026-04-03T14:57:00+07:00,2026-04-04T10:57:00+07:00
ORD001702,CUS000222,2026-01-13T08:48:00+07:00,completed,Hanoi,mobile_app,1238000.00,seed,2026-01-13T08:48:00+07:00,2026-01-14T12:48:00+07:00
ORD001703,CUS000038,2026-05-23T08:16:00+07:00,completed,Hanoi,mobile_app,9070000.00,seed,2026-05-23T08:16:00+07:00,2026-05-24T21:16:00+07:00
ORD001704,CUS000366,2026-01-06T12:50:00+07:00,completed,Bac Ninh,web,33458000.00,seed,2026-01-06T12:50:00+07:00,2026-01-07T11:50:00+07:00
ORD001705,CUS000838,2026-01-31T16:12:00+07:00,completed,Hanoi,mobile_app,14681500.00,seed,2026-01-31T16:12:00+07:00,2026-01-31T23:12:00+07:00
ORD001706,CUS000350,2026-01-22T09:22:00+07:00,completed,Can Tho,mobile_app,21757000.00,seed,2026-01-22T09:22:00+07:00,2026-01-23T01:22:00+07:00
ORD001707,CUS000476,2026-03-23T11:27:00+07:00,completed,Quang Ninh,web,18151500.00,seed,2026-03-23T11:27:00+07:00,2026-03-23T19:27:00+07:00
ORD001708,CUS000560,2026-06-11T16:28:00+07:00,completed,Can Tho,mobile_app,22880000.00,seed,2026-06-11T16:28:00+07:00,2026-06-12T11:28:00+07:00
ORD001709,CUS000492,2026-05-08T13:46:00+07:00,completed,Da Nang,web,9690000.00,seed,2026-05-08T13:46:00+07:00,2026-05-10T08:46:00+07:00
ORD001710,CUS000323,2026-03-14T14:10:00+07:00,completed,Vinh,web,8897000.00,seed,2026-03-14T14:10:00+07:00,2026-03-15T07:10:00+07:00
ORD001711,CUS000968,2026-03-20T08:06:00+07:00,completed,Bac Ninh,mobile_app,22939500.00,seed,2026-03-20T08:06:00+07:00,2026-03-21T04:06:00+07:00
ORD001712,CUS000263,2026-02-21T18:19:00+07:00,completed,Nha Trang,mobile_app,14495000.00,seed,2026-02-21T18:19:00+07:00,2026-02-22T07:19:00+07:00
ORD001713,CUS000486,2026-01-11T21:09:00+07:00,completed,Nha Trang,web,17603500.00,seed,2026-01-11T21:09:00+07:00,2026-01-13T13:09:00+07:00
ORD001714,CUS000303,2026-06-11T18:51:00+07:00,completed,Vinh,web,15154500.00,seed,2026-06-11T18:51:00+07:00,2026-06-12T18:51:00+07:00
ORD001715,CUS000294,2026-06-02T08:09:00+07:00,completed,Can Tho,mobile_app,11283500.00,seed,2026-06-02T08:09:00+07:00,2026-06-04T03:09:00+07:00
ORD001716,CUS000238,2026-02-18T13:12:00+07:00,completed,Hai Phong,web,8421500.00,seed,2026-02-18T13:12:00+07:00,2026-02-19T22:12:00+07:00
ORD001717,CUS000418,2026-02-19T18:25:00+07:00,shipped,Can Tho,web,25960000.00,seed,2026-02-19T18:25:00+07:00,2026-02-20T14:25:00+07:00
ORD001718,CUS000495,2026-05-19T10:53:00+07:00,completed,Vinh,mobile_app,4095000.00,seed,2026-05-19T10:53:00+07:00,2026-05-19T18:53:00+07:00
ORD001719,CUS000055,2026-04-15T08:59:00+07:00,completed,Quang Ninh,web,20255500.00,seed,2026-04-15T08:59:00+07:00,2026-04-16T04:59:00+07:00
ORD001720,CUS000682,2026-02-13T15:47:00+07:00,cancelled,Hue,web,33025000.00,seed,2026-02-13T15:47:00+07:00,2026-02-13T23:47:00+07:00
ORD001721,CUS000509,2026-02-25T22:12:00+07:00,completed,Can Tho,mobile_app,18284000.00,seed,2026-02-25T22:12:00+07:00,2026-02-27T09:12:00+07:00
ORD001722,CUS000828,2026-02-07T12:47:00+07:00,completed,Nha Trang,web,10925500.00,seed,2026-02-07T12:47:00+07:00,2026-02-08T17:47:00+07:00
ORD001723,CUS000525,2026-02-01T22:34:00+07:00,completed,Vinh,mobile_app,1982500.00,seed,2026-02-01T22:34:00+07:00,2026-02-02T18:34:00+07:00
ORD001724,CUS000498,2026-04-11T11:05:00+07:00,completed,Vinh,social,5386500.00,seed,2026-04-11T11:05:00+07:00,2026-04-11T15:05:00+07:00
ORD001725,CUS000469,2026-05-20T15:35:00+07:00,shipped,Hai Phong,web,90000.00,seed,2026-05-20T15:35:00+07:00,2026-05-20T23:35:00+07:00
ORD001726,CUS000709,2026-02-09T17:08:00+07:00,completed,Can Tho,web,3420000.00,seed,2026-02-09T17:08:00+07:00,2026-02-10T10:08:00+07:00
ORD001727,CUS000640,2026-05-15T14:11:00+07:00,completed,Vinh,web,21558500.00,seed,2026-05-15T14:11:00+07:00,2026-05-17T06:11:00+07:00
ORD001728,CUS000256,2026-01-21T09:00:00+07:00,completed,Vinh,web,17856500.00,seed,2026-01-21T09:00:00+07:00,2026-01-21T17:00:00+07:00
ORD001729,CUS000224,2026-01-27T13:10:00+07:00,completed,Da Nang,web,16269000.00,seed,2026-01-27T13:10:00+07:00,2026-01-29T00:10:00+07:00
ORD001730,CUS000795,2026-03-02T16:20:00+07:00,completed,Hai Phong,mobile_app,5910000.00,seed,2026-03-02T16:20:00+07:00,2026-03-04T16:20:00+07:00
ORD001731,CUS000002,2026-04-29T15:58:00+07:00,completed,Nha Trang,web,9892500.00,seed,2026-04-29T15:58:00+07:00,2026-05-01T12:58:00+07:00
ORD001732,CUS000342,2026-06-03T08:39:00+07:00,cancelled,Hue,web,6241500.00,seed,2026-06-03T08:39:00+07:00,2026-06-04T00:39:00+07:00
ORD001733,CUS000690,2026-03-03T10:27:00+07:00,completed,Quang Ninh,web,4892500.00,seed,2026-03-03T10:27:00+07:00,2026-03-04T04:27:00+07:00
ORD001734,CUS000539,2026-04-07T19:41:00+07:00,shipped,Can Tho,web,11823500.00,seed,2026-04-07T19:41:00+07:00,2026-04-09T10:41:00+07:00
ORD001735,CUS000796,2026-03-03T18:26:00+07:00,completed,Hai Phong,web,20464000.00,seed,2026-03-03T18:26:00+07:00,2026-03-04T04:26:00+07:00
ORD001736,CUS000722,2026-05-03T10:42:00+07:00,completed,Hanoi,social,17085000.00,seed,2026-05-03T10:42:00+07:00,2026-05-05T00:42:00+07:00
ORD001737,CUS000820,2026-05-02T14:19:00+07:00,completed,Vinh,web,7049000.00,seed,2026-05-02T14:19:00+07:00,2026-05-04T06:19:00+07:00
ORD001738,CUS000028,2026-06-08T22:04:00+07:00,shipped,Nha Trang,web,5681000.00,seed,2026-06-08T22:04:00+07:00,2026-06-10T14:04:00+07:00
ORD001739,CUS000230,2026-06-19T10:06:00+07:00,completed,Da Nang,mobile_app,23735500.00,seed,2026-06-19T10:06:00+07:00,2026-06-20T00:06:00+07:00
ORD001740,CUS000920,2026-05-09T08:45:00+07:00,completed,Hai Phong,mobile_app,49650000.00,seed,2026-05-09T08:45:00+07:00,2026-05-10T20:45:00+07:00
ORD001741,CUS000396,2026-02-01T20:58:00+07:00,shipped,Can Tho,web,12936000.00,seed,2026-02-01T20:58:00+07:00,2026-02-03T09:58:00+07:00
ORD001742,CUS000464,2026-04-24T12:55:00+07:00,cancelled,Ho Chi Minh City,web,9749500.00,seed,2026-04-24T12:55:00+07:00,2026-04-24T22:55:00+07:00
ORD001743,CUS000483,2026-06-18T09:46:00+07:00,completed,Ho Chi Minh City,web,7266000.00,seed,2026-06-18T09:46:00+07:00,2026-06-20T08:46:00+07:00
ORD001744,CUS000850,2026-04-18T17:36:00+07:00,shipped,Vinh,web,25836500.00,seed,2026-04-18T17:36:00+07:00,2026-04-19T19:36:00+07:00
ORD001745,CUS000108,2026-03-21T22:33:00+07:00,completed,Da Nang,social,2673000.00,seed,2026-03-21T22:33:00+07:00,2026-03-22T21:33:00+07:00
ORD001746,CUS000228,2026-01-23T12:56:00+07:00,completed,Can Tho,web,3247000.00,seed,2026-01-23T12:56:00+07:00,2026-01-25T09:56:00+07:00
ORD001747,CUS000088,2026-04-27T17:23:00+07:00,completed,Hue,mobile_app,1845000.00,seed,2026-04-27T17:23:00+07:00,2026-04-29T12:23:00+07:00
ORD001748,CUS000849,2026-02-20T19:56:00+07:00,completed,Hai Phong,mobile_app,29488000.00,seed,2026-02-20T19:56:00+07:00,2026-02-21T09:56:00+07:00
ORD001749,CUS000382,2026-06-03T09:29:00+07:00,completed,Vinh,web,2690000.00,seed,2026-06-03T09:29:00+07:00,2026-06-05T07:29:00+07:00
ORD001750,CUS000657,2026-04-01T11:10:00+07:00,cancelled,Can Tho,mobile_app,9910000.00,seed,2026-04-01T11:10:00+07:00,2026-04-03T04:10:00+07:00
ORD001751,CUS000360,2026-04-21T18:16:00+07:00,cancelled,Quang Ninh,mobile_app,7506500.00,seed,2026-04-21T18:16:00+07:00,2026-04-22T19:16:00+07:00
ORD001752,CUS000695,2026-04-01T08:44:00+07:00,completed,Hanoi,web,4969000.00,seed,2026-04-01T08:44:00+07:00,2026-04-02T16:44:00+07:00
ORD001753,CUS000674,2026-01-30T21:17:00+07:00,shipped,Can Tho,web,1480000.00,seed,2026-01-30T21:17:00+07:00,2026-01-31T00:17:00+07:00
ORD001754,CUS000738,2026-04-19T11:44:00+07:00,completed,Hai Phong,web,7018000.00,seed,2026-04-19T11:44:00+07:00,2026-04-21T09:44:00+07:00
ORD001755,CUS000348,2026-01-04T19:23:00+07:00,completed,Quang Ninh,mobile_app,12198000.00,seed,2026-01-04T19:23:00+07:00,2026-01-06T14:23:00+07:00
ORD001756,CUS000325,2026-03-24T11:03:00+07:00,shipped,Ho Chi Minh City,social,7380000.00,seed,2026-03-24T11:03:00+07:00,2026-03-24T22:03:00+07:00
ORD001757,CUS000662,2026-05-19T21:30:00+07:00,shipped,Can Tho,web,6306500.00,seed,2026-05-19T21:30:00+07:00,2026-05-21T18:30:00+07:00
ORD001758,CUS000796,2026-01-20T20:54:00+07:00,completed,Nha Trang,social,18970000.00,seed,2026-01-20T20:54:00+07:00,2026-01-22T12:54:00+07:00
ORD001759,CUS000768,2026-05-08T19:44:00+07:00,completed,Can Tho,web,9150000.00,seed,2026-05-08T19:44:00+07:00,2026-05-09T02:44:00+07:00
ORD001760,CUS000304,2026-01-02T10:01:00+07:00,completed,Da Nang,mobile_app,11220000.00,seed,2026-01-02T10:01:00+07:00,2026-01-03T04:01:00+07:00
ORD001761,CUS000211,2026-05-26T21:31:00+07:00,completed,Nha Trang,web,7172000.00,seed,2026-05-26T21:31:00+07:00,2026-05-28T20:31:00+07:00
ORD001762,CUS000931,2026-06-27T10:45:00+07:00,completed,Hanoi,social,15868000.00,seed,2026-06-27T10:45:00+07:00,2026-06-29T10:45:00+07:00
ORD001763,CUS000864,2026-06-21T16:54:00+07:00,completed,Quang Ninh,web,20004500.00,seed,2026-06-21T16:54:00+07:00,2026-06-22T13:54:00+07:00
ORD001764,CUS000553,2026-03-27T19:45:00+07:00,cancelled,Nha Trang,mobile_app,6849500.00,seed,2026-03-27T19:45:00+07:00,2026-03-28T04:45:00+07:00
ORD001765,CUS000061,2026-05-19T15:26:00+07:00,shipped,Vinh,web,4693000.00,seed,2026-05-19T15:26:00+07:00,2026-05-20T18:26:00+07:00
ORD001766,CUS000951,2026-03-12T11:05:00+07:00,pending,Da Nang,web,13260000.00,seed,2026-03-12T11:05:00+07:00,2026-03-14T02:05:00+07:00
ORD001767,CUS000253,2026-01-19T18:55:00+07:00,confirmed,Hai Phong,mobile_app,4410000.00,seed,2026-01-19T18:55:00+07:00,2026-01-21T12:55:00+07:00
ORD001768,CUS000113,2026-05-16T21:39:00+07:00,completed,Hai Phong,mobile_app,3323500.00,seed,2026-05-16T21:39:00+07:00,2026-05-18T01:39:00+07:00
ORD001769,CUS000118,2026-03-23T18:37:00+07:00,cancelled,Can Tho,social,16857000.00,seed,2026-03-23T18:37:00+07:00,2026-03-24T01:37:00+07:00
ORD001770,CUS000168,2026-01-28T17:43:00+07:00,completed,Bac Ninh,mobile_app,11855000.00,seed,2026-01-28T17:43:00+07:00,2026-01-28T18:43:00+07:00
ORD001771,CUS000157,2026-02-11T15:53:00+07:00,completed,Hai Phong,web,6210000.00,seed,2026-02-11T15:53:00+07:00,2026-02-13T09:53:00+07:00
ORD001772,CUS000695,2026-03-01T19:24:00+07:00,cancelled,Vinh,mobile_app,14772000.00,seed,2026-03-01T19:24:00+07:00,2026-03-03T09:24:00+07:00
ORD001773,CUS000745,2026-02-05T19:00:00+07:00,pending,Hue,social,3825000.00,seed,2026-02-05T19:00:00+07:00,2026-02-07T08:00:00+07:00
ORD001774,CUS000342,2026-05-19T15:36:00+07:00,completed,Hue,mobile_app,25982500.00,seed,2026-05-19T15:36:00+07:00,2026-05-20T02:36:00+07:00
ORD001775,CUS000045,2026-04-18T18:35:00+07:00,completed,Quang Ninh,mobile_app,4322500.00,seed,2026-04-18T18:35:00+07:00,2026-04-19T23:35:00+07:00
ORD001776,CUS000513,2026-01-01T09:34:00+07:00,completed,Hue,social,16903000.00,seed,2026-01-01T09:34:00+07:00,2026-01-02T08:34:00+07:00
ORD001777,CUS000852,2026-05-11T16:36:00+07:00,cancelled,Can Tho,web,13263000.00,seed,2026-05-11T16:36:00+07:00,2026-05-13T15:36:00+07:00
ORD001778,CUS000592,2026-03-13T21:32:00+07:00,confirmed,Hue,mobile_app,3213000.00,seed,2026-03-13T21:32:00+07:00,2026-03-15T20:32:00+07:00
ORD001779,CUS000023,2026-05-17T20:33:00+07:00,completed,Da Nang,mobile_app,3470000.00,seed,2026-05-17T20:33:00+07:00,2026-05-19T10:33:00+07:00
ORD001780,CUS000032,2026-04-02T18:00:00+07:00,confirmed,Bac Ninh,mobile_app,18603000.00,seed,2026-04-02T18:00:00+07:00,2026-04-03T13:00:00+07:00
ORD001781,CUS000938,2026-01-10T22:53:00+07:00,shipped,Da Nang,web,10412000.00,seed,2026-01-10T22:53:00+07:00,2026-01-11T17:53:00+07:00
ORD001782,CUS000298,2026-03-07T14:44:00+07:00,completed,Ho Chi Minh City,web,10591000.00,seed,2026-03-07T14:44:00+07:00,2026-03-09T09:44:00+07:00
ORD001783,CUS000070,2026-04-06T16:19:00+07:00,completed,Da Nang,web,19490000.00,seed,2026-04-06T16:19:00+07:00,2026-04-07T22:19:00+07:00
ORD001784,CUS000811,2026-06-23T20:22:00+07:00,completed,Can Tho,web,16592000.00,seed,2026-06-23T20:22:00+07:00,2026-06-25T09:22:00+07:00
ORD001785,CUS000155,2026-04-13T21:01:00+07:00,shipped,Can Tho,social,29870500.00,seed,2026-04-13T21:01:00+07:00,2026-04-13T21:01:00+07:00
ORD001786,CUS000619,2026-02-14T19:21:00+07:00,cancelled,Hue,web,11620000.00,seed,2026-02-14T19:21:00+07:00,2026-02-14T21:21:00+07:00
ORD001787,CUS000985,2026-03-24T17:12:00+07:00,shipped,Vinh,mobile_app,30001000.00,seed,2026-03-24T17:12:00+07:00,2026-03-26T10:12:00+07:00
ORD001788,CUS000366,2026-01-05T12:37:00+07:00,completed,Bac Ninh,mobile_app,11148500.00,seed,2026-01-05T12:37:00+07:00,2026-01-05T20:37:00+07:00
ORD001789,CUS000829,2026-05-16T16:53:00+07:00,shipped,Ho Chi Minh City,web,18171000.00,seed,2026-05-16T16:53:00+07:00,2026-05-17T10:53:00+07:00
ORD001790,CUS000751,2026-02-14T16:40:00+07:00,shipped,Hanoi,web,18483500.00,seed,2026-02-14T16:40:00+07:00,2026-02-15T00:40:00+07:00
ORD001791,CUS000616,2026-06-21T17:48:00+07:00,shipped,Vinh,web,5073000.00,seed,2026-06-21T17:48:00+07:00,2026-06-22T17:48:00+07:00
ORD001792,CUS000461,2026-04-12T13:31:00+07:00,completed,Quang Ninh,web,8269000.00,seed,2026-04-12T13:31:00+07:00,2026-04-12T16:31:00+07:00
ORD001793,CUS000402,2026-04-26T12:01:00+07:00,completed,Ho Chi Minh City,web,14085000.00,seed,2026-04-26T12:01:00+07:00,2026-04-26T21:01:00+07:00
ORD001794,CUS000202,2026-06-14T16:52:00+07:00,pending,Nha Trang,web,17959000.00,seed,2026-06-14T16:52:00+07:00,2026-06-16T03:52:00+07:00
ORD001795,CUS000695,2026-04-14T16:51:00+07:00,cancelled,Hue,mobile_app,980000.00,seed,2026-04-14T16:51:00+07:00,2026-04-15T19:51:00+07:00
ORD001796,CUS000895,2026-06-11T17:16:00+07:00,completed,Hue,web,6112500.00,seed,2026-06-11T17:16:00+07:00,2026-06-12T21:16:00+07:00
ORD001797,CUS000417,2026-03-22T17:48:00+07:00,completed,Vinh,social,14234000.00,seed,2026-03-22T17:48:00+07:00,2026-03-24T12:48:00+07:00
ORD001798,CUS000898,2026-02-07T19:26:00+07:00,completed,Hanoi,mobile_app,10737500.00,seed,2026-02-07T19:26:00+07:00,2026-02-07T23:26:00+07:00
ORD001799,CUS000036,2026-03-07T21:31:00+07:00,completed,Hanoi,web,20605000.00,seed,2026-03-07T21:31:00+07:00,2026-03-08T17:31:00+07:00
ORD001800,CUS000484,2026-01-27T11:17:00+07:00,completed,Da Nang,web,20707000.00,seed,2026-01-27T11:17:00+07:00,2026-01-29T08:17:00+07:00
ORD001801,CUS000533,2026-01-20T21:10:00+07:00,completed,Hai Phong,web,9819000.00,seed,2026-01-20T21:10:00+07:00,2026-01-21T18:10:00+07:00
ORD001802,CUS000782,2026-02-17T12:01:00+07:00,shipped,Da Nang,mobile_app,20071000.00,seed,2026-02-17T12:01:00+07:00,2026-02-18T06:01:00+07:00
ORD001803,CUS000963,2026-06-25T20:38:00+07:00,completed,Hai Phong,web,24099000.00,seed,2026-06-25T20:38:00+07:00,2026-06-27T07:38:00+07:00
ORD001804,CUS000050,2026-05-14T18:09:00+07:00,completed,Vinh,web,7860500.00,seed,2026-05-14T18:09:00+07:00,2026-05-16T07:09:00+07:00
ORD001805,CUS000167,2026-04-12T12:39:00+07:00,completed,Hai Phong,web,828000.00,seed,2026-04-12T12:39:00+07:00,2026-04-13T13:39:00+07:00
ORD001806,CUS000761,2026-04-06T21:55:00+07:00,completed,Ho Chi Minh City,social,12418500.00,seed,2026-04-06T21:55:00+07:00,2026-04-07T14:55:00+07:00
ORD001807,CUS000568,2026-03-12T16:10:00+07:00,completed,Hanoi,mobile_app,34183000.00,seed,2026-03-12T16:10:00+07:00,2026-03-13T18:10:00+07:00
ORD001808,CUS000542,2026-01-17T13:11:00+07:00,shipped,Nha Trang,mobile_app,5292000.00,seed,2026-01-17T13:11:00+07:00,2026-01-18T00:11:00+07:00
ORD001809,CUS000245,2026-02-01T10:57:00+07:00,completed,Quang Ninh,mobile_app,28769000.00,seed,2026-02-01T10:57:00+07:00,2026-02-01T17:57:00+07:00
ORD001810,CUS000268,2026-04-09T09:15:00+07:00,completed,Hanoi,mobile_app,30833000.00,seed,2026-04-09T09:15:00+07:00,2026-04-09T21:15:00+07:00
ORD001811,CUS000352,2026-06-12T10:44:00+07:00,completed,Da Nang,web,12071500.00,seed,2026-06-12T10:44:00+07:00,2026-06-14T03:44:00+07:00
ORD001812,CUS000250,2026-01-16T21:50:00+07:00,completed,Hai Phong,web,1358500.00,seed,2026-01-16T21:50:00+07:00,2026-01-18T17:50:00+07:00
ORD001813,CUS000505,2026-05-28T09:39:00+07:00,completed,Hue,mobile_app,13599000.00,seed,2026-05-28T09:39:00+07:00,2026-05-28T16:39:00+07:00
ORD001814,CUS000865,2026-03-28T22:45:00+07:00,completed,Bac Ninh,mobile_app,8783000.00,seed,2026-03-28T22:45:00+07:00,2026-03-29T04:45:00+07:00
ORD001815,CUS000299,2026-02-13T17:01:00+07:00,confirmed,Can Tho,web,22934500.00,seed,2026-02-13T17:01:00+07:00,2026-02-13T17:01:00+07:00
ORD001816,CUS000345,2026-03-04T19:23:00+07:00,confirmed,Hai Phong,mobile_app,35995500.00,seed,2026-03-04T19:23:00+07:00,2026-03-05T22:23:00+07:00
ORD001817,CUS000268,2026-01-27T13:11:00+07:00,completed,Hanoi,mobile_app,20510000.00,seed,2026-01-27T13:11:00+07:00,2026-01-28T02:11:00+07:00
ORD001818,CUS000838,2026-05-31T08:20:00+07:00,pending,Da Nang,mobile_app,7160000.00,seed,2026-05-31T08:20:00+07:00,2026-06-02T05:20:00+07:00
ORD001819,CUS000891,2026-02-01T19:47:00+07:00,completed,Nha Trang,web,7820000.00,seed,2026-02-01T19:47:00+07:00,2026-02-03T11:47:00+07:00
ORD001820,CUS000058,2026-01-07T20:44:00+07:00,completed,Vinh,mobile_app,17632000.00,seed,2026-01-07T20:44:00+07:00,2026-01-08T16:44:00+07:00
ORD001821,CUS000675,2026-03-09T13:34:00+07:00,completed,Hai Phong,social,1782000.00,seed,2026-03-09T13:34:00+07:00,2026-03-10T18:34:00+07:00
ORD001822,CUS000599,2026-03-08T09:55:00+07:00,completed,Hanoi,web,10760000.00,seed,2026-03-08T09:55:00+07:00,2026-03-09T07:55:00+07:00
ORD001823,CUS000384,2026-01-08T09:49:00+07:00,completed,Ho Chi Minh City,mobile_app,6180000.00,seed,2026-01-08T09:49:00+07:00,2026-01-08T20:49:00+07:00
ORD001824,CUS000335,2026-05-06T08:12:00+07:00,completed,Hai Phong,mobile_app,13611500.00,seed,2026-05-06T08:12:00+07:00,2026-05-07T17:12:00+07:00
ORD001825,CUS000638,2026-01-19T17:54:00+07:00,completed,Ho Chi Minh City,web,8231500.00,seed,2026-01-19T17:54:00+07:00,2026-01-20T02:54:00+07:00
ORD001826,CUS000856,2026-01-01T08:52:00+07:00,completed,Hai Phong,web,2360000.00,seed,2026-01-01T08:52:00+07:00,2026-01-02T16:52:00+07:00
ORD001827,CUS000399,2026-06-17T15:06:00+07:00,completed,Quang Ninh,social,8765000.00,seed,2026-06-17T15:06:00+07:00,2026-06-18T10:06:00+07:00
ORD001828,CUS000566,2026-03-08T11:21:00+07:00,completed,Hue,mobile_app,12691000.00,seed,2026-03-08T11:21:00+07:00,2026-03-10T11:21:00+07:00
ORD001829,CUS000168,2026-05-05T17:04:00+07:00,completed,Can Tho,web,28124000.00,seed,2026-05-05T17:04:00+07:00,2026-05-06T19:04:00+07:00
ORD001830,CUS000478,2026-06-13T13:23:00+07:00,completed,Vinh,mobile_app,8794500.00,seed,2026-06-13T13:23:00+07:00,2026-06-15T12:23:00+07:00
ORD001831,CUS000742,2026-05-29T13:17:00+07:00,completed,Nha Trang,mobile_app,14250000.00,seed,2026-05-29T13:17:00+07:00,2026-05-30T14:17:00+07:00
ORD001832,CUS000993,2026-01-25T22:02:00+07:00,completed,Hanoi,mobile_app,2286500.00,seed,2026-01-25T22:02:00+07:00,2026-01-26T11:02:00+07:00
ORD001833,CUS000659,2026-01-02T15:47:00+07:00,completed,Da Nang,web,7600000.00,seed,2026-01-02T15:47:00+07:00,2026-01-03T01:47:00+07:00
ORD001834,CUS000329,2026-02-17T15:24:00+07:00,completed,Hanoi,mobile_app,18280000.00,seed,2026-02-17T15:24:00+07:00,2026-02-18T03:24:00+07:00
ORD001835,CUS000466,2026-02-06T19:07:00+07:00,completed,Ho Chi Minh City,web,9100000.00,seed,2026-02-06T19:07:00+07:00,2026-02-07T20:07:00+07:00
ORD001836,CUS000295,2026-04-12T13:19:00+07:00,completed,Bac Ninh,web,2916500.00,seed,2026-04-12T13:19:00+07:00,2026-04-12T18:19:00+07:00
ORD001837,CUS000172,2026-03-01T12:03:00+07:00,completed,Da Nang,mobile_app,12680000.00,seed,2026-03-01T12:03:00+07:00,2026-03-02T16:03:00+07:00
ORD001838,CUS000197,2026-02-12T16:03:00+07:00,pending,Hai Phong,social,552500.00,seed,2026-02-12T16:03:00+07:00,2026-02-14T09:03:00+07:00
ORD001839,CUS000706,2026-02-02T16:27:00+07:00,completed,Vinh,social,6191000.00,seed,2026-02-02T16:27:00+07:00,2026-02-02T23:27:00+07:00
ORD001840,CUS000324,2026-03-30T12:00:00+07:00,completed,Quang Ninh,mobile_app,16776000.00,seed,2026-03-30T12:00:00+07:00,2026-04-01T01:00:00+07:00
ORD001841,CUS000959,2026-04-15T18:57:00+07:00,completed,Hai Phong,mobile_app,11633000.00,seed,2026-04-15T18:57:00+07:00,2026-04-17T15:57:00+07:00
ORD001842,CUS000586,2026-01-05T22:05:00+07:00,pending,Can Tho,mobile_app,23668000.00,seed,2026-01-05T22:05:00+07:00,2026-01-07T21:05:00+07:00
ORD001843,CUS000730,2026-04-02T17:56:00+07:00,completed,Da Nang,social,13599500.00,seed,2026-04-02T17:56:00+07:00,2026-04-04T10:56:00+07:00
ORD001844,CUS000452,2026-03-12T18:20:00+07:00,completed,Bac Ninh,social,14640000.00,seed,2026-03-12T18:20:00+07:00,2026-03-13T17:20:00+07:00
ORD001845,CUS000183,2026-01-18T16:07:00+07:00,completed,Hue,web,10411000.00,seed,2026-01-18T16:07:00+07:00,2026-01-20T03:07:00+07:00
ORD001846,CUS000887,2026-04-14T22:18:00+07:00,completed,Nha Trang,mobile_app,19451000.00,seed,2026-04-14T22:18:00+07:00,2026-04-15T10:18:00+07:00
ORD001847,CUS000512,2026-06-11T18:52:00+07:00,completed,Bac Ninh,web,8501500.00,seed,2026-06-11T18:52:00+07:00,2026-06-12T14:52:00+07:00
ORD001848,CUS000145,2026-04-16T11:31:00+07:00,completed,Nha Trang,web,15050500.00,seed,2026-04-16T11:31:00+07:00,2026-04-18T09:31:00+07:00
ORD001849,CUS000327,2026-04-27T17:06:00+07:00,cancelled,Bac Ninh,mobile_app,4825000.00,seed,2026-04-27T17:06:00+07:00,2026-04-28T04:06:00+07:00
ORD001850,CUS000357,2026-02-07T19:40:00+07:00,completed,Can Tho,web,216000.00,seed,2026-02-07T19:40:00+07:00,2026-02-08T09:40:00+07:00
ORD001851,CUS000929,2026-05-05T12:02:00+07:00,completed,Quang Ninh,web,9148000.00,seed,2026-05-05T12:02:00+07:00,2026-05-07T00:02:00+07:00
ORD001852,CUS000736,2026-04-28T13:28:00+07:00,pending,Nha Trang,mobile_app,408000.00,seed,2026-04-28T13:28:00+07:00,2026-04-29T02:28:00+07:00
ORD001853,CUS000094,2026-04-15T21:28:00+07:00,completed,Nha Trang,web,15597000.00,seed,2026-04-15T21:28:00+07:00,2026-04-17T18:28:00+07:00
ORD001854,CUS000678,2026-05-13T11:12:00+07:00,completed,Quang Ninh,mobile_app,180000.00,seed,2026-05-13T11:12:00+07:00,2026-05-15T07:12:00+07:00
ORD001855,CUS000642,2026-03-26T09:52:00+07:00,confirmed,Nha Trang,web,17901500.00,seed,2026-03-26T09:52:00+07:00,2026-03-26T22:52:00+07:00
ORD001856,CUS000745,2026-06-06T19:48:00+07:00,completed,Vinh,web,7898000.00,seed,2026-06-06T19:48:00+07:00,2026-06-06T20:48:00+07:00
ORD001857,CUS000618,2026-02-11T11:53:00+07:00,completed,Nha Trang,web,10975000.00,seed,2026-02-11T11:53:00+07:00,2026-02-12T18:53:00+07:00
ORD001858,CUS000197,2026-05-31T11:16:00+07:00,completed,Bac Ninh,web,14782000.00,seed,2026-05-31T11:16:00+07:00,2026-05-31T12:16:00+07:00
ORD001859,CUS000118,2026-06-02T10:59:00+07:00,confirmed,Hai Phong,web,11454500.00,seed,2026-06-02T10:59:00+07:00,2026-06-04T10:59:00+07:00
ORD001860,CUS000804,2026-04-09T19:23:00+07:00,completed,Da Nang,mobile_app,6734500.00,seed,2026-04-09T19:23:00+07:00,2026-04-10T13:23:00+07:00
ORD001861,CUS000158,2026-03-07T12:26:00+07:00,completed,Da Nang,mobile_app,6838000.00,seed,2026-03-07T12:26:00+07:00,2026-03-08T03:26:00+07:00
ORD001862,CUS000470,2026-02-19T17:54:00+07:00,completed,Can Tho,mobile_app,21590000.00,seed,2026-02-19T17:54:00+07:00,2026-02-20T09:54:00+07:00
ORD001863,CUS000148,2026-04-12T10:04:00+07:00,completed,Hai Phong,mobile_app,3338500.00,seed,2026-04-12T10:04:00+07:00,2026-04-12T23:04:00+07:00
ORD001864,CUS000569,2026-01-07T11:53:00+07:00,completed,Hai Phong,web,9091000.00,seed,2026-01-07T11:53:00+07:00,2026-01-09T05:53:00+07:00
ORD001865,CUS000829,2026-03-06T13:46:00+07:00,cancelled,Hue,web,418000.00,seed,2026-03-06T13:46:00+07:00,2026-03-06T17:46:00+07:00
ORD001866,CUS000523,2026-05-03T09:59:00+07:00,confirmed,Vinh,mobile_app,25890500.00,seed,2026-05-03T09:59:00+07:00,2026-05-04T11:59:00+07:00
ORD001867,CUS000808,2026-04-16T19:43:00+07:00,completed,Can Tho,web,22940000.00,seed,2026-04-16T19:43:00+07:00,2026-04-18T08:43:00+07:00
ORD001868,CUS000287,2026-06-15T19:33:00+07:00,completed,Vinh,web,8018000.00,seed,2026-06-15T19:33:00+07:00,2026-06-17T12:33:00+07:00
ORD001869,CUS000167,2026-05-12T20:26:00+07:00,completed,Da Nang,web,21386000.00,seed,2026-05-12T20:26:00+07:00,2026-05-13T03:26:00+07:00
ORD001870,CUS000737,2026-05-03T13:13:00+07:00,completed,Da Nang,web,12934000.00,seed,2026-05-03T13:13:00+07:00,2026-05-05T12:13:00+07:00
ORD001871,CUS000421,2026-02-12T11:08:00+07:00,completed,Vinh,mobile_app,7640000.00,seed,2026-02-12T11:08:00+07:00,2026-02-12T14:08:00+07:00
ORD001872,CUS000292,2026-06-10T20:16:00+07:00,completed,Ho Chi Minh City,web,4807000.00,seed,2026-06-10T20:16:00+07:00,2026-06-12T04:16:00+07:00
ORD001873,CUS000195,2026-06-06T20:18:00+07:00,confirmed,Da Nang,web,19533000.00,seed,2026-06-06T20:18:00+07:00,2026-06-08T13:18:00+07:00
ORD001874,CUS000528,2026-04-10T14:11:00+07:00,completed,Ho Chi Minh City,web,2907000.00,seed,2026-04-10T14:11:00+07:00,2026-04-12T13:11:00+07:00
ORD001875,CUS000964,2026-03-10T18:00:00+07:00,completed,Hai Phong,mobile_app,11114000.00,seed,2026-03-10T18:00:00+07:00,2026-03-11T22:00:00+07:00
ORD001876,CUS000271,2026-04-28T13:53:00+07:00,completed,Ho Chi Minh City,web,19728000.00,seed,2026-04-28T13:53:00+07:00,2026-04-30T13:53:00+07:00
ORD001877,CUS000601,2026-02-24T15:37:00+07:00,completed,Ho Chi Minh City,mobile_app,25579000.00,seed,2026-02-24T15:37:00+07:00,2026-02-26T13:37:00+07:00
ORD001878,CUS000172,2026-02-14T20:48:00+07:00,completed,Ho Chi Minh City,mobile_app,7900000.00,seed,2026-02-14T20:48:00+07:00,2026-02-15T02:48:00+07:00
ORD001879,CUS000387,2026-02-09T13:20:00+07:00,completed,Can Tho,web,4860500.00,seed,2026-02-09T13:20:00+07:00,2026-02-09T14:20:00+07:00
ORD001880,CUS000746,2026-02-10T21:00:00+07:00,completed,Hue,web,11133000.00,seed,2026-02-10T21:00:00+07:00,2026-02-11T14:00:00+07:00
ORD001881,CUS000266,2026-04-18T10:43:00+07:00,completed,Nha Trang,web,6018000.00,seed,2026-04-18T10:43:00+07:00,2026-04-18T13:43:00+07:00
ORD001882,CUS000276,2026-01-25T13:33:00+07:00,completed,Quang Ninh,web,11674000.00,seed,2026-01-25T13:33:00+07:00,2026-01-26T09:33:00+07:00
ORD001883,CUS000480,2026-01-04T11:39:00+07:00,completed,Can Tho,web,6697500.00,seed,2026-01-04T11:39:00+07:00,2026-01-06T08:39:00+07:00
ORD001884,CUS000487,2026-06-01T08:58:00+07:00,completed,Ho Chi Minh City,mobile_app,310000.00,seed,2026-06-01T08:58:00+07:00,2026-06-02T06:58:00+07:00
ORD001885,CUS000528,2026-04-01T15:14:00+07:00,cancelled,Can Tho,mobile_app,12850000.00,seed,2026-04-01T15:14:00+07:00,2026-04-02T16:14:00+07:00
ORD001886,CUS000010,2026-06-18T22:53:00+07:00,completed,Quang Ninh,mobile_app,32161000.00,seed,2026-06-18T22:53:00+07:00,2026-06-20T16:53:00+07:00
ORD001887,CUS000431,2026-01-30T19:39:00+07:00,completed,Hue,web,12478000.00,seed,2026-01-30T19:39:00+07:00,2026-01-30T21:39:00+07:00
ORD001888,CUS000309,2026-02-06T14:15:00+07:00,completed,Hue,mobile_app,1340000.00,seed,2026-02-06T14:15:00+07:00,2026-02-08T03:15:00+07:00
ORD001889,CUS000740,2026-02-05T10:08:00+07:00,completed,Hue,web,10440000.00,seed,2026-02-05T10:08:00+07:00,2026-02-07T08:08:00+07:00
ORD001890,CUS000046,2026-02-28T22:38:00+07:00,completed,Bac Ninh,mobile_app,21076000.00,seed,2026-02-28T22:38:00+07:00,2026-03-02T21:38:00+07:00
ORD001891,CUS000432,2026-02-01T19:24:00+07:00,completed,Hanoi,mobile_app,4479500.00,seed,2026-02-01T19:24:00+07:00,2026-02-02T09:24:00+07:00
ORD001892,CUS000055,2026-01-15T17:42:00+07:00,cancelled,Vinh,mobile_app,3860000.00,seed,2026-01-15T17:42:00+07:00,2026-01-17T04:42:00+07:00
ORD001893,CUS000352,2026-04-02T22:05:00+07:00,completed,Bac Ninh,web,37904000.00,seed,2026-04-02T22:05:00+07:00,2026-04-04T14:05:00+07:00
ORD001894,CUS000512,2026-05-03T22:01:00+07:00,completed,Ho Chi Minh City,mobile_app,14575000.00,seed,2026-05-03T22:01:00+07:00,2026-05-04T06:01:00+07:00
ORD001895,CUS000279,2026-06-05T17:09:00+07:00,completed,Hai Phong,mobile_app,14613000.00,seed,2026-06-05T17:09:00+07:00,2026-06-07T12:09:00+07:00
ORD001896,CUS000664,2026-01-14T15:24:00+07:00,completed,Nha Trang,mobile_app,144500.00,seed,2026-01-14T15:24:00+07:00,2026-01-15T00:24:00+07:00
ORD001897,CUS000052,2026-02-20T11:05:00+07:00,completed,Ho Chi Minh City,mobile_app,4921000.00,seed,2026-02-20T11:05:00+07:00,2026-02-21T11:05:00+07:00
ORD001898,CUS000926,2026-05-29T09:42:00+07:00,completed,Hanoi,web,5188000.00,seed,2026-05-29T09:42:00+07:00,2026-05-30T07:42:00+07:00
ORD001899,CUS000039,2026-03-17T22:59:00+07:00,completed,Bac Ninh,web,11288000.00,seed,2026-03-17T22:59:00+07:00,2026-03-18T05:59:00+07:00
ORD001900,CUS000168,2026-04-18T18:12:00+07:00,completed,Bac Ninh,mobile_app,731000.00,seed,2026-04-18T18:12:00+07:00,2026-04-19T03:12:00+07:00
ORD001901,CUS000935,2026-06-19T18:45:00+07:00,completed,Ho Chi Minh City,mobile_app,7687000.00,seed,2026-06-19T18:45:00+07:00,2026-06-20T03:45:00+07:00
ORD001902,CUS000922,2026-05-25T23:00:00+07:00,completed,Can Tho,web,25926000.00,seed,2026-05-25T23:00:00+07:00,2026-05-26T21:00:00+07:00
ORD001903,CUS000489,2026-02-13T09:49:00+07:00,completed,Da Nang,mobile_app,11242500.00,seed,2026-02-13T09:49:00+07:00,2026-02-13T10:49:00+07:00
ORD001904,CUS000288,2026-03-17T09:25:00+07:00,completed,Nha Trang,mobile_app,15229000.00,seed,2026-03-17T09:25:00+07:00,2026-03-18T17:25:00+07:00
ORD001905,CUS000789,2026-04-01T13:14:00+07:00,completed,Can Tho,social,31111000.00,seed,2026-04-01T13:14:00+07:00,2026-04-02T12:14:00+07:00
ORD001906,CUS000160,2026-06-25T21:41:00+07:00,completed,Ho Chi Minh City,web,21398500.00,seed,2026-06-25T21:41:00+07:00,2026-06-25T23:41:00+07:00
ORD001907,CUS000742,2026-05-14T10:34:00+07:00,completed,Hanoi,mobile_app,11061500.00,seed,2026-05-14T10:34:00+07:00,2026-05-14T12:34:00+07:00
ORD001908,CUS000826,2026-02-11T09:04:00+07:00,cancelled,Nha Trang,web,3640000.00,seed,2026-02-11T09:04:00+07:00,2026-02-11T18:04:00+07:00
ORD001909,CUS000673,2026-06-25T08:27:00+07:00,completed,Can Tho,web,10271500.00,seed,2026-06-25T08:27:00+07:00,2026-06-26T18:27:00+07:00
ORD001910,CUS000331,2026-05-19T09:11:00+07:00,confirmed,Hanoi,mobile_app,16996000.00,seed,2026-05-19T09:11:00+07:00,2026-05-19T20:11:00+07:00
ORD001911,CUS000909,2026-06-21T21:02:00+07:00,shipped,Nha Trang,web,330000.00,seed,2026-06-21T21:02:00+07:00,2026-06-22T05:02:00+07:00
ORD001912,CUS000233,2026-03-02T13:51:00+07:00,completed,Vinh,mobile_app,7760000.00,seed,2026-03-02T13:51:00+07:00,2026-03-03T10:51:00+07:00
ORD001913,CUS000780,2026-01-22T21:42:00+07:00,completed,Hanoi,web,23022500.00,seed,2026-01-22T21:42:00+07:00,2026-01-24T02:42:00+07:00
ORD001914,CUS000781,2026-02-10T17:56:00+07:00,confirmed,Quang Ninh,mobile_app,3321000.00,seed,2026-02-10T17:56:00+07:00,2026-02-11T18:56:00+07:00
ORD001915,CUS000388,2026-02-02T09:23:00+07:00,completed,Da Nang,mobile_app,8487000.00,seed,2026-02-02T09:23:00+07:00,2026-02-04T08:23:00+07:00
ORD001916,CUS000289,2026-02-06T19:39:00+07:00,completed,Hue,mobile_app,17813000.00,seed,2026-02-06T19:39:00+07:00,2026-02-07T00:39:00+07:00
ORD001917,CUS000087,2026-02-03T09:32:00+07:00,shipped,Nha Trang,mobile_app,4485000.00,seed,2026-02-03T09:32:00+07:00,2026-02-03T15:32:00+07:00
ORD001918,CUS000151,2026-01-18T20:44:00+07:00,completed,Hue,mobile_app,12168000.00,seed,2026-01-18T20:44:00+07:00,2026-01-19T21:44:00+07:00
ORD001919,CUS000215,2026-04-27T13:22:00+07:00,completed,Can Tho,web,5006500.00,seed,2026-04-27T13:22:00+07:00,2026-04-27T21:22:00+07:00
ORD001920,CUS000944,2026-04-29T11:10:00+07:00,completed,Vinh,mobile_app,9970500.00,seed,2026-04-29T11:10:00+07:00,2026-05-01T10:10:00+07:00
ORD001921,CUS000979,2026-06-23T16:48:00+07:00,completed,Bac Ninh,mobile_app,3391500.00,seed,2026-06-23T16:48:00+07:00,2026-06-25T08:48:00+07:00
ORD001922,CUS000701,2026-03-29T21:43:00+07:00,completed,Ho Chi Minh City,mobile_app,7585000.00,seed,2026-03-29T21:43:00+07:00,2026-03-31T15:43:00+07:00
ORD001923,CUS000122,2026-03-26T17:49:00+07:00,shipped,Vinh,mobile_app,6102000.00,seed,2026-03-26T17:49:00+07:00,2026-03-27T10:49:00+07:00
ORD001924,CUS000411,2026-05-05T12:38:00+07:00,completed,Hai Phong,mobile_app,11203000.00,seed,2026-05-05T12:38:00+07:00,2026-05-05T20:38:00+07:00
ORD001925,CUS000639,2026-04-28T10:29:00+07:00,completed,Can Tho,web,5738000.00,seed,2026-04-28T10:29:00+07:00,2026-04-29T20:29:00+07:00
ORD001926,CUS000658,2026-03-26T10:38:00+07:00,completed,Ho Chi Minh City,web,6781500.00,seed,2026-03-26T10:38:00+07:00,2026-03-28T05:38:00+07:00
ORD001927,CUS000459,2026-05-23T16:32:00+07:00,completed,Hue,web,16729000.00,seed,2026-05-23T16:32:00+07:00,2026-05-25T04:32:00+07:00
ORD001928,CUS000620,2026-05-12T15:49:00+07:00,confirmed,Bac Ninh,mobile_app,13914500.00,seed,2026-05-12T15:49:00+07:00,2026-05-14T04:49:00+07:00
ORD001929,CUS000022,2026-02-28T13:04:00+07:00,completed,Bac Ninh,mobile_app,19208500.00,seed,2026-02-28T13:04:00+07:00,2026-03-02T10:04:00+07:00
ORD001930,CUS000314,2026-04-04T14:08:00+07:00,completed,Hue,social,17276000.00,seed,2026-04-04T14:08:00+07:00,2026-04-05T20:08:00+07:00
ORD001931,CUS000806,2026-03-24T21:37:00+07:00,completed,Quang Ninh,mobile_app,15968000.00,seed,2026-03-24T21:37:00+07:00,2026-03-25T05:37:00+07:00
ORD001932,CUS000077,2026-04-16T20:24:00+07:00,completed,Can Tho,web,18244000.00,seed,2026-04-16T20:24:00+07:00,2026-04-18T18:24:00+07:00
ORD001933,CUS000118,2026-06-05T20:40:00+07:00,shipped,Hanoi,web,8063500.00,seed,2026-06-05T20:40:00+07:00,2026-06-07T00:40:00+07:00
ORD001934,CUS000403,2026-05-05T20:30:00+07:00,completed,Hai Phong,social,21860000.00,seed,2026-05-05T20:30:00+07:00,2026-05-07T09:30:00+07:00
ORD001935,CUS000833,2026-01-31T18:12:00+07:00,completed,Can Tho,web,360000.00,seed,2026-01-31T18:12:00+07:00,2026-02-02T00:12:00+07:00
ORD001936,CUS000477,2026-01-20T15:25:00+07:00,completed,Hue,mobile_app,2932500.00,seed,2026-01-20T15:25:00+07:00,2026-01-21T19:25:00+07:00
ORD001937,CUS000667,2026-04-20T08:06:00+07:00,completed,Bac Ninh,mobile_app,7865000.00,seed,2026-04-20T08:06:00+07:00,2026-04-22T04:06:00+07:00
ORD001938,CUS000012,2026-01-15T13:22:00+07:00,completed,Hue,web,6450000.00,seed,2026-01-15T13:22:00+07:00,2026-01-17T03:22:00+07:00
ORD001939,CUS000792,2026-02-27T10:56:00+07:00,pending,Bac Ninh,mobile_app,4455500.00,seed,2026-02-27T10:56:00+07:00,2026-03-01T01:56:00+07:00
ORD001940,CUS000036,2026-01-29T19:45:00+07:00,completed,Can Tho,web,5234500.00,seed,2026-01-29T19:45:00+07:00,2026-01-31T11:45:00+07:00
ORD001941,CUS000360,2026-02-09T21:53:00+07:00,completed,Da Nang,web,12024000.00,seed,2026-02-09T21:53:00+07:00,2026-02-10T19:53:00+07:00
ORD001942,CUS000743,2026-03-04T09:09:00+07:00,completed,Quang Ninh,mobile_app,14853500.00,seed,2026-03-04T09:09:00+07:00,2026-03-04T22:09:00+07:00
ORD001943,CUS000161,2026-02-09T20:00:00+07:00,completed,Can Tho,mobile_app,2680000.00,seed,2026-02-09T20:00:00+07:00,2026-02-11T18:00:00+07:00
ORD001944,CUS000335,2026-05-17T20:14:00+07:00,completed,Hue,web,25077000.00,seed,2026-05-17T20:14:00+07:00,2026-05-18T06:14:00+07:00
ORD001945,CUS000722,2026-01-07T09:42:00+07:00,completed,Bac Ninh,social,14831000.00,seed,2026-01-07T09:42:00+07:00,2026-01-07T17:42:00+07:00
ORD001946,CUS000169,2026-03-16T17:31:00+07:00,cancelled,Hai Phong,web,7208500.00,seed,2026-03-16T17:31:00+07:00,2026-03-17T10:31:00+07:00
ORD001947,CUS000978,2026-02-10T09:33:00+07:00,completed,Nha Trang,mobile_app,8419000.00,seed,2026-02-10T09:33:00+07:00,2026-02-11T19:33:00+07:00
ORD001948,CUS000818,2026-02-27T21:04:00+07:00,completed,Bac Ninh,social,8992500.00,seed,2026-02-27T21:04:00+07:00,2026-03-01T08:04:00+07:00
ORD001949,CUS000985,2026-03-02T14:06:00+07:00,completed,Bac Ninh,mobile_app,19215000.00,seed,2026-03-02T14:06:00+07:00,2026-03-03T13:06:00+07:00
ORD001950,CUS000581,2026-02-26T21:23:00+07:00,completed,Hanoi,web,21457000.00,seed,2026-02-26T21:23:00+07:00,2026-02-27T08:23:00+07:00
ORD001951,CUS000287,2026-02-18T09:24:00+07:00,pending,Hue,mobile_app,5810000.00,seed,2026-02-18T09:24:00+07:00,2026-02-20T02:24:00+07:00
ORD001952,CUS000598,2026-03-21T08:25:00+07:00,completed,Hanoi,mobile_app,4841500.00,seed,2026-03-21T08:25:00+07:00,2026-03-23T03:25:00+07:00
ORD001953,CUS000581,2026-02-04T22:38:00+07:00,completed,Bac Ninh,mobile_app,21584000.00,seed,2026-02-04T22:38:00+07:00,2026-02-06T18:38:00+07:00
ORD001954,CUS000520,2026-02-04T18:32:00+07:00,shipped,Hanoi,mobile_app,18096000.00,seed,2026-02-04T18:32:00+07:00,2026-02-05T17:32:00+07:00
ORD001955,CUS000811,2026-05-04T15:27:00+07:00,completed,Hue,mobile_app,3861000.00,seed,2026-05-04T15:27:00+07:00,2026-05-04T22:27:00+07:00
ORD001956,CUS000966,2026-04-13T18:36:00+07:00,cancelled,Bac Ninh,mobile_app,12059500.00,seed,2026-04-13T18:36:00+07:00,2026-04-14T15:36:00+07:00
ORD001957,CUS000507,2026-01-05T19:35:00+07:00,completed,Ho Chi Minh City,web,4095000.00,seed,2026-01-05T19:35:00+07:00,2026-01-06T19:35:00+07:00
ORD001958,CUS000831,2026-05-07T22:38:00+07:00,completed,Vinh,mobile_app,16486000.00,seed,2026-05-07T22:38:00+07:00,2026-05-09T18:38:00+07:00
ORD001959,CUS000675,2026-01-04T08:02:00+07:00,shipped,Bac Ninh,web,2354500.00,seed,2026-01-04T08:02:00+07:00,2026-01-04T22:02:00+07:00
ORD001960,CUS000169,2026-06-16T21:10:00+07:00,completed,Nha Trang,mobile_app,6190000.00,seed,2026-06-16T21:10:00+07:00,2026-06-18T01:10:00+07:00
ORD001961,CUS000278,2026-04-03T20:54:00+07:00,completed,Quang Ninh,web,5352000.00,seed,2026-04-03T20:54:00+07:00,2026-04-04T17:54:00+07:00
ORD001962,CUS000914,2026-05-07T08:16:00+07:00,cancelled,Quang Ninh,web,33977000.00,seed,2026-05-07T08:16:00+07:00,2026-05-09T02:16:00+07:00
ORD001963,CUS000184,2026-05-02T12:26:00+07:00,shipped,Hue,mobile_app,14410000.00,seed,2026-05-02T12:26:00+07:00,2026-05-03T13:26:00+07:00
ORD001964,CUS000635,2026-01-31T12:49:00+07:00,completed,Hanoi,web,9321000.00,seed,2026-01-31T12:49:00+07:00,2026-02-02T06:49:00+07:00
ORD001965,CUS000465,2026-03-29T12:10:00+07:00,completed,Hai Phong,web,14998000.00,seed,2026-03-29T12:10:00+07:00,2026-03-30T06:10:00+07:00
ORD001966,CUS000323,2026-03-18T09:28:00+07:00,completed,Ho Chi Minh City,social,28673000.00,seed,2026-03-18T09:28:00+07:00,2026-03-19T23:28:00+07:00
ORD001967,CUS000810,2026-03-15T17:12:00+07:00,completed,Da Nang,web,10405500.00,seed,2026-03-15T17:12:00+07:00,2026-03-16T04:12:00+07:00
ORD001968,CUS000550,2026-02-23T19:19:00+07:00,completed,Vinh,mobile_app,15084500.00,seed,2026-02-23T19:19:00+07:00,2026-02-24T04:19:00+07:00
ORD001969,CUS000557,2026-04-02T13:31:00+07:00,completed,Hue,mobile_app,19756500.00,seed,2026-04-02T13:31:00+07:00,2026-04-03T00:31:00+07:00
ORD001970,CUS000376,2026-03-13T22:55:00+07:00,completed,Ho Chi Minh City,mobile_app,3828000.00,seed,2026-03-13T22:55:00+07:00,2026-03-15T12:55:00+07:00
ORD001971,CUS000633,2026-01-22T14:34:00+07:00,completed,Quang Ninh,mobile_app,18063000.00,seed,2026-01-22T14:34:00+07:00,2026-01-24T10:34:00+07:00
ORD001972,CUS000325,2026-06-19T08:09:00+07:00,completed,Da Nang,web,8220000.00,seed,2026-06-19T08:09:00+07:00,2026-06-21T08:09:00+07:00
ORD001973,CUS000680,2026-03-15T20:15:00+07:00,completed,Quang Ninh,web,1180000.00,seed,2026-03-15T20:15:00+07:00,2026-03-16T23:15:00+07:00
ORD001974,CUS000056,2026-01-25T10:35:00+07:00,completed,Hue,mobile_app,11774500.00,seed,2026-01-25T10:35:00+07:00,2026-01-26T09:35:00+07:00
ORD001975,CUS000193,2026-04-20T20:48:00+07:00,completed,Can Tho,web,7920000.00,seed,2026-04-20T20:48:00+07:00,2026-04-21T09:48:00+07:00
ORD001976,CUS000675,2026-05-07T11:37:00+07:00,completed,Ho Chi Minh City,web,2966500.00,seed,2026-05-07T11:37:00+07:00,2026-05-07T18:37:00+07:00
ORD001977,CUS000020,2026-01-22T12:48:00+07:00,completed,Can Tho,web,15480000.00,seed,2026-01-22T12:48:00+07:00,2026-01-23T13:48:00+07:00
ORD001978,CUS000757,2026-05-11T17:02:00+07:00,completed,Bac Ninh,social,10140000.00,seed,2026-05-11T17:02:00+07:00,2026-05-13T00:02:00+07:00
ORD001979,CUS000137,2026-01-29T21:49:00+07:00,completed,Hai Phong,mobile_app,13655500.00,seed,2026-01-29T21:49:00+07:00,2026-01-30T00:49:00+07:00
ORD001980,CUS000524,2026-05-27T16:09:00+07:00,completed,Nha Trang,social,12699500.00,seed,2026-05-27T16:09:00+07:00,2026-05-29T06:09:00+07:00
ORD001981,CUS000135,2026-02-15T10:59:00+07:00,completed,Nha Trang,web,19440000.00,seed,2026-02-15T10:59:00+07:00,2026-02-16T04:59:00+07:00
ORD001982,CUS000791,2026-01-12T10:30:00+07:00,completed,Ho Chi Minh City,web,14575000.00,seed,2026-01-12T10:30:00+07:00,2026-01-13T13:30:00+07:00
ORD001983,CUS000948,2026-05-15T20:13:00+07:00,cancelled,Da Nang,web,8102000.00,seed,2026-05-15T20:13:00+07:00,2026-05-17T20:13:00+07:00
ORD001984,CUS000916,2026-05-24T18:42:00+07:00,completed,Ho Chi Minh City,web,13378000.00,seed,2026-05-24T18:42:00+07:00,2026-05-25T08:42:00+07:00
ORD001985,CUS000465,2026-05-31T20:01:00+07:00,completed,Quang Ninh,mobile_app,4513000.00,seed,2026-05-31T20:01:00+07:00,2026-06-01T19:01:00+07:00
ORD001986,CUS000757,2026-01-03T18:18:00+07:00,completed,Can Tho,social,9650000.00,seed,2026-01-03T18:18:00+07:00,2026-01-04T21:18:00+07:00
ORD001987,CUS000015,2026-05-31T10:28:00+07:00,completed,Hue,mobile_app,13585000.00,seed,2026-05-31T10:28:00+07:00,2026-06-01T21:28:00+07:00
ORD001988,CUS000086,2026-01-22T14:34:00+07:00,completed,Nha Trang,mobile_app,4788000.00,seed,2026-01-22T14:34:00+07:00,2026-01-22T16:34:00+07:00
ORD001989,CUS000978,2026-05-19T22:10:00+07:00,completed,Hai Phong,web,5645500.00,seed,2026-05-19T22:10:00+07:00,2026-05-20T20:10:00+07:00
ORD001990,CUS000542,2026-02-27T11:09:00+07:00,completed,Hanoi,mobile_app,19848500.00,seed,2026-02-27T11:09:00+07:00,2026-02-28T00:09:00+07:00
ORD001991,CUS000051,2026-03-11T20:08:00+07:00,completed,Hue,social,12999500.00,seed,2026-03-11T20:08:00+07:00,2026-03-12T15:08:00+07:00
ORD001992,CUS000707,2026-05-14T15:08:00+07:00,completed,Hanoi,mobile_app,4960000.00,seed,2026-05-14T15:08:00+07:00,2026-05-16T09:08:00+07:00
ORD001993,CUS000433,2026-04-26T18:11:00+07:00,completed,Ho Chi Minh City,web,9648500.00,seed,2026-04-26T18:11:00+07:00,2026-04-28T06:11:00+07:00
ORD001994,CUS000831,2026-04-09T21:50:00+07:00,completed,Hue,mobile_app,3420000.00,seed,2026-04-09T21:50:00+07:00,2026-04-10T04:50:00+07:00
ORD001995,CUS000230,2026-03-21T17:05:00+07:00,confirmed,Bac Ninh,mobile_app,8100000.00,seed,2026-03-21T17:05:00+07:00,2026-03-23T03:05:00+07:00
ORD001996,CUS000895,2026-03-09T08:57:00+07:00,completed,Da Nang,mobile_app,31169500.00,seed,2026-03-09T08:57:00+07:00,2026-03-09T20:57:00+07:00
ORD001997,CUS000178,2026-04-29T19:42:00+07:00,completed,Hai Phong,mobile_app,2957500.00,seed,2026-04-29T19:42:00+07:00,2026-04-30T02:42:00+07:00
ORD001998,CUS000297,2026-03-01T09:05:00+07:00,shipped,Hai Phong,web,19323500.00,seed,2026-03-01T09:05:00+07:00,2026-03-02T12:05:00+07:00
ORD001999,CUS000377,2026-06-26T14:06:00+07:00,completed,Da Nang,social,4480500.00,seed,2026-06-26T14:06:00+07:00,2026-06-28T00:06:00+07:00
ORD002000,CUS000002,2026-01-13T08:05:00+07:00,completed,Hue,web,7436000.00,seed,2026-01-13T08:05:00+07:00,2026-01-14T16:05:00+07:00
ORD002001,CUS000342,2026-03-19T16:56:00+07:00,completed,Nha Trang,social,28288000.00,seed,2026-03-19T16:56:00+07:00,2026-03-20T03:56:00+07:00
ORD002002,CUS000107,2026-02-10T21:27:00+07:00,completed,Quang Ninh,web,5763000.00,seed,2026-02-10T21:27:00+07:00,2026-02-12T21:27:00+07:00
ORD002003,CUS000516,2026-04-01T18:50:00+07:00,completed,Hanoi,social,13304000.00,seed,2026-04-01T18:50:00+07:00,2026-04-03T07:50:00+07:00
ORD002004,CUS000327,2026-02-12T21:49:00+07:00,completed,Quang Ninh,web,7608500.00,seed,2026-02-12T21:49:00+07:00,2026-02-13T19:49:00+07:00
ORD002005,CUS000558,2026-02-07T20:35:00+07:00,completed,Da Nang,web,24962000.00,seed,2026-02-07T20:35:00+07:00,2026-02-09T15:35:00+07:00
ORD002006,CUS000055,2026-03-14T21:36:00+07:00,completed,Hue,social,2524500.00,seed,2026-03-14T21:36:00+07:00,2026-03-15T15:36:00+07:00
ORD002007,CUS000900,2026-06-17T09:15:00+07:00,completed,Can Tho,web,6237000.00,seed,2026-06-17T09:15:00+07:00,2026-06-19T06:15:00+07:00
ORD002008,CUS000269,2026-05-17T19:35:00+07:00,completed,Hanoi,mobile_app,17233500.00,seed,2026-05-17T19:35:00+07:00,2026-05-19T02:35:00+07:00
ORD002009,CUS000597,2026-02-27T09:06:00+07:00,completed,Bac Ninh,web,5555500.00,seed,2026-02-27T09:06:00+07:00,2026-02-28T06:06:00+07:00
ORD002010,CUS000470,2026-06-20T13:18:00+07:00,shipped,Hue,web,15977500.00,seed,2026-06-20T13:18:00+07:00,2026-06-20T21:18:00+07:00
ORD002011,CUS000433,2026-02-15T15:50:00+07:00,completed,Da Nang,web,21092000.00,seed,2026-02-15T15:50:00+07:00,2026-02-16T19:50:00+07:00
ORD002012,CUS000975,2026-03-04T14:07:00+07:00,completed,Hanoi,web,20522500.00,seed,2026-03-04T14:07:00+07:00,2026-03-05T10:07:00+07:00
ORD002013,CUS000267,2026-06-14T19:23:00+07:00,confirmed,Hai Phong,web,21038500.00,seed,2026-06-14T19:23:00+07:00,2026-06-16T13:23:00+07:00
ORD002014,CUS000531,2026-04-26T09:03:00+07:00,confirmed,Da Nang,mobile_app,8015500.00,seed,2026-04-26T09:03:00+07:00,2026-04-26T10:03:00+07:00
ORD002015,CUS000763,2026-01-07T18:48:00+07:00,completed,Hue,social,10128000.00,seed,2026-01-07T18:48:00+07:00,2026-01-09T03:48:00+07:00
ORD002016,CUS000966,2026-06-02T20:00:00+07:00,completed,Nha Trang,web,7687000.00,seed,2026-06-02T20:00:00+07:00,2026-06-04T06:00:00+07:00
ORD002017,CUS000310,2026-05-13T16:43:00+07:00,confirmed,Quang Ninh,mobile_app,4390000.00,seed,2026-05-13T16:43:00+07:00,2026-05-14T19:43:00+07:00
ORD002018,CUS000810,2026-03-29T10:53:00+07:00,completed,Da Nang,mobile_app,15280000.00,seed,2026-03-29T10:53:00+07:00,2026-03-30T02:53:00+07:00
ORD002019,CUS000244,2026-05-03T22:37:00+07:00,shipped,Ho Chi Minh City,social,5036000.00,seed,2026-05-03T22:37:00+07:00,2026-05-05T05:37:00+07:00
ORD002020,CUS000039,2026-03-15T10:33:00+07:00,completed,Hanoi,mobile_app,9739000.00,seed,2026-03-15T10:33:00+07:00,2026-03-17T10:33:00+07:00
ORD002021,CUS000832,2026-05-26T20:43:00+07:00,confirmed,Hanoi,mobile_app,770000.00,seed,2026-05-26T20:43:00+07:00,2026-05-27T20:43:00+07:00
ORD002022,CUS000165,2026-03-29T19:43:00+07:00,completed,Da Nang,social,27855500.00,seed,2026-03-29T19:43:00+07:00,2026-03-31T10:43:00+07:00
ORD002023,CUS000276,2026-04-21T18:26:00+07:00,completed,Quang Ninh,mobile_app,15210000.00,seed,2026-04-21T18:26:00+07:00,2026-04-21T19:26:00+07:00
ORD002024,CUS000027,2026-03-19T10:06:00+07:00,completed,Hanoi,web,19655000.00,seed,2026-03-19T10:06:00+07:00,2026-03-19T17:06:00+07:00
ORD002025,CUS000806,2026-01-02T09:42:00+07:00,completed,Nha Trang,mobile_app,12451000.00,seed,2026-01-02T09:42:00+07:00,2026-01-02T17:42:00+07:00
ORD002026,CUS000307,2026-06-20T16:36:00+07:00,cancelled,Da Nang,mobile_app,24452500.00,seed,2026-06-20T16:36:00+07:00,2026-06-21T01:36:00+07:00
ORD002027,CUS000153,2026-05-04T19:38:00+07:00,completed,Hanoi,web,9208500.00,seed,2026-05-04T19:38:00+07:00,2026-05-06T01:38:00+07:00
ORD002028,CUS000664,2026-01-02T13:06:00+07:00,completed,Vinh,web,6672500.00,seed,2026-01-02T13:06:00+07:00,2026-01-03T06:06:00+07:00
ORD002029,CUS000373,2026-04-24T15:07:00+07:00,completed,Vinh,mobile_app,11489500.00,seed,2026-04-24T15:07:00+07:00,2026-04-26T02:07:00+07:00
ORD002030,CUS000307,2026-04-01T13:10:00+07:00,completed,Vinh,web,17695500.00,seed,2026-04-01T13:10:00+07:00,2026-04-03T03:10:00+07:00
ORD002031,CUS000864,2026-05-06T22:22:00+07:00,completed,Nha Trang,web,8244000.00,seed,2026-05-06T22:22:00+07:00,2026-05-07T07:22:00+07:00
ORD002032,CUS000009,2026-03-17T08:20:00+07:00,completed,Vinh,mobile_app,15381000.00,seed,2026-03-17T08:20:00+07:00,2026-03-19T05:20:00+07:00
ORD002033,CUS000256,2026-02-21T15:01:00+07:00,cancelled,Nha Trang,web,10773000.00,seed,2026-02-21T15:01:00+07:00,2026-02-22T20:01:00+07:00
ORD002034,CUS000765,2026-01-01T14:59:00+07:00,completed,Bac Ninh,web,17681000.00,seed,2026-01-01T14:59:00+07:00,2026-01-01T20:59:00+07:00
ORD002035,CUS000772,2026-05-25T08:02:00+07:00,completed,Hai Phong,mobile_app,4095000.00,seed,2026-05-25T08:02:00+07:00,2026-05-25T14:02:00+07:00
ORD002036,CUS000142,2026-03-29T13:23:00+07:00,completed,Nha Trang,web,19116000.00,seed,2026-03-29T13:23:00+07:00,2026-03-30T13:23:00+07:00
ORD002037,CUS000067,2026-03-06T21:52:00+07:00,shipped,Ho Chi Minh City,mobile_app,14059000.00,seed,2026-03-06T21:52:00+07:00,2026-03-08T04:52:00+07:00
ORD002038,CUS000816,2026-04-23T13:34:00+07:00,completed,Ho Chi Minh City,mobile_app,14467000.00,seed,2026-04-23T13:34:00+07:00,2026-04-24T15:34:00+07:00
ORD002039,CUS000639,2026-04-24T17:41:00+07:00,completed,Hue,web,18513000.00,seed,2026-04-24T17:41:00+07:00,2026-04-25T15:41:00+07:00
ORD002040,CUS000503,2026-05-01T19:09:00+07:00,completed,Hai Phong,mobile_app,29495000.00,seed,2026-05-01T19:09:00+07:00,2026-05-02T11:09:00+07:00
ORD002041,CUS000831,2026-06-19T22:17:00+07:00,completed,Vinh,web,3561500.00,seed,2026-06-19T22:17:00+07:00,2026-06-21T04:17:00+07:00
ORD002042,CUS000068,2026-02-14T10:12:00+07:00,completed,Hanoi,social,20306500.00,seed,2026-02-14T10:12:00+07:00,2026-02-15T13:12:00+07:00
ORD002043,CUS000804,2026-06-14T09:50:00+07:00,completed,Bac Ninh,mobile_app,2711500.00,seed,2026-06-14T09:50:00+07:00,2026-06-16T08:50:00+07:00
ORD002044,CUS000803,2026-01-28T15:32:00+07:00,completed,Ho Chi Minh City,mobile_app,7735000.00,seed,2026-01-28T15:32:00+07:00,2026-01-29T18:32:00+07:00
ORD002045,CUS000631,2026-01-06T17:37:00+07:00,completed,Bac Ninh,web,2958000.00,seed,2026-01-06T17:37:00+07:00,2026-01-08T11:37:00+07:00
ORD002046,CUS000031,2026-01-25T13:45:00+07:00,shipped,Can Tho,web,11534000.00,seed,2026-01-25T13:45:00+07:00,2026-01-26T23:45:00+07:00
ORD002047,CUS001000,2026-06-04T17:02:00+07:00,confirmed,Hanoi,social,13956000.00,seed,2026-06-04T17:02:00+07:00,2026-06-05T01:02:00+07:00
ORD002048,CUS000492,2026-03-18T12:03:00+07:00,confirmed,Bac Ninh,mobile_app,13540500.00,seed,2026-03-18T12:03:00+07:00,2026-03-19T06:03:00+07:00
ORD002049,CUS000655,2026-05-16T11:48:00+07:00,shipped,Can Tho,web,18703000.00,seed,2026-05-16T11:48:00+07:00,2026-05-17T06:48:00+07:00
ORD002050,CUS000594,2026-02-23T08:09:00+07:00,cancelled,Vinh,web,8798000.00,seed,2026-02-23T08:09:00+07:00,2026-02-23T19:09:00+07:00
ORD002051,CUS000286,2026-02-16T18:28:00+07:00,completed,Hanoi,mobile_app,20368000.00,seed,2026-02-16T18:28:00+07:00,2026-02-17T10:28:00+07:00
ORD002052,CUS000363,2026-01-12T13:48:00+07:00,completed,Quang Ninh,social,1090000.00,seed,2026-01-12T13:48:00+07:00,2026-01-12T19:48:00+07:00
ORD002053,CUS000805,2026-03-31T09:37:00+07:00,completed,Bac Ninh,web,25188000.00,seed,2026-03-31T09:37:00+07:00,2026-03-31T13:37:00+07:00
ORD002054,CUS000420,2026-01-19T19:06:00+07:00,completed,Hue,mobile_app,8051000.00,seed,2026-01-19T19:06:00+07:00,2026-01-20T05:06:00+07:00
ORD002055,CUS000200,2026-02-06T22:58:00+07:00,completed,Ho Chi Minh City,social,20919000.00,seed,2026-02-06T22:58:00+07:00,2026-02-07T12:58:00+07:00
ORD002056,CUS000124,2026-05-22T10:59:00+07:00,completed,Nha Trang,web,6140000.00,seed,2026-05-22T10:59:00+07:00,2026-05-23T22:59:00+07:00
ORD002057,CUS000355,2026-05-04T15:25:00+07:00,completed,Nha Trang,web,7470000.00,seed,2026-05-04T15:25:00+07:00,2026-05-04T22:25:00+07:00
ORD002058,CUS000093,2026-05-06T13:19:00+07:00,completed,Quang Ninh,social,11176000.00,seed,2026-05-06T13:19:00+07:00,2026-05-07T21:19:00+07:00
ORD002059,CUS000202,2026-04-07T16:25:00+07:00,shipped,Hanoi,mobile_app,3240000.00,seed,2026-04-07T16:25:00+07:00,2026-04-08T18:25:00+07:00
ORD002060,CUS000429,2026-04-29T20:30:00+07:00,completed,Vinh,web,11605000.00,seed,2026-04-29T20:30:00+07:00,2026-05-01T09:30:00+07:00
ORD002061,CUS000159,2026-05-14T21:17:00+07:00,completed,Hanoi,mobile_app,2978000.00,seed,2026-05-14T21:17:00+07:00,2026-05-15T21:17:00+07:00
ORD002062,CUS000652,2026-05-12T09:25:00+07:00,completed,Quang Ninh,mobile_app,13522500.00,seed,2026-05-12T09:25:00+07:00,2026-05-13T07:25:00+07:00
ORD002063,CUS000588,2026-03-14T08:26:00+07:00,completed,Da Nang,web,19094000.00,seed,2026-03-14T08:26:00+07:00,2026-03-15T09:26:00+07:00
ORD002064,CUS000958,2026-03-01T14:32:00+07:00,completed,Da Nang,mobile_app,16080000.00,seed,2026-03-01T14:32:00+07:00,2026-03-01T23:32:00+07:00
ORD002065,CUS000276,2026-03-11T21:41:00+07:00,completed,Hue,web,21565500.00,seed,2026-03-11T21:41:00+07:00,2026-03-13T14:41:00+07:00
ORD002066,CUS000870,2026-03-11T09:49:00+07:00,completed,Quang Ninh,social,6931500.00,seed,2026-03-11T09:49:00+07:00,2026-03-13T09:49:00+07:00
ORD002067,CUS000788,2026-04-03T16:25:00+07:00,completed,Vinh,web,6200000.00,seed,2026-04-03T16:25:00+07:00,2026-04-05T05:25:00+07:00
ORD002068,CUS000149,2026-02-09T17:15:00+07:00,completed,Bac Ninh,mobile_app,33580000.00,seed,2026-02-09T17:15:00+07:00,2026-02-11T11:15:00+07:00
ORD002069,CUS000532,2026-03-18T18:55:00+07:00,confirmed,Bac Ninh,mobile_app,16470000.00,seed,2026-03-18T18:55:00+07:00,2026-03-19T14:55:00+07:00
ORD002070,CUS000546,2026-03-27T20:36:00+07:00,completed,Da Nang,mobile_app,15085000.00,seed,2026-03-27T20:36:00+07:00,2026-03-28T01:36:00+07:00
ORD002071,CUS000218,2026-01-06T14:10:00+07:00,completed,Ho Chi Minh City,web,8871000.00,seed,2026-01-06T14:10:00+07:00,2026-01-07T04:10:00+07:00
ORD002072,CUS000705,2026-01-10T17:50:00+07:00,confirmed,Hai Phong,mobile_app,17020000.00,seed,2026-01-10T17:50:00+07:00,2026-01-11T23:50:00+07:00
ORD002073,CUS000736,2026-03-30T09:45:00+07:00,confirmed,Vinh,mobile_app,2983000.00,seed,2026-03-30T09:45:00+07:00,2026-03-31T14:45:00+07:00
ORD002074,CUS000118,2026-04-04T17:21:00+07:00,completed,Can Tho,web,9922000.00,seed,2026-04-04T17:21:00+07:00,2026-04-05T08:21:00+07:00
ORD002075,CUS000303,2026-01-27T08:19:00+07:00,completed,Hai Phong,web,21470000.00,seed,2026-01-27T08:19:00+07:00,2026-01-28T02:19:00+07:00
ORD002076,CUS000674,2026-02-11T21:01:00+07:00,pending,Hanoi,social,3120000.00,seed,2026-02-11T21:01:00+07:00,2026-02-12T02:01:00+07:00
ORD002077,CUS000596,2026-03-12T08:18:00+07:00,completed,Hai Phong,web,10880000.00,seed,2026-03-12T08:18:00+07:00,2026-03-13T00:18:00+07:00
ORD002078,CUS000013,2026-04-28T18:09:00+07:00,completed,Da Nang,web,21984500.00,seed,2026-04-28T18:09:00+07:00,2026-04-29T16:09:00+07:00
ORD002079,CUS000029,2026-06-19T19:27:00+07:00,shipped,Ho Chi Minh City,web,15568500.00,seed,2026-06-19T19:27:00+07:00,2026-06-20T23:27:00+07:00
ORD002080,CUS000264,2026-04-28T17:28:00+07:00,completed,Bac Ninh,web,4612500.00,seed,2026-04-28T17:28:00+07:00,2026-04-29T11:28:00+07:00
ORD002081,CUS000076,2026-03-22T10:51:00+07:00,completed,Vinh,web,22909500.00,seed,2026-03-22T10:51:00+07:00,2026-03-22T11:51:00+07:00
ORD002082,CUS000208,2026-04-05T16:14:00+07:00,completed,Ho Chi Minh City,web,9111000.00,seed,2026-04-05T16:14:00+07:00,2026-04-06T22:14:00+07:00
ORD002083,CUS000818,2026-01-30T19:15:00+07:00,completed,Ho Chi Minh City,mobile_app,5012000.00,seed,2026-01-30T19:15:00+07:00,2026-02-01T02:15:00+07:00
ORD002084,CUS000945,2026-06-29T13:23:00+07:00,completed,Hue,web,9611000.00,seed,2026-06-29T13:23:00+07:00,2026-06-29T23:23:00+07:00
ORD002085,CUS000003,2026-04-19T21:30:00+07:00,completed,Nha Trang,mobile_app,16522000.00,seed,2026-04-19T21:30:00+07:00,2026-04-19T22:30:00+07:00
ORD002086,CUS000246,2026-04-08T20:09:00+07:00,completed,Bac Ninh,web,1000000.00,seed,2026-04-08T20:09:00+07:00,2026-04-09T23:09:00+07:00
ORD002087,CUS000191,2026-04-27T08:49:00+07:00,completed,Hai Phong,mobile_app,6061000.00,seed,2026-04-27T08:49:00+07:00,2026-04-28T13:49:00+07:00
ORD002088,CUS000193,2026-03-06T12:11:00+07:00,completed,Can Tho,web,26347500.00,seed,2026-03-06T12:11:00+07:00,2026-03-07T08:11:00+07:00
ORD002089,CUS000393,2026-03-11T18:11:00+07:00,completed,Quang Ninh,web,18888500.00,seed,2026-03-11T18:11:00+07:00,2026-03-13T07:11:00+07:00
ORD002090,CUS000108,2026-03-31T17:17:00+07:00,completed,Hue,social,17897500.00,seed,2026-03-31T17:17:00+07:00,2026-04-01T10:17:00+07:00
ORD002091,CUS000915,2026-04-15T15:35:00+07:00,completed,Quang Ninh,web,4260000.00,seed,2026-04-15T15:35:00+07:00,2026-04-16T17:35:00+07:00
ORD002092,CUS000823,2026-01-23T13:48:00+07:00,completed,Hanoi,mobile_app,1836000.00,seed,2026-01-23T13:48:00+07:00,2026-01-24T16:48:00+07:00
ORD002093,CUS000613,2026-04-26T13:49:00+07:00,completed,Can Tho,mobile_app,15080500.00,seed,2026-04-26T13:49:00+07:00,2026-04-28T01:49:00+07:00
ORD002094,CUS000253,2026-06-17T22:59:00+07:00,completed,Hanoi,mobile_app,5453000.00,seed,2026-06-17T22:59:00+07:00,2026-06-19T02:59:00+07:00
ORD002095,CUS000180,2026-06-07T22:46:00+07:00,completed,Hue,mobile_app,3911000.00,seed,2026-06-07T22:46:00+07:00,2026-06-07T23:46:00+07:00
ORD002096,CUS000290,2026-04-07T14:53:00+07:00,completed,Can Tho,web,23043000.00,seed,2026-04-07T14:53:00+07:00,2026-04-09T09:53:00+07:00
ORD002097,CUS000584,2026-01-10T08:50:00+07:00,completed,Quang Ninh,mobile_app,4921000.00,seed,2026-01-10T08:50:00+07:00,2026-01-10T17:50:00+07:00
ORD002098,CUS000813,2026-06-29T17:50:00+07:00,completed,Ho Chi Minh City,web,9139000.00,seed,2026-06-29T17:50:00+07:00,2026-06-30T05:50:00+07:00
ORD002099,CUS000820,2026-01-09T08:34:00+07:00,cancelled,Ho Chi Minh City,mobile_app,18574500.00,seed,2026-01-09T08:34:00+07:00,2026-01-09T13:34:00+07:00
ORD002100,CUS000460,2026-02-28T08:04:00+07:00,completed,Quang Ninh,mobile_app,36154000.00,seed,2026-02-28T08:04:00+07:00,2026-03-01T19:04:00+07:00
ORD002101,CUS000607,2026-01-30T18:52:00+07:00,completed,Hai Phong,mobile_app,17585000.00,seed,2026-01-30T18:52:00+07:00,2026-01-31T11:52:00+07:00
ORD002102,CUS000411,2026-01-10T11:21:00+07:00,completed,Hai Phong,mobile_app,14666000.00,seed,2026-01-10T11:21:00+07:00,2026-01-10T16:21:00+07:00
ORD002103,CUS000387,2026-03-05T19:42:00+07:00,completed,Can Tho,web,7038000.00,seed,2026-03-05T19:42:00+07:00,2026-03-06T13:42:00+07:00
ORD002104,CUS000363,2026-06-20T19:45:00+07:00,completed,Da Nang,mobile_app,14545000.00,seed,2026-06-20T19:45:00+07:00,2026-06-21T13:45:00+07:00
ORD002105,CUS000167,2026-02-21T13:31:00+07:00,completed,Quang Ninh,web,440000.00,seed,2026-02-21T13:31:00+07:00,2026-02-21T19:31:00+07:00
ORD002106,CUS000636,2026-03-03T10:16:00+07:00,cancelled,Da Nang,web,9503000.00,seed,2026-03-03T10:16:00+07:00,2026-03-03T10:16:00+07:00
ORD002107,CUS000868,2026-04-09T11:51:00+07:00,shipped,Da Nang,mobile_app,7410000.00,seed,2026-04-09T11:51:00+07:00,2026-04-10T05:51:00+07:00
ORD002108,CUS000614,2026-05-13T22:35:00+07:00,completed,Hue,mobile_app,20173000.00,seed,2026-05-13T22:35:00+07:00,2026-05-14T21:35:00+07:00
ORD002109,CUS000119,2026-01-18T09:21:00+07:00,cancelled,Hai Phong,web,19970000.00,seed,2026-01-18T09:21:00+07:00,2026-01-20T09:21:00+07:00
ORD002110,CUS000775,2026-03-15T14:07:00+07:00,confirmed,Da Nang,web,10659000.00,seed,2026-03-15T14:07:00+07:00,2026-03-15T22:07:00+07:00
ORD002111,CUS000203,2026-03-09T14:45:00+07:00,completed,Bac Ninh,web,26053000.00,seed,2026-03-09T14:45:00+07:00,2026-03-11T01:45:00+07:00
ORD002112,CUS000338,2026-01-29T13:00:00+07:00,shipped,Da Nang,social,11109500.00,seed,2026-01-29T13:00:00+07:00,2026-01-30T22:00:00+07:00
ORD002113,CUS000591,2026-03-06T15:24:00+07:00,cancelled,Vinh,mobile_app,11894000.00,seed,2026-03-06T15:24:00+07:00,2026-03-07T10:24:00+07:00
ORD002114,CUS000606,2026-02-16T08:00:00+07:00,shipped,Bac Ninh,web,9932500.00,seed,2026-02-16T08:00:00+07:00,2026-02-17T05:00:00+07:00
ORD002115,CUS000749,2026-05-18T18:26:00+07:00,completed,Can Tho,web,3019000.00,seed,2026-05-18T18:26:00+07:00,2026-05-20T11:26:00+07:00
ORD002116,CUS000887,2026-02-10T10:59:00+07:00,completed,Bac Ninh,mobile_app,38667500.00,seed,2026-02-10T10:59:00+07:00,2026-02-11T13:59:00+07:00
ORD002117,CUS000800,2026-03-07T12:56:00+07:00,completed,Ho Chi Minh City,mobile_app,8145500.00,seed,2026-03-07T12:56:00+07:00,2026-03-08T06:56:00+07:00
ORD002118,CUS000292,2026-03-02T18:15:00+07:00,completed,Da Nang,web,12928500.00,seed,2026-03-02T18:15:00+07:00,2026-03-04T07:15:00+07:00
ORD002119,CUS000760,2026-05-23T17:50:00+07:00,completed,Hanoi,mobile_app,28063500.00,seed,2026-05-23T17:50:00+07:00,2026-05-25T12:50:00+07:00
ORD002120,CUS000860,2026-03-23T21:42:00+07:00,shipped,Vinh,social,25639000.00,seed,2026-03-23T21:42:00+07:00,2026-03-24T12:42:00+07:00
ORD002121,CUS000877,2026-03-21T08:08:00+07:00,completed,Da Nang,web,1865000.00,seed,2026-03-21T08:08:00+07:00,2026-03-23T02:08:00+07:00
ORD002122,CUS000890,2026-05-29T21:25:00+07:00,completed,Quang Ninh,web,14320000.00,seed,2026-05-29T21:25:00+07:00,2026-05-30T14:25:00+07:00
ORD002123,CUS000674,2026-03-23T19:50:00+07:00,shipped,Nha Trang,mobile_app,7250000.00,seed,2026-03-23T19:50:00+07:00,2026-03-24T14:50:00+07:00
ORD002124,CUS000041,2026-04-17T09:35:00+07:00,completed,Hue,social,5550500.00,seed,2026-04-17T09:35:00+07:00,2026-04-18T05:35:00+07:00
ORD002125,CUS000752,2026-06-09T12:58:00+07:00,completed,Can Tho,mobile_app,5208000.00,seed,2026-06-09T12:58:00+07:00,2026-06-09T17:58:00+07:00
ORD002126,CUS000094,2026-06-25T12:18:00+07:00,completed,Hanoi,mobile_app,3736500.00,seed,2026-06-25T12:18:00+07:00,2026-06-27T11:18:00+07:00
ORD002127,CUS000480,2026-03-15T11:56:00+07:00,confirmed,Hue,mobile_app,2201500.00,seed,2026-03-15T11:56:00+07:00,2026-03-15T14:56:00+07:00
ORD002128,CUS000661,2026-03-09T19:26:00+07:00,completed,Nha Trang,web,5544000.00,seed,2026-03-09T19:26:00+07:00,2026-03-11T17:26:00+07:00
ORD002129,CUS000455,2026-04-23T15:22:00+07:00,completed,Hue,mobile_app,693000.00,seed,2026-04-23T15:22:00+07:00,2026-04-25T06:22:00+07:00
ORD002130,CUS000905,2026-06-19T16:26:00+07:00,cancelled,Bac Ninh,mobile_app,20278000.00,seed,2026-06-19T16:26:00+07:00,2026-06-21T02:26:00+07:00
ORD002131,CUS000991,2026-06-07T09:08:00+07:00,completed,Can Tho,web,12884000.00,seed,2026-06-07T09:08:00+07:00,2026-06-07T17:08:00+07:00
ORD002132,CUS000420,2026-03-10T19:05:00+07:00,completed,Quang Ninh,web,10260000.00,seed,2026-03-10T19:05:00+07:00,2026-03-12T01:05:00+07:00
ORD002133,CUS000271,2026-06-23T17:48:00+07:00,completed,Hai Phong,mobile_app,42346500.00,seed,2026-06-23T17:48:00+07:00,2026-06-25T09:48:00+07:00
ORD002134,CUS000268,2026-04-05T18:55:00+07:00,completed,Hanoi,mobile_app,5770000.00,seed,2026-04-05T18:55:00+07:00,2026-04-06T04:55:00+07:00
ORD002135,CUS000280,2026-05-05T13:27:00+07:00,completed,Hai Phong,web,24118500.00,seed,2026-05-05T13:27:00+07:00,2026-05-07T03:27:00+07:00
ORD002136,CUS000626,2026-04-05T09:23:00+07:00,confirmed,Bac Ninh,social,8306500.00,seed,2026-04-05T09:23:00+07:00,2026-04-06T15:23:00+07:00
ORD002137,CUS000759,2026-01-06T10:27:00+07:00,completed,Bac Ninh,social,11598000.00,seed,2026-01-06T10:27:00+07:00,2026-01-06T16:27:00+07:00
ORD002138,CUS000115,2026-03-26T16:18:00+07:00,completed,Da Nang,web,6650000.00,seed,2026-03-26T16:18:00+07:00,2026-03-28T10:18:00+07:00
ORD002139,CUS000853,2026-03-23T08:45:00+07:00,completed,Can Tho,mobile_app,7979000.00,seed,2026-03-23T08:45:00+07:00,2026-03-24T18:45:00+07:00
ORD002140,CUS000971,2026-03-27T22:46:00+07:00,shipped,Ho Chi Minh City,web,16882000.00,seed,2026-03-27T22:46:00+07:00,2026-03-28T02:46:00+07:00
ORD002141,CUS000030,2026-02-07T12:46:00+07:00,completed,Can Tho,web,12582000.00,seed,2026-02-07T12:46:00+07:00,2026-02-09T07:46:00+07:00
ORD002142,CUS000975,2026-01-01T16:58:00+07:00,confirmed,Da Nang,web,14708000.00,seed,2026-01-01T16:58:00+07:00,2026-01-01T16:58:00+07:00
ORD002143,CUS000166,2026-04-02T21:26:00+07:00,completed,Vinh,mobile_app,5466500.00,seed,2026-04-02T21:26:00+07:00,2026-04-03T06:26:00+07:00
ORD002144,CUS000261,2026-05-14T13:30:00+07:00,completed,Hai Phong,web,27591000.00,seed,2026-05-14T13:30:00+07:00,2026-05-15T01:30:00+07:00
ORD002145,CUS000179,2026-02-08T15:34:00+07:00,completed,Ho Chi Minh City,web,8100000.00,seed,2026-02-08T15:34:00+07:00,2026-02-08T21:34:00+07:00
ORD002146,CUS000314,2026-02-01T14:14:00+07:00,completed,Ho Chi Minh City,web,19407000.00,seed,2026-02-01T14:14:00+07:00,2026-02-01T14:14:00+07:00
ORD002147,CUS000704,2026-03-30T16:46:00+07:00,completed,Bac Ninh,web,3646500.00,seed,2026-03-30T16:46:00+07:00,2026-03-31T19:46:00+07:00
ORD002148,CUS000809,2026-02-15T12:20:00+07:00,confirmed,Hai Phong,mobile_app,13884000.00,seed,2026-02-15T12:20:00+07:00,2026-02-15T20:20:00+07:00
ORD002149,CUS000120,2026-04-04T11:44:00+07:00,completed,Ho Chi Minh City,web,30342000.00,seed,2026-04-04T11:44:00+07:00,2026-04-05T17:44:00+07:00
ORD002150,CUS000422,2026-05-23T10:47:00+07:00,completed,Vinh,web,5460000.00,seed,2026-05-23T10:47:00+07:00,2026-05-24T05:47:00+07:00
ORD002151,CUS000365,2026-04-09T20:36:00+07:00,completed,Hai Phong,mobile_app,1541000.00,seed,2026-04-09T20:36:00+07:00,2026-04-09T22:36:00+07:00
ORD002152,CUS000986,2026-01-04T16:00:00+07:00,completed,Ho Chi Minh City,mobile_app,15199500.00,seed,2026-01-04T16:00:00+07:00,2026-01-06T16:00:00+07:00
ORD002153,CUS000752,2026-04-30T19:57:00+07:00,completed,Bac Ninh,mobile_app,35610000.00,seed,2026-04-30T19:57:00+07:00,2026-05-02T15:57:00+07:00
ORD002154,CUS000119,2026-04-14T22:36:00+07:00,completed,Vinh,mobile_app,7340000.00,seed,2026-04-14T22:36:00+07:00,2026-04-15T11:36:00+07:00
ORD002155,CUS000580,2026-06-05T16:55:00+07:00,completed,Bac Ninh,web,11805500.00,seed,2026-06-05T16:55:00+07:00,2026-06-06T16:55:00+07:00
ORD002156,CUS000177,2026-05-24T08:26:00+07:00,completed,Ho Chi Minh City,web,6471000.00,seed,2026-05-24T08:26:00+07:00,2026-05-25T20:26:00+07:00
ORD002157,CUS000895,2026-01-03T14:47:00+07:00,completed,Can Tho,web,15179500.00,seed,2026-01-03T14:47:00+07:00,2026-01-03T19:47:00+07:00
ORD002158,CUS000317,2026-05-22T08:43:00+07:00,completed,Hue,mobile_app,11765500.00,seed,2026-05-22T08:43:00+07:00,2026-05-24T04:43:00+07:00
ORD002159,CUS000864,2026-06-13T20:10:00+07:00,shipped,Da Nang,mobile_app,7811000.00,seed,2026-06-13T20:10:00+07:00,2026-06-14T11:10:00+07:00
ORD002160,CUS000130,2026-04-27T14:30:00+07:00,completed,Ho Chi Minh City,web,6770000.00,seed,2026-04-27T14:30:00+07:00,2026-04-28T23:30:00+07:00
ORD002161,CUS000867,2026-01-25T14:45:00+07:00,completed,Nha Trang,mobile_app,11853500.00,seed,2026-01-25T14:45:00+07:00,2026-01-26T07:45:00+07:00
ORD002162,CUS000789,2026-06-06T15:35:00+07:00,shipped,Da Nang,mobile_app,27246500.00,seed,2026-06-06T15:35:00+07:00,2026-06-07T20:35:00+07:00
ORD002163,CUS000620,2026-02-04T22:25:00+07:00,cancelled,Quang Ninh,mobile_app,7989500.00,seed,2026-02-04T22:25:00+07:00,2026-02-05T16:25:00+07:00
ORD002164,CUS000425,2026-06-23T11:31:00+07:00,shipped,Ho Chi Minh City,mobile_app,6400000.00,seed,2026-06-23T11:31:00+07:00,2026-06-25T06:31:00+07:00
ORD002165,CUS000940,2026-04-08T11:40:00+07:00,completed,Nha Trang,mobile_app,17951000.00,seed,2026-04-08T11:40:00+07:00,2026-04-09T20:40:00+07:00
ORD002166,CUS000025,2026-02-09T09:50:00+07:00,completed,Hue,mobile_app,6957000.00,seed,2026-02-09T09:50:00+07:00,2026-02-10T22:50:00+07:00
ORD002167,CUS000253,2026-04-11T10:58:00+07:00,confirmed,Bac Ninh,web,17580000.00,seed,2026-04-11T10:58:00+07:00,2026-04-12T07:58:00+07:00
ORD002168,CUS000758,2026-04-20T21:50:00+07:00,cancelled,Can Tho,mobile_app,22930000.00,seed,2026-04-20T21:50:00+07:00,2026-04-22T20:50:00+07:00
ORD002169,CUS000326,2026-04-09T21:57:00+07:00,completed,Quang Ninh,web,21300000.00,seed,2026-04-09T21:57:00+07:00,2026-04-11T08:57:00+07:00
ORD002170,CUS000712,2026-04-16T20:28:00+07:00,completed,Bac Ninh,mobile_app,4208000.00,seed,2026-04-16T20:28:00+07:00,2026-04-17T02:28:00+07:00
ORD002171,CUS000692,2026-03-27T17:15:00+07:00,completed,Bac Ninh,web,28349500.00,seed,2026-03-27T17:15:00+07:00,2026-03-29T16:15:00+07:00
ORD002172,CUS000484,2026-03-12T10:18:00+07:00,completed,Nha Trang,web,10695500.00,seed,2026-03-12T10:18:00+07:00,2026-03-12T21:18:00+07:00
ORD002173,CUS000079,2026-01-29T19:46:00+07:00,completed,Hai Phong,mobile_app,15725000.00,seed,2026-01-29T19:46:00+07:00,2026-01-30T03:46:00+07:00
ORD002174,CUS000984,2026-06-19T20:54:00+07:00,confirmed,Vinh,web,2871000.00,seed,2026-06-19T20:54:00+07:00,2026-06-21T18:54:00+07:00
ORD002175,CUS000993,2026-04-11T18:55:00+07:00,completed,Can Tho,web,19724500.00,seed,2026-04-11T18:55:00+07:00,2026-04-13T09:55:00+07:00
ORD002176,CUS000196,2026-04-02T18:21:00+07:00,completed,Ho Chi Minh City,mobile_app,4964000.00,seed,2026-04-02T18:21:00+07:00,2026-04-04T01:21:00+07:00
ORD002177,CUS000142,2026-05-19T17:02:00+07:00,completed,Hanoi,mobile_app,5040000.00,seed,2026-05-19T17:02:00+07:00,2026-05-21T03:02:00+07:00
ORD002178,CUS000325,2026-02-25T10:49:00+07:00,completed,Nha Trang,web,11027000.00,seed,2026-02-25T10:49:00+07:00,2026-02-27T05:49:00+07:00
ORD002179,CUS000727,2026-04-13T12:18:00+07:00,completed,Bac Ninh,mobile_app,901000.00,seed,2026-04-13T12:18:00+07:00,2026-04-14T20:18:00+07:00
ORD002180,CUS000800,2026-02-05T12:52:00+07:00,completed,Ho Chi Minh City,mobile_app,29283500.00,seed,2026-02-05T12:52:00+07:00,2026-02-05T20:52:00+07:00
ORD002181,CUS000727,2026-02-11T13:29:00+07:00,completed,Hue,mobile_app,1287000.00,seed,2026-02-11T13:29:00+07:00,2026-02-13T07:29:00+07:00
ORD002182,CUS000453,2026-01-30T22:03:00+07:00,completed,Ho Chi Minh City,mobile_app,18973500.00,seed,2026-01-30T22:03:00+07:00,2026-01-31T05:03:00+07:00
ORD002183,CUS000111,2026-03-30T08:02:00+07:00,completed,Hai Phong,mobile_app,4164000.00,seed,2026-03-30T08:02:00+07:00,2026-03-31T12:02:00+07:00
ORD002184,CUS000944,2026-05-04T11:38:00+07:00,shipped,Hanoi,web,19089500.00,seed,2026-05-04T11:38:00+07:00,2026-05-06T05:38:00+07:00
ORD002185,CUS000168,2026-06-11T13:08:00+07:00,completed,Bac Ninh,mobile_app,7239000.00,seed,2026-06-11T13:08:00+07:00,2026-06-12T12:08:00+07:00
ORD002186,CUS000104,2026-03-12T22:15:00+07:00,completed,Can Tho,social,13002000.00,seed,2026-03-12T22:15:00+07:00,2026-03-14T20:15:00+07:00
ORD002187,CUS000514,2026-04-24T11:34:00+07:00,completed,Vinh,web,3118000.00,seed,2026-04-24T11:34:00+07:00,2026-04-24T11:34:00+07:00
ORD002188,CUS000810,2026-04-10T16:46:00+07:00,completed,Vinh,mobile_app,10125000.00,seed,2026-04-10T16:46:00+07:00,2026-04-11T01:46:00+07:00
ORD002189,CUS000783,2026-05-19T21:48:00+07:00,completed,Da Nang,web,17444000.00,seed,2026-05-19T21:48:00+07:00,2026-05-20T17:48:00+07:00
ORD002190,CUS000852,2026-02-13T13:21:00+07:00,completed,Da Nang,web,11235000.00,seed,2026-02-13T13:21:00+07:00,2026-02-13T16:21:00+07:00
ORD002191,CUS000515,2026-02-17T20:13:00+07:00,completed,Vinh,web,8730000.00,seed,2026-02-17T20:13:00+07:00,2026-02-19T09:13:00+07:00
ORD002192,CUS000040,2026-01-03T16:15:00+07:00,shipped,Vinh,mobile_app,6545000.00,seed,2026-01-03T16:15:00+07:00,2026-01-05T05:15:00+07:00
ORD002193,CUS000961,2026-05-17T12:23:00+07:00,completed,Bac Ninh,web,666000.00,seed,2026-05-17T12:23:00+07:00,2026-05-17T13:23:00+07:00
ORD002194,CUS000059,2026-03-04T19:54:00+07:00,completed,Ho Chi Minh City,mobile_app,3011500.00,seed,2026-03-04T19:54:00+07:00,2026-03-06T12:54:00+07:00
ORD002195,CUS000326,2026-04-18T22:00:00+07:00,completed,Quang Ninh,web,11381500.00,seed,2026-04-18T22:00:00+07:00,2026-04-20T17:00:00+07:00
ORD002196,CUS000241,2026-05-04T19:56:00+07:00,completed,Da Nang,web,17241500.00,seed,2026-05-04T19:56:00+07:00,2026-05-04T21:56:00+07:00
ORD002197,CUS000562,2026-06-28T20:57:00+07:00,completed,Bac Ninh,mobile_app,342000.00,seed,2026-06-28T20:57:00+07:00,2026-06-30T03:57:00+07:00
ORD002198,CUS000537,2026-02-03T15:07:00+07:00,completed,Can Tho,mobile_app,34562000.00,seed,2026-02-03T15:07:00+07:00,2026-02-04T01:07:00+07:00
ORD002199,CUS000617,2026-02-05T17:43:00+07:00,completed,Can Tho,mobile_app,5500500.00,seed,2026-02-05T17:43:00+07:00,2026-02-06T02:43:00+07:00
ORD002200,CUS000437,2026-03-17T19:44:00+07:00,cancelled,Hai Phong,mobile_app,15065500.00,seed,2026-03-17T19:44:00+07:00,2026-03-18T22:44:00+07:00
ORD002201,CUS000394,2026-06-25T10:21:00+07:00,completed,Hue,social,5904000.00,seed,2026-06-25T10:21:00+07:00,2026-06-26T07:21:00+07:00
ORD002202,CUS000269,2026-05-27T18:59:00+07:00,completed,Vinh,mobile_app,10970000.00,seed,2026-05-27T18:59:00+07:00,2026-05-29T01:59:00+07:00
ORD002203,CUS000305,2026-02-02T21:52:00+07:00,completed,Hue,mobile_app,13492000.00,seed,2026-02-02T21:52:00+07:00,2026-02-04T17:52:00+07:00
ORD002204,CUS000099,2026-05-09T09:35:00+07:00,completed,Ho Chi Minh City,social,7660000.00,seed,2026-05-09T09:35:00+07:00,2026-05-10T00:35:00+07:00
ORD002205,CUS000570,2026-04-08T20:02:00+07:00,confirmed,Nha Trang,mobile_app,6330000.00,seed,2026-04-08T20:02:00+07:00,2026-04-10T16:02:00+07:00
ORD002206,CUS000292,2026-01-05T19:56:00+07:00,completed,Can Tho,web,8840500.00,seed,2026-01-05T19:56:00+07:00,2026-01-07T11:56:00+07:00
ORD002207,CUS000826,2026-02-07T17:10:00+07:00,shipped,Nha Trang,mobile_app,13083000.00,seed,2026-02-07T17:10:00+07:00,2026-02-08T11:10:00+07:00
ORD002208,CUS000295,2026-03-22T17:56:00+07:00,completed,Nha Trang,mobile_app,8510000.00,seed,2026-03-22T17:56:00+07:00,2026-03-23T13:56:00+07:00
ORD002209,CUS000822,2026-03-17T10:07:00+07:00,completed,Da Nang,social,5482500.00,seed,2026-03-17T10:07:00+07:00,2026-03-18T17:07:00+07:00
ORD002210,CUS000986,2026-06-21T21:06:00+07:00,completed,Bac Ninh,web,11349000.00,seed,2026-06-21T21:06:00+07:00,2026-06-23T17:06:00+07:00
ORD002211,CUS000455,2026-04-09T11:00:00+07:00,completed,Quang Ninh,web,8558500.00,seed,2026-04-09T11:00:00+07:00,2026-04-10T07:00:00+07:00
ORD002212,CUS000517,2026-06-18T17:08:00+07:00,completed,Ho Chi Minh City,mobile_app,26322000.00,seed,2026-06-18T17:08:00+07:00,2026-06-20T13:08:00+07:00
ORD002213,CUS000430,2026-05-02T08:18:00+07:00,completed,Hue,web,11260000.00,seed,2026-05-02T08:18:00+07:00,2026-05-04T00:18:00+07:00
ORD002214,CUS000552,2026-04-27T12:53:00+07:00,completed,Vinh,mobile_app,7484000.00,seed,2026-04-27T12:53:00+07:00,2026-04-28T03:53:00+07:00
ORD002215,CUS000285,2026-01-15T15:57:00+07:00,completed,Hue,mobile_app,5618000.00,seed,2026-01-15T15:57:00+07:00,2026-01-16T08:57:00+07:00
ORD002216,CUS000643,2026-01-26T13:05:00+07:00,completed,Quang Ninh,web,24770000.00,seed,2026-01-26T13:05:00+07:00,2026-01-27T19:05:00+07:00
ORD002217,CUS000358,2026-05-08T18:37:00+07:00,completed,Hue,web,12223500.00,seed,2026-05-08T18:37:00+07:00,2026-05-09T03:37:00+07:00
ORD002218,CUS000351,2026-02-26T08:26:00+07:00,cancelled,Da Nang,web,10867000.00,seed,2026-02-26T08:26:00+07:00,2026-02-28T04:26:00+07:00
ORD002219,CUS000123,2026-02-04T18:57:00+07:00,completed,Bac Ninh,web,14347000.00,seed,2026-02-04T18:57:00+07:00,2026-02-04T23:57:00+07:00
ORD002220,CUS000755,2026-02-23T15:55:00+07:00,confirmed,Quang Ninh,web,28885000.00,seed,2026-02-23T15:55:00+07:00,2026-02-25T06:55:00+07:00
ORD002221,CUS000656,2026-03-12T17:04:00+07:00,completed,Ho Chi Minh City,web,47461500.00,seed,2026-03-12T17:04:00+07:00,2026-03-12T21:04:00+07:00
ORD002222,CUS000919,2026-05-01T08:05:00+07:00,pending,Hue,social,30315000.00,seed,2026-05-01T08:05:00+07:00,2026-05-01T12:05:00+07:00
ORD002223,CUS000698,2026-04-17T08:16:00+07:00,completed,Hai Phong,social,14913000.00,seed,2026-04-17T08:16:00+07:00,2026-04-17T13:16:00+07:00
ORD002224,CUS000646,2026-01-16T08:56:00+07:00,completed,Hanoi,web,7094500.00,seed,2026-01-16T08:56:00+07:00,2026-01-17T14:56:00+07:00
ORD002225,CUS000899,2026-06-27T11:24:00+07:00,completed,Can Tho,web,6131000.00,seed,2026-06-27T11:24:00+07:00,2026-06-28T05:24:00+07:00
ORD002226,CUS000151,2026-06-19T10:30:00+07:00,completed,Quang Ninh,mobile_app,6102000.00,seed,2026-06-19T10:30:00+07:00,2026-06-19T21:30:00+07:00
ORD002227,CUS000417,2026-05-08T11:47:00+07:00,shipped,Ho Chi Minh City,web,13006500.00,seed,2026-05-08T11:47:00+07:00,2026-05-08T18:47:00+07:00
ORD002228,CUS000573,2026-01-23T11:28:00+07:00,completed,Ho Chi Minh City,web,6210000.00,seed,2026-01-23T11:28:00+07:00,2026-01-23T21:28:00+07:00
ORD002229,CUS000128,2026-05-07T13:25:00+07:00,completed,Da Nang,mobile_app,15808500.00,seed,2026-05-07T13:25:00+07:00,2026-05-07T19:25:00+07:00
ORD002230,CUS000741,2026-06-14T22:40:00+07:00,completed,Ho Chi Minh City,mobile_app,6905500.00,seed,2026-06-14T22:40:00+07:00,2026-06-15T11:40:00+07:00
ORD002231,CUS000122,2026-04-19T16:46:00+07:00,completed,Can Tho,web,11157500.00,seed,2026-04-19T16:46:00+07:00,2026-04-19T18:46:00+07:00
ORD002232,CUS000454,2026-06-20T20:08:00+07:00,shipped,Nha Trang,mobile_app,13986000.00,seed,2026-06-20T20:08:00+07:00,2026-06-22T20:08:00+07:00
ORD002233,CUS000080,2026-05-03T21:05:00+07:00,shipped,Ho Chi Minh City,web,23683500.00,seed,2026-05-03T21:05:00+07:00,2026-05-04T10:05:00+07:00
ORD002234,CUS000988,2026-04-19T14:26:00+07:00,cancelled,Hai Phong,web,18842000.00,seed,2026-04-19T14:26:00+07:00,2026-04-20T09:26:00+07:00
ORD002235,CUS000855,2026-01-01T11:57:00+07:00,completed,Nha Trang,mobile_app,15753500.00,seed,2026-01-01T11:57:00+07:00,2026-01-02T10:57:00+07:00
ORD002236,CUS000477,2026-03-26T08:21:00+07:00,completed,Ho Chi Minh City,mobile_app,10340000.00,seed,2026-03-26T08:21:00+07:00,2026-03-27T08:21:00+07:00
ORD002237,CUS000939,2026-03-23T19:00:00+07:00,completed,Hue,web,26825000.00,seed,2026-03-23T19:00:00+07:00,2026-03-23T20:00:00+07:00
ORD002238,CUS000632,2026-05-23T11:22:00+07:00,completed,Ho Chi Minh City,mobile_app,9247000.00,seed,2026-05-23T11:22:00+07:00,2026-05-24T12:22:00+07:00
ORD002239,CUS000806,2026-03-27T13:16:00+07:00,completed,Bac Ninh,web,9503000.00,seed,2026-03-27T13:16:00+07:00,2026-03-29T09:16:00+07:00
ORD002240,CUS000847,2026-01-07T09:45:00+07:00,shipped,Ho Chi Minh City,social,1090500.00,seed,2026-01-07T09:45:00+07:00,2026-01-07T22:45:00+07:00
ORD002241,CUS000186,2026-06-06T14:24:00+07:00,completed,Quang Ninh,social,10584000.00,seed,2026-06-06T14:24:00+07:00,2026-06-08T11:24:00+07:00
ORD002242,CUS000479,2026-03-24T19:19:00+07:00,completed,Da Nang,mobile_app,9513500.00,seed,2026-03-24T19:19:00+07:00,2026-03-26T03:19:00+07:00
ORD002243,CUS000888,2026-01-31T08:31:00+07:00,pending,Vinh,mobile_app,5460000.00,seed,2026-01-31T08:31:00+07:00,2026-02-01T21:31:00+07:00
ORD002244,CUS000611,2026-04-04T12:18:00+07:00,completed,Can Tho,mobile_app,4260000.00,seed,2026-04-04T12:18:00+07:00,2026-04-04T18:18:00+07:00
ORD002245,CUS000270,2026-04-07T19:42:00+07:00,completed,Hue,mobile_app,961500.00,seed,2026-04-07T19:42:00+07:00,2026-04-08T10:42:00+07:00
ORD002246,CUS000882,2026-06-04T16:10:00+07:00,completed,Da Nang,mobile_app,11527000.00,seed,2026-06-04T16:10:00+07:00,2026-06-05T12:10:00+07:00
ORD002247,CUS000333,2026-02-15T11:34:00+07:00,completed,Bac Ninh,web,6598000.00,seed,2026-02-15T11:34:00+07:00,2026-02-16T12:34:00+07:00
ORD002248,CUS000115,2026-03-05T11:50:00+07:00,completed,Hai Phong,web,19114500.00,seed,2026-03-05T11:50:00+07:00,2026-03-05T20:50:00+07:00
ORD002249,CUS000273,2026-02-05T16:46:00+07:00,completed,Hue,mobile_app,6062500.00,seed,2026-02-05T16:46:00+07:00,2026-02-06T16:46:00+07:00
ORD002250,CUS000089,2026-06-10T11:03:00+07:00,completed,Hai Phong,social,5200000.00,seed,2026-06-10T11:03:00+07:00,2026-06-12T09:03:00+07:00
ORD002251,CUS000255,2026-05-05T16:31:00+07:00,completed,Nha Trang,web,2326000.00,seed,2026-05-05T16:31:00+07:00,2026-05-07T14:31:00+07:00
ORD002252,CUS000854,2026-01-05T13:05:00+07:00,shipped,Ho Chi Minh City,mobile_app,14530500.00,seed,2026-01-05T13:05:00+07:00,2026-01-07T04:05:00+07:00
ORD002253,CUS000459,2026-05-24T17:20:00+07:00,completed,Hanoi,web,14463500.00,seed,2026-05-24T17:20:00+07:00,2026-05-25T08:20:00+07:00
ORD002254,CUS000581,2026-01-24T22:28:00+07:00,completed,Ho Chi Minh City,web,10603000.00,seed,2026-01-24T22:28:00+07:00,2026-01-26T16:28:00+07:00
ORD002255,CUS000157,2026-05-14T15:06:00+07:00,cancelled,Vinh,mobile_app,3580000.00,seed,2026-05-14T15:06:00+07:00,2026-05-14T21:06:00+07:00
ORD002256,CUS000034,2026-06-06T21:07:00+07:00,completed,Ho Chi Minh City,web,1653000.00,seed,2026-06-06T21:07:00+07:00,2026-06-08T17:07:00+07:00
ORD002257,CUS000640,2026-03-12T17:05:00+07:00,completed,Bac Ninh,web,23148000.00,seed,2026-03-12T17:05:00+07:00,2026-03-12T20:05:00+07:00
ORD002258,CUS000387,2026-06-15T10:01:00+07:00,completed,Quang Ninh,web,2269500.00,seed,2026-06-15T10:01:00+07:00,2026-06-15T10:01:00+07:00
ORD002259,CUS000855,2026-03-23T18:18:00+07:00,completed,Hanoi,web,2158000.00,seed,2026-03-23T18:18:00+07:00,2026-03-25T14:18:00+07:00
ORD002260,CUS000620,2026-03-02T22:34:00+07:00,completed,Hue,web,11712000.00,seed,2026-03-02T22:34:00+07:00,2026-03-03T15:34:00+07:00
ORD002261,CUS000230,2026-05-26T14:59:00+07:00,confirmed,Nha Trang,web,20419500.00,seed,2026-05-26T14:59:00+07:00,2026-05-28T05:59:00+07:00
ORD002262,CUS000629,2026-06-18T12:34:00+07:00,completed,Quang Ninh,mobile_app,17291000.00,seed,2026-06-18T12:34:00+07:00,2026-06-18T22:34:00+07:00
ORD002263,CUS000271,2026-03-31T08:39:00+07:00,completed,Can Tho,mobile_app,8223500.00,seed,2026-03-31T08:39:00+07:00,2026-04-01T22:39:00+07:00
ORD002264,CUS000444,2026-03-20T09:17:00+07:00,completed,Nha Trang,social,4923000.00,seed,2026-03-20T09:17:00+07:00,2026-03-20T20:17:00+07:00
ORD002265,CUS000373,2026-02-24T12:18:00+07:00,completed,Vinh,mobile_app,1814500.00,seed,2026-02-24T12:18:00+07:00,2026-02-24T12:18:00+07:00
ORD002266,CUS000612,2026-06-11T16:24:00+07:00,completed,Can Tho,web,6290000.00,seed,2026-06-11T16:24:00+07:00,2026-06-13T16:24:00+07:00
ORD002267,CUS000847,2026-04-20T16:40:00+07:00,shipped,Quang Ninh,web,4914000.00,seed,2026-04-20T16:40:00+07:00,2026-04-22T02:40:00+07:00
ORD002268,CUS000861,2026-02-28T17:43:00+07:00,completed,Hue,web,9180000.00,seed,2026-02-28T17:43:00+07:00,2026-03-01T14:43:00+07:00
ORD002269,CUS000287,2026-05-13T15:29:00+07:00,completed,Hanoi,mobile_app,16102000.00,seed,2026-05-13T15:29:00+07:00,2026-05-14T22:29:00+07:00
ORD002270,CUS000253,2026-04-24T11:54:00+07:00,completed,Hue,social,8478000.00,seed,2026-04-24T11:54:00+07:00,2026-04-26T04:54:00+07:00
ORD002271,CUS000635,2026-05-10T11:23:00+07:00,completed,Ho Chi Minh City,mobile_app,22572000.00,seed,2026-05-10T11:23:00+07:00,2026-05-12T05:23:00+07:00
ORD002272,CUS000723,2026-01-24T16:03:00+07:00,completed,Quang Ninh,mobile_app,3961500.00,seed,2026-01-24T16:03:00+07:00,2026-01-25T23:03:00+07:00
ORD002273,CUS000316,2026-02-26T21:49:00+07:00,completed,Ho Chi Minh City,social,13684000.00,seed,2026-02-26T21:49:00+07:00,2026-02-27T03:49:00+07:00
ORD002274,CUS000814,2026-03-18T21:46:00+07:00,completed,Hai Phong,web,39610000.00,seed,2026-03-18T21:46:00+07:00,2026-03-20T17:46:00+07:00
ORD002275,CUS000092,2026-05-06T17:30:00+07:00,completed,Ho Chi Minh City,mobile_app,17380000.00,seed,2026-05-06T17:30:00+07:00,2026-05-08T04:30:00+07:00
ORD002276,CUS000415,2026-02-23T17:18:00+07:00,confirmed,Vinh,mobile_app,4426500.00,seed,2026-02-23T17:18:00+07:00,2026-02-25T12:18:00+07:00
ORD002277,CUS000005,2026-01-20T13:05:00+07:00,confirmed,Vinh,mobile_app,21152000.00,seed,2026-01-20T13:05:00+07:00,2026-01-22T09:05:00+07:00
ORD002278,CUS000762,2026-03-18T19:30:00+07:00,completed,Can Tho,web,12636000.00,seed,2026-03-18T19:30:00+07:00,2026-03-19T04:30:00+07:00
ORD002279,CUS000033,2026-02-27T22:47:00+07:00,completed,Hai Phong,mobile_app,33391000.00,seed,2026-02-27T22:47:00+07:00,2026-03-01T20:47:00+07:00
ORD002280,CUS000577,2026-02-08T18:33:00+07:00,completed,Hue,web,680000.00,seed,2026-02-08T18:33:00+07:00,2026-02-10T13:33:00+07:00
ORD002281,CUS000856,2026-01-17T13:07:00+07:00,completed,Hai Phong,web,13054000.00,seed,2026-01-17T13:07:00+07:00,2026-01-19T03:07:00+07:00
ORD002282,CUS000904,2026-05-27T13:22:00+07:00,completed,Da Nang,mobile_app,15070000.00,seed,2026-05-27T13:22:00+07:00,2026-05-29T04:22:00+07:00
ORD002283,CUS000757,2026-02-10T09:16:00+07:00,completed,Quang Ninh,web,7839000.00,seed,2026-02-10T09:16:00+07:00,2026-02-10T14:16:00+07:00
ORD002284,CUS000362,2026-06-21T12:47:00+07:00,completed,Quang Ninh,social,24474000.00,seed,2026-06-21T12:47:00+07:00,2026-06-23T02:47:00+07:00
ORD002285,CUS000193,2026-06-26T12:26:00+07:00,completed,Da Nang,web,11157500.00,seed,2026-06-26T12:26:00+07:00,2026-06-27T23:26:00+07:00
ORD002286,CUS000883,2026-06-08T09:03:00+07:00,completed,Quang Ninh,mobile_app,5609000.00,seed,2026-06-08T09:03:00+07:00,2026-06-09T20:03:00+07:00
ORD002287,CUS000170,2026-01-27T11:57:00+07:00,completed,Nha Trang,mobile_app,14753000.00,seed,2026-01-27T11:57:00+07:00,2026-01-28T11:57:00+07:00
ORD002288,CUS000680,2026-03-15T21:50:00+07:00,shipped,Hai Phong,mobile_app,8466500.00,seed,2026-03-15T21:50:00+07:00,2026-03-17T11:50:00+07:00
ORD002289,CUS000330,2026-05-11T08:05:00+07:00,completed,Da Nang,mobile_app,2304000.00,seed,2026-05-11T08:05:00+07:00,2026-05-12T17:05:00+07:00
ORD002290,CUS000008,2026-03-03T12:42:00+07:00,completed,Bac Ninh,mobile_app,5797500.00,seed,2026-03-03T12:42:00+07:00,2026-03-04T03:42:00+07:00
ORD002291,CUS000715,2026-02-07T12:36:00+07:00,completed,Hue,social,875500.00,seed,2026-02-07T12:36:00+07:00,2026-02-08T04:36:00+07:00
ORD002292,CUS000914,2026-04-14T10:23:00+07:00,completed,Can Tho,web,2490000.00,seed,2026-04-14T10:23:00+07:00,2026-04-15T08:23:00+07:00
ORD002293,CUS000038,2026-06-03T13:06:00+07:00,completed,Hue,web,4128000.00,seed,2026-06-03T13:06:00+07:00,2026-06-04T22:06:00+07:00
ORD002294,CUS000992,2026-04-14T15:02:00+07:00,confirmed,Hue,mobile_app,14750000.00,seed,2026-04-14T15:02:00+07:00,2026-04-14T20:02:00+07:00
ORD002295,CUS000402,2026-03-20T21:44:00+07:00,completed,Ho Chi Minh City,social,14997000.00,seed,2026-03-20T21:44:00+07:00,2026-03-21T14:44:00+07:00
ORD002296,CUS000581,2026-01-31T19:24:00+07:00,completed,Hai Phong,web,29686000.00,seed,2026-01-31T19:24:00+07:00,2026-02-01T16:24:00+07:00
ORD002297,CUS000387,2026-04-20T08:41:00+07:00,completed,Vinh,web,25560000.00,seed,2026-04-20T08:41:00+07:00,2026-04-21T06:41:00+07:00
ORD002298,CUS000638,2026-02-21T08:42:00+07:00,completed,Da Nang,mobile_app,6286000.00,seed,2026-02-21T08:42:00+07:00,2026-02-21T19:42:00+07:00
ORD002299,CUS000185,2026-05-10T20:22:00+07:00,completed,Quang Ninh,web,23704500.00,seed,2026-05-10T20:22:00+07:00,2026-05-10T22:22:00+07:00
ORD002300,CUS000027,2026-05-07T16:08:00+07:00,completed,Ho Chi Minh City,web,8094500.00,seed,2026-05-07T16:08:00+07:00,2026-05-08T08:08:00+07:00
ORD002301,CUS000029,2026-02-18T11:04:00+07:00,completed,Nha Trang,mobile_app,21704000.00,seed,2026-02-18T11:04:00+07:00,2026-02-18T22:04:00+07:00
ORD002302,CUS000450,2026-01-30T10:00:00+07:00,completed,Da Nang,mobile_app,10499500.00,seed,2026-01-30T10:00:00+07:00,2026-01-30T20:00:00+07:00
ORD002303,CUS000872,2026-06-23T11:09:00+07:00,completed,Ho Chi Minh City,mobile_app,13267000.00,seed,2026-06-23T11:09:00+07:00,2026-06-25T09:09:00+07:00
ORD002304,CUS000543,2026-02-21T19:12:00+07:00,completed,Nha Trang,social,13979000.00,seed,2026-02-21T19:12:00+07:00,2026-02-22T13:12:00+07:00
ORD002305,CUS000478,2026-04-22T15:35:00+07:00,completed,Da Nang,mobile_app,12182000.00,seed,2026-04-22T15:35:00+07:00,2026-04-24T00:35:00+07:00
ORD002306,CUS000664,2026-03-30T19:57:00+07:00,shipped,Vinh,mobile_app,5886000.00,seed,2026-03-30T19:57:00+07:00,2026-03-31T18:57:00+07:00
ORD002307,CUS000326,2026-03-08T16:04:00+07:00,completed,Quang Ninh,mobile_app,6804000.00,seed,2026-03-08T16:04:00+07:00,2026-03-10T02:04:00+07:00
ORD002308,CUS000786,2026-05-12T22:16:00+07:00,completed,Bac Ninh,mobile_app,16988500.00,seed,2026-05-12T22:16:00+07:00,2026-05-14T17:16:00+07:00
ORD002309,CUS000734,2026-02-05T11:37:00+07:00,shipped,Nha Trang,web,5994000.00,seed,2026-02-05T11:37:00+07:00,2026-02-05T13:37:00+07:00
ORD002310,CUS000089,2026-02-05T17:01:00+07:00,shipped,Ho Chi Minh City,web,14711500.00,seed,2026-02-05T17:01:00+07:00,2026-02-07T07:01:00+07:00
ORD002311,CUS000458,2026-02-04T08:43:00+07:00,completed,Quang Ninh,mobile_app,10698500.00,seed,2026-02-04T08:43:00+07:00,2026-02-06T08:43:00+07:00
ORD002312,CUS000536,2026-06-02T22:50:00+07:00,completed,Hai Phong,social,5610000.00,seed,2026-06-02T22:50:00+07:00,2026-06-03T14:50:00+07:00
ORD002313,CUS000457,2026-01-23T18:41:00+07:00,confirmed,Da Nang,mobile_app,1170000.00,seed,2026-01-23T18:41:00+07:00,2026-01-25T18:41:00+07:00
ORD002314,CUS000063,2026-02-02T21:20:00+07:00,completed,Can Tho,mobile_app,13621500.00,seed,2026-02-02T21:20:00+07:00,2026-02-04T16:20:00+07:00
ORD002315,CUS000845,2026-03-08T10:18:00+07:00,completed,Da Nang,web,17154000.00,seed,2026-03-08T10:18:00+07:00,2026-03-08T11:18:00+07:00
ORD002316,CUS000775,2026-02-28T16:49:00+07:00,completed,Da Nang,web,3950000.00,seed,2026-02-28T16:49:00+07:00,2026-03-02T04:49:00+07:00
ORD002317,CUS000656,2026-01-03T12:42:00+07:00,cancelled,Hanoi,web,4100000.00,seed,2026-01-03T12:42:00+07:00,2026-01-03T17:42:00+07:00
ORD002318,CUS000451,2026-06-10T19:44:00+07:00,completed,Nha Trang,web,10730000.00,seed,2026-06-10T19:44:00+07:00,2026-06-10T20:44:00+07:00
ORD002319,CUS000983,2026-01-18T13:55:00+07:00,completed,Bac Ninh,web,24622000.00,seed,2026-01-18T13:55:00+07:00,2026-01-19T12:55:00+07:00
ORD002320,CUS000540,2026-01-27T17:44:00+07:00,completed,Hanoi,web,9748500.00,seed,2026-01-27T17:44:00+07:00,2026-01-27T20:44:00+07:00
ORD002321,CUS000632,2026-04-07T15:10:00+07:00,confirmed,Can Tho,web,3360000.00,seed,2026-04-07T15:10:00+07:00,2026-04-08T03:10:00+07:00
ORD002322,CUS000886,2026-04-06T14:29:00+07:00,completed,Da Nang,web,18554500.00,seed,2026-04-06T14:29:00+07:00,2026-04-08T01:29:00+07:00
ORD002323,CUS000143,2026-05-10T20:45:00+07:00,completed,Can Tho,web,10233000.00,seed,2026-05-10T20:45:00+07:00,2026-05-12T14:45:00+07:00
ORD002324,CUS000701,2026-04-25T18:04:00+07:00,completed,Hanoi,mobile_app,6612500.00,seed,2026-04-25T18:04:00+07:00,2026-04-27T18:04:00+07:00
ORD002325,CUS000944,2026-04-05T10:44:00+07:00,completed,Bac Ninh,mobile_app,14215500.00,seed,2026-04-05T10:44:00+07:00,2026-04-05T21:44:00+07:00
ORD002326,CUS000617,2026-04-15T22:10:00+07:00,completed,Quang Ninh,mobile_app,14301000.00,seed,2026-04-15T22:10:00+07:00,2026-04-17T17:10:00+07:00
ORD002327,CUS000415,2026-05-14T22:12:00+07:00,confirmed,Vinh,web,700000.00,seed,2026-05-14T22:12:00+07:00,2026-05-15T06:12:00+07:00
ORD002328,CUS000291,2026-02-10T08:44:00+07:00,completed,Hue,mobile_app,33873000.00,seed,2026-02-10T08:44:00+07:00,2026-02-10T23:44:00+07:00
ORD002329,CUS000049,2026-06-20T08:08:00+07:00,completed,Hai Phong,mobile_app,10957000.00,seed,2026-06-20T08:08:00+07:00,2026-06-22T04:08:00+07:00
ORD002330,CUS000197,2026-01-01T17:02:00+07:00,completed,Quang Ninh,mobile_app,12284000.00,seed,2026-01-01T17:02:00+07:00,2026-01-02T07:02:00+07:00
ORD002331,CUS000430,2026-04-20T18:49:00+07:00,completed,Hue,mobile_app,11469000.00,seed,2026-04-20T18:49:00+07:00,2026-04-21T16:49:00+07:00
ORD002332,CUS000436,2026-03-14T12:51:00+07:00,shipped,Ho Chi Minh City,mobile_app,7820000.00,seed,2026-03-14T12:51:00+07:00,2026-03-15T23:51:00+07:00
ORD002333,CUS000424,2026-03-21T17:31:00+07:00,shipped,Hai Phong,web,3332000.00,seed,2026-03-21T17:31:00+07:00,2026-03-23T17:31:00+07:00
ORD002334,CUS000523,2026-06-01T16:57:00+07:00,completed,Can Tho,social,6225000.00,seed,2026-06-01T16:57:00+07:00,2026-06-03T10:57:00+07:00
ORD002335,CUS000996,2026-03-06T18:01:00+07:00,completed,Ho Chi Minh City,web,1680000.00,seed,2026-03-06T18:01:00+07:00,2026-03-07T12:01:00+07:00
ORD002336,CUS000007,2026-03-08T22:17:00+07:00,shipped,Can Tho,mobile_app,8199000.00,seed,2026-03-08T22:17:00+07:00,2026-03-10T07:17:00+07:00
ORD002337,CUS000723,2026-05-27T20:56:00+07:00,completed,Quang Ninh,web,5000000.00,seed,2026-05-27T20:56:00+07:00,2026-05-28T14:56:00+07:00
ORD002338,CUS000449,2026-03-17T18:05:00+07:00,completed,Hai Phong,mobile_app,14093500.00,seed,2026-03-17T18:05:00+07:00,2026-03-17T23:05:00+07:00
ORD002339,CUS000391,2026-02-20T17:05:00+07:00,completed,Bac Ninh,mobile_app,17471000.00,seed,2026-02-20T17:05:00+07:00,2026-02-21T07:05:00+07:00
ORD002340,CUS000523,2026-02-02T21:38:00+07:00,completed,Hanoi,mobile_app,1430000.00,seed,2026-02-02T21:38:00+07:00,2026-02-04T00:38:00+07:00
ORD002341,CUS000703,2026-06-07T11:58:00+07:00,completed,Da Nang,web,16820000.00,seed,2026-06-07T11:58:00+07:00,2026-06-09T01:58:00+07:00
ORD002342,CUS000962,2026-03-18T13:20:00+07:00,confirmed,Vinh,mobile_app,7803000.00,seed,2026-03-18T13:20:00+07:00,2026-03-19T18:20:00+07:00
ORD002343,CUS000590,2026-02-06T19:12:00+07:00,completed,Vinh,mobile_app,6516000.00,seed,2026-02-06T19:12:00+07:00,2026-02-08T13:12:00+07:00
ORD002344,CUS000707,2026-02-11T11:44:00+07:00,completed,Quang Ninh,mobile_app,16469000.00,seed,2026-02-11T11:44:00+07:00,2026-02-12T17:44:00+07:00
ORD002345,CUS000036,2026-04-17T16:32:00+07:00,completed,Hue,mobile_app,14660000.00,seed,2026-04-17T16:32:00+07:00,2026-04-17T18:32:00+07:00
ORD002346,CUS000498,2026-05-02T21:04:00+07:00,completed,Nha Trang,mobile_app,8928000.00,seed,2026-05-02T21:04:00+07:00,2026-05-03T18:04:00+07:00
ORD002347,CUS000188,2026-06-04T21:29:00+07:00,completed,Ho Chi Minh City,mobile_app,1664500.00,seed,2026-06-04T21:29:00+07:00,2026-06-05T07:29:00+07:00
ORD002348,CUS000570,2026-05-09T14:07:00+07:00,confirmed,Bac Ninh,mobile_app,12406000.00,seed,2026-05-09T14:07:00+07:00,2026-05-11T13:07:00+07:00
ORD002349,CUS000885,2026-06-08T08:49:00+07:00,completed,Bac Ninh,mobile_app,1156000.00,seed,2026-06-08T08:49:00+07:00,2026-06-08T20:49:00+07:00
ORD002350,CUS000365,2026-05-16T17:06:00+07:00,completed,Hai Phong,web,6559000.00,seed,2026-05-16T17:06:00+07:00,2026-05-18T04:06:00+07:00
ORD002351,CUS000694,2026-05-05T11:53:00+07:00,completed,Hue,web,3723000.00,seed,2026-05-05T11:53:00+07:00,2026-05-07T01:53:00+07:00
ORD002352,CUS000559,2026-06-13T20:37:00+07:00,cancelled,Vinh,web,2637000.00,seed,2026-06-13T20:37:00+07:00,2026-06-15T17:37:00+07:00
ORD002353,CUS000586,2026-06-18T12:50:00+07:00,completed,Hue,web,1079500.00,seed,2026-06-18T12:50:00+07:00,2026-06-18T18:50:00+07:00
ORD002354,CUS000095,2026-02-22T19:33:00+07:00,completed,Hai Phong,web,2877000.00,seed,2026-02-22T19:33:00+07:00,2026-02-23T03:33:00+07:00
ORD002355,CUS000649,2026-06-28T20:18:00+07:00,completed,Da Nang,mobile_app,21658500.00,seed,2026-06-28T20:18:00+07:00,2026-06-30T03:18:00+07:00
ORD002356,CUS000098,2026-05-27T21:45:00+07:00,completed,Da Nang,mobile_app,9165000.00,seed,2026-05-27T21:45:00+07:00,2026-05-29T03:45:00+07:00
ORD002357,CUS000746,2026-02-17T09:20:00+07:00,shipped,Hue,mobile_app,4655000.00,seed,2026-02-17T09:20:00+07:00,2026-02-18T11:20:00+07:00
ORD002358,CUS000590,2026-04-13T20:53:00+07:00,completed,Can Tho,web,3292500.00,seed,2026-04-13T20:53:00+07:00,2026-04-14T01:53:00+07:00
ORD002359,CUS000609,2026-02-10T17:37:00+07:00,completed,Nha Trang,mobile_app,19261000.00,seed,2026-02-10T17:37:00+07:00,2026-02-10T21:37:00+07:00
ORD002360,CUS000292,2026-02-16T13:10:00+07:00,completed,Can Tho,web,8370000.00,seed,2026-02-16T13:10:00+07:00,2026-02-18T01:10:00+07:00
ORD002361,CUS000225,2026-02-24T08:25:00+07:00,completed,Hanoi,web,17204000.00,seed,2026-02-24T08:25:00+07:00,2026-02-24T11:25:00+07:00
ORD002362,CUS000163,2026-02-13T15:44:00+07:00,completed,Bac Ninh,web,20090500.00,seed,2026-02-13T15:44:00+07:00,2026-02-14T19:44:00+07:00
ORD002363,CUS000396,2026-02-16T11:34:00+07:00,completed,Can Tho,web,204000.00,seed,2026-02-16T11:34:00+07:00,2026-02-17T05:34:00+07:00
ORD002364,CUS000451,2026-02-21T14:21:00+07:00,completed,Hai Phong,web,14159000.00,seed,2026-02-21T14:21:00+07:00,2026-02-23T10:21:00+07:00
ORD002365,CUS000319,2026-05-13T10:07:00+07:00,completed,Nha Trang,web,8967000.00,seed,2026-05-13T10:07:00+07:00,2026-05-14T10:07:00+07:00
ORD002366,CUS000330,2026-02-23T09:52:00+07:00,completed,Nha Trang,mobile_app,11441000.00,seed,2026-02-23T09:52:00+07:00,2026-02-25T03:52:00+07:00
ORD002367,CUS000031,2026-01-23T09:05:00+07:00,completed,Hanoi,mobile_app,6190000.00,seed,2026-01-23T09:05:00+07:00,2026-01-24T21:05:00+07:00
ORD002368,CUS000799,2026-01-07T20:08:00+07:00,completed,Nha Trang,mobile_app,14566500.00,seed,2026-01-07T20:08:00+07:00,2026-01-09T02:08:00+07:00
ORD002369,CUS000203,2026-04-03T16:31:00+07:00,pending,Ho Chi Minh City,web,7720000.00,seed,2026-04-03T16:31:00+07:00,2026-04-05T07:31:00+07:00
ORD002370,CUS000209,2026-03-13T20:59:00+07:00,completed,Ho Chi Minh City,mobile_app,4293000.00,seed,2026-03-13T20:59:00+07:00,2026-03-15T14:59:00+07:00
ORD002371,CUS000610,2026-01-11T14:15:00+07:00,pending,Hai Phong,mobile_app,5301000.00,seed,2026-01-11T14:15:00+07:00,2026-01-12T22:15:00+07:00
ORD002372,CUS000688,2026-05-02T17:59:00+07:00,completed,Nha Trang,web,9240000.00,seed,2026-05-02T17:59:00+07:00,2026-05-04T03:59:00+07:00
ORD002373,CUS000941,2026-05-09T09:29:00+07:00,shipped,Bac Ninh,web,19644500.00,seed,2026-05-09T09:29:00+07:00,2026-05-11T01:29:00+07:00
ORD002374,CUS000134,2026-05-17T19:42:00+07:00,completed,Quang Ninh,mobile_app,3375000.00,seed,2026-05-17T19:42:00+07:00,2026-05-18T05:42:00+07:00
ORD002375,CUS000842,2026-02-07T10:38:00+07:00,pending,Vinh,mobile_app,11867000.00,seed,2026-02-07T10:38:00+07:00,2026-02-07T17:38:00+07:00
ORD002376,CUS000718,2026-06-12T18:23:00+07:00,completed,Ho Chi Minh City,web,3621000.00,seed,2026-06-12T18:23:00+07:00,2026-06-14T16:23:00+07:00
ORD002377,CUS000799,2026-05-31T10:58:00+07:00,completed,Vinh,mobile_app,10940000.00,seed,2026-05-31T10:58:00+07:00,2026-05-31T23:58:00+07:00
ORD002378,CUS000004,2026-05-08T08:50:00+07:00,confirmed,Ho Chi Minh City,web,10827500.00,seed,2026-05-08T08:50:00+07:00,2026-05-08T20:50:00+07:00
ORD002379,CUS000027,2026-02-17T21:57:00+07:00,completed,Hai Phong,web,711000.00,seed,2026-02-17T21:57:00+07:00,2026-02-19T08:57:00+07:00
ORD002380,CUS000098,2026-06-21T10:46:00+07:00,completed,Vinh,web,7742500.00,seed,2026-06-21T10:46:00+07:00,2026-06-22T20:46:00+07:00
ORD002381,CUS000926,2026-02-19T19:19:00+07:00,completed,Da Nang,mobile_app,28083000.00,seed,2026-02-19T19:19:00+07:00,2026-02-20T02:19:00+07:00
ORD002382,CUS000599,2026-03-08T22:40:00+07:00,shipped,Hue,web,782000.00,seed,2026-03-08T22:40:00+07:00,2026-03-09T04:40:00+07:00
ORD002383,CUS000114,2026-01-06T19:28:00+07:00,completed,Da Nang,mobile_app,19170000.00,seed,2026-01-06T19:28:00+07:00,2026-01-06T22:28:00+07:00
ORD002384,CUS000703,2026-04-01T10:21:00+07:00,pending,Da Nang,mobile_app,7182000.00,seed,2026-04-01T10:21:00+07:00,2026-04-02T13:21:00+07:00
ORD002385,CUS000577,2026-01-30T10:11:00+07:00,completed,Can Tho,mobile_app,25460000.00,seed,2026-01-30T10:11:00+07:00,2026-02-01T05:11:00+07:00
ORD002386,CUS000906,2026-04-28T17:53:00+07:00,completed,Can Tho,mobile_app,12666000.00,seed,2026-04-28T17:53:00+07:00,2026-04-29T07:53:00+07:00
ORD002387,CUS000960,2026-02-05T14:54:00+07:00,completed,Quang Ninh,mobile_app,17708000.00,seed,2026-02-05T14:54:00+07:00,2026-02-05T21:54:00+07:00
ORD002388,CUS000195,2026-03-14T14:42:00+07:00,completed,Hanoi,web,3690000.00,seed,2026-03-14T14:42:00+07:00,2026-03-15T02:42:00+07:00
ORD002389,CUS000715,2026-06-28T09:52:00+07:00,completed,Quang Ninh,social,5185000.00,seed,2026-06-28T09:52:00+07:00,2026-06-29T12:52:00+07:00
ORD002390,CUS000056,2026-01-30T19:08:00+07:00,completed,Can Tho,web,2910000.00,seed,2026-01-30T19:08:00+07:00,2026-02-01T01:08:00+07:00
ORD002391,CUS000234,2026-01-29T15:50:00+07:00,completed,Hue,mobile_app,9874000.00,seed,2026-01-29T15:50:00+07:00,2026-01-30T22:50:00+07:00
ORD002392,CUS000743,2026-02-02T15:00:00+07:00,shipped,Hai Phong,web,20054000.00,seed,2026-02-02T15:00:00+07:00,2026-02-04T08:00:00+07:00
ORD002393,CUS000881,2026-06-04T10:41:00+07:00,completed,Hanoi,mobile_app,30297500.00,seed,2026-06-04T10:41:00+07:00,2026-06-04T21:41:00+07:00
ORD002394,CUS000692,2026-05-28T08:09:00+07:00,completed,Nha Trang,web,7642000.00,seed,2026-05-28T08:09:00+07:00,2026-05-29T04:09:00+07:00
ORD002395,CUS000476,2026-02-02T10:41:00+07:00,cancelled,Nha Trang,social,13156000.00,seed,2026-02-02T10:41:00+07:00,2026-02-03T23:41:00+07:00
ORD002396,CUS000874,2026-03-23T20:53:00+07:00,completed,Ho Chi Minh City,mobile_app,5236000.00,seed,2026-03-23T20:53:00+07:00,2026-03-24T02:53:00+07:00
ORD002397,CUS000676,2026-01-28T11:18:00+07:00,shipped,Nha Trang,social,15198000.00,seed,2026-01-28T11:18:00+07:00,2026-01-30T00:18:00+07:00
ORD002398,CUS000495,2026-05-18T09:39:00+07:00,completed,Da Nang,web,36835000.00,seed,2026-05-18T09:39:00+07:00,2026-05-19T01:39:00+07:00
ORD002399,CUS000921,2026-05-05T12:03:00+07:00,completed,Vinh,web,8890000.00,seed,2026-05-05T12:03:00+07:00,2026-05-06T01:03:00+07:00
ORD002400,CUS000800,2026-05-30T20:23:00+07:00,completed,Da Nang,web,15569500.00,seed,2026-05-30T20:23:00+07:00,2026-06-01T09:23:00+07:00
ORD002401,CUS000195,2026-01-21T08:36:00+07:00,completed,Ho Chi Minh City,mobile_app,17423500.00,seed,2026-01-21T08:36:00+07:00,2026-01-23T03:36:00+07:00
ORD002402,CUS000069,2026-01-17T16:34:00+07:00,completed,Nha Trang,mobile_app,13015500.00,seed,2026-01-17T16:34:00+07:00,2026-01-18T16:34:00+07:00
ORD002403,CUS000411,2026-02-12T22:13:00+07:00,shipped,Hai Phong,web,23514500.00,seed,2026-02-12T22:13:00+07:00,2026-02-14T03:13:00+07:00
ORD002404,CUS000289,2026-06-29T13:33:00+07:00,completed,Hai Phong,mobile_app,9796500.00,seed,2026-06-29T13:33:00+07:00,2026-06-29T18:33:00+07:00
ORD002405,CUS000355,2026-01-20T10:20:00+07:00,shipped,Quang Ninh,web,2839000.00,seed,2026-01-20T10:20:00+07:00,2026-01-22T08:20:00+07:00
ORD002406,CUS000348,2026-03-23T12:52:00+07:00,confirmed,Vinh,web,28786000.00,seed,2026-03-23T12:52:00+07:00,2026-03-25T03:52:00+07:00
ORD002407,CUS000348,2026-04-30T17:48:00+07:00,completed,Ho Chi Minh City,web,23021000.00,seed,2026-04-30T17:48:00+07:00,2026-05-01T05:48:00+07:00
ORD002408,CUS000764,2026-01-28T19:01:00+07:00,completed,Nha Trang,mobile_app,30874500.00,seed,2026-01-28T19:01:00+07:00,2026-01-30T06:01:00+07:00
ORD002409,CUS000840,2026-03-01T10:34:00+07:00,completed,Bac Ninh,mobile_app,10166000.00,seed,2026-03-01T10:34:00+07:00,2026-03-02T04:34:00+07:00
ORD002410,CUS000193,2026-05-18T16:20:00+07:00,completed,Can Tho,mobile_app,1640500.00,seed,2026-05-18T16:20:00+07:00,2026-05-19T05:20:00+07:00
ORD002411,CUS000941,2026-06-19T12:27:00+07:00,completed,Hai Phong,mobile_app,29858500.00,seed,2026-06-19T12:27:00+07:00,2026-06-20T14:27:00+07:00
ORD002412,CUS000166,2026-02-15T09:15:00+07:00,completed,Da Nang,web,1828000.00,seed,2026-02-15T09:15:00+07:00,2026-02-15T11:15:00+07:00
ORD002413,CUS000374,2026-05-19T17:15:00+07:00,completed,Vinh,mobile_app,171000.00,seed,2026-05-19T17:15:00+07:00,2026-05-20T02:15:00+07:00
ORD002414,CUS000705,2026-06-24T21:02:00+07:00,completed,Da Nang,mobile_app,4461500.00,seed,2026-06-24T21:02:00+07:00,2026-06-25T20:02:00+07:00
ORD002415,CUS000022,2026-05-16T09:17:00+07:00,completed,Da Nang,web,10713500.00,seed,2026-05-16T09:17:00+07:00,2026-05-17T06:17:00+07:00
ORD002416,CUS000828,2026-04-05T12:10:00+07:00,completed,Quang Ninh,mobile_app,24368500.00,seed,2026-04-05T12:10:00+07:00,2026-04-05T14:10:00+07:00
ORD002417,CUS000478,2026-03-11T12:02:00+07:00,confirmed,Hue,mobile_app,9568000.00,seed,2026-03-11T12:02:00+07:00,2026-03-11T22:02:00+07:00
ORD002418,CUS000804,2026-03-05T15:59:00+07:00,completed,Bac Ninh,web,15181000.00,seed,2026-03-05T15:59:00+07:00,2026-03-07T06:59:00+07:00
ORD002419,CUS000497,2026-05-08T19:26:00+07:00,completed,Hanoi,mobile_app,19266000.00,seed,2026-05-08T19:26:00+07:00,2026-05-10T01:26:00+07:00
ORD002420,CUS000369,2026-03-05T10:39:00+07:00,completed,Hai Phong,web,20254000.00,seed,2026-03-05T10:39:00+07:00,2026-03-05T18:39:00+07:00
ORD002421,CUS000659,2026-04-11T22:10:00+07:00,completed,Hue,web,34505000.00,seed,2026-04-11T22:10:00+07:00,2026-04-13T14:10:00+07:00
ORD002422,CUS000524,2026-05-06T15:00:00+07:00,shipped,Nha Trang,mobile_app,7092000.00,seed,2026-05-06T15:00:00+07:00,2026-05-06T20:00:00+07:00
ORD002423,CUS000330,2026-02-02T08:48:00+07:00,completed,Quang Ninh,mobile_app,11135500.00,seed,2026-02-02T08:48:00+07:00,2026-02-02T13:48:00+07:00
ORD002424,CUS000576,2026-02-06T16:11:00+07:00,completed,Bac Ninh,web,16587500.00,seed,2026-02-06T16:11:00+07:00,2026-02-08T13:11:00+07:00
ORD002425,CUS000899,2026-01-28T11:22:00+07:00,completed,Quang Ninh,web,6993000.00,seed,2026-01-28T11:22:00+07:00,2026-01-29T15:22:00+07:00
ORD002426,CUS000223,2026-06-01T12:05:00+07:00,cancelled,Can Tho,mobile_app,12656000.00,seed,2026-06-01T12:05:00+07:00,2026-06-02T03:05:00+07:00
ORD002427,CUS000780,2026-06-06T15:45:00+07:00,shipped,Da Nang,web,15457000.00,seed,2026-06-06T15:45:00+07:00,2026-06-07T10:45:00+07:00
ORD002428,CUS000070,2026-04-08T20:33:00+07:00,completed,Bac Ninh,web,14665000.00,seed,2026-04-08T20:33:00+07:00,2026-04-09T00:33:00+07:00
ORD002429,CUS000034,2026-03-09T11:38:00+07:00,completed,Can Tho,web,38873000.00,seed,2026-03-09T11:38:00+07:00,2026-03-11T06:38:00+07:00
ORD002430,CUS000291,2026-03-13T14:19:00+07:00,completed,Hai Phong,web,1215500.00,seed,2026-03-13T14:19:00+07:00,2026-03-15T10:19:00+07:00
ORD002431,CUS000155,2026-01-19T15:04:00+07:00,completed,Bac Ninh,mobile_app,6021000.00,seed,2026-01-19T15:04:00+07:00,2026-01-21T09:04:00+07:00
ORD002432,CUS000336,2026-04-23T19:59:00+07:00,completed,Hue,web,13439000.00,seed,2026-04-23T19:59:00+07:00,2026-04-24T15:59:00+07:00
ORD002433,CUS000281,2026-01-18T09:10:00+07:00,shipped,Bac Ninh,mobile_app,8622000.00,seed,2026-01-18T09:10:00+07:00,2026-01-19T02:10:00+07:00
ORD002434,CUS000845,2026-06-26T10:41:00+07:00,confirmed,Bac Ninh,mobile_app,830000.00,seed,2026-06-26T10:41:00+07:00,2026-06-26T17:41:00+07:00
ORD002435,CUS000257,2026-01-11T17:58:00+07:00,completed,Hue,mobile_app,4343000.00,seed,2026-01-11T17:58:00+07:00,2026-01-13T11:58:00+07:00
ORD002436,CUS000644,2026-04-30T12:44:00+07:00,confirmed,Quang Ninh,web,33154500.00,seed,2026-04-30T12:44:00+07:00,2026-05-01T06:44:00+07:00
ORD002437,CUS000171,2026-03-23T20:33:00+07:00,pending,Vinh,web,27746000.00,seed,2026-03-23T20:33:00+07:00,2026-03-25T11:33:00+07:00
ORD002438,CUS000552,2026-02-23T12:03:00+07:00,completed,Da Nang,mobile_app,16906000.00,seed,2026-02-23T12:03:00+07:00,2026-02-25T01:03:00+07:00
ORD002439,CUS000790,2026-02-15T10:42:00+07:00,completed,Can Tho,web,8340000.00,seed,2026-02-15T10:42:00+07:00,2026-02-16T05:42:00+07:00
ORD002440,CUS000195,2026-01-12T20:22:00+07:00,completed,Hue,mobile_app,4594500.00,seed,2026-01-12T20:22:00+07:00,2026-01-12T20:22:00+07:00
ORD002441,CUS000376,2026-03-14T21:36:00+07:00,completed,Quang Ninh,web,5460000.00,seed,2026-03-14T21:36:00+07:00,2026-03-15T13:36:00+07:00
ORD002442,CUS000398,2026-06-01T19:24:00+07:00,completed,Hanoi,web,13681000.00,seed,2026-06-01T19:24:00+07:00,2026-06-03T16:24:00+07:00
ORD002443,CUS000746,2026-05-13T14:30:00+07:00,completed,Vinh,mobile_app,13345000.00,seed,2026-05-13T14:30:00+07:00,2026-05-14T10:30:00+07:00
ORD002444,CUS000006,2026-05-27T18:06:00+07:00,completed,Quang Ninh,mobile_app,7429000.00,seed,2026-05-27T18:06:00+07:00,2026-05-28T00:06:00+07:00
ORD002445,CUS000919,2026-05-31T21:31:00+07:00,completed,Quang Ninh,web,15174000.00,seed,2026-05-31T21:31:00+07:00,2026-06-02T20:31:00+07:00
ORD002446,CUS000335,2026-06-27T20:27:00+07:00,completed,Can Tho,social,8021000.00,seed,2026-06-27T20:27:00+07:00,2026-06-27T20:27:00+07:00
ORD002447,CUS000485,2026-04-20T22:57:00+07:00,completed,Ho Chi Minh City,mobile_app,5015000.00,seed,2026-04-20T22:57:00+07:00,2026-04-22T13:57:00+07:00
ORD002448,CUS000304,2026-01-24T09:56:00+07:00,completed,Can Tho,web,6204000.00,seed,2026-01-24T09:56:00+07:00,2026-01-25T19:56:00+07:00
ORD002449,CUS000591,2026-05-28T12:08:00+07:00,completed,Quang Ninh,mobile_app,34518500.00,seed,2026-05-28T12:08:00+07:00,2026-05-28T18:08:00+07:00
ORD002450,CUS000475,2026-02-17T13:49:00+07:00,completed,Ho Chi Minh City,web,18739500.00,seed,2026-02-17T13:49:00+07:00,2026-02-17T16:49:00+07:00
ORD002451,CUS000213,2026-06-14T10:17:00+07:00,completed,Da Nang,web,50639500.00,seed,2026-06-14T10:17:00+07:00,2026-06-15T13:17:00+07:00
ORD002452,CUS000586,2026-05-20T16:14:00+07:00,completed,Bac Ninh,web,3323500.00,seed,2026-05-20T16:14:00+07:00,2026-05-21T23:14:00+07:00
ORD002453,CUS000764,2026-01-31T11:30:00+07:00,completed,Ho Chi Minh City,mobile_app,6834500.00,seed,2026-01-31T11:30:00+07:00,2026-01-31T11:30:00+07:00
ORD002454,CUS000734,2026-03-20T18:51:00+07:00,completed,Hanoi,web,21245500.00,seed,2026-03-20T18:51:00+07:00,2026-03-22T03:51:00+07:00
ORD002455,CUS000673,2026-02-22T22:12:00+07:00,cancelled,Ho Chi Minh City,mobile_app,6287000.00,seed,2026-02-22T22:12:00+07:00,2026-02-23T06:12:00+07:00
ORD002456,CUS000438,2026-04-30T17:25:00+07:00,completed,Ho Chi Minh City,web,20432000.00,seed,2026-04-30T17:25:00+07:00,2026-04-30T23:25:00+07:00
ORD002457,CUS000715,2026-04-04T16:46:00+07:00,completed,Vinh,social,40668000.00,seed,2026-04-04T16:46:00+07:00,2026-04-06T06:46:00+07:00
ORD002458,CUS000408,2026-05-20T08:14:00+07:00,completed,Quang Ninh,mobile_app,16218000.00,seed,2026-05-20T08:14:00+07:00,2026-05-20T23:14:00+07:00
ORD002459,CUS000826,2026-03-23T20:55:00+07:00,completed,Da Nang,social,13870000.00,seed,2026-03-23T20:55:00+07:00,2026-03-25T16:55:00+07:00
ORD002460,CUS000805,2026-05-02T12:54:00+07:00,completed,Nha Trang,mobile_app,4760000.00,seed,2026-05-02T12:54:00+07:00,2026-05-03T21:54:00+07:00
ORD002461,CUS000248,2026-06-15T22:33:00+07:00,completed,Ho Chi Minh City,web,7070000.00,seed,2026-06-15T22:33:00+07:00,2026-06-15T23:33:00+07:00
ORD002462,CUS000705,2026-02-13T15:15:00+07:00,completed,Hai Phong,mobile_app,5935000.00,seed,2026-02-13T15:15:00+07:00,2026-02-14T00:15:00+07:00
ORD002463,CUS000235,2026-06-12T10:13:00+07:00,completed,Da Nang,web,21225000.00,seed,2026-06-12T10:13:00+07:00,2026-06-12T19:13:00+07:00
ORD002464,CUS000837,2026-05-20T09:02:00+07:00,completed,Hue,web,25619000.00,seed,2026-05-20T09:02:00+07:00,2026-05-21T10:02:00+07:00
ORD002465,CUS000620,2026-05-26T17:44:00+07:00,completed,Quang Ninh,mobile_app,15132500.00,seed,2026-05-26T17:44:00+07:00,2026-05-27T20:44:00+07:00
ORD002466,CUS000743,2026-06-18T17:56:00+07:00,completed,Nha Trang,mobile_app,1079500.00,seed,2026-06-18T17:56:00+07:00,2026-06-19T02:56:00+07:00
ORD002467,CUS000522,2026-03-10T09:19:00+07:00,pending,Ho Chi Minh City,mobile_app,2194500.00,seed,2026-03-10T09:19:00+07:00,2026-03-12T08:19:00+07:00
ORD002468,CUS000208,2026-05-22T13:18:00+07:00,shipped,Hanoi,web,5654500.00,seed,2026-05-22T13:18:00+07:00,2026-05-24T13:18:00+07:00
ORD002469,CUS000266,2026-06-23T16:40:00+07:00,completed,Bac Ninh,mobile_app,5225000.00,seed,2026-06-23T16:40:00+07:00,2026-06-24T09:40:00+07:00
ORD002470,CUS000682,2026-05-02T19:44:00+07:00,shipped,Can Tho,web,27014500.00,seed,2026-05-02T19:44:00+07:00,2026-05-04T00:44:00+07:00
ORD002471,CUS000990,2026-06-04T09:57:00+07:00,completed,Hue,mobile_app,9504000.00,seed,2026-06-04T09:57:00+07:00,2026-06-05T21:57:00+07:00
ORD002472,CUS000703,2026-01-01T14:52:00+07:00,completed,Da Nang,social,22992000.00,seed,2026-01-01T14:52:00+07:00,2026-01-02T23:52:00+07:00
ORD002473,CUS000558,2026-01-10T17:47:00+07:00,completed,Quang Ninh,mobile_app,19603000.00,seed,2026-01-10T17:47:00+07:00,2026-01-12T02:47:00+07:00
ORD002474,CUS000972,2026-04-08T08:16:00+07:00,completed,Hanoi,mobile_app,18122000.00,seed,2026-04-08T08:16:00+07:00,2026-04-09T13:16:00+07:00
ORD002475,CUS000717,2026-05-12T21:58:00+07:00,shipped,Da Nang,mobile_app,2422500.00,seed,2026-05-12T21:58:00+07:00,2026-05-14T04:58:00+07:00
ORD002476,CUS000738,2026-05-05T16:38:00+07:00,completed,Hue,mobile_app,12477000.00,seed,2026-05-05T16:38:00+07:00,2026-05-07T16:38:00+07:00
ORD002477,CUS000737,2026-01-11T21:22:00+07:00,completed,Bac Ninh,mobile_app,9282000.00,seed,2026-01-11T21:22:00+07:00,2026-01-12T16:22:00+07:00
ORD002478,CUS000569,2026-03-10T16:24:00+07:00,pending,Bac Ninh,mobile_app,51170000.00,seed,2026-03-10T16:24:00+07:00,2026-03-12T06:24:00+07:00
ORD002479,CUS000552,2026-03-12T17:47:00+07:00,completed,Da Nang,web,23769000.00,seed,2026-03-12T17:47:00+07:00,2026-03-13T08:47:00+07:00
ORD002480,CUS000226,2026-04-21T08:59:00+07:00,pending,Da Nang,mobile_app,28057500.00,seed,2026-04-21T08:59:00+07:00,2026-04-23T02:59:00+07:00
ORD002481,CUS000344,2026-03-09T20:45:00+07:00,completed,Bac Ninh,mobile_app,17903500.00,seed,2026-03-09T20:45:00+07:00,2026-03-11T01:45:00+07:00
ORD002482,CUS000581,2026-05-10T10:48:00+07:00,completed,Hue,web,7092000.00,seed,2026-05-10T10:48:00+07:00,2026-05-12T02:48:00+07:00
ORD002483,CUS000204,2026-05-01T12:28:00+07:00,confirmed,Vinh,web,3712500.00,seed,2026-05-01T12:28:00+07:00,2026-05-03T06:28:00+07:00
ORD002484,CUS000889,2026-06-17T12:43:00+07:00,shipped,Nha Trang,mobile_app,5965000.00,seed,2026-06-17T12:43:00+07:00,2026-06-19T08:43:00+07:00
ORD002485,CUS000602,2026-06-01T10:25:00+07:00,completed,Quang Ninh,social,12700000.00,seed,2026-06-01T10:25:00+07:00,2026-06-02T19:25:00+07:00
ORD002486,CUS000134,2026-01-24T08:57:00+07:00,completed,Hue,web,22352500.00,seed,2026-01-24T08:57:00+07:00,2026-01-25T18:57:00+07:00
ORD002487,CUS000774,2026-03-26T16:32:00+07:00,completed,Vinh,web,8647000.00,seed,2026-03-26T16:32:00+07:00,2026-03-26T17:32:00+07:00
ORD002488,CUS000132,2026-04-15T19:11:00+07:00,completed,Bac Ninh,mobile_app,11412000.00,seed,2026-04-15T19:11:00+07:00,2026-04-16T20:11:00+07:00
ORD002489,CUS000932,2026-01-21T17:15:00+07:00,completed,Hanoi,web,5318000.00,seed,2026-01-21T17:15:00+07:00,2026-01-22T20:15:00+07:00
ORD002490,CUS000836,2026-01-16T12:13:00+07:00,completed,Bac Ninh,mobile_app,4636000.00,seed,2026-01-16T12:13:00+07:00,2026-01-17T00:13:00+07:00
ORD002491,CUS000106,2026-04-24T18:48:00+07:00,completed,Bac Ninh,social,11925000.00,seed,2026-04-24T18:48:00+07:00,2026-04-26T00:48:00+07:00
ORD002492,CUS000355,2026-05-28T17:29:00+07:00,completed,Hue,mobile_app,2123500.00,seed,2026-05-28T17:29:00+07:00,2026-05-29T09:29:00+07:00
ORD002493,CUS000838,2026-04-24T18:46:00+07:00,completed,Quang Ninh,web,27379000.00,seed,2026-04-24T18:46:00+07:00,2026-04-25T17:46:00+07:00
ORD002494,CUS000089,2026-03-30T10:36:00+07:00,shipped,Da Nang,mobile_app,42812000.00,seed,2026-03-30T10:36:00+07:00,2026-03-31T09:36:00+07:00
ORD002495,CUS000416,2026-06-01T22:44:00+07:00,completed,Da Nang,web,399500.00,seed,2026-06-01T22:44:00+07:00,2026-06-03T05:44:00+07:00
ORD002496,CUS000840,2026-02-20T22:11:00+07:00,completed,Hanoi,web,32959000.00,seed,2026-02-20T22:11:00+07:00,2026-02-22T05:11:00+07:00
ORD002497,CUS000395,2026-01-04T17:01:00+07:00,completed,Nha Trang,mobile_app,12874500.00,seed,2026-01-04T17:01:00+07:00,2026-01-06T12:01:00+07:00
ORD002498,CUS000479,2026-06-28T13:38:00+07:00,completed,Hanoi,web,4806000.00,seed,2026-06-28T13:38:00+07:00,2026-06-29T13:38:00+07:00
ORD002499,CUS000429,2026-02-05T12:10:00+07:00,completed,Can Tho,web,6256000.00,seed,2026-02-05T12:10:00+07:00,2026-02-05T12:10:00+07:00
ORD002500,CUS000988,2026-01-03T19:11:00+07:00,completed,Da Nang,web,19654000.00,seed,2026-01-03T19:11:00+07:00,2026-01-04T23:11:00+07:00
ORD002501,CUS000156,2026-05-26T17:59:00+07:00,shipped,Vinh,mobile_app,28950000.00,seed,2026-05-26T17:59:00+07:00,2026-05-28T15:59:00+07:00
ORD002502,CUS000558,2026-06-16T19:02:00+07:00,shipped,Nha Trang,mobile_app,12610500.00,seed,2026-06-16T19:02:00+07:00,2026-06-18T19:02:00+07:00
ORD002503,CUS000273,2026-06-01T16:13:00+07:00,completed,Vinh,mobile_app,19930000.00,seed,2026-06-01T16:13:00+07:00,2026-06-02T05:13:00+07:00
ORD002504,CUS000154,2026-04-28T19:09:00+07:00,pending,Da Nang,web,16057000.00,seed,2026-04-28T19:09:00+07:00,2026-04-29T05:09:00+07:00
ORD002505,CUS000433,2026-06-05T20:02:00+07:00,cancelled,Quang Ninh,mobile_app,5220000.00,seed,2026-06-05T20:02:00+07:00,2026-06-05T21:02:00+07:00
ORD002506,CUS000809,2026-04-08T08:29:00+07:00,completed,Ho Chi Minh City,mobile_app,6804000.00,seed,2026-04-08T08:29:00+07:00,2026-04-08T22:29:00+07:00
ORD002507,CUS000804,2026-04-08T14:28:00+07:00,completed,Da Nang,web,16676500.00,seed,2026-04-08T14:28:00+07:00,2026-04-10T00:28:00+07:00
ORD002508,CUS000002,2026-04-10T15:58:00+07:00,completed,Bac Ninh,mobile_app,14324500.00,seed,2026-04-10T15:58:00+07:00,2026-04-11T16:58:00+07:00
ORD002509,CUS000628,2026-04-10T22:13:00+07:00,completed,Can Tho,web,8263000.00,seed,2026-04-10T22:13:00+07:00,2026-04-12T21:13:00+07:00
ORD002510,CUS000385,2026-04-18T17:04:00+07:00,completed,Nha Trang,social,15156000.00,seed,2026-04-18T17:04:00+07:00,2026-04-19T22:04:00+07:00
ORD002511,CUS000438,2026-01-25T22:53:00+07:00,completed,Da Nang,web,8208000.00,seed,2026-01-25T22:53:00+07:00,2026-01-27T10:53:00+07:00
ORD002512,CUS000190,2026-01-30T20:28:00+07:00,completed,Vinh,mobile_app,12258500.00,seed,2026-01-30T20:28:00+07:00,2026-02-01T02:28:00+07:00
ORD002513,CUS000409,2026-01-23T13:47:00+07:00,cancelled,Nha Trang,web,4221000.00,seed,2026-01-23T13:47:00+07:00,2026-01-25T12:47:00+07:00
ORD002514,CUS000575,2026-03-25T18:24:00+07:00,shipped,Quang Ninh,mobile_app,5067000.00,seed,2026-03-25T18:24:00+07:00,2026-03-26T05:24:00+07:00
ORD002515,CUS000531,2026-02-07T21:43:00+07:00,completed,Nha Trang,web,5260000.00,seed,2026-02-07T21:43:00+07:00,2026-02-09T04:43:00+07:00
ORD002516,CUS000313,2026-02-21T15:08:00+07:00,cancelled,Vinh,mobile_app,27986000.00,seed,2026-02-21T15:08:00+07:00,2026-02-23T02:08:00+07:00
ORD002517,CUS000830,2026-04-06T08:11:00+07:00,completed,Quang Ninh,mobile_app,22406000.00,seed,2026-04-06T08:11:00+07:00,2026-04-07T05:11:00+07:00
ORD002518,CUS000772,2026-03-01T08:43:00+07:00,pending,Vinh,mobile_app,684000.00,seed,2026-03-01T08:43:00+07:00,2026-03-03T07:43:00+07:00
ORD002519,CUS000087,2026-04-05T08:55:00+07:00,completed,Ho Chi Minh City,web,13787000.00,seed,2026-04-05T08:55:00+07:00,2026-04-06T06:55:00+07:00
ORD002520,CUS000263,2026-05-13T10:52:00+07:00,completed,Can Tho,web,25933500.00,seed,2026-05-13T10:52:00+07:00,2026-05-14T20:52:00+07:00
ORD002521,CUS000149,2026-01-02T12:14:00+07:00,completed,Hue,web,16745000.00,seed,2026-01-02T12:14:00+07:00,2026-01-03T08:14:00+07:00
ORD002522,CUS000585,2026-05-10T22:31:00+07:00,completed,Hai Phong,web,18047500.00,seed,2026-05-10T22:31:00+07:00,2026-05-11T20:31:00+07:00
ORD002523,CUS000763,2026-06-05T17:55:00+07:00,completed,Da Nang,web,26738000.00,seed,2026-06-05T17:55:00+07:00,2026-06-06T01:55:00+07:00
ORD002524,CUS000342,2026-06-26T14:03:00+07:00,completed,Can Tho,mobile_app,21942500.00,seed,2026-06-26T14:03:00+07:00,2026-06-27T00:03:00+07:00
ORD002525,CUS000736,2026-01-24T18:54:00+07:00,completed,Can Tho,mobile_app,13896000.00,seed,2026-01-24T18:54:00+07:00,2026-01-26T16:54:00+07:00
ORD002526,CUS000029,2026-02-11T09:00:00+07:00,completed,Bac Ninh,web,10811500.00,seed,2026-02-11T09:00:00+07:00,2026-02-13T00:00:00+07:00
ORD002527,CUS000220,2026-03-09T08:10:00+07:00,shipped,Quang Ninh,web,5247500.00,seed,2026-03-09T08:10:00+07:00,2026-03-10T08:10:00+07:00
ORD002528,CUS000866,2026-02-11T10:44:00+07:00,confirmed,Nha Trang,web,13027000.00,seed,2026-02-11T10:44:00+07:00,2026-02-12T09:44:00+07:00
ORD002529,CUS000590,2026-04-11T15:35:00+07:00,completed,Hue,web,4680000.00,seed,2026-04-11T15:35:00+07:00,2026-04-12T23:35:00+07:00
ORD002530,CUS000064,2026-05-31T15:09:00+07:00,completed,Da Nang,web,10359000.00,seed,2026-05-31T15:09:00+07:00,2026-06-02T05:09:00+07:00
ORD002531,CUS000451,2026-02-09T19:20:00+07:00,completed,Vinh,web,11455500.00,seed,2026-02-09T19:20:00+07:00,2026-02-10T13:20:00+07:00
ORD002532,CUS000600,2026-05-01T11:03:00+07:00,cancelled,Hai Phong,web,3296500.00,seed,2026-05-01T11:03:00+07:00,2026-05-03T07:03:00+07:00
ORD002533,CUS000664,2026-02-21T17:52:00+07:00,completed,Can Tho,web,3893000.00,seed,2026-02-21T17:52:00+07:00,2026-02-21T23:52:00+07:00
ORD002534,CUS000437,2026-06-26T13:09:00+07:00,completed,Can Tho,mobile_app,3591000.00,seed,2026-06-26T13:09:00+07:00,2026-06-27T07:09:00+07:00
ORD002535,CUS000090,2026-05-15T10:39:00+07:00,completed,Can Tho,social,9019500.00,seed,2026-05-15T10:39:00+07:00,2026-05-16T10:39:00+07:00
ORD002536,CUS000437,2026-02-26T21:39:00+07:00,completed,Can Tho,web,28827000.00,seed,2026-02-26T21:39:00+07:00,2026-02-27T04:39:00+07:00
ORD002537,CUS000810,2026-02-17T13:33:00+07:00,completed,Nha Trang,web,6463000.00,seed,2026-02-17T13:33:00+07:00,2026-02-18T07:33:00+07:00
ORD002538,CUS000398,2026-06-14T13:01:00+07:00,shipped,Vinh,mobile_app,6559500.00,seed,2026-06-14T13:01:00+07:00,2026-06-15T08:01:00+07:00
ORD002539,CUS000411,2026-03-03T09:53:00+07:00,completed,Bac Ninh,web,8610500.00,seed,2026-03-03T09:53:00+07:00,2026-03-04T05:53:00+07:00
ORD002540,CUS000002,2026-05-10T13:23:00+07:00,confirmed,Ho Chi Minh City,mobile_app,20331000.00,seed,2026-05-10T13:23:00+07:00,2026-05-11T00:23:00+07:00
ORD002541,CUS000223,2026-02-14T17:57:00+07:00,completed,Hanoi,web,6571000.00,seed,2026-02-14T17:57:00+07:00,2026-02-15T09:57:00+07:00
ORD002542,CUS000024,2026-01-10T17:35:00+07:00,completed,Hanoi,mobile_app,3555000.00,seed,2026-01-10T17:35:00+07:00,2026-01-11T20:35:00+07:00
ORD002543,CUS000134,2026-04-14T17:26:00+07:00,completed,Ho Chi Minh City,web,18469000.00,seed,2026-04-14T17:26:00+07:00,2026-04-14T20:26:00+07:00
ORD002544,CUS000782,2026-06-20T12:30:00+07:00,completed,Can Tho,mobile_app,13918000.00,seed,2026-06-20T12:30:00+07:00,2026-06-21T23:30:00+07:00
ORD002545,CUS000424,2026-03-24T15:55:00+07:00,completed,Vinh,social,10296000.00,seed,2026-03-24T15:55:00+07:00,2026-03-24T15:55:00+07:00
ORD002546,CUS000929,2026-04-29T20:25:00+07:00,shipped,Bac Ninh,mobile_app,5410000.00,seed,2026-04-29T20:25:00+07:00,2026-04-30T11:25:00+07:00
ORD002547,CUS000108,2026-05-24T15:23:00+07:00,pending,Can Tho,mobile_app,9069500.00,seed,2026-05-24T15:23:00+07:00,2026-05-24T17:23:00+07:00
ORD002548,CUS000082,2026-04-27T10:55:00+07:00,completed,Hai Phong,web,12635500.00,seed,2026-04-27T10:55:00+07:00,2026-04-28T10:55:00+07:00
ORD002549,CUS000123,2026-02-22T15:20:00+07:00,completed,Bac Ninh,social,15190500.00,seed,2026-02-22T15:20:00+07:00,2026-02-23T22:20:00+07:00
ORD002550,CUS000015,2026-04-11T20:55:00+07:00,completed,Hue,mobile_app,19453500.00,seed,2026-04-11T20:55:00+07:00,2026-04-13T19:55:00+07:00
ORD002551,CUS000125,2026-03-27T13:48:00+07:00,completed,Ho Chi Minh City,web,18604000.00,seed,2026-03-27T13:48:00+07:00,2026-03-27T20:48:00+07:00
ORD002552,CUS000518,2026-06-01T13:30:00+07:00,shipped,Vinh,web,5981500.00,seed,2026-06-01T13:30:00+07:00,2026-06-03T04:30:00+07:00
ORD002553,CUS000399,2026-04-12T12:00:00+07:00,completed,Hai Phong,web,13835000.00,seed,2026-04-12T12:00:00+07:00,2026-04-13T11:00:00+07:00
ORD002554,CUS000797,2026-04-17T20:57:00+07:00,cancelled,Ho Chi Minh City,web,7710000.00,seed,2026-04-17T20:57:00+07:00,2026-04-18T20:57:00+07:00
ORD002555,CUS000337,2026-02-19T22:19:00+07:00,completed,Quang Ninh,mobile_app,1368000.00,seed,2026-02-19T22:19:00+07:00,2026-02-21T07:19:00+07:00
ORD002556,CUS000313,2026-02-18T19:45:00+07:00,completed,Can Tho,mobile_app,19620000.00,seed,2026-02-18T19:45:00+07:00,2026-02-19T21:45:00+07:00
ORD002557,CUS000885,2026-01-01T21:04:00+07:00,completed,Hue,mobile_app,21587000.00,seed,2026-01-01T21:04:00+07:00,2026-01-02T11:04:00+07:00
ORD002558,CUS000399,2026-04-14T21:04:00+07:00,completed,Bac Ninh,web,14352500.00,seed,2026-04-14T21:04:00+07:00,2026-04-16T07:04:00+07:00
ORD002559,CUS000036,2026-05-01T21:29:00+07:00,shipped,Can Tho,mobile_app,6137500.00,seed,2026-05-01T21:29:00+07:00,2026-05-02T19:29:00+07:00
ORD002560,CUS000041,2026-04-04T20:00:00+07:00,completed,Hanoi,mobile_app,1480000.00,seed,2026-04-04T20:00:00+07:00,2026-04-06T07:00:00+07:00
ORD002561,CUS000110,2026-05-02T14:56:00+07:00,completed,Hai Phong,social,10998000.00,seed,2026-05-02T14:56:00+07:00,2026-05-02T17:56:00+07:00
ORD002562,CUS000671,2026-04-21T11:01:00+07:00,completed,Hai Phong,web,34929500.00,seed,2026-04-21T11:01:00+07:00,2026-04-23T11:01:00+07:00
ORD002563,CUS000739,2026-02-13T19:22:00+07:00,completed,Ho Chi Minh City,mobile_app,13252500.00,seed,2026-02-13T19:22:00+07:00,2026-02-15T00:22:00+07:00
ORD002564,CUS000028,2026-04-20T20:15:00+07:00,completed,Da Nang,web,25725000.00,seed,2026-04-20T20:15:00+07:00,2026-04-22T11:15:00+07:00
ORD002565,CUS000388,2026-05-14T19:20:00+07:00,completed,Hue,web,10814000.00,seed,2026-05-14T19:20:00+07:00,2026-05-15T13:20:00+07:00
ORD002566,CUS000127,2026-03-21T21:23:00+07:00,shipped,Hanoi,web,9553500.00,seed,2026-03-21T21:23:00+07:00,2026-03-23T20:23:00+07:00
ORD002567,CUS000384,2026-02-08T20:14:00+07:00,confirmed,Vinh,web,1947500.00,seed,2026-02-08T20:14:00+07:00,2026-02-08T20:14:00+07:00
ORD002568,CUS000818,2026-06-18T15:34:00+07:00,completed,Vinh,social,3391500.00,seed,2026-06-18T15:34:00+07:00,2026-06-19T11:34:00+07:00
ORD002569,CUS000510,2026-05-05T19:50:00+07:00,completed,Da Nang,web,9395000.00,seed,2026-05-05T19:50:00+07:00,2026-05-05T20:50:00+07:00
ORD002570,CUS000810,2026-02-22T21:09:00+07:00,completed,Hue,mobile_app,16039500.00,seed,2026-02-22T21:09:00+07:00,2026-02-23T06:09:00+07:00
ORD002571,CUS000127,2026-06-18T12:15:00+07:00,shipped,Hue,web,14441000.00,seed,2026-06-18T12:15:00+07:00,2026-06-18T20:15:00+07:00
ORD002572,CUS000022,2026-06-20T17:15:00+07:00,completed,Bac Ninh,mobile_app,1520000.00,seed,2026-06-20T17:15:00+07:00,2026-06-20T23:15:00+07:00
ORD002573,CUS000121,2026-02-06T19:15:00+07:00,completed,Da Nang,web,828000.00,seed,2026-02-06T19:15:00+07:00,2026-02-07T20:15:00+07:00
ORD002574,CUS000094,2026-02-18T19:40:00+07:00,completed,Bac Ninh,social,18238000.00,seed,2026-02-18T19:40:00+07:00,2026-02-20T13:40:00+07:00
ORD002575,CUS000528,2026-02-10T22:27:00+07:00,cancelled,Hanoi,mobile_app,7772000.00,seed,2026-02-10T22:27:00+07:00,2026-02-12T07:27:00+07:00
ORD002576,CUS000185,2026-03-20T10:16:00+07:00,completed,Quang Ninh,web,16643000.00,seed,2026-03-20T10:16:00+07:00,2026-03-21T03:16:00+07:00
ORD002577,CUS000194,2026-01-04T10:30:00+07:00,completed,Quang Ninh,web,13490000.00,seed,2026-01-04T10:30:00+07:00,2026-01-05T12:30:00+07:00
ORD002578,CUS000548,2026-01-29T12:57:00+07:00,completed,Quang Ninh,mobile_app,11373000.00,seed,2026-01-29T12:57:00+07:00,2026-01-30T11:57:00+07:00
ORD002579,CUS000190,2026-03-02T19:17:00+07:00,completed,Hue,web,3511500.00,seed,2026-03-02T19:17:00+07:00,2026-03-03T06:17:00+07:00
ORD002580,CUS000112,2026-03-12T22:40:00+07:00,shipped,Nha Trang,web,21258500.00,seed,2026-03-12T22:40:00+07:00,2026-03-13T22:40:00+07:00
ORD002581,CUS000865,2026-05-09T17:29:00+07:00,completed,Bac Ninh,social,19414000.00,seed,2026-05-09T17:29:00+07:00,2026-05-11T11:29:00+07:00
ORD002582,CUS000640,2026-03-28T16:53:00+07:00,completed,Da Nang,mobile_app,7548000.00,seed,2026-03-28T16:53:00+07:00,2026-03-28T19:53:00+07:00
ORD002583,CUS000337,2026-03-28T18:24:00+07:00,completed,Hanoi,mobile_app,13384000.00,seed,2026-03-28T18:24:00+07:00,2026-03-29T13:24:00+07:00
ORD002584,CUS000378,2026-03-15T19:44:00+07:00,completed,Hai Phong,web,3867500.00,seed,2026-03-15T19:44:00+07:00,2026-03-17T09:44:00+07:00
ORD002585,CUS000165,2026-05-25T18:25:00+07:00,completed,Da Nang,web,14164500.00,seed,2026-05-25T18:25:00+07:00,2026-05-25T19:25:00+07:00
ORD002586,CUS000598,2026-03-28T10:51:00+07:00,completed,Vinh,mobile_app,6130500.00,seed,2026-03-28T10:51:00+07:00,2026-03-28T17:51:00+07:00
ORD002587,CUS000303,2026-05-17T14:01:00+07:00,completed,Bac Ninh,social,10644000.00,seed,2026-05-17T14:01:00+07:00,2026-05-18T05:01:00+07:00
ORD002588,CUS000244,2026-04-22T22:07:00+07:00,completed,Ho Chi Minh City,mobile_app,1512000.00,seed,2026-04-22T22:07:00+07:00,2026-04-23T13:07:00+07:00
ORD002589,CUS000492,2026-04-22T21:17:00+07:00,completed,Nha Trang,web,16130500.00,seed,2026-04-22T21:17:00+07:00,2026-04-23T05:17:00+07:00
ORD002590,CUS000584,2026-04-28T11:35:00+07:00,completed,Da Nang,mobile_app,27319000.00,seed,2026-04-28T11:35:00+07:00,2026-04-29T07:35:00+07:00
ORD002591,CUS000132,2026-06-09T19:11:00+07:00,completed,Da Nang,mobile_app,12753000.00,seed,2026-06-09T19:11:00+07:00,2026-06-11T16:11:00+07:00
ORD002592,CUS000429,2026-06-12T15:36:00+07:00,completed,Da Nang,mobile_app,1362500.00,seed,2026-06-12T15:36:00+07:00,2026-06-14T08:36:00+07:00
ORD002593,CUS000018,2026-03-16T19:39:00+07:00,completed,Hue,mobile_app,39300500.00,seed,2026-03-16T19:39:00+07:00,2026-03-18T16:39:00+07:00
ORD002594,CUS000241,2026-03-14T08:40:00+07:00,completed,Hai Phong,mobile_app,20815000.00,seed,2026-03-14T08:40:00+07:00,2026-03-16T01:40:00+07:00
ORD002595,CUS000344,2026-03-23T15:43:00+07:00,cancelled,Hue,mobile_app,10399500.00,seed,2026-03-23T15:43:00+07:00,2026-03-24T04:43:00+07:00
ORD002596,CUS000879,2026-01-28T18:07:00+07:00,completed,Hanoi,web,720000.00,seed,2026-01-28T18:07:00+07:00,2026-01-28T19:07:00+07:00
ORD002597,CUS000717,2026-05-14T15:48:00+07:00,completed,Bac Ninh,mobile_app,14631000.00,seed,2026-05-14T15:48:00+07:00,2026-05-16T01:48:00+07:00
ORD002598,CUS000046,2026-01-27T20:13:00+07:00,completed,Can Tho,web,48733500.00,seed,2026-01-27T20:13:00+07:00,2026-01-28T20:13:00+07:00
ORD002599,CUS000314,2026-05-19T11:28:00+07:00,completed,Nha Trang,mobile_app,1507000.00,seed,2026-05-19T11:28:00+07:00,2026-05-21T01:28:00+07:00
ORD002600,CUS000237,2026-05-14T17:16:00+07:00,completed,Hai Phong,mobile_app,12308000.00,seed,2026-05-14T17:16:00+07:00,2026-05-16T17:16:00+07:00
ORD002601,CUS000838,2026-06-29T12:36:00+07:00,completed,Bac Ninh,social,13632000.00,seed,2026-06-29T12:36:00+07:00,2026-06-30T04:36:00+07:00
ORD002602,CUS000561,2026-01-24T14:47:00+07:00,completed,Da Nang,web,1833500.00,seed,2026-01-24T14:47:00+07:00,2026-01-26T14:47:00+07:00
ORD002603,CUS000220,2026-05-06T09:42:00+07:00,completed,Ho Chi Minh City,web,12970000.00,seed,2026-05-06T09:42:00+07:00,2026-05-07T11:42:00+07:00
ORD002604,CUS000777,2026-06-27T08:39:00+07:00,completed,Vinh,mobile_app,960500.00,seed,2026-06-27T08:39:00+07:00,2026-06-29T02:39:00+07:00
ORD002605,CUS000509,2026-03-09T17:22:00+07:00,shipped,Da Nang,mobile_app,3946500.00,seed,2026-03-09T17:22:00+07:00,2026-03-11T02:22:00+07:00
ORD002606,CUS000069,2026-04-12T20:11:00+07:00,completed,Can Tho,mobile_app,12904000.00,seed,2026-04-12T20:11:00+07:00,2026-04-13T17:11:00+07:00
ORD002607,CUS000828,2026-06-23T13:41:00+07:00,completed,Can Tho,mobile_app,16699000.00,seed,2026-06-23T13:41:00+07:00,2026-06-25T13:41:00+07:00
ORD002608,CUS000947,2026-04-26T11:18:00+07:00,confirmed,Can Tho,web,14821500.00,seed,2026-04-26T11:18:00+07:00,2026-04-27T20:18:00+07:00
ORD002609,CUS000757,2026-06-07T12:13:00+07:00,completed,Hanoi,web,8801000.00,seed,2026-06-07T12:13:00+07:00,2026-06-08T02:13:00+07:00
ORD002610,CUS000996,2026-06-18T15:06:00+07:00,completed,Hai Phong,mobile_app,5609000.00,seed,2026-06-18T15:06:00+07:00,2026-06-19T06:06:00+07:00
ORD002611,CUS000031,2026-05-19T17:34:00+07:00,completed,Vinh,mobile_app,12006500.00,seed,2026-05-19T17:34:00+07:00,2026-05-20T08:34:00+07:00
ORD002612,CUS000937,2026-06-23T11:41:00+07:00,shipped,Da Nang,mobile_app,6450000.00,seed,2026-06-23T11:41:00+07:00,2026-06-25T03:41:00+07:00
ORD002613,CUS000946,2026-03-27T19:57:00+07:00,completed,Vinh,mobile_app,30039500.00,seed,2026-03-27T19:57:00+07:00,2026-03-28T03:57:00+07:00
ORD002614,CUS000089,2026-05-19T16:11:00+07:00,completed,Nha Trang,web,11640500.00,seed,2026-05-19T16:11:00+07:00,2026-05-20T16:11:00+07:00
ORD002615,CUS000073,2026-05-03T18:38:00+07:00,completed,Quang Ninh,web,19043500.00,seed,2026-05-03T18:38:00+07:00,2026-05-05T00:38:00+07:00
ORD002616,CUS000333,2026-06-06T19:47:00+07:00,completed,Quang Ninh,web,4940000.00,seed,2026-06-06T19:47:00+07:00,2026-06-08T10:47:00+07:00
ORD002617,CUS000305,2026-01-03T10:34:00+07:00,completed,Vinh,mobile_app,12848500.00,seed,2026-01-03T10:34:00+07:00,2026-01-04T17:34:00+07:00
ORD002618,CUS000979,2026-03-13T20:19:00+07:00,shipped,Can Tho,web,28848500.00,seed,2026-03-13T20:19:00+07:00,2026-03-15T15:19:00+07:00
ORD002619,CUS000440,2026-05-27T16:59:00+07:00,completed,Hanoi,web,1872500.00,seed,2026-05-27T16:59:00+07:00,2026-05-28T05:59:00+07:00
ORD002620,CUS000237,2026-01-03T16:15:00+07:00,completed,Bac Ninh,mobile_app,22867500.00,seed,2026-01-03T16:15:00+07:00,2026-01-03T17:15:00+07:00
ORD002621,CUS000393,2026-04-08T14:47:00+07:00,completed,Bac Ninh,web,8560000.00,seed,2026-04-08T14:47:00+07:00,2026-04-10T09:47:00+07:00
ORD002622,CUS000673,2026-02-10T13:57:00+07:00,completed,Nha Trang,mobile_app,3370000.00,seed,2026-02-10T13:57:00+07:00,2026-02-11T18:57:00+07:00
ORD002623,CUS000990,2026-02-13T09:18:00+07:00,completed,Bac Ninh,mobile_app,4060000.00,seed,2026-02-13T09:18:00+07:00,2026-02-14T08:18:00+07:00
ORD002624,CUS000688,2026-06-16T10:44:00+07:00,completed,Da Nang,mobile_app,4960000.00,seed,2026-06-16T10:44:00+07:00,2026-06-16T21:44:00+07:00
ORD002625,CUS000919,2026-02-28T13:04:00+07:00,confirmed,Quang Ninh,social,16863000.00,seed,2026-02-28T13:04:00+07:00,2026-02-28T19:04:00+07:00
ORD002626,CUS000081,2026-04-06T12:03:00+07:00,cancelled,Quang Ninh,social,16980000.00,seed,2026-04-06T12:03:00+07:00,2026-04-06T23:03:00+07:00
ORD002627,CUS000927,2026-06-15T10:53:00+07:00,completed,Bac Ninh,web,7401000.00,seed,2026-06-15T10:53:00+07:00,2026-06-17T01:53:00+07:00
ORD002628,CUS000384,2026-06-18T12:34:00+07:00,completed,Can Tho,mobile_app,11361000.00,seed,2026-06-18T12:34:00+07:00,2026-06-19T22:34:00+07:00
ORD002629,CUS000012,2026-04-08T19:09:00+07:00,shipped,Nha Trang,web,5866500.00,seed,2026-04-08T19:09:00+07:00,2026-04-09T04:09:00+07:00
ORD002630,CUS000815,2026-05-25T19:05:00+07:00,completed,Da Nang,web,18969500.00,seed,2026-05-25T19:05:00+07:00,2026-05-26T14:05:00+07:00
ORD002631,CUS000315,2026-06-23T21:29:00+07:00,completed,Hue,mobile_app,15837000.00,seed,2026-06-23T21:29:00+07:00,2026-06-24T07:29:00+07:00
ORD002632,CUS000278,2026-01-31T16:50:00+07:00,cancelled,Quang Ninh,web,1110000.00,seed,2026-01-31T16:50:00+07:00,2026-02-01T10:50:00+07:00
ORD002633,CUS000302,2026-04-20T20:10:00+07:00,completed,Hanoi,mobile_app,7210000.00,seed,2026-04-20T20:10:00+07:00,2026-04-22T16:10:00+07:00
ORD002634,CUS000267,2026-01-02T16:43:00+07:00,completed,Bac Ninh,social,5418000.00,seed,2026-01-02T16:43:00+07:00,2026-01-04T16:43:00+07:00
ORD002635,CUS000144,2026-03-08T11:11:00+07:00,completed,Hanoi,web,4520000.00,seed,2026-03-08T11:11:00+07:00,2026-03-09T17:11:00+07:00
ORD002636,CUS000705,2026-05-11T17:11:00+07:00,completed,Bac Ninh,web,620000.00,seed,2026-05-11T17:11:00+07:00,2026-05-12T15:11:00+07:00
ORD002637,CUS000218,2026-02-09T16:14:00+07:00,completed,Quang Ninh,web,3575000.00,seed,2026-02-09T16:14:00+07:00,2026-02-10T10:14:00+07:00
ORD002638,CUS000890,2026-05-13T20:51:00+07:00,completed,Ho Chi Minh City,web,11637000.00,seed,2026-05-13T20:51:00+07:00,2026-05-15T10:51:00+07:00
ORD002639,CUS000878,2026-02-09T22:49:00+07:00,completed,Nha Trang,mobile_app,4822000.00,seed,2026-02-09T22:49:00+07:00,2026-02-10T20:49:00+07:00
ORD002640,CUS000229,2026-04-17T16:13:00+07:00,completed,Hai Phong,web,26132500.00,seed,2026-04-17T16:13:00+07:00,2026-04-17T23:13:00+07:00
ORD002641,CUS000428,2026-03-26T22:18:00+07:00,completed,Hai Phong,mobile_app,19157000.00,seed,2026-03-26T22:18:00+07:00,2026-03-28T04:18:00+07:00
ORD002642,CUS000045,2026-02-05T22:13:00+07:00,completed,Quang Ninh,web,10746500.00,seed,2026-02-05T22:13:00+07:00,2026-02-07T19:13:00+07:00
ORD002643,CUS000159,2026-05-06T11:02:00+07:00,completed,Nha Trang,web,2770000.00,seed,2026-05-06T11:02:00+07:00,2026-05-08T01:02:00+07:00
ORD002644,CUS000207,2026-04-21T21:40:00+07:00,completed,Can Tho,web,3655500.00,seed,2026-04-21T21:40:00+07:00,2026-04-22T09:40:00+07:00
ORD002645,CUS000689,2026-02-09T17:00:00+07:00,confirmed,Hai Phong,mobile_app,8238000.00,seed,2026-02-09T17:00:00+07:00,2026-02-11T07:00:00+07:00
ORD002646,CUS000247,2026-05-06T20:29:00+07:00,completed,Hue,social,26993500.00,seed,2026-05-06T20:29:00+07:00,2026-05-08T13:29:00+07:00
ORD002647,CUS000147,2026-03-16T16:37:00+07:00,completed,Bac Ninh,social,13156500.00,seed,2026-03-16T16:37:00+07:00,2026-03-18T05:37:00+07:00
ORD002648,CUS000332,2026-06-04T22:52:00+07:00,completed,Nha Trang,web,6783000.00,seed,2026-06-04T22:52:00+07:00,2026-06-06T03:52:00+07:00
ORD002649,CUS000473,2026-01-06T20:26:00+07:00,shipped,Bac Ninh,web,16960000.00,seed,2026-01-06T20:26:00+07:00,2026-01-07T23:26:00+07:00
ORD002650,CUS000613,2026-03-18T10:31:00+07:00,completed,Hanoi,web,6817500.00,seed,2026-03-18T10:31:00+07:00,2026-03-18T19:31:00+07:00
ORD002651,CUS000751,2026-03-17T10:18:00+07:00,confirmed,Can Tho,mobile_app,9234000.00,seed,2026-03-17T10:18:00+07:00,2026-03-18T02:18:00+07:00
ORD002652,CUS000125,2026-06-11T18:30:00+07:00,confirmed,Ho Chi Minh City,web,12361500.00,seed,2026-06-11T18:30:00+07:00,2026-06-13T15:30:00+07:00
ORD002653,CUS000117,2026-01-21T18:42:00+07:00,completed,Ho Chi Minh City,web,11962500.00,seed,2026-01-21T18:42:00+07:00,2026-01-22T15:42:00+07:00
ORD002654,CUS000159,2026-02-26T11:35:00+07:00,completed,Hai Phong,mobile_app,17211000.00,seed,2026-02-26T11:35:00+07:00,2026-02-27T02:35:00+07:00
ORD002655,CUS000614,2026-02-19T18:41:00+07:00,completed,Da Nang,mobile_app,7430000.00,seed,2026-02-19T18:41:00+07:00,2026-02-20T04:41:00+07:00
ORD002656,CUS000482,2026-04-25T08:44:00+07:00,completed,Hue,mobile_app,22679000.00,seed,2026-04-25T08:44:00+07:00,2026-04-26T06:44:00+07:00
ORD002657,CUS000522,2026-06-04T19:16:00+07:00,completed,Bac Ninh,mobile_app,29241500.00,seed,2026-06-04T19:16:00+07:00,2026-06-06T00:16:00+07:00
ORD002658,CUS000868,2026-01-11T18:56:00+07:00,completed,Can Tho,web,12359000.00,seed,2026-01-11T18:56:00+07:00,2026-01-11T21:56:00+07:00
ORD002659,CUS000967,2026-04-15T08:37:00+07:00,cancelled,Hai Phong,mobile_app,10676500.00,seed,2026-04-15T08:37:00+07:00,2026-04-15T18:37:00+07:00
ORD002660,CUS000543,2026-06-18T11:36:00+07:00,completed,Bac Ninh,web,22249000.00,seed,2026-06-18T11:36:00+07:00,2026-06-20T01:36:00+07:00
ORD002661,CUS000308,2026-05-10T09:56:00+07:00,completed,Bac Ninh,mobile_app,20095500.00,seed,2026-05-10T09:56:00+07:00,2026-05-10T23:56:00+07:00
ORD002662,CUS000864,2026-06-16T14:09:00+07:00,completed,Hanoi,web,13500000.00,seed,2026-06-16T14:09:00+07:00,2026-06-17T04:09:00+07:00
ORD002663,CUS000680,2026-06-12T18:07:00+07:00,completed,Da Nang,web,8829000.00,seed,2026-06-12T18:07:00+07:00,2026-06-14T18:07:00+07:00
ORD002664,CUS000070,2026-04-24T19:17:00+07:00,completed,Vinh,mobile_app,10835000.00,seed,2026-04-24T19:17:00+07:00,2026-04-25T14:17:00+07:00
ORD002665,CUS000212,2026-04-29T09:52:00+07:00,completed,Vinh,social,10951000.00,seed,2026-04-29T09:52:00+07:00,2026-05-01T07:52:00+07:00
ORD002666,CUS000409,2026-01-03T13:38:00+07:00,completed,Ho Chi Minh City,web,655500.00,seed,2026-01-03T13:38:00+07:00,2026-01-03T23:38:00+07:00
ORD002667,CUS000608,2026-01-23T19:58:00+07:00,completed,Bac Ninh,web,10220000.00,seed,2026-01-23T19:58:00+07:00,2026-01-24T03:58:00+07:00
ORD002668,CUS000763,2026-04-30T18:51:00+07:00,completed,Can Tho,web,12495500.00,seed,2026-04-30T18:51:00+07:00,2026-04-30T18:51:00+07:00
ORD002669,CUS000286,2026-02-20T19:58:00+07:00,completed,Quang Ninh,social,11380000.00,seed,2026-02-20T19:58:00+07:00,2026-02-21T10:58:00+07:00
ORD002670,CUS000026,2026-02-15T10:55:00+07:00,completed,Can Tho,mobile_app,6914000.00,seed,2026-02-15T10:55:00+07:00,2026-02-17T09:55:00+07:00
ORD002671,CUS000053,2026-05-19T10:47:00+07:00,completed,Quang Ninh,web,13500000.00,seed,2026-05-19T10:47:00+07:00,2026-05-20T14:47:00+07:00
ORD002672,CUS000802,2026-02-13T12:17:00+07:00,completed,Vinh,social,7296000.00,seed,2026-02-13T12:17:00+07:00,2026-02-13T12:17:00+07:00
ORD002673,CUS000937,2026-02-20T17:44:00+07:00,shipped,Hue,web,17822000.00,seed,2026-02-20T17:44:00+07:00,2026-02-21T17:44:00+07:00
ORD002674,CUS000617,2026-03-02T11:40:00+07:00,completed,Vinh,mobile_app,21181000.00,seed,2026-03-02T11:40:00+07:00,2026-03-03T10:40:00+07:00
ORD002675,CUS000268,2026-02-08T11:52:00+07:00,shipped,Nha Trang,mobile_app,11866000.00,seed,2026-02-08T11:52:00+07:00,2026-02-09T15:52:00+07:00
ORD002676,CUS000816,2026-03-14T16:45:00+07:00,shipped,Hue,social,11196500.00,seed,2026-03-14T16:45:00+07:00,2026-03-15T08:45:00+07:00
ORD002677,CUS000854,2026-01-25T08:30:00+07:00,completed,Da Nang,social,7640000.00,seed,2026-01-25T08:30:00+07:00,2026-01-26T10:30:00+07:00
ORD002678,CUS000702,2026-03-08T14:28:00+07:00,completed,Hai Phong,social,6678000.00,seed,2026-03-08T14:28:00+07:00,2026-03-08T17:28:00+07:00
ORD002679,CUS000178,2026-02-12T15:43:00+07:00,cancelled,Hai Phong,social,15379000.00,seed,2026-02-12T15:43:00+07:00,2026-02-13T15:43:00+07:00
ORD002680,CUS000119,2026-04-17T17:02:00+07:00,completed,Quang Ninh,web,440000.00,seed,2026-04-17T17:02:00+07:00,2026-04-19T09:02:00+07:00
ORD002681,CUS000593,2026-03-06T12:29:00+07:00,shipped,Hue,mobile_app,21778500.00,seed,2026-03-06T12:29:00+07:00,2026-03-07T23:29:00+07:00
ORD002682,CUS000984,2026-04-18T08:45:00+07:00,completed,Ho Chi Minh City,mobile_app,9874000.00,seed,2026-04-18T08:45:00+07:00,2026-04-19T02:45:00+07:00
ORD002683,CUS000001,2026-06-09T15:54:00+07:00,completed,Da Nang,mobile_app,2441500.00,seed,2026-06-09T15:54:00+07:00,2026-06-10T06:54:00+07:00
ORD002684,CUS000352,2026-04-05T09:09:00+07:00,confirmed,Vinh,mobile_app,19788500.00,seed,2026-04-05T09:09:00+07:00,2026-04-07T01:09:00+07:00
ORD002685,CUS000574,2026-04-23T16:01:00+07:00,completed,Hanoi,web,10185000.00,seed,2026-04-23T16:01:00+07:00,2026-04-24T10:01:00+07:00
ORD002686,CUS000547,2026-05-22T20:28:00+07:00,completed,Nha Trang,mobile_app,10188000.00,seed,2026-05-22T20:28:00+07:00,2026-05-23T22:28:00+07:00
ORD002687,CUS000374,2026-06-15T16:19:00+07:00,completed,Ho Chi Minh City,web,12751500.00,seed,2026-06-15T16:19:00+07:00,2026-06-15T18:19:00+07:00
ORD002688,CUS000945,2026-04-19T17:06:00+07:00,completed,Ho Chi Minh City,mobile_app,17116500.00,seed,2026-04-19T17:06:00+07:00,2026-04-21T09:06:00+07:00
ORD002689,CUS000351,2026-02-28T19:07:00+07:00,completed,Ho Chi Minh City,social,4000000.00,seed,2026-02-28T19:07:00+07:00,2026-03-02T19:07:00+07:00
ORD002690,CUS000439,2026-04-09T12:14:00+07:00,pending,Hue,web,22542500.00,seed,2026-04-09T12:14:00+07:00,2026-04-09T17:14:00+07:00
ORD002691,CUS000594,2026-03-13T15:00:00+07:00,completed,Quang Ninh,social,7780000.00,seed,2026-03-13T15:00:00+07:00,2026-03-14T09:00:00+07:00
ORD002692,CUS000706,2026-03-13T21:25:00+07:00,pending,Ho Chi Minh City,web,123500.00,seed,2026-03-13T21:25:00+07:00,2026-03-14T17:25:00+07:00
ORD002693,CUS001000,2026-03-24T13:40:00+07:00,confirmed,Ho Chi Minh City,mobile_app,16195000.00,seed,2026-03-24T13:40:00+07:00,2026-03-24T15:40:00+07:00
ORD002694,CUS000986,2026-01-07T21:30:00+07:00,completed,Vinh,web,460000.00,seed,2026-01-07T21:30:00+07:00,2026-01-08T18:30:00+07:00
ORD002695,CUS000320,2026-02-15T18:00:00+07:00,completed,Can Tho,mobile_app,7487000.00,seed,2026-02-15T18:00:00+07:00,2026-02-17T17:00:00+07:00
ORD002696,CUS000613,2026-04-10T14:12:00+07:00,completed,Nha Trang,mobile_app,9135000.00,seed,2026-04-10T14:12:00+07:00,2026-04-12T08:12:00+07:00
ORD002697,CUS000758,2026-03-29T14:27:00+07:00,shipped,Hue,social,27638000.00,seed,2026-03-29T14:27:00+07:00,2026-03-31T09:27:00+07:00
ORD002698,CUS000493,2026-01-27T21:02:00+07:00,completed,Hue,mobile_app,5970000.00,seed,2026-01-27T21:02:00+07:00,2026-01-28T09:02:00+07:00
ORD002699,CUS000489,2026-05-09T20:58:00+07:00,shipped,Quang Ninh,social,1010000.00,seed,2026-05-09T20:58:00+07:00,2026-05-11T19:58:00+07:00
ORD002700,CUS000748,2026-06-09T16:15:00+07:00,completed,Quang Ninh,mobile_app,2141000.00,seed,2026-06-09T16:15:00+07:00,2026-06-10T14:15:00+07:00
ORD002701,CUS000052,2026-06-13T08:56:00+07:00,completed,Ho Chi Minh City,mobile_app,27240000.00,seed,2026-06-13T08:56:00+07:00,2026-06-14T04:56:00+07:00
ORD002702,CUS000475,2026-05-30T10:19:00+07:00,completed,Vinh,mobile_app,24105000.00,seed,2026-05-30T10:19:00+07:00,2026-05-31T06:19:00+07:00
ORD002703,CUS000560,2026-03-21T14:35:00+07:00,completed,Vinh,mobile_app,1900000.00,seed,2026-03-21T14:35:00+07:00,2026-03-23T06:35:00+07:00
ORD002704,CUS000190,2026-05-04T16:37:00+07:00,completed,Vinh,web,8321500.00,seed,2026-05-04T16:37:00+07:00,2026-05-05T21:37:00+07:00
ORD002705,CUS000858,2026-06-22T21:05:00+07:00,completed,Nha Trang,mobile_app,3663000.00,seed,2026-06-22T21:05:00+07:00,2026-06-24T02:05:00+07:00
ORD002706,CUS000611,2026-02-14T14:32:00+07:00,cancelled,Hanoi,web,18781000.00,seed,2026-02-14T14:32:00+07:00,2026-02-14T18:32:00+07:00
ORD002707,CUS000714,2026-02-02T21:33:00+07:00,shipped,Hanoi,web,2520000.00,seed,2026-02-02T21:33:00+07:00,2026-02-04T17:33:00+07:00
ORD002708,CUS000573,2026-03-14T11:44:00+07:00,cancelled,Ho Chi Minh City,mobile_app,16705000.00,seed,2026-03-14T11:44:00+07:00,2026-03-15T01:44:00+07:00
ORD002709,CUS000428,2026-03-28T18:49:00+07:00,completed,Da Nang,mobile_app,4711000.00,seed,2026-03-28T18:49:00+07:00,2026-03-28T19:49:00+07:00
ORD002710,CUS000278,2026-02-08T08:03:00+07:00,completed,Hue,web,6630000.00,seed,2026-02-08T08:03:00+07:00,2026-02-10T08:03:00+07:00
ORD002711,CUS000379,2026-02-02T14:07:00+07:00,completed,Hai Phong,mobile_app,11220000.00,seed,2026-02-02T14:07:00+07:00,2026-02-03T22:07:00+07:00
ORD002712,CUS000047,2026-04-30T10:55:00+07:00,confirmed,Da Nang,web,14771500.00,seed,2026-04-30T10:55:00+07:00,2026-05-01T10:55:00+07:00
ORD002713,CUS000007,2026-04-20T12:33:00+07:00,completed,Da Nang,web,1037000.00,seed,2026-04-20T12:33:00+07:00,2026-04-21T15:33:00+07:00
ORD002714,CUS000635,2026-05-30T10:43:00+07:00,completed,Ho Chi Minh City,web,1662500.00,seed,2026-05-30T10:43:00+07:00,2026-05-30T10:43:00+07:00
ORD002715,CUS000078,2026-03-13T12:24:00+07:00,pending,Nha Trang,web,14578500.00,seed,2026-03-13T12:24:00+07:00,2026-03-14T21:24:00+07:00
ORD002716,CUS000093,2026-03-03T11:46:00+07:00,completed,Can Tho,web,18688000.00,seed,2026-03-03T11:46:00+07:00,2026-03-03T23:46:00+07:00
ORD002717,CUS000767,2026-05-02T12:50:00+07:00,cancelled,Hue,mobile_app,20791500.00,seed,2026-05-02T12:50:00+07:00,2026-05-04T10:50:00+07:00
ORD002718,CUS000397,2026-04-24T14:24:00+07:00,completed,Quang Ninh,mobile_app,7011000.00,seed,2026-04-24T14:24:00+07:00,2026-04-24T21:24:00+07:00
ORD002719,CUS000660,2026-04-04T09:17:00+07:00,completed,Bac Ninh,web,13554500.00,seed,2026-04-04T09:17:00+07:00,2026-04-04T19:17:00+07:00
ORD002720,CUS000189,2026-04-28T08:49:00+07:00,pending,Quang Ninh,mobile_app,11502500.00,seed,2026-04-28T08:49:00+07:00,2026-04-28T19:49:00+07:00
ORD002721,CUS000568,2026-03-26T19:56:00+07:00,completed,Vinh,web,2626500.00,seed,2026-03-26T19:56:00+07:00,2026-03-26T20:56:00+07:00
ORD002722,CUS000261,2026-03-13T11:11:00+07:00,completed,Can Tho,web,2960000.00,seed,2026-03-13T11:11:00+07:00,2026-03-15T11:11:00+07:00
ORD002723,CUS000864,2026-05-07T20:29:00+07:00,completed,Ho Chi Minh City,web,19190000.00,seed,2026-05-07T20:29:00+07:00,2026-05-07T22:29:00+07:00
ORD002724,CUS000387,2026-04-12T08:01:00+07:00,completed,Can Tho,web,17765000.00,seed,2026-04-12T08:01:00+07:00,2026-04-14T04:01:00+07:00
ORD002725,CUS000287,2026-01-10T13:47:00+07:00,completed,Nha Trang,mobile_app,9299000.00,seed,2026-01-10T13:47:00+07:00,2026-01-11T10:47:00+07:00
ORD002726,CUS000199,2026-01-30T11:02:00+07:00,completed,Ho Chi Minh City,web,6656000.00,seed,2026-01-30T11:02:00+07:00,2026-02-01T04:02:00+07:00
ORD002727,CUS000853,2026-01-20T11:29:00+07:00,completed,Hue,social,2903000.00,seed,2026-01-20T11:29:00+07:00,2026-01-22T03:29:00+07:00
ORD002728,CUS000311,2026-03-29T11:10:00+07:00,completed,Hai Phong,mobile_app,23568500.00,seed,2026-03-29T11:10:00+07:00,2026-03-31T05:10:00+07:00
ORD002729,CUS000618,2026-04-30T13:02:00+07:00,cancelled,Ho Chi Minh City,mobile_app,10980000.00,seed,2026-04-30T13:02:00+07:00,2026-05-01T23:02:00+07:00
ORD002730,CUS000435,2026-01-09T13:00:00+07:00,completed,Hue,mobile_app,1052500.00,seed,2026-01-09T13:00:00+07:00,2026-01-10T15:00:00+07:00
ORD002731,CUS000116,2026-04-19T22:49:00+07:00,completed,Ho Chi Minh City,mobile_app,18574000.00,seed,2026-04-19T22:49:00+07:00,2026-04-20T22:49:00+07:00
ORD002732,CUS000408,2026-06-29T19:34:00+07:00,completed,Vinh,mobile_app,4012000.00,seed,2026-06-29T19:34:00+07:00,2026-07-01T19:34:00+07:00
ORD002733,CUS000131,2026-05-30T20:25:00+07:00,completed,Vinh,web,5311000.00,seed,2026-05-30T20:25:00+07:00,2026-06-01T18:25:00+07:00
ORD002734,CUS000252,2026-05-21T21:33:00+07:00,shipped,Nha Trang,web,17747000.00,seed,2026-05-21T21:33:00+07:00,2026-05-22T22:33:00+07:00
ORD002735,CUS000390,2026-02-26T21:01:00+07:00,completed,Nha Trang,mobile_app,18749000.00,seed,2026-02-26T21:01:00+07:00,2026-02-26T23:01:00+07:00
ORD002736,CUS000084,2026-06-22T21:42:00+07:00,cancelled,Vinh,mobile_app,981000.00,seed,2026-06-22T21:42:00+07:00,2026-06-23T14:42:00+07:00
ORD002737,CUS000062,2026-03-14T11:54:00+07:00,completed,Bac Ninh,web,15140000.00,seed,2026-03-14T11:54:00+07:00,2026-03-15T04:54:00+07:00
ORD002738,CUS000699,2026-03-01T14:15:00+07:00,completed,Quang Ninh,mobile_app,2884000.00,seed,2026-03-01T14:15:00+07:00,2026-03-01T21:15:00+07:00
ORD002739,CUS000806,2026-06-27T10:23:00+07:00,completed,Can Tho,mobile_app,7433000.00,seed,2026-06-27T10:23:00+07:00,2026-06-27T21:23:00+07:00
ORD002740,CUS000310,2026-05-04T10:29:00+07:00,pending,Quang Ninh,web,12780000.00,seed,2026-05-04T10:29:00+07:00,2026-05-06T01:29:00+07:00
ORD002741,CUS000960,2026-04-03T21:12:00+07:00,completed,Hai Phong,web,9084500.00,seed,2026-04-03T21:12:00+07:00,2026-04-04T06:12:00+07:00
ORD002742,CUS000033,2026-06-15T18:38:00+07:00,cancelled,Hue,mobile_app,1266500.00,seed,2026-06-15T18:38:00+07:00,2026-06-16T13:38:00+07:00
ORD002743,CUS000247,2026-05-29T20:22:00+07:00,completed,Hue,mobile_app,7144000.00,seed,2026-05-29T20:22:00+07:00,2026-05-30T18:22:00+07:00
ORD002744,CUS000466,2026-04-12T16:12:00+07:00,shipped,Bac Ninh,web,23727500.00,seed,2026-04-12T16:12:00+07:00,2026-04-13T14:12:00+07:00
ORD002745,CUS000576,2026-05-25T09:15:00+07:00,completed,Ho Chi Minh City,web,9466000.00,seed,2026-05-25T09:15:00+07:00,2026-05-27T07:15:00+07:00
ORD002746,CUS000147,2026-03-13T22:09:00+07:00,completed,Vinh,web,21991500.00,seed,2026-03-13T22:09:00+07:00,2026-03-15T10:09:00+07:00
ORD002747,CUS000104,2026-03-14T16:22:00+07:00,completed,Can Tho,web,17099500.00,seed,2026-03-14T16:22:00+07:00,2026-03-14T18:22:00+07:00
ORD002748,CUS000127,2026-04-07T22:34:00+07:00,completed,Da Nang,web,14387000.00,seed,2026-04-07T22:34:00+07:00,2026-04-09T07:34:00+07:00
ORD002749,CUS000159,2026-05-19T14:39:00+07:00,completed,Nha Trang,web,6151000.00,seed,2026-05-19T14:39:00+07:00,2026-05-19T23:39:00+07:00
ORD002750,CUS000477,2026-04-02T11:32:00+07:00,completed,Hai Phong,mobile_app,15257000.00,seed,2026-04-02T11:32:00+07:00,2026-04-03T22:32:00+07:00
ORD002751,CUS000572,2026-05-27T22:48:00+07:00,completed,Da Nang,social,3570000.00,seed,2026-05-27T22:48:00+07:00,2026-05-29T03:48:00+07:00
ORD002752,CUS000608,2026-02-04T16:17:00+07:00,completed,Quang Ninh,mobile_app,6973500.00,seed,2026-02-04T16:17:00+07:00,2026-02-05T09:17:00+07:00
ORD002753,CUS000763,2026-06-01T15:03:00+07:00,completed,Bac Ninh,mobile_app,6967000.00,seed,2026-06-01T15:03:00+07:00,2026-06-03T07:03:00+07:00
ORD002754,CUS000157,2026-06-02T08:21:00+07:00,completed,Hanoi,mobile_app,21666000.00,seed,2026-06-02T08:21:00+07:00,2026-06-03T09:21:00+07:00
ORD002755,CUS000194,2026-01-27T18:12:00+07:00,completed,Ho Chi Minh City,web,10665500.00,seed,2026-01-27T18:12:00+07:00,2026-01-29T07:12:00+07:00
ORD002756,CUS000715,2026-03-05T11:16:00+07:00,pending,Ho Chi Minh City,web,6102000.00,seed,2026-03-05T11:16:00+07:00,2026-03-06T09:16:00+07:00
ORD002757,CUS000630,2026-02-16T11:55:00+07:00,completed,Nha Trang,social,11380000.00,seed,2026-02-16T11:55:00+07:00,2026-02-16T20:55:00+07:00
ORD002758,CUS000015,2026-05-15T08:23:00+07:00,confirmed,Hanoi,web,9469500.00,seed,2026-05-15T08:23:00+07:00,2026-05-15T11:23:00+07:00
ORD002759,CUS000622,2026-01-07T08:16:00+07:00,completed,Vinh,mobile_app,15893500.00,seed,2026-01-07T08:16:00+07:00,2026-01-08T16:16:00+07:00
ORD002760,CUS000222,2026-03-09T21:39:00+07:00,completed,Nha Trang,web,1931500.00,seed,2026-03-09T21:39:00+07:00,2026-03-11T19:39:00+07:00
ORD002761,CUS000561,2026-03-09T11:52:00+07:00,completed,Quang Ninh,mobile_app,14849500.00,seed,2026-03-09T11:52:00+07:00,2026-03-10T19:52:00+07:00
ORD002762,CUS000016,2026-03-19T13:18:00+07:00,completed,Nha Trang,web,12349000.00,seed,2026-03-19T13:18:00+07:00,2026-03-21T00:18:00+07:00
ORD002763,CUS000675,2026-02-02T22:41:00+07:00,completed,Hanoi,web,27121000.00,seed,2026-02-02T22:41:00+07:00,2026-02-02T22:41:00+07:00
ORD002764,CUS000567,2026-05-21T14:14:00+07:00,completed,Hanoi,mobile_app,6215000.00,seed,2026-05-21T14:14:00+07:00,2026-05-21T20:14:00+07:00
ORD002765,CUS000298,2026-05-29T13:50:00+07:00,completed,Hanoi,mobile_app,8075000.00,seed,2026-05-29T13:50:00+07:00,2026-05-30T11:50:00+07:00
ORD002766,CUS000636,2026-02-26T17:05:00+07:00,completed,Ho Chi Minh City,mobile_app,16267500.00,seed,2026-02-26T17:05:00+07:00,2026-02-27T15:05:00+07:00
ORD002767,CUS000135,2026-06-22T08:21:00+07:00,completed,Nha Trang,mobile_app,32916000.00,seed,2026-06-22T08:21:00+07:00,2026-06-22T15:21:00+07:00
ORD002768,CUS000930,2026-03-28T12:47:00+07:00,completed,Ho Chi Minh City,mobile_app,15420000.00,seed,2026-03-28T12:47:00+07:00,2026-03-30T08:47:00+07:00
ORD002769,CUS000994,2026-06-02T15:42:00+07:00,completed,Ho Chi Minh City,social,16624000.00,seed,2026-06-02T15:42:00+07:00,2026-06-04T00:42:00+07:00
ORD002770,CUS000393,2026-05-04T20:10:00+07:00,completed,Hue,web,15701000.00,seed,2026-05-04T20:10:00+07:00,2026-05-05T23:10:00+07:00
ORD002771,CUS000116,2026-02-22T14:05:00+07:00,completed,Hue,web,17993000.00,seed,2026-02-22T14:05:00+07:00,2026-02-23T04:05:00+07:00
ORD002772,CUS000047,2026-05-04T20:36:00+07:00,completed,Da Nang,mobile_app,1908000.00,seed,2026-05-04T20:36:00+07:00,2026-05-06T08:36:00+07:00
ORD002773,CUS000483,2026-04-11T12:03:00+07:00,completed,Ho Chi Minh City,web,14152000.00,seed,2026-04-11T12:03:00+07:00,2026-04-12T07:03:00+07:00
ORD002774,CUS000766,2026-06-16T12:15:00+07:00,completed,Da Nang,web,7300000.00,seed,2026-06-16T12:15:00+07:00,2026-06-18T00:15:00+07:00
ORD002775,CUS000561,2026-04-18T10:24:00+07:00,completed,Hue,mobile_app,2538000.00,seed,2026-04-18T10:24:00+07:00,2026-04-19T13:24:00+07:00
ORD002776,CUS000996,2026-04-18T19:24:00+07:00,completed,Nha Trang,mobile_app,36847000.00,seed,2026-04-18T19:24:00+07:00,2026-04-19T06:24:00+07:00
ORD002777,CUS000106,2026-01-29T13:55:00+07:00,completed,Ho Chi Minh City,web,7233500.00,seed,2026-01-29T13:55:00+07:00,2026-01-29T14:55:00+07:00
ORD002778,CUS000506,2026-05-23T12:15:00+07:00,completed,Quang Ninh,web,6066000.00,seed,2026-05-23T12:15:00+07:00,2026-05-24T11:15:00+07:00
ORD002779,CUS000958,2026-03-10T12:31:00+07:00,completed,Hanoi,web,7890000.00,seed,2026-03-10T12:31:00+07:00,2026-03-10T23:31:00+07:00
ORD002780,CUS000898,2026-06-05T14:04:00+07:00,completed,Da Nang,web,14459000.00,seed,2026-06-05T14:04:00+07:00,2026-06-06T22:04:00+07:00
ORD002781,CUS000999,2026-05-09T15:49:00+07:00,completed,Nha Trang,mobile_app,10044500.00,seed,2026-05-09T15:49:00+07:00,2026-05-10T01:49:00+07:00
ORD002782,CUS000529,2026-01-13T11:29:00+07:00,completed,Bac Ninh,mobile_app,6477000.00,seed,2026-01-13T11:29:00+07:00,2026-01-14T06:29:00+07:00
ORD002783,CUS000342,2026-05-14T09:40:00+07:00,shipped,Hue,web,18979500.00,seed,2026-05-14T09:40:00+07:00,2026-05-14T11:40:00+07:00
ORD002784,CUS000434,2026-06-08T16:47:00+07:00,completed,Vinh,web,24653000.00,seed,2026-06-08T16:47:00+07:00,2026-06-09T01:47:00+07:00
ORD002785,CUS000434,2026-02-02T08:25:00+07:00,shipped,Hue,web,5037000.00,seed,2026-02-02T08:25:00+07:00,2026-02-03T02:25:00+07:00
ORD002786,CUS000075,2026-01-09T10:35:00+07:00,completed,Hanoi,mobile_app,21118000.00,seed,2026-01-09T10:35:00+07:00,2026-01-10T19:35:00+07:00
ORD002787,CUS000106,2026-02-08T19:46:00+07:00,confirmed,Quang Ninh,mobile_app,19151500.00,seed,2026-02-08T19:46:00+07:00,2026-02-10T05:46:00+07:00
ORD002788,CUS000344,2026-06-03T22:12:00+07:00,completed,Ho Chi Minh City,mobile_app,1440000.00,seed,2026-06-03T22:12:00+07:00,2026-06-05T08:12:00+07:00
ORD002789,CUS000930,2026-03-20T14:26:00+07:00,completed,Hai Phong,web,5090000.00,seed,2026-03-20T14:26:00+07:00,2026-03-22T03:26:00+07:00
ORD002790,CUS000144,2026-05-30T14:15:00+07:00,cancelled,Da Nang,web,14860000.00,seed,2026-05-30T14:15:00+07:00,2026-05-31T03:15:00+07:00
ORD002791,CUS000844,2026-02-15T09:54:00+07:00,completed,Hai Phong,mobile_app,12603000.00,seed,2026-02-15T09:54:00+07:00,2026-02-16T20:54:00+07:00
ORD002792,CUS000494,2026-02-08T11:21:00+07:00,completed,Ho Chi Minh City,mobile_app,29357500.00,seed,2026-02-08T11:21:00+07:00,2026-02-09T14:21:00+07:00
ORD002793,CUS000498,2026-02-03T14:52:00+07:00,completed,Hue,mobile_app,18003000.00,seed,2026-02-03T14:52:00+07:00,2026-02-05T06:52:00+07:00
ORD002794,CUS000965,2026-02-21T14:28:00+07:00,completed,Nha Trang,web,10731000.00,seed,2026-02-21T14:28:00+07:00,2026-02-21T16:28:00+07:00
ORD002795,CUS000677,2026-05-24T14:50:00+07:00,completed,Ho Chi Minh City,mobile_app,5010000.00,seed,2026-05-24T14:50:00+07:00,2026-05-25T12:50:00+07:00
ORD002796,CUS000346,2026-05-09T09:09:00+07:00,completed,Hue,web,11117000.00,seed,2026-05-09T09:09:00+07:00,2026-05-09T16:09:00+07:00
ORD002797,CUS000158,2026-02-17T11:33:00+07:00,completed,Hanoi,mobile_app,18996500.00,seed,2026-02-17T11:33:00+07:00,2026-02-17T12:33:00+07:00
ORD002798,CUS000589,2026-05-27T19:07:00+07:00,completed,Bac Ninh,mobile_app,23823000.00,seed,2026-05-27T19:07:00+07:00,2026-05-28T03:07:00+07:00
ORD002799,CUS000719,2026-03-06T14:18:00+07:00,completed,Da Nang,mobile_app,12503500.00,seed,2026-03-06T14:18:00+07:00,2026-03-08T02:18:00+07:00
ORD002800,CUS000706,2026-05-08T08:18:00+07:00,confirmed,Ho Chi Minh City,mobile_app,15687000.00,seed,2026-05-08T08:18:00+07:00,2026-05-09T17:18:00+07:00
ORD002801,CUS000820,2026-02-03T19:15:00+07:00,completed,Vinh,mobile_app,4908500.00,seed,2026-02-03T19:15:00+07:00,2026-02-05T18:15:00+07:00
ORD002802,CUS000199,2026-02-24T19:22:00+07:00,completed,Vinh,mobile_app,4553000.00,seed,2026-02-24T19:22:00+07:00,2026-02-25T23:22:00+07:00
ORD002803,CUS000038,2026-02-08T22:51:00+07:00,completed,Da Nang,mobile_app,3829000.00,seed,2026-02-08T22:51:00+07:00,2026-02-09T07:51:00+07:00
ORD002804,CUS000828,2026-05-03T12:36:00+07:00,completed,Hue,web,2700000.00,seed,2026-05-03T12:36:00+07:00,2026-05-03T19:36:00+07:00
ORD002805,CUS000906,2026-02-08T08:50:00+07:00,shipped,Can Tho,mobile_app,15559000.00,seed,2026-02-08T08:50:00+07:00,2026-02-09T03:50:00+07:00
ORD002806,CUS000874,2026-03-11T11:02:00+07:00,completed,Hue,mobile_app,16291000.00,seed,2026-03-11T11:02:00+07:00,2026-03-13T05:02:00+07:00
ORD002807,CUS000095,2026-02-02T13:07:00+07:00,completed,Quang Ninh,web,399000.00,seed,2026-02-02T13:07:00+07:00,2026-02-03T03:07:00+07:00
ORD002808,CUS000900,2026-04-23T09:17:00+07:00,completed,Da Nang,mobile_app,11836500.00,seed,2026-04-23T09:17:00+07:00,2026-04-24T21:17:00+07:00
ORD002809,CUS000643,2026-04-20T10:37:00+07:00,completed,Hai Phong,web,684000.00,seed,2026-04-20T10:37:00+07:00,2026-04-22T05:37:00+07:00
ORD002810,CUS000058,2026-03-27T20:57:00+07:00,completed,Hanoi,mobile_app,17273000.00,seed,2026-03-27T20:57:00+07:00,2026-03-28T20:57:00+07:00
ORD002811,CUS000417,2026-06-23T10:50:00+07:00,completed,Vinh,mobile_app,6690000.00,seed,2026-06-23T10:50:00+07:00,2026-06-25T00:50:00+07:00
ORD002812,CUS000992,2026-06-16T20:00:00+07:00,completed,Da Nang,web,16351500.00,seed,2026-06-16T20:00:00+07:00,2026-06-17T02:00:00+07:00
ORD002813,CUS000069,2026-02-08T09:36:00+07:00,completed,Quang Ninh,mobile_app,2110000.00,seed,2026-02-08T09:36:00+07:00,2026-02-08T15:36:00+07:00
ORD002814,CUS000205,2026-06-16T13:43:00+07:00,completed,Ho Chi Minh City,mobile_app,15699500.00,seed,2026-06-16T13:43:00+07:00,2026-06-17T01:43:00+07:00
ORD002815,CUS000836,2026-06-01T17:42:00+07:00,completed,Quang Ninh,web,15966000.00,seed,2026-06-01T17:42:00+07:00,2026-06-01T21:42:00+07:00
ORD002816,CUS000391,2026-02-20T16:15:00+07:00,completed,Hue,web,11698000.00,seed,2026-02-20T16:15:00+07:00,2026-02-22T00:15:00+07:00
ORD002817,CUS000464,2026-02-16T14:06:00+07:00,completed,Nha Trang,mobile_app,7225000.00,seed,2026-02-16T14:06:00+07:00,2026-02-16T22:06:00+07:00
ORD002818,CUS000303,2026-04-29T21:22:00+07:00,shipped,Da Nang,mobile_app,2660000.00,seed,2026-04-29T21:22:00+07:00,2026-04-30T19:22:00+07:00
ORD002819,CUS000326,2026-06-21T09:26:00+07:00,completed,Da Nang,web,31721000.00,seed,2026-06-21T09:26:00+07:00,2026-06-22T18:26:00+07:00
ORD002820,CUS000789,2026-04-16T17:42:00+07:00,completed,Nha Trang,web,2360000.00,seed,2026-04-16T17:42:00+07:00,2026-04-18T03:42:00+07:00
ORD002821,CUS000527,2026-02-03T08:10:00+07:00,completed,Hai Phong,social,807500.00,seed,2026-02-03T08:10:00+07:00,2026-02-04T00:10:00+07:00
ORD002822,CUS000137,2026-01-16T12:39:00+07:00,confirmed,Ho Chi Minh City,mobile_app,11343000.00,seed,2026-01-16T12:39:00+07:00,2026-01-17T07:39:00+07:00
ORD002823,CUS000394,2026-03-09T13:13:00+07:00,shipped,Bac Ninh,web,19908000.00,seed,2026-03-09T13:13:00+07:00,2026-03-10T15:13:00+07:00
ORD002824,CUS000312,2026-03-04T08:37:00+07:00,cancelled,Vinh,mobile_app,20337500.00,seed,2026-03-04T08:37:00+07:00,2026-03-06T06:37:00+07:00
ORD002825,CUS000378,2026-03-06T09:19:00+07:00,completed,Vinh,mobile_app,8897000.00,seed,2026-03-06T09:19:00+07:00,2026-03-07T13:19:00+07:00
ORD002826,CUS000545,2026-06-17T22:56:00+07:00,cancelled,Ho Chi Minh City,mobile_app,20430000.00,seed,2026-06-17T22:56:00+07:00,2026-06-19T19:56:00+07:00
ORD002827,CUS000203,2026-02-01T14:06:00+07:00,confirmed,Ho Chi Minh City,web,6688000.00,seed,2026-02-01T14:06:00+07:00,2026-02-03T08:06:00+07:00
ORD002828,CUS000216,2026-04-12T17:12:00+07:00,pending,Hanoi,web,8114500.00,seed,2026-04-12T17:12:00+07:00,2026-04-12T21:12:00+07:00
ORD002829,CUS000690,2026-03-26T14:02:00+07:00,completed,Bac Ninh,social,25431500.00,seed,2026-03-26T14:02:00+07:00,2026-03-28T12:02:00+07:00
ORD002830,CUS000806,2026-06-14T21:37:00+07:00,completed,Vinh,web,9274000.00,seed,2026-06-14T21:37:00+07:00,2026-06-15T19:37:00+07:00
ORD002831,CUS000860,2026-06-20T18:35:00+07:00,completed,Hanoi,mobile_app,14400000.00,seed,2026-06-20T18:35:00+07:00,2026-06-22T08:35:00+07:00
ORD002832,CUS000791,2026-06-04T11:55:00+07:00,completed,Can Tho,web,5562000.00,seed,2026-06-04T11:55:00+07:00,2026-06-05T06:55:00+07:00
ORD002833,CUS000397,2026-04-09T08:42:00+07:00,shipped,Hanoi,mobile_app,11600000.00,seed,2026-04-09T08:42:00+07:00,2026-04-11T06:42:00+07:00
ORD002834,CUS000289,2026-03-05T20:28:00+07:00,completed,Vinh,web,18336000.00,seed,2026-03-05T20:28:00+07:00,2026-03-06T18:28:00+07:00
ORD002835,CUS000668,2026-06-22T14:48:00+07:00,completed,Ho Chi Minh City,web,18508000.00,seed,2026-06-22T14:48:00+07:00,2026-06-22T14:48:00+07:00
ORD002836,CUS000003,2026-03-12T09:43:00+07:00,completed,Nha Trang,web,10944000.00,seed,2026-03-12T09:43:00+07:00,2026-03-12T22:43:00+07:00
ORD002837,CUS000613,2026-02-22T08:55:00+07:00,confirmed,Hai Phong,web,26694000.00,seed,2026-02-22T08:55:00+07:00,2026-02-23T14:55:00+07:00
ORD002838,CUS000022,2026-05-02T15:07:00+07:00,completed,Vinh,web,1550000.00,seed,2026-05-02T15:07:00+07:00,2026-05-02T22:07:00+07:00
ORD002839,CUS000549,2026-01-10T12:52:00+07:00,completed,Da Nang,social,7710500.00,seed,2026-01-10T12:52:00+07:00,2026-01-10T20:52:00+07:00
ORD002840,CUS000782,2026-02-26T15:08:00+07:00,completed,Hanoi,web,16757500.00,seed,2026-02-26T15:08:00+07:00,2026-02-26T21:08:00+07:00
ORD002841,CUS000592,2026-03-17T14:34:00+07:00,completed,Nha Trang,mobile_app,10182500.00,seed,2026-03-17T14:34:00+07:00,2026-03-18T23:34:00+07:00
ORD002842,CUS000767,2026-05-18T12:37:00+07:00,completed,Hai Phong,mobile_app,6859000.00,seed,2026-05-18T12:37:00+07:00,2026-05-20T10:37:00+07:00
ORD002843,CUS000031,2026-03-16T15:28:00+07:00,completed,Da Nang,mobile_app,18527500.00,seed,2026-03-16T15:28:00+07:00,2026-03-17T23:28:00+07:00
ORD002844,CUS000907,2026-05-07T16:12:00+07:00,completed,Ho Chi Minh City,mobile_app,14024500.00,seed,2026-05-07T16:12:00+07:00,2026-05-08T10:12:00+07:00
ORD002845,CUS000155,2026-06-28T09:50:00+07:00,shipped,Da Nang,web,2821500.00,seed,2026-06-28T09:50:00+07:00,2026-06-30T00:50:00+07:00
ORD002846,CUS000289,2026-03-04T16:19:00+07:00,completed,Vinh,web,25342000.00,seed,2026-03-04T16:19:00+07:00,2026-03-05T17:19:00+07:00
ORD002847,CUS000263,2026-01-06T18:53:00+07:00,completed,Can Tho,mobile_app,18418000.00,seed,2026-01-06T18:53:00+07:00,2026-01-07T05:53:00+07:00
ORD002848,CUS000744,2026-01-11T09:23:00+07:00,completed,Quang Ninh,web,11939500.00,seed,2026-01-11T09:23:00+07:00,2026-01-12T18:23:00+07:00
ORD002849,CUS000542,2026-01-27T22:46:00+07:00,completed,Da Nang,mobile_app,22578000.00,seed,2026-01-27T22:46:00+07:00,2026-01-29T04:46:00+07:00
ORD002850,CUS000134,2026-06-16T21:06:00+07:00,completed,Da Nang,web,13412000.00,seed,2026-06-16T21:06:00+07:00,2026-06-18T14:06:00+07:00
ORD002851,CUS000689,2026-05-02T21:43:00+07:00,completed,Da Nang,web,19837500.00,seed,2026-05-02T21:43:00+07:00,2026-05-03T22:43:00+07:00
ORD002852,CUS000749,2026-03-04T17:07:00+07:00,completed,Hai Phong,mobile_app,22945500.00,seed,2026-03-04T17:07:00+07:00,2026-03-04T19:07:00+07:00
ORD002853,CUS000026,2026-02-05T19:19:00+07:00,completed,Nha Trang,web,10603000.00,seed,2026-02-05T19:19:00+07:00,2026-02-07T11:19:00+07:00
ORD002854,CUS000699,2026-02-05T14:24:00+07:00,confirmed,Nha Trang,social,20998000.00,seed,2026-02-05T14:24:00+07:00,2026-02-07T12:24:00+07:00
ORD002855,CUS000631,2026-06-09T21:57:00+07:00,completed,Hue,social,9114000.00,seed,2026-06-09T21:57:00+07:00,2026-06-10T05:57:00+07:00
ORD002856,CUS000198,2026-05-10T10:58:00+07:00,completed,Vinh,mobile_app,14985000.00,seed,2026-05-10T10:58:00+07:00,2026-05-10T21:58:00+07:00
ORD002857,CUS000525,2026-01-22T12:35:00+07:00,completed,Vinh,web,20422500.00,seed,2026-01-22T12:35:00+07:00,2026-01-24T11:35:00+07:00
ORD002858,CUS000951,2026-06-01T11:05:00+07:00,completed,Bac Ninh,social,13916000.00,seed,2026-06-01T11:05:00+07:00,2026-06-02T19:05:00+07:00
ORD002859,CUS000939,2026-02-26T12:26:00+07:00,completed,Can Tho,web,9303000.00,seed,2026-02-26T12:26:00+07:00,2026-02-27T22:26:00+07:00
ORD002860,CUS000778,2026-04-24T13:09:00+07:00,completed,Bac Ninh,web,2800000.00,seed,2026-04-24T13:09:00+07:00,2026-04-26T02:09:00+07:00
ORD002861,CUS000231,2026-06-04T16:30:00+07:00,shipped,Hai Phong,web,7625000.00,seed,2026-06-04T16:30:00+07:00,2026-06-06T15:30:00+07:00
ORD002862,CUS000864,2026-04-04T11:02:00+07:00,completed,Quang Ninh,social,16238000.00,seed,2026-04-04T11:02:00+07:00,2026-04-05T02:02:00+07:00
ORD002863,CUS000528,2026-05-26T15:59:00+07:00,completed,Ho Chi Minh City,web,24297500.00,seed,2026-05-26T15:59:00+07:00,2026-05-28T14:59:00+07:00
ORD002864,CUS000412,2026-01-05T15:15:00+07:00,completed,Nha Trang,mobile_app,13199000.00,seed,2026-01-05T15:15:00+07:00,2026-01-06T20:15:00+07:00
ORD002865,CUS000028,2026-04-03T21:30:00+07:00,shipped,Ho Chi Minh City,mobile_app,17907000.00,seed,2026-04-03T21:30:00+07:00,2026-04-05T09:30:00+07:00
ORD002866,CUS000611,2026-01-16T16:12:00+07:00,completed,Ho Chi Minh City,web,4396000.00,seed,2026-01-16T16:12:00+07:00,2026-01-17T17:12:00+07:00
ORD002867,CUS000707,2026-04-10T10:10:00+07:00,completed,Vinh,web,1314000.00,seed,2026-04-10T10:10:00+07:00,2026-04-10T10:10:00+07:00
ORD002868,CUS000494,2026-03-13T20:52:00+07:00,completed,Nha Trang,mobile_app,15510000.00,seed,2026-03-13T20:52:00+07:00,2026-03-15T18:52:00+07:00
ORD002869,CUS000486,2026-06-04T09:04:00+07:00,completed,Hanoi,mobile_app,8028500.00,seed,2026-06-04T09:04:00+07:00,2026-06-06T04:04:00+07:00
ORD002870,CUS000548,2026-01-07T19:38:00+07:00,pending,Nha Trang,web,7457500.00,seed,2026-01-07T19:38:00+07:00,2026-01-08T01:38:00+07:00
ORD002871,CUS000363,2026-01-09T10:11:00+07:00,completed,Hai Phong,web,3030500.00,seed,2026-01-09T10:11:00+07:00,2026-01-11T00:11:00+07:00
ORD002872,CUS000439,2026-03-16T17:59:00+07:00,completed,Bac Ninh,web,28300000.00,seed,2026-03-16T17:59:00+07:00,2026-03-17T02:59:00+07:00
ORD002873,CUS000829,2026-04-30T19:15:00+07:00,completed,Bac Ninh,mobile_app,4680000.00,seed,2026-04-30T19:15:00+07:00,2026-05-01T02:15:00+07:00
ORD002874,CUS000592,2026-01-09T21:09:00+07:00,completed,Nha Trang,mobile_app,30143500.00,seed,2026-01-09T21:09:00+07:00,2026-01-11T08:09:00+07:00
ORD002875,CUS000760,2026-06-23T13:58:00+07:00,completed,Hue,web,7420000.00,seed,2026-06-23T13:58:00+07:00,2026-06-24T21:58:00+07:00
ORD002876,CUS000550,2026-03-13T21:27:00+07:00,completed,Hai Phong,mobile_app,8262000.00,seed,2026-03-13T21:27:00+07:00,2026-03-14T22:27:00+07:00
ORD002877,CUS000002,2026-01-29T18:10:00+07:00,completed,Hanoi,mobile_app,5422500.00,seed,2026-01-29T18:10:00+07:00,2026-01-29T18:10:00+07:00
ORD002878,CUS000655,2026-03-19T10:12:00+07:00,completed,Hanoi,mobile_app,2004500.00,seed,2026-03-19T10:12:00+07:00,2026-03-21T00:12:00+07:00
ORD002879,CUS000687,2026-06-04T11:24:00+07:00,completed,Nha Trang,mobile_app,7904000.00,seed,2026-06-04T11:24:00+07:00,2026-06-05T19:24:00+07:00
ORD002880,CUS000583,2026-04-15T16:02:00+07:00,completed,Hai Phong,mobile_app,23976500.00,seed,2026-04-15T16:02:00+07:00,2026-04-16T06:02:00+07:00
ORD002881,CUS000977,2026-02-03T22:39:00+07:00,completed,Da Nang,mobile_app,13920000.00,seed,2026-02-03T22:39:00+07:00,2026-02-05T20:39:00+07:00
ORD002882,CUS000984,2026-01-06T09:28:00+07:00,completed,Hue,web,8617500.00,seed,2026-01-06T09:28:00+07:00,2026-01-06T21:28:00+07:00
ORD002883,CUS000036,2026-04-11T20:50:00+07:00,cancelled,Ho Chi Minh City,social,25404500.00,seed,2026-04-11T20:50:00+07:00,2026-04-13T12:50:00+07:00
ORD002884,CUS000091,2026-05-10T08:19:00+07:00,completed,Vinh,web,19411000.00,seed,2026-05-10T08:19:00+07:00,2026-05-11T21:19:00+07:00
ORD002885,CUS000341,2026-05-28T14:08:00+07:00,completed,Hanoi,web,9155500.00,seed,2026-05-28T14:08:00+07:00,2026-05-30T11:08:00+07:00
ORD002886,CUS000813,2026-03-14T18:29:00+07:00,confirmed,Bac Ninh,mobile_app,19551000.00,seed,2026-03-14T18:29:00+07:00,2026-03-15T05:29:00+07:00
ORD002887,CUS000139,2026-03-31T14:54:00+07:00,completed,Bac Ninh,web,1750000.00,seed,2026-03-31T14:54:00+07:00,2026-03-31T14:54:00+07:00
ORD002888,CUS000491,2026-03-13T13:49:00+07:00,completed,Vinh,web,14550500.00,seed,2026-03-13T13:49:00+07:00,2026-03-14T12:49:00+07:00
ORD002889,CUS000340,2026-03-02T18:30:00+07:00,cancelled,Hai Phong,mobile_app,23295500.00,seed,2026-03-02T18:30:00+07:00,2026-03-03T12:30:00+07:00
ORD002890,CUS000994,2026-05-01T11:28:00+07:00,completed,Da Nang,web,9480000.00,seed,2026-05-01T11:28:00+07:00,2026-05-02T19:28:00+07:00
ORD002891,CUS000883,2026-06-12T21:36:00+07:00,completed,Hai Phong,social,287000.00,seed,2026-06-12T21:36:00+07:00,2026-06-13T06:36:00+07:00
ORD002892,CUS000280,2026-04-08T10:39:00+07:00,completed,Vinh,mobile_app,4001500.00,seed,2026-04-08T10:39:00+07:00,2026-04-10T10:39:00+07:00
ORD002893,CUS000938,2026-04-11T17:44:00+07:00,confirmed,Hanoi,mobile_app,24321000.00,seed,2026-04-11T17:44:00+07:00,2026-04-13T16:44:00+07:00
ORD002894,CUS000679,2026-05-10T16:31:00+07:00,completed,Vinh,mobile_app,7180000.00,seed,2026-05-10T16:31:00+07:00,2026-05-11T09:31:00+07:00
ORD002895,CUS000261,2026-06-19T10:41:00+07:00,completed,Can Tho,web,2699000.00,seed,2026-06-19T10:41:00+07:00,2026-06-19T20:41:00+07:00
ORD002896,CUS000038,2026-03-18T09:31:00+07:00,completed,Bac Ninh,web,18735000.00,seed,2026-03-18T09:31:00+07:00,2026-03-18T10:31:00+07:00
ORD002897,CUS000763,2026-06-08T10:00:00+07:00,completed,Hanoi,mobile_app,760000.00,seed,2026-06-08T10:00:00+07:00,2026-06-08T15:00:00+07:00
ORD002898,CUS000916,2026-02-20T10:23:00+07:00,completed,Quang Ninh,mobile_app,4410000.00,seed,2026-02-20T10:23:00+07:00,2026-02-22T03:23:00+07:00
ORD002899,CUS000666,2026-02-10T15:41:00+07:00,completed,Quang Ninh,mobile_app,12456500.00,seed,2026-02-10T15:41:00+07:00,2026-02-12T05:41:00+07:00
ORD002900,CUS000620,2026-05-12T12:00:00+07:00,completed,Hanoi,web,7078000.00,seed,2026-05-12T12:00:00+07:00,2026-05-14T02:00:00+07:00
ORD002901,CUS000720,2026-03-15T14:55:00+07:00,completed,Hue,mobile_app,13886000.00,seed,2026-03-15T14:55:00+07:00,2026-03-16T08:55:00+07:00
ORD002902,CUS000533,2026-03-18T14:51:00+07:00,completed,Nha Trang,web,12194500.00,seed,2026-03-18T14:51:00+07:00,2026-03-19T02:51:00+07:00
ORD002903,CUS000190,2026-01-29T11:05:00+07:00,confirmed,Ho Chi Minh City,mobile_app,17153000.00,seed,2026-01-29T11:05:00+07:00,2026-01-29T13:05:00+07:00
ORD002904,CUS000117,2026-04-27T11:42:00+07:00,shipped,Quang Ninh,web,8991000.00,seed,2026-04-27T11:42:00+07:00,2026-04-29T11:42:00+07:00
ORD002905,CUS000194,2026-04-19T15:53:00+07:00,shipped,Da Nang,web,11329000.00,seed,2026-04-19T15:53:00+07:00,2026-04-20T17:53:00+07:00
ORD002906,CUS000997,2026-02-14T14:50:00+07:00,shipped,Bac Ninh,web,1830000.00,seed,2026-02-14T14:50:00+07:00,2026-02-15T20:50:00+07:00
ORD002907,CUS000401,2026-05-04T17:55:00+07:00,completed,Ho Chi Minh City,mobile_app,12553500.00,seed,2026-05-04T17:55:00+07:00,2026-05-04T21:55:00+07:00
ORD002908,CUS000055,2026-02-16T16:05:00+07:00,completed,Bac Ninh,web,9790000.00,seed,2026-02-16T16:05:00+07:00,2026-02-16T22:05:00+07:00
ORD002909,CUS000406,2026-01-18T18:17:00+07:00,completed,Quang Ninh,web,4842000.00,seed,2026-01-18T18:17:00+07:00,2026-01-19T01:17:00+07:00
ORD002910,CUS000339,2026-01-06T13:08:00+07:00,completed,Nha Trang,web,14571500.00,seed,2026-01-06T13:08:00+07:00,2026-01-08T10:08:00+07:00
ORD002911,CUS000162,2026-01-12T17:09:00+07:00,completed,Nha Trang,web,16477000.00,seed,2026-01-12T17:09:00+07:00,2026-01-13T10:09:00+07:00
ORD002912,CUS000699,2026-02-16T22:14:00+07:00,completed,Hue,mobile_app,13045000.00,seed,2026-02-16T22:14:00+07:00,2026-02-17T17:14:00+07:00
ORD002913,CUS000429,2026-03-23T13:38:00+07:00,pending,Ho Chi Minh City,social,2204000.00,seed,2026-03-23T13:38:00+07:00,2026-03-25T12:38:00+07:00
ORD002914,CUS000499,2026-01-12T19:59:00+07:00,completed,Ho Chi Minh City,web,14560000.00,seed,2026-01-12T19:59:00+07:00,2026-01-14T03:59:00+07:00
ORD002915,CUS000350,2026-04-25T09:29:00+07:00,completed,Hue,web,18515500.00,seed,2026-04-25T09:29:00+07:00,2026-04-25T15:29:00+07:00
ORD002916,CUS000995,2026-05-17T20:02:00+07:00,completed,Ho Chi Minh City,mobile_app,9864000.00,seed,2026-05-17T20:02:00+07:00,2026-05-19T18:02:00+07:00
ORD002917,CUS000472,2026-02-08T08:03:00+07:00,confirmed,Quang Ninh,web,5010000.00,seed,2026-02-08T08:03:00+07:00,2026-02-08T19:03:00+07:00
ORD002918,CUS000972,2026-04-10T21:54:00+07:00,completed,Da Nang,mobile_app,20318500.00,seed,2026-04-10T21:54:00+07:00,2026-04-11T02:54:00+07:00
ORD002919,CUS000350,2026-05-16T12:16:00+07:00,completed,Nha Trang,web,2289500.00,seed,2026-05-16T12:16:00+07:00,2026-05-17T00:16:00+07:00
ORD002920,CUS000870,2026-01-05T13:40:00+07:00,confirmed,Vinh,social,26358500.00,seed,2026-01-05T13:40:00+07:00,2026-01-06T07:40:00+07:00
ORD002921,CUS000902,2026-01-03T21:27:00+07:00,completed,Quang Ninh,mobile_app,16129000.00,seed,2026-01-03T21:27:00+07:00,2026-01-04T08:27:00+07:00
ORD002922,CUS000073,2026-01-30T14:40:00+07:00,cancelled,Nha Trang,web,216000.00,seed,2026-01-30T14:40:00+07:00,2026-01-30T23:40:00+07:00
ORD002923,CUS000277,2026-06-23T10:51:00+07:00,completed,Nha Trang,mobile_app,14339500.00,seed,2026-06-23T10:51:00+07:00,2026-06-24T04:51:00+07:00
ORD002924,CUS000772,2026-01-29T18:54:00+07:00,cancelled,Bac Ninh,mobile_app,23940500.00,seed,2026-01-29T18:54:00+07:00,2026-01-30T06:54:00+07:00
ORD002925,CUS000284,2026-06-10T12:03:00+07:00,completed,Can Tho,web,6336000.00,seed,2026-06-10T12:03:00+07:00,2026-06-11T00:03:00+07:00
ORD002926,CUS000300,2026-05-27T22:19:00+07:00,completed,Da Nang,web,13885500.00,seed,2026-05-27T22:19:00+07:00,2026-05-29T18:19:00+07:00
ORD002927,CUS000559,2026-03-28T15:31:00+07:00,shipped,Bac Ninh,web,5719000.00,seed,2026-03-28T15:31:00+07:00,2026-03-28T20:31:00+07:00
ORD002928,CUS000897,2026-04-15T14:52:00+07:00,completed,Hanoi,web,23233000.00,seed,2026-04-15T14:52:00+07:00,2026-04-16T01:52:00+07:00
ORD002929,CUS000503,2026-02-10T17:44:00+07:00,completed,Hanoi,web,4904500.00,seed,2026-02-10T17:44:00+07:00,2026-02-11T04:44:00+07:00
ORD002930,CUS000513,2026-01-25T20:52:00+07:00,completed,Hanoi,web,20716000.00,seed,2026-01-25T20:52:00+07:00,2026-01-27T17:52:00+07:00
ORD002931,CUS000413,2026-05-02T10:11:00+07:00,completed,Hanoi,web,8298000.00,seed,2026-05-02T10:11:00+07:00,2026-05-03T07:11:00+07:00
ORD002932,CUS000693,2026-03-08T18:38:00+07:00,completed,Vinh,mobile_app,10459500.00,seed,2026-03-08T18:38:00+07:00,2026-03-10T04:38:00+07:00
ORD002933,CUS000165,2026-01-10T18:22:00+07:00,completed,Hanoi,web,10646500.00,seed,2026-01-10T18:22:00+07:00,2026-01-11T02:22:00+07:00
ORD002934,CUS000292,2026-02-11T18:51:00+07:00,completed,Ho Chi Minh City,web,1312000.00,seed,2026-02-11T18:51:00+07:00,2026-02-13T16:51:00+07:00
ORD002935,CUS000083,2026-03-21T09:27:00+07:00,pending,Hue,social,19169000.00,seed,2026-03-21T09:27:00+07:00,2026-03-23T09:27:00+07:00
ORD002936,CUS000057,2026-03-26T14:37:00+07:00,completed,Hue,web,23402500.00,seed,2026-03-26T14:37:00+07:00,2026-03-28T08:37:00+07:00
ORD002937,CUS000364,2026-05-08T16:40:00+07:00,completed,Vinh,social,18513500.00,seed,2026-05-08T16:40:00+07:00,2026-05-09T14:40:00+07:00
ORD002938,CUS000976,2026-05-15T11:12:00+07:00,completed,Quang Ninh,web,12572500.00,seed,2026-05-15T11:12:00+07:00,2026-05-17T06:12:00+07:00
ORD002939,CUS000807,2026-02-10T09:31:00+07:00,cancelled,Hanoi,mobile_app,6593500.00,seed,2026-02-10T09:31:00+07:00,2026-02-10T20:31:00+07:00
ORD002940,CUS000012,2026-01-31T19:14:00+07:00,completed,Hue,mobile_app,40713000.00,seed,2026-01-31T19:14:00+07:00,2026-02-01T06:14:00+07:00
ORD002941,CUS000541,2026-05-13T11:59:00+07:00,completed,Bac Ninh,mobile_app,944000.00,seed,2026-05-13T11:59:00+07:00,2026-05-15T05:59:00+07:00
ORD002942,CUS000941,2026-04-12T20:43:00+07:00,completed,Hai Phong,web,4626500.00,seed,2026-04-12T20:43:00+07:00,2026-04-13T13:43:00+07:00
ORD002943,CUS000051,2026-05-18T22:44:00+07:00,completed,Bac Ninh,mobile_app,12839000.00,seed,2026-05-18T22:44:00+07:00,2026-05-19T12:44:00+07:00
ORD002944,CUS000094,2026-06-17T10:03:00+07:00,completed,Ho Chi Minh City,mobile_app,39258500.00,seed,2026-06-17T10:03:00+07:00,2026-06-19T04:03:00+07:00
ORD002945,CUS000596,2026-03-28T20:59:00+07:00,completed,Vinh,mobile_app,12204000.00,seed,2026-03-28T20:59:00+07:00,2026-03-30T12:59:00+07:00
ORD002946,CUS000056,2026-03-03T16:22:00+07:00,completed,Nha Trang,web,10550500.00,seed,2026-03-03T16:22:00+07:00,2026-03-04T04:22:00+07:00
ORD002947,CUS000821,2026-01-22T11:44:00+07:00,completed,Nha Trang,web,15940000.00,seed,2026-01-22T11:44:00+07:00,2026-01-23T10:44:00+07:00
ORD002948,CUS000306,2026-03-08T13:41:00+07:00,completed,Ho Chi Minh City,social,11702000.00,seed,2026-03-08T13:41:00+07:00,2026-03-09T12:41:00+07:00
ORD002949,CUS000003,2026-05-03T21:13:00+07:00,shipped,Hanoi,mobile_app,16633500.00,seed,2026-05-03T21:13:00+07:00,2026-05-04T16:13:00+07:00
ORD002950,CUS000837,2026-02-27T18:53:00+07:00,completed,Nha Trang,mobile_app,2031500.00,seed,2026-02-27T18:53:00+07:00,2026-02-28T10:53:00+07:00
ORD002951,CUS000532,2026-02-07T11:55:00+07:00,completed,Vinh,web,324000.00,seed,2026-02-07T11:55:00+07:00,2026-02-07T22:55:00+07:00
ORD002952,CUS000328,2026-06-02T10:45:00+07:00,confirmed,Hai Phong,mobile_app,9030000.00,seed,2026-06-02T10:45:00+07:00,2026-06-03T11:45:00+07:00
ORD002953,CUS000111,2026-03-09T17:05:00+07:00,cancelled,Hue,web,6821000.00,seed,2026-03-09T17:05:00+07:00,2026-03-11T03:05:00+07:00
ORD002954,CUS000351,2026-06-02T20:26:00+07:00,completed,Quang Ninh,web,22605000.00,seed,2026-06-02T20:26:00+07:00,2026-06-04T08:26:00+07:00
ORD002955,CUS000848,2026-03-20T21:48:00+07:00,completed,Hue,web,34850500.00,seed,2026-03-20T21:48:00+07:00,2026-03-22T06:48:00+07:00
ORD002956,CUS000123,2026-06-24T18:53:00+07:00,shipped,Hue,social,28531000.00,seed,2026-06-24T18:53:00+07:00,2026-06-25T06:53:00+07:00
ORD002957,CUS000883,2026-02-13T20:41:00+07:00,confirmed,Ho Chi Minh City,mobile_app,20281500.00,seed,2026-02-13T20:41:00+07:00,2026-02-14T19:41:00+07:00
ORD002958,CUS000465,2026-06-14T19:54:00+07:00,confirmed,Hai Phong,mobile_app,10371000.00,seed,2026-06-14T19:54:00+07:00,2026-06-16T06:54:00+07:00
ORD002959,CUS000012,2026-05-28T08:06:00+07:00,completed,Can Tho,web,10366500.00,seed,2026-05-28T08:06:00+07:00,2026-05-29T22:06:00+07:00
ORD002960,CUS000005,2026-03-28T08:08:00+07:00,completed,Hai Phong,web,11575000.00,seed,2026-03-28T08:08:00+07:00,2026-03-28T18:08:00+07:00
ORD002961,CUS000735,2026-01-04T18:37:00+07:00,cancelled,Bac Ninh,social,1660000.00,seed,2026-01-04T18:37:00+07:00,2026-01-06T00:37:00+07:00
ORD002962,CUS000975,2026-02-24T21:54:00+07:00,cancelled,Hanoi,web,24997500.00,seed,2026-02-24T21:54:00+07:00,2026-02-26T15:54:00+07:00
ORD002963,CUS000796,2026-03-26T10:01:00+07:00,completed,Ho Chi Minh City,mobile_app,4998000.00,seed,2026-03-26T10:01:00+07:00,2026-03-28T00:01:00+07:00
ORD002964,CUS000430,2026-02-07T14:13:00+07:00,completed,Quang Ninh,web,5070000.00,seed,2026-02-07T14:13:00+07:00,2026-02-08T21:13:00+07:00
ORD002965,CUS000304,2026-03-01T21:06:00+07:00,completed,Hai Phong,mobile_app,5044500.00,seed,2026-03-01T21:06:00+07:00,2026-03-03T06:06:00+07:00
ORD002966,CUS000244,2026-03-08T14:32:00+07:00,completed,Hai Phong,social,3336000.00,seed,2026-03-08T14:32:00+07:00,2026-03-09T15:32:00+07:00
ORD002967,CUS000207,2026-02-07T18:41:00+07:00,shipped,Hai Phong,mobile_app,33516000.00,seed,2026-02-07T18:41:00+07:00,2026-02-09T08:41:00+07:00
ORD002968,CUS000019,2026-06-15T15:49:00+07:00,completed,Bac Ninh,social,6230000.00,seed,2026-06-15T15:49:00+07:00,2026-06-17T09:49:00+07:00
ORD002969,CUS000150,2026-03-08T20:09:00+07:00,completed,Da Nang,web,8644500.00,seed,2026-03-08T20:09:00+07:00,2026-03-09T23:09:00+07:00
ORD002970,CUS000538,2026-01-18T14:23:00+07:00,confirmed,Ho Chi Minh City,mobile_app,11382000.00,seed,2026-01-18T14:23:00+07:00,2026-01-20T11:23:00+07:00
ORD002971,CUS000505,2026-01-24T15:24:00+07:00,completed,Vinh,web,5980000.00,seed,2026-01-24T15:24:00+07:00,2026-01-25T17:24:00+07:00
ORD002972,CUS000148,2026-04-03T11:36:00+07:00,cancelled,Vinh,mobile_app,6807000.00,seed,2026-04-03T11:36:00+07:00,2026-04-05T00:36:00+07:00
ORD002973,CUS000967,2026-06-13T14:02:00+07:00,completed,Bac Ninh,web,7040000.00,seed,2026-06-13T14:02:00+07:00,2026-06-15T14:02:00+07:00
ORD002974,CUS000934,2026-05-23T15:12:00+07:00,completed,Hue,web,12170000.00,seed,2026-05-23T15:12:00+07:00,2026-05-24T15:12:00+07:00
ORD002975,CUS000548,2026-04-25T16:11:00+07:00,completed,Hanoi,mobile_app,20453500.00,seed,2026-04-25T16:11:00+07:00,2026-04-26T12:11:00+07:00
ORD002976,CUS000786,2026-05-10T08:12:00+07:00,pending,Hai Phong,web,17599500.00,seed,2026-05-10T08:12:00+07:00,2026-05-10T09:12:00+07:00
ORD002977,CUS000803,2026-06-22T11:01:00+07:00,completed,Hue,mobile_app,8062000.00,seed,2026-06-22T11:01:00+07:00,2026-06-22T23:01:00+07:00
ORD002978,CUS000210,2026-02-26T15:24:00+07:00,shipped,Ho Chi Minh City,mobile_app,3990000.00,seed,2026-02-26T15:24:00+07:00,2026-02-27T07:24:00+07:00
ORD002979,CUS000346,2026-01-14T08:52:00+07:00,completed,Da Nang,web,240000.00,seed,2026-01-14T08:52:00+07:00,2026-01-15T13:52:00+07:00
ORD002980,CUS000510,2026-05-19T11:31:00+07:00,completed,Hue,web,9292000.00,seed,2026-05-19T11:31:00+07:00,2026-05-19T12:31:00+07:00
ORD002981,CUS000894,2026-05-20T21:39:00+07:00,confirmed,Hanoi,mobile_app,16532000.00,seed,2026-05-20T21:39:00+07:00,2026-05-21T13:39:00+07:00
ORD002982,CUS000580,2026-01-23T08:17:00+07:00,cancelled,Hue,mobile_app,144500.00,seed,2026-01-23T08:17:00+07:00,2026-01-23T13:17:00+07:00
ORD002983,CUS000761,2026-04-18T15:39:00+07:00,completed,Nha Trang,mobile_app,16587000.00,seed,2026-04-18T15:39:00+07:00,2026-04-20T10:39:00+07:00
ORD002984,CUS000080,2026-01-09T17:45:00+07:00,confirmed,Hanoi,web,16952500.00,seed,2026-01-09T17:45:00+07:00,2026-01-11T01:45:00+07:00
ORD002985,CUS000599,2026-04-01T22:49:00+07:00,completed,Ho Chi Minh City,web,29873000.00,seed,2026-04-01T22:49:00+07:00,2026-04-02T17:49:00+07:00
ORD002986,CUS000833,2026-01-12T10:28:00+07:00,completed,Can Tho,social,25039500.00,seed,2026-01-12T10:28:00+07:00,2026-01-14T02:28:00+07:00
ORD002987,CUS000341,2026-03-31T16:43:00+07:00,cancelled,Bac Ninh,web,10136500.00,seed,2026-03-31T16:43:00+07:00,2026-04-02T02:43:00+07:00
ORD002988,CUS000508,2026-01-26T14:33:00+07:00,completed,Da Nang,web,5871000.00,seed,2026-01-26T14:33:00+07:00,2026-01-28T03:33:00+07:00
ORD002989,CUS000958,2026-06-19T20:01:00+07:00,completed,Quang Ninh,web,44557000.00,seed,2026-06-19T20:01:00+07:00,2026-06-20T18:01:00+07:00
ORD002990,CUS000235,2026-05-17T17:36:00+07:00,completed,Nha Trang,web,10824000.00,seed,2026-05-17T17:36:00+07:00,2026-05-18T21:36:00+07:00
ORD002991,CUS000928,2026-01-09T11:24:00+07:00,completed,Hue,web,3388000.00,seed,2026-01-09T11:24:00+07:00,2026-01-11T00:24:00+07:00
ORD002992,CUS000199,2026-04-21T22:45:00+07:00,completed,Nha Trang,web,15820000.00,seed,2026-04-21T22:45:00+07:00,2026-04-23T18:45:00+07:00
ORD002993,CUS000837,2026-06-27T19:40:00+07:00,completed,Da Nang,mobile_app,11343000.00,seed,2026-06-27T19:40:00+07:00,2026-06-28T20:40:00+07:00
ORD002994,CUS000775,2026-01-23T13:44:00+07:00,completed,Vinh,web,21663500.00,seed,2026-01-23T13:44:00+07:00,2026-01-24T10:44:00+07:00
ORD002995,CUS000103,2026-05-11T13:44:00+07:00,completed,Hai Phong,web,16938500.00,seed,2026-05-11T13:44:00+07:00,2026-05-11T19:44:00+07:00
ORD002996,CUS000654,2026-05-25T17:38:00+07:00,completed,Nha Trang,web,7114500.00,seed,2026-05-25T17:38:00+07:00,2026-05-26T11:38:00+07:00
ORD002997,CUS000872,2026-04-11T11:00:00+07:00,completed,Vinh,web,3820000.00,seed,2026-04-11T11:00:00+07:00,2026-04-12T10:00:00+07:00
ORD002998,CUS000743,2026-06-08T10:57:00+07:00,confirmed,Ho Chi Minh City,mobile_app,5076000.00,seed,2026-06-08T10:57:00+07:00,2026-06-08T13:57:00+07:00
ORD002999,CUS000598,2026-01-19T12:38:00+07:00,completed,Vinh,web,20952000.00,seed,2026-01-19T12:38:00+07:00,2026-01-20T23:38:00+07:00
ORD003000,CUS000890,2026-06-13T14:20:00+07:00,completed,Hue,mobile_app,16250000.00,seed,2026-06-13T14:20:00+07:00,2026-06-13T20:20:00+07:00
ORD003001,CUS000504,2026-03-06T15:57:00+07:00,completed,Hue,web,10633000.00,seed,2026-03-06T15:57:00+07:00,2026-03-07T11:57:00+07:00
ORD003002,CUS000535,2026-04-02T11:35:00+07:00,shipped,Hai Phong,web,6100000.00,seed,2026-04-02T11:35:00+07:00,2026-04-03T04:35:00+07:00
ORD003003,CUS000828,2026-03-28T20:42:00+07:00,completed,Quang Ninh,mobile_app,12085500.00,seed,2026-03-28T20:42:00+07:00,2026-03-29T03:42:00+07:00
ORD003004,CUS000521,2026-03-21T21:59:00+07:00,completed,Nha Trang,social,13230000.00,seed,2026-03-21T21:59:00+07:00,2026-03-22T00:59:00+07:00
ORD003005,CUS000487,2026-01-26T19:08:00+07:00,completed,Hue,web,6880000.00,seed,2026-01-26T19:08:00+07:00,2026-01-28T00:08:00+07:00
ORD003006,CUS000308,2026-01-04T11:54:00+07:00,completed,Bac Ninh,web,33570000.00,seed,2026-01-04T11:54:00+07:00,2026-01-06T00:54:00+07:00
ORD003007,CUS000136,2026-06-20T19:50:00+07:00,pending,Da Nang,mobile_app,3296500.00,seed,2026-06-20T19:50:00+07:00,2026-06-21T23:50:00+07:00
ORD003008,CUS000942,2026-01-28T18:30:00+07:00,completed,Ho Chi Minh City,web,15416000.00,seed,2026-01-28T18:30:00+07:00,2026-01-30T05:30:00+07:00
ORD003009,CUS000647,2026-03-10T11:05:00+07:00,completed,Quang Ninh,social,29184000.00,seed,2026-03-10T11:05:00+07:00,2026-03-10T13:05:00+07:00
ORD003010,CUS000600,2026-01-23T21:25:00+07:00,completed,Da Nang,web,7368500.00,seed,2026-01-23T21:25:00+07:00,2026-01-24T11:25:00+07:00
ORD003011,CUS000916,2026-06-09T10:47:00+07:00,confirmed,Quang Ninh,social,25453500.00,seed,2026-06-09T10:47:00+07:00,2026-06-10T05:47:00+07:00
ORD003012,CUS000964,2026-02-27T17:58:00+07:00,completed,Ho Chi Minh City,web,12710000.00,seed,2026-02-27T17:58:00+07:00,2026-02-28T15:58:00+07:00
ORD003013,CUS000955,2026-04-02T17:55:00+07:00,completed,Nha Trang,web,13380000.00,seed,2026-04-02T17:55:00+07:00,2026-04-04T03:55:00+07:00
ORD003014,CUS000171,2026-06-17T18:28:00+07:00,pending,Hai Phong,mobile_app,7951000.00,seed,2026-06-17T18:28:00+07:00,2026-06-19T09:28:00+07:00
ORD003015,CUS000102,2026-01-18T15:46:00+07:00,completed,Quang Ninh,social,8474000.00,seed,2026-01-18T15:46:00+07:00,2026-01-19T15:46:00+07:00
ORD003016,CUS000011,2026-05-08T10:55:00+07:00,completed,Hanoi,mobile_app,978500.00,seed,2026-05-08T10:55:00+07:00,2026-05-09T05:55:00+07:00
ORD003017,CUS000448,2026-03-22T09:23:00+07:00,shipped,Hanoi,mobile_app,9160000.00,seed,2026-03-22T09:23:00+07:00,2026-03-23T14:23:00+07:00
ORD003018,CUS000667,2026-04-18T20:46:00+07:00,cancelled,Hai Phong,web,8130000.00,seed,2026-04-18T20:46:00+07:00,2026-04-20T13:46:00+07:00
ORD003019,CUS000606,2026-04-23T08:00:00+07:00,completed,Can Tho,web,19887000.00,seed,2026-04-23T08:00:00+07:00,2026-04-24T22:00:00+07:00
ORD003020,CUS000618,2026-03-24T12:20:00+07:00,confirmed,Hue,web,9806000.00,seed,2026-03-24T12:20:00+07:00,2026-03-25T15:20:00+07:00
ORD003021,CUS000238,2026-04-05T09:35:00+07:00,completed,Da Nang,mobile_app,12584500.00,seed,2026-04-05T09:35:00+07:00,2026-04-06T03:35:00+07:00
ORD003022,CUS000271,2026-04-28T08:09:00+07:00,shipped,Bac Ninh,web,9815000.00,seed,2026-04-28T08:09:00+07:00,2026-04-28T21:09:00+07:00
ORD003023,CUS000705,2026-02-15T19:11:00+07:00,completed,Hue,mobile_app,7438500.00,seed,2026-02-15T19:11:00+07:00,2026-02-17T00:11:00+07:00
ORD003024,CUS000443,2026-06-05T10:21:00+07:00,completed,Quang Ninh,web,21680500.00,seed,2026-06-05T10:21:00+07:00,2026-06-07T03:21:00+07:00
ORD003025,CUS000986,2026-02-15T11:01:00+07:00,completed,Bac Ninh,mobile_app,26122000.00,seed,2026-02-15T11:01:00+07:00,2026-02-16T08:01:00+07:00
ORD003026,CUS000097,2026-06-07T13:27:00+07:00,shipped,Quang Ninh,social,3020000.00,seed,2026-06-07T13:27:00+07:00,2026-06-09T03:27:00+07:00
ORD003027,CUS000998,2026-01-19T17:02:00+07:00,completed,Hanoi,social,25478500.00,seed,2026-01-19T17:02:00+07:00,2026-01-19T19:02:00+07:00
ORD003028,CUS000144,2026-06-06T12:40:00+07:00,completed,Vinh,social,14701000.00,seed,2026-06-06T12:40:00+07:00,2026-06-08T12:40:00+07:00
ORD003029,CUS000944,2026-03-20T11:53:00+07:00,completed,Hai Phong,mobile_app,29467000.00,seed,2026-03-20T11:53:00+07:00,2026-03-20T12:53:00+07:00
ORD003030,CUS000412,2026-01-22T13:29:00+07:00,completed,Quang Ninh,mobile_app,342000.00,seed,2026-01-22T13:29:00+07:00,2026-01-24T04:29:00+07:00
ORD003031,CUS000648,2026-06-15T19:31:00+07:00,completed,Nha Trang,mobile_app,22782000.00,seed,2026-06-15T19:31:00+07:00,2026-06-16T09:31:00+07:00
ORD003032,CUS000822,2026-01-23T15:03:00+07:00,completed,Vinh,web,2812000.00,seed,2026-01-23T15:03:00+07:00,2026-01-24T22:03:00+07:00
ORD003033,CUS000307,2026-05-16T14:31:00+07:00,pending,Hai Phong,mobile_app,13258500.00,seed,2026-05-16T14:31:00+07:00,2026-05-18T13:31:00+07:00
ORD003034,CUS000758,2026-06-23T10:24:00+07:00,completed,Nha Trang,web,16455000.00,seed,2026-06-23T10:24:00+07:00,2026-06-25T10:24:00+07:00
ORD003035,CUS000161,2026-04-03T10:15:00+07:00,completed,Quang Ninh,mobile_app,6758000.00,seed,2026-04-03T10:15:00+07:00,2026-04-04T19:15:00+07:00
ORD003036,CUS000463,2026-04-16T12:38:00+07:00,completed,Can Tho,mobile_app,8471000.00,seed,2026-04-16T12:38:00+07:00,2026-04-16T14:38:00+07:00
ORD003037,CUS000324,2026-01-31T21:33:00+07:00,completed,Bac Ninh,web,4680000.00,seed,2026-01-31T21:33:00+07:00,2026-02-01T04:33:00+07:00
ORD003038,CUS000264,2026-02-05T09:52:00+07:00,completed,Ho Chi Minh City,mobile_app,13440000.00,seed,2026-02-05T09:52:00+07:00,2026-02-06T08:52:00+07:00
ORD003039,CUS000846,2026-02-21T18:14:00+07:00,shipped,Vinh,mobile_app,16754500.00,seed,2026-02-21T18:14:00+07:00,2026-02-22T11:14:00+07:00
ORD003040,CUS000612,2026-03-03T17:07:00+07:00,completed,Nha Trang,web,6593000.00,seed,2026-03-03T17:07:00+07:00,2026-03-04T00:07:00+07:00
ORD003041,CUS000095,2026-03-15T14:54:00+07:00,completed,Can Tho,web,11983500.00,seed,2026-03-15T14:54:00+07:00,2026-03-16T08:54:00+07:00
ORD003042,CUS000286,2026-06-13T16:13:00+07:00,completed,Hanoi,mobile_app,21019500.00,seed,2026-06-13T16:13:00+07:00,2026-06-15T16:13:00+07:00
ORD003043,CUS000723,2026-06-10T13:56:00+07:00,completed,Ho Chi Minh City,social,12434500.00,seed,2026-06-10T13:56:00+07:00,2026-06-10T19:56:00+07:00
ORD003044,CUS000664,2026-05-14T18:57:00+07:00,completed,Da Nang,mobile_app,15575000.00,seed,2026-05-14T18:57:00+07:00,2026-05-15T01:57:00+07:00
ORD003045,CUS000954,2026-04-21T09:39:00+07:00,completed,Hue,mobile_app,19548000.00,seed,2026-04-21T09:39:00+07:00,2026-04-22T01:39:00+07:00
ORD003046,CUS000186,2026-02-15T10:47:00+07:00,completed,Can Tho,web,18714500.00,seed,2026-02-15T10:47:00+07:00,2026-02-15T17:47:00+07:00
ORD003047,CUS000285,2026-05-25T16:48:00+07:00,completed,Bac Ninh,web,921500.00,seed,2026-05-25T16:48:00+07:00,2026-05-26T03:48:00+07:00
ORD003048,CUS000015,2026-05-06T20:20:00+07:00,completed,Ho Chi Minh City,mobile_app,18459500.00,seed,2026-05-06T20:20:00+07:00,2026-05-07T23:20:00+07:00
ORD003049,CUS000710,2026-04-29T12:20:00+07:00,completed,Hai Phong,mobile_app,17069000.00,seed,2026-04-29T12:20:00+07:00,2026-05-01T08:20:00+07:00
ORD003050,CUS000110,2026-03-08T14:22:00+07:00,shipped,Vinh,web,11061000.00,seed,2026-03-08T14:22:00+07:00,2026-03-09T11:22:00+07:00
ORD003051,CUS000114,2026-01-19T13:48:00+07:00,completed,Vinh,web,8960000.00,seed,2026-01-19T13:48:00+07:00,2026-01-19T18:48:00+07:00
ORD003052,CUS000005,2026-03-17T22:13:00+07:00,completed,Hai Phong,mobile_app,18829000.00,seed,2026-03-17T22:13:00+07:00,2026-03-18T10:13:00+07:00
ORD003053,CUS000966,2026-02-21T10:49:00+07:00,completed,Quang Ninh,mobile_app,9928500.00,seed,2026-02-21T10:49:00+07:00,2026-02-21T12:49:00+07:00
ORD003054,CUS000498,2026-04-15T18:47:00+07:00,completed,Nha Trang,social,13872000.00,seed,2026-04-15T18:47:00+07:00,2026-04-15T22:47:00+07:00
ORD003055,CUS000071,2026-04-16T21:46:00+07:00,shipped,Quang Ninh,web,30379000.00,seed,2026-04-16T21:46:00+07:00,2026-04-17T04:46:00+07:00
ORD003056,CUS000399,2026-03-22T11:02:00+07:00,shipped,Da Nang,web,33910000.00,seed,2026-03-22T11:02:00+07:00,2026-03-23T19:02:00+07:00
ORD003057,CUS000642,2026-02-04T14:29:00+07:00,completed,Vinh,mobile_app,8340000.00,seed,2026-02-04T14:29:00+07:00,2026-02-05T16:29:00+07:00
ORD003058,CUS000304,2026-04-23T13:04:00+07:00,completed,Nha Trang,web,18517500.00,seed,2026-04-23T13:04:00+07:00,2026-04-24T07:04:00+07:00
ORD003059,CUS000864,2026-01-26T13:36:00+07:00,completed,Bac Ninh,web,12304500.00,seed,2026-01-26T13:36:00+07:00,2026-01-28T02:36:00+07:00
ORD003060,CUS000456,2026-06-20T17:56:00+07:00,completed,Da Nang,web,15980500.00,seed,2026-06-20T17:56:00+07:00,2026-06-21T18:56:00+07:00
ORD003061,CUS000529,2026-01-07T18:21:00+07:00,completed,Hai Phong,mobile_app,14080000.00,seed,2026-01-07T18:21:00+07:00,2026-01-09T03:21:00+07:00
ORD003062,CUS000096,2026-02-28T17:16:00+07:00,shipped,Da Nang,web,15002000.00,seed,2026-02-28T17:16:00+07:00,2026-03-02T15:16:00+07:00
ORD003063,CUS000829,2026-05-09T16:53:00+07:00,completed,Bac Ninh,mobile_app,7737500.00,seed,2026-05-09T16:53:00+07:00,2026-05-10T14:53:00+07:00
ORD003064,CUS000846,2026-01-11T12:35:00+07:00,completed,Hai Phong,mobile_app,44289000.00,seed,2026-01-11T12:35:00+07:00,2026-01-12T23:35:00+07:00
ORD003065,CUS000814,2026-06-12T14:10:00+07:00,completed,Quang Ninh,web,20388000.00,seed,2026-06-12T14:10:00+07:00,2026-06-14T06:10:00+07:00
ORD003066,CUS000501,2026-03-09T09:12:00+07:00,completed,Nha Trang,mobile_app,3604000.00,seed,2026-03-09T09:12:00+07:00,2026-03-09T22:12:00+07:00
ORD003067,CUS000357,2026-02-09T15:12:00+07:00,confirmed,Hanoi,mobile_app,4294000.00,seed,2026-02-09T15:12:00+07:00,2026-02-11T06:12:00+07:00
ORD003068,CUS000789,2026-02-28T21:26:00+07:00,completed,Bac Ninh,web,3357000.00,seed,2026-02-28T21:26:00+07:00,2026-03-02T20:26:00+07:00
ORD003069,CUS000613,2026-01-28T21:27:00+07:00,confirmed,Quang Ninh,mobile_app,14955000.00,seed,2026-01-28T21:27:00+07:00,2026-01-29T18:27:00+07:00
ORD003070,CUS000392,2026-05-26T09:39:00+07:00,shipped,Hue,web,6650000.00,seed,2026-05-26T09:39:00+07:00,2026-05-26T14:39:00+07:00
ORD003071,CUS000643,2026-06-21T17:30:00+07:00,completed,Da Nang,web,8800500.00,seed,2026-06-21T17:30:00+07:00,2026-06-23T11:30:00+07:00
ORD003072,CUS000882,2026-04-12T15:57:00+07:00,completed,Vinh,mobile_app,8123000.00,seed,2026-04-12T15:57:00+07:00,2026-04-13T20:57:00+07:00
ORD003073,CUS000092,2026-06-22T17:02:00+07:00,completed,Da Nang,mobile_app,13782000.00,seed,2026-06-22T17:02:00+07:00,2026-06-24T05:02:00+07:00
ORD003074,CUS000961,2026-04-17T16:14:00+07:00,completed,Quang Ninh,web,6080000.00,seed,2026-04-17T16:14:00+07:00,2026-04-18T05:14:00+07:00
ORD003075,CUS000287,2026-03-23T18:31:00+07:00,confirmed,Nha Trang,social,3950000.00,seed,2026-03-23T18:31:00+07:00,2026-03-25T16:31:00+07:00
ORD003076,CUS000875,2026-03-19T21:42:00+07:00,completed,Bac Ninh,mobile_app,3555000.00,seed,2026-03-19T21:42:00+07:00,2026-03-20T11:42:00+07:00
ORD003077,CUS000959,2026-01-17T16:04:00+07:00,cancelled,Da Nang,mobile_app,21348000.00,seed,2026-01-17T16:04:00+07:00,2026-01-17T21:04:00+07:00
ORD003078,CUS000798,2026-04-22T09:18:00+07:00,completed,Da Nang,mobile_app,24245000.00,seed,2026-04-22T09:18:00+07:00,2026-04-23T01:18:00+07:00
ORD003079,CUS000907,2026-02-14T14:03:00+07:00,shipped,Hai Phong,mobile_app,17141000.00,seed,2026-02-14T14:03:00+07:00,2026-02-15T21:03:00+07:00
ORD003080,CUS000052,2026-04-20T18:39:00+07:00,completed,Hanoi,web,16990000.00,seed,2026-04-20T18:39:00+07:00,2026-04-20T21:39:00+07:00
ORD003081,CUS000557,2026-03-16T22:58:00+07:00,completed,Ho Chi Minh City,web,5511000.00,seed,2026-03-16T22:58:00+07:00,2026-03-17T21:58:00+07:00
ORD003082,CUS000821,2026-04-06T15:29:00+07:00,completed,Bac Ninh,mobile_app,10674000.00,seed,2026-04-06T15:29:00+07:00,2026-04-07T10:29:00+07:00
ORD003083,CUS000726,2026-02-20T16:29:00+07:00,completed,Quang Ninh,web,28421000.00,seed,2026-02-20T16:29:00+07:00,2026-02-21T09:29:00+07:00
ORD003084,CUS000920,2026-03-22T10:43:00+07:00,shipped,Hue,social,5970000.00,seed,2026-03-22T10:43:00+07:00,2026-03-23T12:43:00+07:00
ORD003085,CUS000920,2026-02-24T13:07:00+07:00,completed,Vinh,web,31087500.00,seed,2026-02-24T13:07:00+07:00,2026-02-25T20:07:00+07:00
ORD003086,CUS000960,2026-04-03T15:00:00+07:00,completed,Hai Phong,web,10288500.00,seed,2026-04-03T15:00:00+07:00,2026-04-04T17:00:00+07:00
ORD003087,CUS000740,2026-05-18T22:54:00+07:00,completed,Hanoi,mobile_app,16847000.00,seed,2026-05-18T22:54:00+07:00,2026-05-19T09:54:00+07:00
ORD003088,CUS000069,2026-04-18T13:26:00+07:00,completed,Vinh,mobile_app,5957500.00,seed,2026-04-18T13:26:00+07:00,2026-04-18T18:26:00+07:00
ORD003089,CUS000743,2026-01-05T15:14:00+07:00,shipped,Hai Phong,mobile_app,29140000.00,seed,2026-01-05T15:14:00+07:00,2026-01-07T05:14:00+07:00
ORD003090,CUS000388,2026-01-01T16:44:00+07:00,completed,Vinh,mobile_app,5880000.00,seed,2026-01-01T16:44:00+07:00,2026-01-03T09:44:00+07:00
ORD003091,CUS000092,2026-01-20T14:50:00+07:00,cancelled,Can Tho,web,4650000.00,seed,2026-01-20T14:50:00+07:00,2026-01-21T17:50:00+07:00
ORD003092,CUS000223,2026-02-10T17:30:00+07:00,completed,Hai Phong,mobile_app,2276000.00,seed,2026-02-10T17:30:00+07:00,2026-02-12T05:30:00+07:00
ORD003093,CUS000947,2026-04-13T22:11:00+07:00,completed,Ho Chi Minh City,mobile_app,4977000.00,seed,2026-04-13T22:11:00+07:00,2026-04-15T19:11:00+07:00
ORD003094,CUS000035,2026-05-26T11:32:00+07:00,completed,Hanoi,mobile_app,1368000.00,seed,2026-05-26T11:32:00+07:00,2026-05-28T01:32:00+07:00
ORD003095,CUS000451,2026-02-27T14:22:00+07:00,cancelled,Ho Chi Minh City,mobile_app,6940000.00,seed,2026-02-27T14:22:00+07:00,2026-03-01T00:22:00+07:00
ORD003096,CUS000145,2026-01-12T12:39:00+07:00,completed,Hanoi,mobile_app,8997500.00,seed,2026-01-12T12:39:00+07:00,2026-01-12T15:39:00+07:00
ORD003097,CUS000304,2026-03-21T22:23:00+07:00,completed,Ho Chi Minh City,web,12828000.00,seed,2026-03-21T22:23:00+07:00,2026-03-22T12:23:00+07:00
ORD003098,CUS000958,2026-03-24T09:58:00+07:00,completed,Hue,web,8342000.00,seed,2026-03-24T09:58:00+07:00,2026-03-24T18:58:00+07:00
ORD003099,CUS000253,2026-04-03T20:45:00+07:00,completed,Hue,web,13475500.00,seed,2026-04-03T20:45:00+07:00,2026-04-03T20:45:00+07:00
ORD003100,CUS000252,2026-06-08T19:35:00+07:00,pending,Vinh,web,5067000.00,seed,2026-06-08T19:35:00+07:00,2026-06-10T01:35:00+07:00
ORD003101,CUS000819,2026-04-30T12:02:00+07:00,completed,Hanoi,mobile_app,6516000.00,seed,2026-04-30T12:02:00+07:00,2026-05-02T10:02:00+07:00
ORD003102,CUS000124,2026-05-17T18:40:00+07:00,completed,Hue,mobile_app,9766000.00,seed,2026-05-17T18:40:00+07:00,2026-05-18T19:40:00+07:00
ORD003103,CUS000333,2026-04-06T21:37:00+07:00,completed,Da Nang,social,4120000.00,seed,2026-04-06T21:37:00+07:00,2026-04-07T18:37:00+07:00
ORD003104,CUS000012,2026-03-14T15:38:00+07:00,completed,Bac Ninh,social,14528500.00,seed,2026-03-14T15:38:00+07:00,2026-03-15T15:38:00+07:00
ORD003105,CUS000969,2026-05-10T11:36:00+07:00,completed,Nha Trang,web,4613500.00,seed,2026-05-10T11:36:00+07:00,2026-05-11T04:36:00+07:00
ORD003106,CUS000001,2026-03-19T18:27:00+07:00,completed,Bac Ninh,web,15225500.00,seed,2026-03-19T18:27:00+07:00,2026-03-20T15:27:00+07:00
ORD003107,CUS000459,2026-06-25T11:15:00+07:00,completed,Bac Ninh,mobile_app,6920000.00,seed,2026-06-25T11:15:00+07:00,2026-06-26T13:15:00+07:00
ORD003108,CUS000330,2026-04-15T19:29:00+07:00,completed,Bac Ninh,web,34136000.00,seed,2026-04-15T19:29:00+07:00,2026-04-16T07:29:00+07:00
ORD003109,CUS000148,2026-05-03T17:04:00+07:00,completed,Hanoi,web,4309500.00,seed,2026-05-03T17:04:00+07:00,2026-05-04T20:04:00+07:00
ORD003110,CUS000852,2026-03-09T19:19:00+07:00,cancelled,Ho Chi Minh City,web,15498000.00,seed,2026-03-09T19:19:00+07:00,2026-03-10T20:19:00+07:00
ORD003111,CUS000995,2026-06-13T20:19:00+07:00,completed,Can Tho,web,20513000.00,seed,2026-06-13T20:19:00+07:00,2026-06-14T07:19:00+07:00
ORD003112,CUS000333,2026-04-16T16:24:00+07:00,completed,Nha Trang,mobile_app,9537500.00,seed,2026-04-16T16:24:00+07:00,2026-04-17T21:24:00+07:00
ORD003113,CUS000185,2026-06-10T10:10:00+07:00,completed,Ho Chi Minh City,social,17970000.00,seed,2026-06-10T10:10:00+07:00,2026-06-10T22:10:00+07:00
ORD003114,CUS000590,2026-02-26T19:34:00+07:00,completed,Vinh,mobile_app,14385500.00,seed,2026-02-26T19:34:00+07:00,2026-02-28T08:34:00+07:00
ORD003115,CUS000379,2026-05-06T15:03:00+07:00,shipped,Hanoi,web,7813000.00,seed,2026-05-06T15:03:00+07:00,2026-05-08T11:03:00+07:00
ORD003116,CUS000415,2026-03-20T12:16:00+07:00,completed,Hai Phong,mobile_app,6380000.00,seed,2026-03-20T12:16:00+07:00,2026-03-21T17:16:00+07:00
ORD003117,CUS000496,2026-05-27T11:01:00+07:00,completed,Hanoi,mobile_app,5890000.00,seed,2026-05-27T11:01:00+07:00,2026-05-28T22:01:00+07:00
ORD003118,CUS000023,2026-02-01T21:21:00+07:00,confirmed,Bac Ninh,mobile_app,26070000.00,seed,2026-02-01T21:21:00+07:00,2026-02-03T03:21:00+07:00
ORD003119,CUS000308,2026-06-04T14:35:00+07:00,completed,Nha Trang,social,15419000.00,seed,2026-06-04T14:35:00+07:00,2026-06-06T05:35:00+07:00
ORD003120,CUS000735,2026-04-16T08:10:00+07:00,completed,Can Tho,web,9526500.00,seed,2026-04-16T08:10:00+07:00,2026-04-18T05:10:00+07:00
ORD003121,CUS000001,2026-03-01T21:36:00+07:00,completed,Hanoi,web,17237000.00,seed,2026-03-01T21:36:00+07:00,2026-03-02T01:36:00+07:00
ORD003122,CUS000172,2026-06-25T22:04:00+07:00,completed,Hanoi,mobile_app,11658000.00,seed,2026-06-25T22:04:00+07:00,2026-06-27T09:04:00+07:00
ORD003123,CUS000816,2026-02-24T13:06:00+07:00,completed,Can Tho,social,4170000.00,seed,2026-02-24T13:06:00+07:00,2026-02-26T11:06:00+07:00
ORD003124,CUS000489,2026-01-26T19:24:00+07:00,completed,Hanoi,social,27100500.00,seed,2026-01-26T19:24:00+07:00,2026-01-27T06:24:00+07:00
ORD003125,CUS000884,2026-05-01T09:54:00+07:00,completed,Hai Phong,social,552500.00,seed,2026-05-01T09:54:00+07:00,2026-05-02T13:54:00+07:00
ORD003126,CUS000719,2026-05-31T12:24:00+07:00,completed,Ho Chi Minh City,web,10970000.00,seed,2026-05-31T12:24:00+07:00,2026-05-31T16:24:00+07:00
ORD003127,CUS000940,2026-06-12T12:43:00+07:00,completed,Hue,mobile_app,20294000.00,seed,2026-06-12T12:43:00+07:00,2026-06-14T09:43:00+07:00
ORD003128,CUS000400,2026-03-03T10:14:00+07:00,shipped,Bac Ninh,mobile_app,5510000.00,seed,2026-03-03T10:14:00+07:00,2026-03-05T04:14:00+07:00
ORD003129,CUS000297,2026-06-18T15:27:00+07:00,completed,Vinh,web,21172500.00,seed,2026-06-18T15:27:00+07:00,2026-06-20T04:27:00+07:00
ORD003130,CUS000472,2026-05-29T10:01:00+07:00,completed,Bac Ninh,web,7552000.00,seed,2026-05-29T10:01:00+07:00,2026-05-31T09:01:00+07:00
ORD003131,CUS000871,2026-04-05T21:52:00+07:00,completed,Can Tho,web,10087000.00,seed,2026-04-05T21:52:00+07:00,2026-04-06T05:52:00+07:00
ORD003132,CUS000975,2026-03-10T11:23:00+07:00,pending,Ho Chi Minh City,mobile_app,3102500.00,seed,2026-03-10T11:23:00+07:00,2026-03-11T08:23:00+07:00
ORD003133,CUS000302,2026-02-25T16:19:00+07:00,completed,Hue,mobile_app,5610000.00,seed,2026-02-25T16:19:00+07:00,2026-02-26T09:19:00+07:00
ORD003134,CUS000880,2026-02-07T09:25:00+07:00,completed,Bac Ninh,web,11546000.00,seed,2026-02-07T09:25:00+07:00,2026-02-07T11:25:00+07:00
ORD003135,CUS000739,2026-06-26T10:50:00+07:00,completed,Hue,mobile_app,7324500.00,seed,2026-06-26T10:50:00+07:00,2026-06-28T06:50:00+07:00
ORD003136,CUS000887,2026-04-13T20:00:00+07:00,completed,Hai Phong,web,12853500.00,seed,2026-04-13T20:00:00+07:00,2026-04-15T11:00:00+07:00
ORD003137,CUS000242,2026-06-01T09:52:00+07:00,completed,Hue,web,3449500.00,seed,2026-06-01T09:52:00+07:00,2026-06-02T01:52:00+07:00
ORD003138,CUS000886,2026-04-10T08:46:00+07:00,completed,Da Nang,web,13245000.00,seed,2026-04-10T08:46:00+07:00,2026-04-11T18:46:00+07:00
ORD003139,CUS000897,2026-06-08T14:35:00+07:00,completed,Hai Phong,web,765000.00,seed,2026-06-08T14:35:00+07:00,2026-06-08T15:35:00+07:00
ORD003140,CUS000314,2026-04-04T09:26:00+07:00,completed,Can Tho,mobile_app,14608000.00,seed,2026-04-04T09:26:00+07:00,2026-04-04T16:26:00+07:00
ORD003141,CUS000781,2026-03-31T21:19:00+07:00,completed,Da Nang,social,18866500.00,seed,2026-03-31T21:19:00+07:00,2026-04-01T06:19:00+07:00
ORD003142,CUS000811,2026-01-13T18:22:00+07:00,completed,Hanoi,web,17200000.00,seed,2026-01-13T18:22:00+07:00,2026-01-14T20:22:00+07:00
ORD003143,CUS000321,2026-05-20T11:19:00+07:00,shipped,Hai Phong,mobile_app,14810000.00,seed,2026-05-20T11:19:00+07:00,2026-05-21T07:19:00+07:00
ORD003144,CUS000203,2026-01-06T15:50:00+07:00,cancelled,Bac Ninh,web,1121000.00,seed,2026-01-06T15:50:00+07:00,2026-01-08T14:50:00+07:00
ORD003145,CUS000879,2026-04-01T08:05:00+07:00,completed,Vinh,mobile_app,11029000.00,seed,2026-04-01T08:05:00+07:00,2026-04-02T22:05:00+07:00
ORD003146,CUS000002,2026-03-20T17:44:00+07:00,completed,Hue,web,20987500.00,seed,2026-03-20T17:44:00+07:00,2026-03-22T03:44:00+07:00
ORD003147,CUS000289,2026-03-26T13:14:00+07:00,completed,Da Nang,social,1150000.00,seed,2026-03-26T13:14:00+07:00,2026-03-27T03:14:00+07:00
ORD003148,CUS000852,2026-03-15T09:32:00+07:00,completed,Nha Trang,mobile_app,1923000.00,seed,2026-03-15T09:32:00+07:00,2026-03-16T08:32:00+07:00
ORD003149,CUS000426,2026-03-19T12:03:00+07:00,completed,Hai Phong,web,21408000.00,seed,2026-03-19T12:03:00+07:00,2026-03-20T20:03:00+07:00
ORD003150,CUS000090,2026-03-05T09:48:00+07:00,completed,Nha Trang,mobile_app,40230000.00,seed,2026-03-05T09:48:00+07:00,2026-03-06T20:48:00+07:00
ORD003151,CUS000381,2026-03-12T11:39:00+07:00,cancelled,Hue,mobile_app,5044500.00,seed,2026-03-12T11:39:00+07:00,2026-03-14T02:39:00+07:00
ORD003152,CUS000391,2026-01-10T17:36:00+07:00,completed,Bac Ninh,web,15276000.00,seed,2026-01-10T17:36:00+07:00,2026-01-11T02:36:00+07:00
ORD003153,CUS000238,2026-01-15T09:17:00+07:00,completed,Can Tho,web,6384000.00,seed,2026-01-15T09:17:00+07:00,2026-01-16T17:17:00+07:00
ORD003154,CUS000787,2026-03-08T14:17:00+07:00,completed,Hai Phong,web,12876000.00,seed,2026-03-08T14:17:00+07:00,2026-03-08T16:17:00+07:00
ORD003155,CUS000759,2026-05-06T10:17:00+07:00,completed,Quang Ninh,web,12426000.00,seed,2026-05-06T10:17:00+07:00,2026-05-08T06:17:00+07:00
ORD003156,CUS000074,2026-01-31T17:15:00+07:00,completed,Quang Ninh,mobile_app,2015500.00,seed,2026-01-31T17:15:00+07:00,2026-02-01T00:15:00+07:00
ORD003157,CUS000266,2026-05-28T09:48:00+07:00,cancelled,Quang Ninh,web,19738500.00,seed,2026-05-28T09:48:00+07:00,2026-05-29T23:48:00+07:00
ORD003158,CUS000001,2026-06-15T17:59:00+07:00,completed,Da Nang,web,7821000.00,seed,2026-06-15T17:59:00+07:00,2026-06-16T11:59:00+07:00
ORD003159,CUS000952,2026-06-04T11:34:00+07:00,completed,Da Nang,web,12065000.00,seed,2026-06-04T11:34:00+07:00,2026-06-04T21:34:00+07:00
ORD003160,CUS000118,2026-02-15T16:06:00+07:00,confirmed,Quang Ninh,mobile_app,11780500.00,seed,2026-02-15T16:06:00+07:00,2026-02-15T23:06:00+07:00
ORD003161,CUS000272,2026-03-02T10:36:00+07:00,shipped,Nha Trang,web,4161000.00,seed,2026-03-02T10:36:00+07:00,2026-03-04T09:36:00+07:00
ORD003162,CUS000541,2026-03-25T20:03:00+07:00,completed,Hue,web,7430000.00,seed,2026-03-25T20:03:00+07:00,2026-03-26T16:03:00+07:00
ORD003163,CUS000891,2026-02-19T15:58:00+07:00,completed,Hai Phong,web,15340500.00,seed,2026-02-19T15:58:00+07:00,2026-02-20T22:58:00+07:00
ORD003164,CUS000371,2026-02-16T22:07:00+07:00,cancelled,Bac Ninh,web,31676500.00,seed,2026-02-16T22:07:00+07:00,2026-02-17T05:07:00+07:00
ORD003165,CUS000099,2026-01-02T08:54:00+07:00,completed,Da Nang,mobile_app,12313000.00,seed,2026-01-02T08:54:00+07:00,2026-01-02T13:54:00+07:00
ORD003166,CUS000931,2026-05-12T10:49:00+07:00,completed,Hue,web,18671500.00,seed,2026-05-12T10:49:00+07:00,2026-05-13T09:49:00+07:00
ORD003167,CUS000434,2026-04-02T08:49:00+07:00,completed,Nha Trang,mobile_app,4760000.00,seed,2026-04-02T08:49:00+07:00,2026-04-02T10:49:00+07:00
ORD003168,CUS000672,2026-03-18T19:04:00+07:00,cancelled,Hai Phong,mobile_app,16683500.00,seed,2026-03-18T19:04:00+07:00,2026-03-20T00:04:00+07:00
ORD003169,CUS000754,2026-01-27T18:20:00+07:00,completed,Nha Trang,mobile_app,4430000.00,seed,2026-01-27T18:20:00+07:00,2026-01-29T14:20:00+07:00
ORD003170,CUS000725,2026-01-20T22:53:00+07:00,confirmed,Ho Chi Minh City,social,8037000.00,seed,2026-01-20T22:53:00+07:00,2026-01-22T19:53:00+07:00
ORD003171,CUS000836,2026-01-10T21:31:00+07:00,completed,Da Nang,mobile_app,11177000.00,seed,2026-01-10T21:31:00+07:00,2026-01-12T12:31:00+07:00
ORD003172,CUS000245,2026-02-06T09:17:00+07:00,completed,Bac Ninh,mobile_app,3743000.00,seed,2026-02-06T09:17:00+07:00,2026-02-08T08:17:00+07:00
ORD003173,CUS000503,2026-02-06T10:27:00+07:00,completed,Hanoi,mobile_app,42880500.00,seed,2026-02-06T10:27:00+07:00,2026-02-07T21:27:00+07:00
ORD003174,CUS000337,2026-05-08T10:35:00+07:00,completed,Vinh,web,3249000.00,seed,2026-05-08T10:35:00+07:00,2026-05-08T12:35:00+07:00
ORD003175,CUS000731,2026-02-02T12:44:00+07:00,completed,Bac Ninh,web,17169000.00,seed,2026-02-02T12:44:00+07:00,2026-02-02T15:44:00+07:00
ORD003176,CUS000512,2026-05-14T13:04:00+07:00,completed,Bac Ninh,web,12701000.00,seed,2026-05-14T13:04:00+07:00,2026-05-14T13:04:00+07:00
ORD003177,CUS000081,2026-05-03T14:26:00+07:00,completed,Nha Trang,web,7420000.00,seed,2026-05-03T14:26:00+07:00,2026-05-05T05:26:00+07:00
ORD003178,CUS000419,2026-05-10T21:51:00+07:00,completed,Can Tho,mobile_app,9093500.00,seed,2026-05-10T21:51:00+07:00,2026-05-11T19:51:00+07:00
ORD003179,CUS000752,2026-03-28T12:58:00+07:00,completed,Hai Phong,web,14310000.00,seed,2026-03-28T12:58:00+07:00,2026-03-30T12:58:00+07:00
ORD003180,CUS000110,2026-06-03T13:47:00+07:00,pending,Bac Ninh,mobile_app,14289000.00,seed,2026-06-03T13:47:00+07:00,2026-06-04T07:47:00+07:00
ORD003181,CUS000032,2026-04-29T08:48:00+07:00,completed,Da Nang,web,3420000.00,seed,2026-04-29T08:48:00+07:00,2026-05-01T02:48:00+07:00
ORD003182,CUS000684,2026-02-07T09:06:00+07:00,cancelled,Da Nang,mobile_app,12850500.00,seed,2026-02-07T09:06:00+07:00,2026-02-07T11:06:00+07:00
ORD003183,CUS000171,2026-04-07T15:56:00+07:00,completed,Hai Phong,web,23840000.00,seed,2026-04-07T15:56:00+07:00,2026-04-09T02:56:00+07:00
ORD003184,CUS000926,2026-01-10T13:32:00+07:00,completed,Bac Ninh,mobile_app,14078000.00,seed,2026-01-10T13:32:00+07:00,2026-01-11T17:32:00+07:00
ORD003185,CUS000777,2026-02-28T14:49:00+07:00,completed,Bac Ninh,web,3897000.00,seed,2026-02-28T14:49:00+07:00,2026-03-02T07:49:00+07:00
ORD003186,CUS000175,2026-05-07T12:41:00+07:00,shipped,Hai Phong,web,23244500.00,seed,2026-05-07T12:41:00+07:00,2026-05-09T02:41:00+07:00
ORD003187,CUS000795,2026-05-14T11:12:00+07:00,completed,Da Nang,web,5270000.00,seed,2026-05-14T11:12:00+07:00,2026-05-16T01:12:00+07:00
ORD003188,CUS000138,2026-01-30T22:12:00+07:00,completed,Hue,mobile_app,8269000.00,seed,2026-01-30T22:12:00+07:00,2026-01-31T16:12:00+07:00
ORD003189,CUS000720,2026-06-28T17:02:00+07:00,completed,Hai Phong,mobile_app,3060000.00,seed,2026-06-28T17:02:00+07:00,2026-06-29T10:02:00+07:00
ORD003190,CUS000954,2026-05-06T21:57:00+07:00,completed,Hai Phong,web,13309500.00,seed,2026-05-06T21:57:00+07:00,2026-05-08T11:57:00+07:00
ORD003191,CUS000304,2026-03-13T19:37:00+07:00,completed,Hanoi,mobile_app,16697500.00,seed,2026-03-13T19:37:00+07:00,2026-03-15T07:37:00+07:00
ORD003192,CUS000600,2026-03-22T17:51:00+07:00,completed,Nha Trang,mobile_app,8660000.00,seed,2026-03-22T17:51:00+07:00,2026-03-23T03:51:00+07:00
ORD003193,CUS000806,2026-06-17T14:40:00+07:00,completed,Hue,web,14579500.00,seed,2026-06-17T14:40:00+07:00,2026-06-18T22:40:00+07:00
ORD003194,CUS000603,2026-03-25T16:15:00+07:00,completed,Ho Chi Minh City,web,10306500.00,seed,2026-03-25T16:15:00+07:00,2026-03-26T10:15:00+07:00
ORD003195,CUS000218,2026-01-09T19:20:00+07:00,completed,Quang Ninh,web,2700000.00,seed,2026-01-09T19:20:00+07:00,2026-01-11T06:20:00+07:00
ORD003196,CUS000148,2026-06-24T22:25:00+07:00,completed,Ho Chi Minh City,web,47912500.00,seed,2026-06-24T22:25:00+07:00,2026-06-26T10:25:00+07:00
ORD003197,CUS000552,2026-03-29T21:10:00+07:00,completed,Hue,web,19936000.00,seed,2026-03-29T21:10:00+07:00,2026-03-30T02:10:00+07:00
ORD003198,CUS000713,2026-02-06T12:35:00+07:00,completed,Bac Ninh,web,8690000.00,seed,2026-02-06T12:35:00+07:00,2026-02-06T13:35:00+07:00
ORD003199,CUS000096,2026-03-16T17:14:00+07:00,completed,Hai Phong,web,11127500.00,seed,2026-03-16T17:14:00+07:00,2026-03-17T06:14:00+07:00
ORD003200,CUS000089,2026-03-20T10:10:00+07:00,completed,Bac Ninh,social,3867500.00,seed,2026-03-20T10:10:00+07:00,2026-03-22T07:10:00+07:00
ORD003201,CUS000589,2026-05-12T10:30:00+07:00,completed,Nha Trang,web,6479000.00,seed,2026-05-12T10:30:00+07:00,2026-05-13T09:30:00+07:00
ORD003202,CUS000826,2026-05-16T21:16:00+07:00,completed,Nha Trang,social,16511500.00,seed,2026-05-16T21:16:00+07:00,2026-05-18T13:16:00+07:00
ORD003203,CUS000076,2026-01-22T21:28:00+07:00,completed,Da Nang,mobile_app,26903000.00,seed,2026-01-22T21:28:00+07:00,2026-01-23T03:28:00+07:00
ORD003204,CUS000722,2026-05-01T12:56:00+07:00,completed,Hai Phong,mobile_app,30807500.00,seed,2026-05-01T12:56:00+07:00,2026-05-02T16:56:00+07:00
ORD003205,CUS000144,2026-01-12T10:01:00+07:00,completed,Ho Chi Minh City,mobile_app,7801500.00,seed,2026-01-12T10:01:00+07:00,2026-01-12T18:01:00+07:00
ORD003206,CUS000584,2026-03-17T16:08:00+07:00,completed,Bac Ninh,web,8381000.00,seed,2026-03-17T16:08:00+07:00,2026-03-18T23:08:00+07:00
ORD003207,CUS000342,2026-04-02T15:16:00+07:00,completed,Hue,mobile_app,10464500.00,seed,2026-04-02T15:16:00+07:00,2026-04-03T02:16:00+07:00
ORD003208,CUS000418,2026-03-23T22:40:00+07:00,confirmed,Da Nang,web,6377500.00,seed,2026-03-23T22:40:00+07:00,2026-03-25T12:40:00+07:00
ORD003209,CUS000641,2026-01-21T08:59:00+07:00,confirmed,Can Tho,web,40368500.00,seed,2026-01-21T08:59:00+07:00,2026-01-21T11:59:00+07:00
ORD003210,CUS000602,2026-03-24T19:17:00+07:00,completed,Bac Ninh,web,10925000.00,seed,2026-03-24T19:17:00+07:00,2026-03-26T03:17:00+07:00
ORD003211,CUS000027,2026-03-08T11:03:00+07:00,completed,Da Nang,mobile_app,14030000.00,seed,2026-03-08T11:03:00+07:00,2026-03-10T03:03:00+07:00
ORD003212,CUS000287,2026-05-24T15:56:00+07:00,completed,Vinh,mobile_app,14600000.00,seed,2026-05-24T15:56:00+07:00,2026-05-26T07:56:00+07:00
ORD003213,CUS000149,2026-04-08T19:00:00+07:00,completed,Bac Ninh,web,29297000.00,seed,2026-04-08T19:00:00+07:00,2026-04-09T14:00:00+07:00
ORD003214,CUS000171,2026-03-06T19:14:00+07:00,completed,Vinh,mobile_app,9576000.00,seed,2026-03-06T19:14:00+07:00,2026-03-08T11:14:00+07:00
ORD003215,CUS000890,2026-06-07T09:09:00+07:00,completed,Da Nang,web,15600000.00,seed,2026-06-07T09:09:00+07:00,2026-06-08T13:09:00+07:00
ORD003216,CUS000410,2026-01-15T09:36:00+07:00,completed,Hue,mobile_app,14458000.00,seed,2026-01-15T09:36:00+07:00,2026-01-15T22:36:00+07:00
ORD003217,CUS000582,2026-03-05T19:11:00+07:00,completed,Bac Ninh,web,27205000.00,seed,2026-03-05T19:11:00+07:00,2026-03-06T00:11:00+07:00
ORD003218,CUS000081,2026-03-02T13:12:00+07:00,completed,Bac Ninh,mobile_app,38127500.00,seed,2026-03-02T13:12:00+07:00,2026-03-02T18:12:00+07:00
ORD003219,CUS000825,2026-04-19T19:28:00+07:00,shipped,Hue,mobile_app,29551500.00,seed,2026-04-19T19:28:00+07:00,2026-04-20T06:28:00+07:00
ORD003220,CUS000333,2026-05-08T10:50:00+07:00,completed,Hue,web,1404000.00,seed,2026-05-08T10:50:00+07:00,2026-05-08T20:50:00+07:00
ORD003221,CUS000180,2026-03-24T16:04:00+07:00,completed,Da Nang,mobile_app,19990000.00,seed,2026-03-24T16:04:00+07:00,2026-03-26T11:04:00+07:00
ORD003222,CUS000666,2026-01-22T18:06:00+07:00,completed,Ho Chi Minh City,web,22830000.00,seed,2026-01-22T18:06:00+07:00,2026-01-23T12:06:00+07:00
ORD003223,CUS000306,2026-03-03T12:54:00+07:00,cancelled,Nha Trang,mobile_app,4980000.00,seed,2026-03-03T12:54:00+07:00,2026-03-04T11:54:00+07:00
ORD003224,CUS000939,2026-05-08T12:28:00+07:00,completed,Nha Trang,mobile_app,5700000.00,seed,2026-05-08T12:28:00+07:00,2026-05-09T12:28:00+07:00
ORD003225,CUS000590,2026-01-21T10:30:00+07:00,completed,Hue,web,3285000.00,seed,2026-01-21T10:30:00+07:00,2026-01-21T16:30:00+07:00
ORD003226,CUS000004,2026-04-06T13:53:00+07:00,cancelled,Bac Ninh,web,16565000.00,seed,2026-04-06T13:53:00+07:00,2026-04-06T14:53:00+07:00
ORD003227,CUS000915,2026-03-25T21:53:00+07:00,completed,Hanoi,mobile_app,9917000.00,seed,2026-03-25T21:53:00+07:00,2026-03-27T09:53:00+07:00
ORD003228,CUS000996,2026-05-25T16:26:00+07:00,cancelled,Hanoi,web,333000.00,seed,2026-05-25T16:26:00+07:00,2026-05-27T15:26:00+07:00
ORD003229,CUS000109,2026-01-01T14:11:00+07:00,completed,Hanoi,web,12304000.00,seed,2026-01-01T14:11:00+07:00,2026-01-03T04:11:00+07:00
ORD003230,CUS000850,2026-05-01T15:43:00+07:00,completed,Da Nang,web,1260000.00,seed,2026-05-01T15:43:00+07:00,2026-05-03T09:43:00+07:00
ORD003231,CUS000519,2026-01-05T16:42:00+07:00,cancelled,Can Tho,web,20228000.00,seed,2026-01-05T16:42:00+07:00,2026-01-06T15:42:00+07:00
ORD003232,CUS000148,2026-04-22T12:35:00+07:00,completed,Vinh,social,26786500.00,seed,2026-04-22T12:35:00+07:00,2026-04-23T17:35:00+07:00
ORD003233,CUS000322,2026-04-07T10:01:00+07:00,shipped,Da Nang,mobile_app,17360000.00,seed,2026-04-07T10:01:00+07:00,2026-04-08T09:01:00+07:00
ORD003234,CUS000429,2026-03-07T22:22:00+07:00,completed,Hue,web,8864000.00,seed,2026-03-07T22:22:00+07:00,2026-03-08T07:22:00+07:00
ORD003235,CUS000287,2026-04-13T10:46:00+07:00,completed,Hanoi,mobile_app,12673000.00,seed,2026-04-13T10:46:00+07:00,2026-04-14T08:46:00+07:00
ORD003236,CUS000103,2026-01-10T08:45:00+07:00,completed,Quang Ninh,web,7473000.00,seed,2026-01-10T08:45:00+07:00,2026-01-12T08:45:00+07:00
ORD003237,CUS000088,2026-06-28T17:55:00+07:00,completed,Hanoi,web,16006500.00,seed,2026-06-28T17:55:00+07:00,2026-06-29T10:55:00+07:00
ORD003238,CUS000505,2026-04-08T10:43:00+07:00,completed,Hanoi,web,1479000.00,seed,2026-04-08T10:43:00+07:00,2026-04-10T04:43:00+07:00
ORD003239,CUS000286,2026-05-31T08:27:00+07:00,completed,Da Nang,web,28523500.00,seed,2026-05-31T08:27:00+07:00,2026-05-31T20:27:00+07:00
ORD003240,CUS000114,2026-01-29T20:13:00+07:00,completed,Nha Trang,mobile_app,6887500.00,seed,2026-01-29T20:13:00+07:00,2026-01-31T07:13:00+07:00
ORD003241,CUS000210,2026-06-22T14:59:00+07:00,completed,Quang Ninh,web,11324500.00,seed,2026-06-22T14:59:00+07:00,2026-06-22T21:59:00+07:00
ORD003242,CUS000049,2026-04-18T17:12:00+07:00,completed,Can Tho,web,35699500.00,seed,2026-04-18T17:12:00+07:00,2026-04-18T21:12:00+07:00
ORD003243,CUS000505,2026-02-13T13:49:00+07:00,completed,Bac Ninh,mobile_app,37497000.00,seed,2026-02-13T13:49:00+07:00,2026-02-13T20:49:00+07:00
ORD003244,CUS000444,2026-06-26T16:55:00+07:00,completed,Ho Chi Minh City,mobile_app,14508500.00,seed,2026-06-26T16:55:00+07:00,2026-06-27T04:55:00+07:00
ORD003245,CUS000329,2026-02-08T17:48:00+07:00,confirmed,Can Tho,mobile_app,840000.00,seed,2026-02-08T17:48:00+07:00,2026-02-10T15:48:00+07:00
ORD003246,CUS000755,2026-03-14T15:10:00+07:00,completed,Hue,mobile_app,11409000.00,seed,2026-03-14T15:10:00+07:00,2026-03-15T18:10:00+07:00
ORD003247,CUS000379,2026-03-10T10:19:00+07:00,completed,Da Nang,mobile_app,10037000.00,seed,2026-03-10T10:19:00+07:00,2026-03-12T00:19:00+07:00
ORD003248,CUS000860,2026-06-07T09:02:00+07:00,completed,Bac Ninh,web,11400000.00,seed,2026-06-07T09:02:00+07:00,2026-06-07T16:02:00+07:00
ORD003249,CUS000515,2026-02-20T22:20:00+07:00,completed,Can Tho,social,5220000.00,seed,2026-02-20T22:20:00+07:00,2026-02-22T04:20:00+07:00
ORD003250,CUS000813,2026-01-14T10:15:00+07:00,completed,Ho Chi Minh City,mobile_app,540000.00,seed,2026-01-14T10:15:00+07:00,2026-01-14T17:15:00+07:00
ORD003251,CUS000724,2026-01-20T20:22:00+07:00,completed,Quang Ninh,mobile_app,10207000.00,seed,2026-01-20T20:22:00+07:00,2026-01-22T02:22:00+07:00
ORD003252,CUS000914,2026-02-14T08:51:00+07:00,completed,Hai Phong,web,8110000.00,seed,2026-02-14T08:51:00+07:00,2026-02-16T02:51:00+07:00
ORD003253,CUS000357,2026-05-27T13:00:00+07:00,cancelled,Hai Phong,social,12110000.00,seed,2026-05-27T13:00:00+07:00,2026-05-28T19:00:00+07:00
ORD003254,CUS000853,2026-04-30T10:13:00+07:00,completed,Bac Ninh,social,6125000.00,seed,2026-04-30T10:13:00+07:00,2026-05-01T10:13:00+07:00
ORD003255,CUS000049,2026-05-26T19:53:00+07:00,completed,Ho Chi Minh City,web,17925000.00,seed,2026-05-26T19:53:00+07:00,2026-05-28T09:53:00+07:00
ORD003256,CUS000385,2026-06-27T20:30:00+07:00,completed,Da Nang,mobile_app,10352000.00,seed,2026-06-27T20:30:00+07:00,2026-06-29T04:30:00+07:00
ORD003257,CUS000560,2026-06-22T18:48:00+07:00,pending,Bac Ninh,mobile_app,11330000.00,seed,2026-06-22T18:48:00+07:00,2026-06-23T07:48:00+07:00
ORD003258,CUS000021,2026-01-21T21:47:00+07:00,completed,Bac Ninh,mobile_app,25841500.00,seed,2026-01-21T21:47:00+07:00,2026-01-23T15:47:00+07:00
ORD003259,CUS000787,2026-06-29T09:43:00+07:00,completed,Nha Trang,mobile_app,15360000.00,seed,2026-06-29T09:43:00+07:00,2026-06-30T04:43:00+07:00
ORD003260,CUS000965,2026-01-11T22:52:00+07:00,completed,Hai Phong,web,9865500.00,seed,2026-01-11T22:52:00+07:00,2026-01-12T02:52:00+07:00
ORD003261,CUS000267,2026-02-11T11:01:00+07:00,cancelled,Can Tho,social,4450000.00,seed,2026-02-11T11:01:00+07:00,2026-02-13T02:01:00+07:00
ORD003262,CUS000745,2026-06-25T11:01:00+07:00,completed,Bac Ninh,mobile_app,14851000.00,seed,2026-06-25T11:01:00+07:00,2026-06-25T23:01:00+07:00
ORD003263,CUS000128,2026-05-01T22:40:00+07:00,shipped,Da Nang,mobile_app,9251000.00,seed,2026-05-01T22:40:00+07:00,2026-05-03T05:40:00+07:00
ORD003264,CUS000427,2026-06-29T12:24:00+07:00,completed,Hue,mobile_app,17920000.00,seed,2026-06-29T12:24:00+07:00,2026-07-01T06:24:00+07:00
ORD003265,CUS000612,2026-02-20T21:35:00+07:00,completed,Hanoi,web,26112500.00,seed,2026-02-20T21:35:00+07:00,2026-02-21T14:35:00+07:00
ORD003266,CUS000058,2026-02-08T10:54:00+07:00,completed,Vinh,web,7753500.00,seed,2026-02-08T10:54:00+07:00,2026-02-09T16:54:00+07:00
ORD003267,CUS000112,2026-06-15T22:06:00+07:00,shipped,Nha Trang,web,621000.00,seed,2026-06-15T22:06:00+07:00,2026-06-16T22:06:00+07:00
ORD003268,CUS000288,2026-02-13T11:12:00+07:00,completed,Can Tho,mobile_app,5700000.00,seed,2026-02-13T11:12:00+07:00,2026-02-14T17:12:00+07:00
ORD003269,CUS000786,2026-03-06T22:10:00+07:00,completed,Nha Trang,mobile_app,11002000.00,seed,2026-03-06T22:10:00+07:00,2026-03-07T22:10:00+07:00
ORD003270,CUS000736,2026-04-18T13:32:00+07:00,completed,Hanoi,mobile_app,5700000.00,seed,2026-04-18T13:32:00+07:00,2026-04-20T02:32:00+07:00
ORD003271,CUS000449,2026-01-05T20:33:00+07:00,completed,Vinh,web,5282000.00,seed,2026-01-05T20:33:00+07:00,2026-01-06T07:33:00+07:00
ORD003272,CUS000570,2026-02-07T21:53:00+07:00,completed,Can Tho,mobile_app,8087500.00,seed,2026-02-07T21:53:00+07:00,2026-02-08T12:53:00+07:00
ORD003273,CUS000446,2026-04-06T11:22:00+07:00,completed,Vinh,mobile_app,12720000.00,seed,2026-04-06T11:22:00+07:00,2026-04-07T01:22:00+07:00
ORD003274,CUS000403,2026-01-10T11:58:00+07:00,shipped,Vinh,web,7960000.00,seed,2026-01-10T11:58:00+07:00,2026-01-11T21:58:00+07:00
ORD003275,CUS000885,2026-03-16T19:47:00+07:00,cancelled,Hanoi,web,1810500.00,seed,2026-03-16T19:47:00+07:00,2026-03-18T16:47:00+07:00
ORD003276,CUS000785,2026-03-28T10:08:00+07:00,completed,Hue,mobile_app,7536000.00,seed,2026-03-28T10:08:00+07:00,2026-03-28T14:08:00+07:00
ORD003277,CUS000241,2026-03-03T22:37:00+07:00,completed,Bac Ninh,web,6727500.00,seed,2026-03-03T22:37:00+07:00,2026-03-05T07:37:00+07:00
ORD003278,CUS000118,2026-05-10T15:16:00+07:00,completed,Nha Trang,web,900000.00,seed,2026-05-10T15:16:00+07:00,2026-05-12T05:16:00+07:00
ORD003279,CUS000504,2026-01-18T14:03:00+07:00,shipped,Nha Trang,web,12036500.00,seed,2026-01-18T14:03:00+07:00,2026-01-20T10:03:00+07:00
ORD003280,CUS000236,2026-03-11T21:45:00+07:00,completed,Can Tho,web,25298000.00,seed,2026-03-11T21:45:00+07:00,2026-03-12T02:45:00+07:00
ORD003281,CUS000678,2026-03-10T11:26:00+07:00,completed,Bac Ninh,web,6870000.00,seed,2026-03-10T11:26:00+07:00,2026-03-12T00:26:00+07:00
ORD003282,CUS000987,2026-06-06T16:47:00+07:00,completed,Da Nang,web,15561000.00,seed,2026-06-06T16:47:00+07:00,2026-06-07T01:47:00+07:00
ORD003283,CUS000025,2026-02-04T14:47:00+07:00,completed,Can Tho,mobile_app,6203500.00,seed,2026-02-04T14:47:00+07:00,2026-02-06T09:47:00+07:00
ORD003284,CUS000867,2026-04-17T08:49:00+07:00,shipped,Can Tho,mobile_app,6392000.00,seed,2026-04-17T08:49:00+07:00,2026-04-19T03:49:00+07:00
ORD003285,CUS000349,2026-04-03T11:24:00+07:00,confirmed,Bac Ninh,social,6341500.00,seed,2026-04-03T11:24:00+07:00,2026-04-04T18:24:00+07:00
ORD003286,CUS000759,2026-01-16T15:57:00+07:00,completed,Da Nang,web,39667000.00,seed,2026-01-16T15:57:00+07:00,2026-01-18T11:57:00+07:00
ORD003287,CUS000908,2026-02-15T15:26:00+07:00,completed,Hai Phong,mobile_app,15244500.00,seed,2026-02-15T15:26:00+07:00,2026-02-15T20:26:00+07:00
ORD003288,CUS000308,2026-01-26T09:15:00+07:00,completed,Quang Ninh,mobile_app,5597500.00,seed,2026-01-26T09:15:00+07:00,2026-01-28T01:15:00+07:00
ORD003289,CUS000873,2026-01-03T21:20:00+07:00,completed,Da Nang,web,13586000.00,seed,2026-01-03T21:20:00+07:00,2026-01-05T14:20:00+07:00
ORD003290,CUS000876,2026-01-07T17:35:00+07:00,completed,Hanoi,web,5450000.00,seed,2026-01-07T17:35:00+07:00,2026-01-08T03:35:00+07:00
ORD003291,CUS000985,2026-03-23T12:19:00+07:00,completed,Hanoi,web,10006500.00,seed,2026-03-23T12:19:00+07:00,2026-03-23T17:19:00+07:00
ORD003292,CUS000331,2026-01-16T19:49:00+07:00,completed,Hanoi,social,5719000.00,seed,2026-01-16T19:49:00+07:00,2026-01-17T19:49:00+07:00
ORD003293,CUS000068,2026-02-09T13:15:00+07:00,completed,Can Tho,web,27961500.00,seed,2026-02-09T13:15:00+07:00,2026-02-10T16:15:00+07:00
ORD003294,CUS000060,2026-04-13T22:48:00+07:00,completed,Can Tho,mobile_app,25407000.00,seed,2026-04-13T22:48:00+07:00,2026-04-14T16:48:00+07:00
ORD003295,CUS000744,2026-01-16T13:53:00+07:00,completed,Bac Ninh,web,9775000.00,seed,2026-01-16T13:53:00+07:00,2026-01-16T20:53:00+07:00
ORD003296,CUS000459,2026-03-27T18:42:00+07:00,completed,Quang Ninh,mobile_app,17667500.00,seed,2026-03-27T18:42:00+07:00,2026-03-28T04:42:00+07:00
ORD003297,CUS000973,2026-04-30T18:59:00+07:00,completed,Ho Chi Minh City,web,7470000.00,seed,2026-04-30T18:59:00+07:00,2026-05-02T08:59:00+07:00
ORD003298,CUS000661,2026-04-11T13:57:00+07:00,confirmed,Vinh,mobile_app,8633000.00,seed,2026-04-11T13:57:00+07:00,2026-04-11T22:57:00+07:00
ORD003299,CUS000747,2026-04-13T17:50:00+07:00,completed,Nha Trang,mobile_app,10343000.00,seed,2026-04-13T17:50:00+07:00,2026-04-15T07:50:00+07:00
ORD003300,CUS000830,2026-05-09T12:01:00+07:00,completed,Da Nang,web,8231500.00,seed,2026-05-09T12:01:00+07:00,2026-05-11T03:01:00+07:00
ORD003301,CUS000913,2026-05-17T10:11:00+07:00,completed,Da Nang,mobile_app,1660000.00,seed,2026-05-17T10:11:00+07:00,2026-05-18T07:11:00+07:00
ORD003302,CUS000869,2026-03-30T10:22:00+07:00,completed,Hanoi,web,3289500.00,seed,2026-03-30T10:22:00+07:00,2026-03-30T18:22:00+07:00
ORD003303,CUS000323,2026-05-12T22:07:00+07:00,cancelled,Bac Ninh,social,31321000.00,seed,2026-05-12T22:07:00+07:00,2026-05-13T06:07:00+07:00
ORD003304,CUS000354,2026-04-23T09:54:00+07:00,completed,Can Tho,mobile_app,7719000.00,seed,2026-04-23T09:54:00+07:00,2026-04-23T20:54:00+07:00
ORD003305,CUS000538,2026-04-30T20:18:00+07:00,completed,Hue,social,22277500.00,seed,2026-04-30T20:18:00+07:00,2026-05-02T06:18:00+07:00
ORD003306,CUS000092,2026-01-28T17:05:00+07:00,completed,Bac Ninh,web,17065500.00,seed,2026-01-28T17:05:00+07:00,2026-01-30T00:05:00+07:00
ORD003307,CUS000127,2026-02-19T12:23:00+07:00,completed,Hue,mobile_app,14353500.00,seed,2026-02-19T12:23:00+07:00,2026-02-20T18:23:00+07:00
ORD003308,CUS000364,2026-05-05T08:10:00+07:00,completed,Bac Ninh,mobile_app,10466000.00,seed,2026-05-05T08:10:00+07:00,2026-05-05T14:10:00+07:00
ORD003309,CUS000544,2026-03-23T08:12:00+07:00,completed,Ho Chi Minh City,mobile_app,5700000.00,seed,2026-03-23T08:12:00+07:00,2026-03-23T15:12:00+07:00
ORD003310,CUS000287,2026-02-10T11:31:00+07:00,shipped,Bac Ninh,mobile_app,20290500.00,seed,2026-02-10T11:31:00+07:00,2026-02-12T08:31:00+07:00
ORD003311,CUS000329,2026-06-19T19:46:00+07:00,completed,Da Nang,mobile_app,17120000.00,seed,2026-06-19T19:46:00+07:00,2026-06-21T01:46:00+07:00
ORD003312,CUS000093,2026-03-10T15:17:00+07:00,completed,Bac Ninh,web,3141000.00,seed,2026-03-10T15:17:00+07:00,2026-03-11T19:17:00+07:00
ORD003313,CUS000275,2026-02-23T10:33:00+07:00,completed,Hue,social,12122500.00,seed,2026-02-23T10:33:00+07:00,2026-02-24T23:33:00+07:00
ORD003314,CUS000756,2026-03-15T10:52:00+07:00,completed,Vinh,mobile_app,11747000.00,seed,2026-03-15T10:52:00+07:00,2026-03-16T01:52:00+07:00
ORD003315,CUS000910,2026-05-05T19:13:00+07:00,completed,Can Tho,mobile_app,11493000.00,seed,2026-05-05T19:13:00+07:00,2026-05-06T21:13:00+07:00
ORD003316,CUS000045,2026-01-30T15:35:00+07:00,completed,Nha Trang,web,2995000.00,seed,2026-01-30T15:35:00+07:00,2026-01-30T15:35:00+07:00
ORD003317,CUS000973,2026-05-02T17:06:00+07:00,completed,Hai Phong,social,6052000.00,seed,2026-05-02T17:06:00+07:00,2026-05-04T05:06:00+07:00
ORD003318,CUS000587,2026-03-30T14:20:00+07:00,completed,Hanoi,mobile_app,28219000.00,seed,2026-03-30T14:20:00+07:00,2026-03-31T05:20:00+07:00
ORD003319,CUS000797,2026-02-04T20:30:00+07:00,completed,Nha Trang,web,10705500.00,seed,2026-02-04T20:30:00+07:00,2026-02-05T22:30:00+07:00
ORD003320,CUS000423,2026-06-02T09:58:00+07:00,completed,Hue,mobile_app,7860000.00,seed,2026-06-02T09:58:00+07:00,2026-06-02T12:58:00+07:00
ORD003321,CUS000878,2026-02-14T10:09:00+07:00,completed,Vinh,mobile_app,2914000.00,seed,2026-02-14T10:09:00+07:00,2026-02-16T08:09:00+07:00
ORD003322,CUS000699,2026-01-07T10:46:00+07:00,completed,Da Nang,web,14276000.00,seed,2026-01-07T10:46:00+07:00,2026-01-08T14:46:00+07:00
ORD003323,CUS000862,2026-03-05T22:01:00+07:00,completed,Hanoi,web,6375000.00,seed,2026-03-05T22:01:00+07:00,2026-03-06T13:01:00+07:00
ORD003324,CUS000730,2026-04-16T19:33:00+07:00,completed,Vinh,web,6920000.00,seed,2026-04-16T19:33:00+07:00,2026-04-18T03:33:00+07:00
ORD003325,CUS000172,2026-01-13T17:06:00+07:00,completed,Ho Chi Minh City,web,8528500.00,seed,2026-01-13T17:06:00+07:00,2026-01-14T22:06:00+07:00
ORD003326,CUS000713,2026-02-24T17:01:00+07:00,completed,Can Tho,web,5190000.00,seed,2026-02-24T17:01:00+07:00,2026-02-26T12:01:00+07:00
ORD003327,CUS000473,2026-03-16T20:31:00+07:00,completed,Quang Ninh,mobile_app,10974500.00,seed,2026-03-16T20:31:00+07:00,2026-03-18T11:31:00+07:00
ORD003328,CUS000877,2026-02-28T08:25:00+07:00,completed,Quang Ninh,web,4902000.00,seed,2026-02-28T08:25:00+07:00,2026-02-28T08:25:00+07:00
ORD003329,CUS000266,2026-05-12T09:29:00+07:00,completed,Hai Phong,social,15690500.00,seed,2026-05-12T09:29:00+07:00,2026-05-13T03:29:00+07:00
ORD003330,CUS000201,2026-04-05T12:47:00+07:00,completed,Hai Phong,mobile_app,8167500.00,seed,2026-04-05T12:47:00+07:00,2026-04-06T16:47:00+07:00
ORD003331,CUS000846,2026-02-10T16:30:00+07:00,shipped,Da Nang,web,10713000.00,seed,2026-02-10T16:30:00+07:00,2026-02-10T16:30:00+07:00
ORD003332,CUS000045,2026-04-18T18:03:00+07:00,completed,Hai Phong,mobile_app,1921000.00,seed,2026-04-18T18:03:00+07:00,2026-04-20T01:03:00+07:00
ORD003333,CUS000259,2026-05-15T20:20:00+07:00,pending,Hai Phong,mobile_app,12702000.00,seed,2026-05-15T20:20:00+07:00,2026-05-17T10:20:00+07:00
ORD003334,CUS000778,2026-06-12T12:35:00+07:00,completed,Hai Phong,web,15039500.00,seed,2026-06-12T12:35:00+07:00,2026-06-13T06:35:00+07:00
ORD003335,CUS000178,2026-06-04T10:41:00+07:00,completed,Bac Ninh,mobile_app,12125500.00,seed,2026-06-04T10:41:00+07:00,2026-06-06T00:41:00+07:00
ORD003336,CUS000547,2026-02-16T14:19:00+07:00,completed,Ho Chi Minh City,web,11914500.00,seed,2026-02-16T14:19:00+07:00,2026-02-18T13:19:00+07:00
ORD003337,CUS000606,2026-06-02T12:19:00+07:00,confirmed,Quang Ninh,web,26996000.00,seed,2026-06-02T12:19:00+07:00,2026-06-03T10:19:00+07:00
ORD003338,CUS000875,2026-03-14T09:37:00+07:00,completed,Can Tho,mobile_app,5942000.00,seed,2026-03-14T09:37:00+07:00,2026-03-14T21:37:00+07:00
ORD003339,CUS000258,2026-03-29T19:02:00+07:00,completed,Can Tho,mobile_app,15444000.00,seed,2026-03-29T19:02:00+07:00,2026-03-30T16:02:00+07:00
ORD003340,CUS000080,2026-06-10T14:43:00+07:00,completed,Quang Ninh,web,9882000.00,seed,2026-06-10T14:43:00+07:00,2026-06-10T16:43:00+07:00
ORD003341,CUS000107,2026-01-01T09:15:00+07:00,completed,Vinh,web,6219000.00,seed,2026-01-01T09:15:00+07:00,2026-01-02T09:15:00+07:00
ORD003342,CUS000822,2026-06-13T18:37:00+07:00,completed,Da Nang,web,15916500.00,seed,2026-06-13T18:37:00+07:00,2026-06-14T12:37:00+07:00
ORD003343,CUS000700,2026-04-27T20:48:00+07:00,completed,Nha Trang,social,6538000.00,seed,2026-04-27T20:48:00+07:00,2026-04-28T23:48:00+07:00
ORD003344,CUS000176,2026-06-14T20:55:00+07:00,cancelled,Bac Ninh,social,3040000.00,seed,2026-06-14T20:55:00+07:00,2026-06-15T21:55:00+07:00
ORD003345,CUS000148,2026-05-28T22:38:00+07:00,completed,Can Tho,mobile_app,15221500.00,seed,2026-05-28T22:38:00+07:00,2026-05-29T13:38:00+07:00
ORD003346,CUS000829,2026-02-20T08:37:00+07:00,confirmed,Nha Trang,mobile_app,12280000.00,seed,2026-02-20T08:37:00+07:00,2026-02-22T08:37:00+07:00
ORD003347,CUS000013,2026-05-25T17:07:00+07:00,completed,Hai Phong,social,11898000.00,seed,2026-05-25T17:07:00+07:00,2026-05-26T20:07:00+07:00
ORD003348,CUS000044,2026-03-02T21:14:00+07:00,completed,Ho Chi Minh City,web,29155000.00,seed,2026-03-02T21:14:00+07:00,2026-03-04T14:14:00+07:00
ORD003349,CUS000814,2026-04-07T18:29:00+07:00,completed,Hanoi,web,9088500.00,seed,2026-04-07T18:29:00+07:00,2026-04-08T13:29:00+07:00
ORD003350,CUS000527,2026-06-06T12:43:00+07:00,confirmed,Da Nang,web,2979000.00,seed,2026-06-06T12:43:00+07:00,2026-06-08T01:43:00+07:00
ORD003351,CUS000482,2026-06-28T15:41:00+07:00,completed,Hanoi,web,2620000.00,seed,2026-06-28T15:41:00+07:00,2026-06-29T12:41:00+07:00
ORD003352,CUS000987,2026-04-21T19:01:00+07:00,shipped,Quang Ninh,web,2380000.00,seed,2026-04-21T19:01:00+07:00,2026-04-23T09:01:00+07:00
ORD003353,CUS000682,2026-03-18T14:09:00+07:00,completed,Quang Ninh,mobile_app,13330000.00,seed,2026-03-18T14:09:00+07:00,2026-03-20T01:09:00+07:00
ORD003354,CUS000742,2026-01-17T16:19:00+07:00,completed,Hanoi,mobile_app,15640000.00,seed,2026-01-17T16:19:00+07:00,2026-01-17T16:19:00+07:00
ORD003355,CUS000540,2026-02-21T22:54:00+07:00,completed,Hai Phong,mobile_app,4610000.00,seed,2026-02-21T22:54:00+07:00,2026-02-23T02:54:00+07:00
ORD003356,CUS000447,2026-01-16T20:50:00+07:00,completed,Hanoi,mobile_app,19724500.00,seed,2026-01-16T20:50:00+07:00,2026-01-18T06:50:00+07:00
ORD003357,CUS000505,2026-05-11T09:06:00+07:00,cancelled,Quang Ninh,social,9125500.00,seed,2026-05-11T09:06:00+07:00,2026-05-13T05:06:00+07:00
ORD003358,CUS000220,2026-04-19T21:59:00+07:00,completed,Nha Trang,web,19457000.00,seed,2026-04-19T21:59:00+07:00,2026-04-20T20:59:00+07:00
ORD003359,CUS000676,2026-01-30T16:14:00+07:00,completed,Bac Ninh,web,9315000.00,seed,2026-01-30T16:14:00+07:00,2026-01-31T20:14:00+07:00
ORD003360,CUS000604,2026-01-16T13:47:00+07:00,cancelled,Da Nang,web,11758500.00,seed,2026-01-16T13:47:00+07:00,2026-01-17T16:47:00+07:00
ORD003361,CUS000141,2026-02-12T10:30:00+07:00,completed,Hai Phong,web,4352500.00,seed,2026-02-12T10:30:00+07:00,2026-02-12T12:30:00+07:00
ORD003362,CUS000149,2026-05-31T12:17:00+07:00,completed,Bac Ninh,social,4189500.00,seed,2026-05-31T12:17:00+07:00,2026-05-31T18:17:00+07:00
ORD003363,CUS000331,2026-03-03T16:30:00+07:00,pending,Vinh,mobile_app,32356000.00,seed,2026-03-03T16:30:00+07:00,2026-03-04T23:30:00+07:00
ORD003364,CUS000344,2026-06-06T12:55:00+07:00,completed,Vinh,mobile_app,10355000.00,seed,2026-06-06T12:55:00+07:00,2026-06-08T06:55:00+07:00
ORD003365,CUS000416,2026-05-07T12:31:00+07:00,completed,Nha Trang,mobile_app,16330000.00,seed,2026-05-07T12:31:00+07:00,2026-05-09T05:31:00+07:00
ORD003366,CUS000819,2026-06-18T09:30:00+07:00,completed,Ho Chi Minh City,mobile_app,13262000.00,seed,2026-06-18T09:30:00+07:00,2026-06-19T23:30:00+07:00
ORD003367,CUS000864,2026-02-12T17:21:00+07:00,completed,Hanoi,mobile_app,7837000.00,seed,2026-02-12T17:21:00+07:00,2026-02-14T01:21:00+07:00
ORD003368,CUS000332,2026-01-14T19:23:00+07:00,completed,Can Tho,mobile_app,2060000.00,seed,2026-01-14T19:23:00+07:00,2026-01-14T22:23:00+07:00
ORD003369,CUS000363,2026-05-08T09:27:00+07:00,completed,Hue,web,8848500.00,seed,2026-05-08T09:27:00+07:00,2026-05-08T21:27:00+07:00
ORD003370,CUS000801,2026-03-12T17:16:00+07:00,completed,Da Nang,web,5933000.00,seed,2026-03-12T17:16:00+07:00,2026-03-13T00:16:00+07:00
ORD003371,CUS000664,2026-06-11T13:13:00+07:00,confirmed,Hue,mobile_app,1900000.00,seed,2026-06-11T13:13:00+07:00,2026-06-13T00:13:00+07:00
ORD003372,CUS000478,2026-03-14T21:43:00+07:00,shipped,Vinh,mobile_app,5270000.00,seed,2026-03-14T21:43:00+07:00,2026-03-16T19:43:00+07:00
ORD003373,CUS000215,2026-04-16T13:21:00+07:00,completed,Quang Ninh,mobile_app,2278000.00,seed,2026-04-16T13:21:00+07:00,2026-04-17T13:21:00+07:00
ORD003374,CUS000447,2026-02-08T19:04:00+07:00,shipped,Quang Ninh,mobile_app,29673500.00,seed,2026-02-08T19:04:00+07:00,2026-02-09T05:04:00+07:00
ORD003375,CUS000401,2026-06-13T16:51:00+07:00,completed,Vinh,mobile_app,36984000.00,seed,2026-06-13T16:51:00+07:00,2026-06-15T16:51:00+07:00
ORD003376,CUS000552,2026-01-18T22:00:00+07:00,completed,Quang Ninh,web,25515000.00,seed,2026-01-18T22:00:00+07:00,2026-01-19T22:00:00+07:00
ORD003377,CUS000141,2026-03-13T15:47:00+07:00,completed,Quang Ninh,mobile_app,2151000.00,seed,2026-03-13T15:47:00+07:00,2026-03-15T13:47:00+07:00
ORD003378,CUS000620,2026-03-09T13:31:00+07:00,completed,Can Tho,mobile_app,15672500.00,seed,2026-03-09T13:31:00+07:00,2026-03-09T21:31:00+07:00
ORD003379,CUS000646,2026-01-09T20:20:00+07:00,completed,Vinh,web,5740000.00,seed,2026-01-09T20:20:00+07:00,2026-01-11T02:20:00+07:00
ORD003380,CUS000728,2026-01-25T11:02:00+07:00,completed,Can Tho,web,11320000.00,seed,2026-01-25T11:02:00+07:00,2026-01-26T09:02:00+07:00
ORD003381,CUS000645,2026-01-26T09:38:00+07:00,shipped,Bac Ninh,web,10730000.00,seed,2026-01-26T09:38:00+07:00,2026-01-26T19:38:00+07:00
ORD003382,CUS000779,2026-05-06T09:37:00+07:00,completed,Hai Phong,mobile_app,17476000.00,seed,2026-05-06T09:37:00+07:00,2026-05-07T02:37:00+07:00
ORD003383,CUS000681,2026-01-26T14:12:00+07:00,completed,Vinh,mobile_app,14427500.00,seed,2026-01-26T14:12:00+07:00,2026-01-26T23:12:00+07:00
ORD003384,CUS000684,2026-03-27T10:57:00+07:00,shipped,Hai Phong,web,6647000.00,seed,2026-03-27T10:57:00+07:00,2026-03-27T18:57:00+07:00
ORD003385,CUS000307,2026-05-29T21:15:00+07:00,completed,Quang Ninh,mobile_app,6833000.00,seed,2026-05-29T21:15:00+07:00,2026-05-30T17:15:00+07:00
ORD003386,CUS000513,2026-01-07T12:19:00+07:00,completed,Da Nang,mobile_app,14174000.00,seed,2026-01-07T12:19:00+07:00,2026-01-09T01:19:00+07:00
ORD003387,CUS000660,2026-02-03T16:28:00+07:00,completed,Can Tho,mobile_app,5202000.00,seed,2026-02-03T16:28:00+07:00,2026-02-04T05:28:00+07:00
ORD003388,CUS000204,2026-03-27T15:32:00+07:00,pending,Nha Trang,mobile_app,6640000.00,seed,2026-03-27T15:32:00+07:00,2026-03-29T14:32:00+07:00
ORD003389,CUS000427,2026-04-19T18:11:00+07:00,completed,Ho Chi Minh City,mobile_app,10355000.00,seed,2026-04-19T18:11:00+07:00,2026-04-20T21:11:00+07:00
ORD003390,CUS000834,2026-05-09T14:12:00+07:00,completed,Can Tho,web,3370000.00,seed,2026-05-09T14:12:00+07:00,2026-05-11T04:12:00+07:00
ORD003391,CUS000186,2026-04-09T14:00:00+07:00,completed,Ho Chi Minh City,web,2448000.00,seed,2026-04-09T14:00:00+07:00,2026-04-10T22:00:00+07:00
ORD003392,CUS000894,2026-01-08T15:45:00+07:00,completed,Vinh,mobile_app,6064000.00,seed,2026-01-08T15:45:00+07:00,2026-01-10T02:45:00+07:00
ORD003393,CUS000021,2026-05-16T21:38:00+07:00,shipped,Da Nang,mobile_app,16219000.00,seed,2026-05-16T21:38:00+07:00,2026-05-17T00:38:00+07:00
ORD003394,CUS000741,2026-01-25T12:37:00+07:00,completed,Nha Trang,mobile_app,3357000.00,seed,2026-01-25T12:37:00+07:00,2026-01-27T02:37:00+07:00
ORD003395,CUS000819,2026-04-26T13:47:00+07:00,shipped,Ho Chi Minh City,web,1899000.00,seed,2026-04-26T13:47:00+07:00,2026-04-27T21:47:00+07:00
ORD003396,CUS000349,2026-06-21T09:52:00+07:00,shipped,Da Nang,social,104500.00,seed,2026-06-21T09:52:00+07:00,2026-06-22T01:52:00+07:00
ORD003397,CUS000451,2026-02-07T18:15:00+07:00,completed,Can Tho,mobile_app,1317500.00,seed,2026-02-07T18:15:00+07:00,2026-02-08T17:15:00+07:00
ORD003398,CUS000508,2026-03-05T11:24:00+07:00,completed,Hanoi,mobile_app,11822000.00,seed,2026-03-05T11:24:00+07:00,2026-03-06T05:24:00+07:00
ORD003399,CUS000211,2026-05-15T20:57:00+07:00,completed,Quang Ninh,mobile_app,12508500.00,seed,2026-05-15T20:57:00+07:00,2026-05-16T19:57:00+07:00
ORD003400,CUS000455,2026-01-12T21:16:00+07:00,completed,Nha Trang,web,1368000.00,seed,2026-01-12T21:16:00+07:00,2026-01-14T09:16:00+07:00
ORD003401,CUS000444,2026-06-14T11:00:00+07:00,completed,Bac Ninh,mobile_app,12334500.00,seed,2026-06-14T11:00:00+07:00,2026-06-14T18:00:00+07:00
ORD003402,CUS000433,2026-06-09T11:25:00+07:00,completed,Nha Trang,web,655500.00,seed,2026-06-09T11:25:00+07:00,2026-06-10T17:25:00+07:00
ORD003403,CUS000324,2026-05-19T09:46:00+07:00,completed,Vinh,web,29522000.00,seed,2026-05-19T09:46:00+07:00,2026-05-19T17:46:00+07:00
ORD003404,CUS000469,2026-03-23T09:48:00+07:00,completed,Da Nang,web,2259500.00,seed,2026-03-23T09:48:00+07:00,2026-03-24T10:48:00+07:00
ORD003405,CUS000662,2026-04-05T12:40:00+07:00,completed,Ho Chi Minh City,web,13666500.00,seed,2026-04-05T12:40:00+07:00,2026-04-06T04:40:00+07:00
ORD003406,CUS000396,2026-04-13T12:31:00+07:00,completed,Vinh,web,33355500.00,seed,2026-04-13T12:31:00+07:00,2026-04-15T11:31:00+07:00
ORD003407,CUS000043,2026-04-05T12:50:00+07:00,completed,Hue,mobile_app,3621000.00,seed,2026-04-05T12:50:00+07:00,2026-04-07T11:50:00+07:00
ORD003408,CUS000676,2026-02-25T20:30:00+07:00,cancelled,Da Nang,mobile_app,10476000.00,seed,2026-02-25T20:30:00+07:00,2026-02-27T08:30:00+07:00
ORD003409,CUS000626,2026-03-10T15:35:00+07:00,completed,Quang Ninh,web,2709000.00,seed,2026-03-10T15:35:00+07:00,2026-03-11T13:35:00+07:00
ORD003410,CUS000700,2026-05-03T19:24:00+07:00,completed,Hue,mobile_app,3040000.00,seed,2026-05-03T19:24:00+07:00,2026-05-04T09:24:00+07:00
ORD003411,CUS000239,2026-05-21T22:54:00+07:00,completed,Da Nang,mobile_app,30093500.00,seed,2026-05-21T22:54:00+07:00,2026-05-23T07:54:00+07:00
ORD003412,CUS000708,2026-06-22T14:16:00+07:00,completed,Da Nang,web,8413500.00,seed,2026-06-22T14:16:00+07:00,2026-06-22T16:16:00+07:00
ORD003413,CUS000138,2026-06-25T12:20:00+07:00,completed,Hanoi,web,17745000.00,seed,2026-06-25T12:20:00+07:00,2026-06-27T12:20:00+07:00
ORD003414,CUS000101,2026-01-26T10:16:00+07:00,completed,Hai Phong,social,3250500.00,seed,2026-01-26T10:16:00+07:00,2026-01-27T18:16:00+07:00
ORD003415,CUS000056,2026-01-18T17:41:00+07:00,completed,Can Tho,web,8774000.00,seed,2026-01-18T17:41:00+07:00,2026-01-19T05:41:00+07:00
ORD003416,CUS000023,2026-04-12T09:35:00+07:00,shipped,Hai Phong,mobile_app,14320000.00,seed,2026-04-12T09:35:00+07:00,2026-04-13T22:35:00+07:00
ORD003417,CUS000545,2026-05-23T22:56:00+07:00,completed,Hue,web,26672000.00,seed,2026-05-23T22:56:00+07:00,2026-05-25T12:56:00+07:00
ORD003418,CUS000062,2026-01-16T22:29:00+07:00,completed,Da Nang,web,1220000.00,seed,2026-01-16T22:29:00+07:00,2026-01-17T23:29:00+07:00
ORD003419,CUS000602,2026-02-08T17:50:00+07:00,completed,Bac Ninh,web,2147000.00,seed,2026-02-08T17:50:00+07:00,2026-02-10T15:50:00+07:00
ORD003420,CUS000538,2026-05-04T21:05:00+07:00,completed,Hue,web,6010500.00,seed,2026-05-04T21:05:00+07:00,2026-05-05T22:05:00+07:00
ORD003421,CUS000574,2026-02-27T22:10:00+07:00,completed,Nha Trang,web,17703000.00,seed,2026-02-27T22:10:00+07:00,2026-02-28T21:10:00+07:00
ORD003422,CUS000175,2026-03-13T22:29:00+07:00,completed,Hue,web,14709000.00,seed,2026-03-13T22:29:00+07:00,2026-03-14T00:29:00+07:00
ORD003423,CUS000372,2026-03-30T11:09:00+07:00,completed,Hue,mobile_app,7392000.00,seed,2026-03-30T11:09:00+07:00,2026-03-31T00:09:00+07:00
ORD003424,CUS000754,2026-04-04T16:25:00+07:00,completed,Hanoi,web,28282000.00,seed,2026-04-04T16:25:00+07:00,2026-04-06T14:25:00+07:00
ORD003425,CUS000900,2026-01-25T11:13:00+07:00,completed,Hanoi,web,14134000.00,seed,2026-01-25T11:13:00+07:00,2026-01-27T02:13:00+07:00
ORD003426,CUS000530,2026-06-04T19:18:00+07:00,completed,Da Nang,web,2360000.00,seed,2026-06-04T19:18:00+07:00,2026-06-06T14:18:00+07:00
ORD003427,CUS000108,2026-01-14T15:59:00+07:00,completed,Can Tho,mobile_app,10523000.00,seed,2026-01-14T15:59:00+07:00,2026-01-16T03:59:00+07:00
ORD003428,CUS000907,2026-02-08T13:39:00+07:00,completed,Quang Ninh,mobile_app,5851500.00,seed,2026-02-08T13:39:00+07:00,2026-02-08T20:39:00+07:00
ORD003429,CUS000751,2026-05-11T16:04:00+07:00,completed,Da Nang,web,25344000.00,seed,2026-05-11T16:04:00+07:00,2026-05-13T03:04:00+07:00
ORD003430,CUS000959,2026-02-08T20:25:00+07:00,shipped,Hanoi,web,19386000.00,seed,2026-02-08T20:25:00+07:00,2026-02-10T11:25:00+07:00
ORD003431,CUS000750,2026-04-03T12:23:00+07:00,completed,Quang Ninh,mobile_app,2935500.00,seed,2026-04-03T12:23:00+07:00,2026-04-03T16:23:00+07:00
ORD003432,CUS000652,2026-01-16T18:02:00+07:00,completed,Vinh,web,12263500.00,seed,2026-01-16T18:02:00+07:00,2026-01-17T12:02:00+07:00
ORD003433,CUS000248,2026-01-15T22:40:00+07:00,completed,Hai Phong,web,21953500.00,seed,2026-01-15T22:40:00+07:00,2026-01-16T07:40:00+07:00
ORD003434,CUS000402,2026-04-10T13:59:00+07:00,completed,Vinh,web,3325000.00,seed,2026-04-10T13:59:00+07:00,2026-04-11T10:59:00+07:00
ORD003435,CUS000306,2026-03-05T18:28:00+07:00,completed,Can Tho,mobile_app,110000.00,seed,2026-03-05T18:28:00+07:00,2026-03-06T12:28:00+07:00
ORD003436,CUS000950,2026-03-19T08:41:00+07:00,completed,Nha Trang,web,2214000.00,seed,2026-03-19T08:41:00+07:00,2026-03-20T06:41:00+07:00
ORD003437,CUS000953,2026-04-17T08:16:00+07:00,pending,Hai Phong,social,11776000.00,seed,2026-04-17T08:16:00+07:00,2026-04-18T20:16:00+07:00
ORD003438,CUS000989,2026-01-01T21:28:00+07:00,completed,Hanoi,web,21360000.00,seed,2026-01-01T21:28:00+07:00,2026-01-03T00:28:00+07:00
ORD003439,CUS000123,2026-01-06T15:27:00+07:00,completed,Bac Ninh,mobile_app,9736000.00,seed,2026-01-06T15:27:00+07:00,2026-01-07T23:27:00+07:00
ORD003440,CUS000894,2026-02-10T15:13:00+07:00,cancelled,Can Tho,web,6660000.00,seed,2026-02-10T15:13:00+07:00,2026-02-12T12:13:00+07:00
ORD003441,CUS000685,2026-04-24T17:33:00+07:00,completed,Can Tho,mobile_app,9435000.00,seed,2026-04-24T17:33:00+07:00,2026-04-25T10:33:00+07:00
ORD003442,CUS000152,2026-02-24T12:44:00+07:00,completed,Da Nang,web,17181500.00,seed,2026-02-24T12:44:00+07:00,2026-02-25T01:44:00+07:00
ORD003443,CUS000375,2026-01-08T16:16:00+07:00,completed,Can Tho,web,378000.00,seed,2026-01-08T16:16:00+07:00,2026-01-09T07:16:00+07:00
ORD003444,CUS000428,2026-01-14T17:43:00+07:00,completed,Ho Chi Minh City,mobile_app,18204000.00,seed,2026-01-14T17:43:00+07:00,2026-01-15T16:43:00+07:00
ORD003445,CUS000464,2026-04-26T12:06:00+07:00,completed,Ho Chi Minh City,mobile_app,31719000.00,seed,2026-04-26T12:06:00+07:00,2026-04-27T06:06:00+07:00
ORD003446,CUS000090,2026-04-01T13:02:00+07:00,completed,Ho Chi Minh City,web,1900000.00,seed,2026-04-01T13:02:00+07:00,2026-04-02T19:02:00+07:00
ORD003447,CUS000964,2026-03-21T22:22:00+07:00,completed,Hue,mobile_app,23598000.00,seed,2026-03-21T22:22:00+07:00,2026-03-22T19:22:00+07:00
ORD003448,CUS000341,2026-01-29T21:28:00+07:00,completed,Bac Ninh,mobile_app,28140500.00,seed,2026-01-29T21:28:00+07:00,2026-01-31T13:28:00+07:00
ORD003449,CUS000831,2026-02-28T12:11:00+07:00,completed,Ho Chi Minh City,mobile_app,5980500.00,seed,2026-02-28T12:11:00+07:00,2026-02-28T12:11:00+07:00
ORD003450,CUS000890,2026-04-06T20:58:00+07:00,completed,Can Tho,mobile_app,12190000.00,seed,2026-04-06T20:58:00+07:00,2026-04-06T20:58:00+07:00
ORD003451,CUS000629,2026-06-27T11:14:00+07:00,completed,Nha Trang,web,3986500.00,seed,2026-06-27T11:14:00+07:00,2026-06-28T11:14:00+07:00
ORD003452,CUS000681,2026-02-05T14:32:00+07:00,shipped,Can Tho,mobile_app,9502500.00,seed,2026-02-05T14:32:00+07:00,2026-02-05T18:32:00+07:00
ORD003453,CUS000475,2026-05-07T17:38:00+07:00,completed,Ho Chi Minh City,mobile_app,26951000.00,seed,2026-05-07T17:38:00+07:00,2026-05-09T03:38:00+07:00
ORD003454,CUS000619,2026-04-19T08:51:00+07:00,completed,Hue,mobile_app,12775500.00,seed,2026-04-19T08:51:00+07:00,2026-04-21T07:51:00+07:00
ORD003455,CUS000546,2026-03-06T15:36:00+07:00,completed,Vinh,mobile_app,1579000.00,seed,2026-03-06T15:36:00+07:00,2026-03-07T01:36:00+07:00
ORD003456,CUS000669,2026-02-28T08:18:00+07:00,completed,Ho Chi Minh City,web,10256000.00,seed,2026-02-28T08:18:00+07:00,2026-03-01T22:18:00+07:00
ORD003457,CUS000623,2026-02-21T08:38:00+07:00,cancelled,Da Nang,web,9566000.00,seed,2026-02-21T08:38:00+07:00,2026-02-23T03:38:00+07:00
ORD003458,CUS000730,2026-03-12T14:52:00+07:00,completed,Ho Chi Minh City,social,7837000.00,seed,2026-03-12T14:52:00+07:00,2026-03-13T22:52:00+07:00
ORD003459,CUS000519,2026-06-20T22:59:00+07:00,completed,Bac Ninh,mobile_app,4901000.00,seed,2026-06-20T22:59:00+07:00,2026-06-21T11:59:00+07:00
ORD003460,CUS000478,2026-03-24T08:45:00+07:00,completed,Vinh,mobile_app,2546000.00,seed,2026-03-24T08:45:00+07:00,2026-03-25T19:45:00+07:00
ORD003461,CUS000369,2026-04-04T22:47:00+07:00,completed,Nha Trang,web,7513500.00,seed,2026-04-04T22:47:00+07:00,2026-04-05T01:47:00+07:00
ORD003462,CUS000591,2026-01-27T10:04:00+07:00,completed,Hai Phong,web,10594000.00,seed,2026-01-27T10:04:00+07:00,2026-01-28T17:04:00+07:00
ORD003463,CUS000252,2026-06-13T09:01:00+07:00,completed,Can Tho,mobile_app,14379500.00,seed,2026-06-13T09:01:00+07:00,2026-06-14T07:01:00+07:00
ORD003464,CUS000503,2026-05-24T10:28:00+07:00,completed,Ho Chi Minh City,mobile_app,9158000.00,seed,2026-05-24T10:28:00+07:00,2026-05-24T10:28:00+07:00
ORD003465,CUS000381,2026-04-22T22:07:00+07:00,completed,Nha Trang,web,7590500.00,seed,2026-04-22T22:07:00+07:00,2026-04-23T20:07:00+07:00
ORD003466,CUS000200,2026-02-07T10:40:00+07:00,confirmed,Quang Ninh,web,10650000.00,seed,2026-02-07T10:40:00+07:00,2026-02-08T07:40:00+07:00
ORD003467,CUS000863,2026-02-10T08:04:00+07:00,shipped,Nha Trang,mobile_app,4601500.00,seed,2026-02-10T08:04:00+07:00,2026-02-11T15:04:00+07:00
ORD003468,CUS000792,2026-03-18T18:49:00+07:00,completed,Ho Chi Minh City,web,750500.00,seed,2026-03-18T18:49:00+07:00,2026-03-20T16:49:00+07:00
ORD003469,CUS000935,2026-03-20T16:32:00+07:00,completed,Hanoi,web,17155500.00,seed,2026-03-20T16:32:00+07:00,2026-03-20T18:32:00+07:00
ORD003470,CUS000280,2026-06-07T22:54:00+07:00,completed,Hanoi,web,30752000.00,seed,2026-06-07T22:54:00+07:00,2026-06-08T16:54:00+07:00
ORD003471,CUS000664,2026-02-20T18:02:00+07:00,completed,Nha Trang,mobile_app,13461000.00,seed,2026-02-20T18:02:00+07:00,2026-02-21T00:02:00+07:00
ORD003472,CUS000732,2026-01-04T14:56:00+07:00,completed,Hai Phong,web,14472000.00,seed,2026-01-04T14:56:00+07:00,2026-01-05T00:56:00+07:00
ORD003473,CUS000388,2026-05-28T20:02:00+07:00,completed,Bac Ninh,mobile_app,4759000.00,seed,2026-05-28T20:02:00+07:00,2026-05-30T17:02:00+07:00
ORD003474,CUS000082,2026-01-22T18:06:00+07:00,completed,Ho Chi Minh City,mobile_app,13424000.00,seed,2026-01-22T18:06:00+07:00,2026-01-24T14:06:00+07:00
ORD003475,CUS000521,2026-04-27T09:43:00+07:00,pending,Quang Ninh,web,10463000.00,seed,2026-04-27T09:43:00+07:00,2026-04-29T04:43:00+07:00
ORD003476,CUS000946,2026-05-28T18:43:00+07:00,shipped,Nha Trang,mobile_app,10627500.00,seed,2026-05-28T18:43:00+07:00,2026-05-29T22:43:00+07:00
ORD003477,CUS000092,2026-02-20T08:51:00+07:00,completed,Hanoi,web,7421500.00,seed,2026-02-20T08:51:00+07:00,2026-02-22T07:51:00+07:00
ORD003478,CUS000017,2026-04-07T10:15:00+07:00,completed,Can Tho,web,15294500.00,seed,2026-04-07T10:15:00+07:00,2026-04-07T18:15:00+07:00
ORD003479,CUS000187,2026-04-15T19:37:00+07:00,completed,Nha Trang,mobile_app,17349500.00,seed,2026-04-15T19:37:00+07:00,2026-04-17T13:37:00+07:00
ORD003480,CUS000322,2026-03-13T21:10:00+07:00,cancelled,Bac Ninh,web,7575000.00,seed,2026-03-13T21:10:00+07:00,2026-03-14T23:10:00+07:00
ORD003481,CUS000764,2026-03-05T14:51:00+07:00,completed,Bac Ninh,web,5786500.00,seed,2026-03-05T14:51:00+07:00,2026-03-07T06:51:00+07:00
ORD003482,CUS000061,2026-02-19T22:36:00+07:00,completed,Vinh,web,2320000.00,seed,2026-02-19T22:36:00+07:00,2026-02-21T15:36:00+07:00
ORD003483,CUS000088,2026-05-28T20:03:00+07:00,completed,Da Nang,mobile_app,12844500.00,seed,2026-05-28T20:03:00+07:00,2026-05-28T23:03:00+07:00
ORD003484,CUS000861,2026-01-10T08:45:00+07:00,completed,Vinh,mobile_app,13343000.00,seed,2026-01-10T08:45:00+07:00,2026-01-11T00:45:00+07:00
ORD003485,CUS000652,2026-05-19T12:08:00+07:00,completed,Nha Trang,mobile_app,5647000.00,seed,2026-05-19T12:08:00+07:00,2026-05-21T08:08:00+07:00
ORD003486,CUS000517,2026-02-13T18:47:00+07:00,completed,Can Tho,web,11998000.00,seed,2026-02-13T18:47:00+07:00,2026-02-13T20:47:00+07:00
ORD003487,CUS000563,2026-04-14T08:14:00+07:00,completed,Bac Ninh,web,15537000.00,seed,2026-04-14T08:14:00+07:00,2026-04-15T10:14:00+07:00
ORD003488,CUS000154,2026-06-18T20:40:00+07:00,shipped,Quang Ninh,social,17876500.00,seed,2026-06-18T20:40:00+07:00,2026-06-20T08:40:00+07:00
ORD003489,CUS000773,2026-01-16T15:01:00+07:00,completed,Vinh,mobile_app,13396500.00,seed,2026-01-16T15:01:00+07:00,2026-01-16T18:01:00+07:00
ORD003490,CUS000221,2026-02-14T17:02:00+07:00,completed,Ho Chi Minh City,web,9560000.00,seed,2026-02-14T17:02:00+07:00,2026-02-15T16:02:00+07:00
ORD003491,CUS000528,2026-02-21T09:36:00+07:00,completed,Nha Trang,mobile_app,960000.00,seed,2026-02-21T09:36:00+07:00,2026-02-22T03:36:00+07:00
ORD003492,CUS000753,2026-06-25T10:09:00+07:00,completed,Bac Ninh,social,11104500.00,seed,2026-06-25T10:09:00+07:00,2026-06-26T12:09:00+07:00
ORD003493,CUS000930,2026-05-30T20:20:00+07:00,completed,Da Nang,web,4500000.00,seed,2026-05-30T20:20:00+07:00,2026-05-31T09:20:00+07:00
ORD003494,CUS000338,2026-01-12T16:21:00+07:00,completed,Nha Trang,mobile_app,19008500.00,seed,2026-01-12T16:21:00+07:00,2026-01-14T08:21:00+07:00
ORD003495,CUS000176,2026-01-04T18:41:00+07:00,confirmed,Bac Ninh,mobile_app,9800000.00,seed,2026-01-04T18:41:00+07:00,2026-01-06T00:41:00+07:00
ORD003496,CUS000852,2026-01-08T20:42:00+07:00,completed,Ho Chi Minh City,web,12613000.00,seed,2026-01-08T20:42:00+07:00,2026-01-09T06:42:00+07:00
ORD003497,CUS000902,2026-01-10T15:34:00+07:00,completed,Vinh,web,27246000.00,seed,2026-01-10T15:34:00+07:00,2026-01-11T00:34:00+07:00
ORD003498,CUS000939,2026-01-06T17:26:00+07:00,completed,Bac Ninh,mobile_app,3432000.00,seed,2026-01-06T17:26:00+07:00,2026-01-07T13:26:00+07:00
ORD003499,CUS000230,2026-03-10T14:27:00+07:00,shipped,Hai Phong,mobile_app,16659000.00,seed,2026-03-10T14:27:00+07:00,2026-03-12T10:27:00+07:00
ORD003500,CUS000805,2026-02-14T15:08:00+07:00,completed,Ho Chi Minh City,web,15760000.00,seed,2026-02-14T15:08:00+07:00,2026-02-16T07:08:00+07:00
ORD003501,CUS000418,2026-03-25T10:46:00+07:00,completed,Can Tho,web,19311000.00,seed,2026-03-25T10:46:00+07:00,2026-03-26T03:46:00+07:00
ORD003502,CUS000487,2026-03-25T21:11:00+07:00,cancelled,Nha Trang,mobile_app,5175000.00,seed,2026-03-25T21:11:00+07:00,2026-03-26T10:11:00+07:00
ORD003503,CUS000042,2026-01-05T08:03:00+07:00,completed,Bac Ninh,web,10611500.00,seed,2026-01-05T08:03:00+07:00,2026-01-05T18:03:00+07:00
ORD003504,CUS000876,2026-05-10T19:17:00+07:00,completed,Quang Ninh,web,6804000.00,seed,2026-05-10T19:17:00+07:00,2026-05-11T20:17:00+07:00
ORD003505,CUS000042,2026-03-18T21:00:00+07:00,completed,Can Tho,web,3612000.00,seed,2026-03-18T21:00:00+07:00,2026-03-19T11:00:00+07:00
ORD003506,CUS000798,2026-05-10T11:15:00+07:00,completed,Can Tho,web,4590000.00,seed,2026-05-10T11:15:00+07:00,2026-05-11T01:15:00+07:00
ORD003507,CUS000274,2026-04-14T13:35:00+07:00,completed,Quang Ninh,mobile_app,13746500.00,seed,2026-04-14T13:35:00+07:00,2026-04-14T13:35:00+07:00
ORD003508,CUS000765,2026-05-26T17:01:00+07:00,completed,Hanoi,mobile_app,12017000.00,seed,2026-05-26T17:01:00+07:00,2026-05-27T05:01:00+07:00
ORD003509,CUS000779,2026-02-01T19:11:00+07:00,completed,Can Tho,web,10408500.00,seed,2026-02-01T19:11:00+07:00,2026-02-03T08:11:00+07:00
ORD003510,CUS000022,2026-03-02T13:55:00+07:00,confirmed,Hai Phong,web,7144000.00,seed,2026-03-02T13:55:00+07:00,2026-03-02T17:55:00+07:00
ORD003511,CUS000757,2026-06-17T16:48:00+07:00,completed,Quang Ninh,social,22740500.00,seed,2026-06-17T16:48:00+07:00,2026-06-19T01:48:00+07:00
ORD003512,CUS000270,2026-03-08T22:11:00+07:00,completed,Hue,mobile_app,9900000.00,seed,2026-03-08T22:11:00+07:00,2026-03-09T00:11:00+07:00
ORD003513,CUS000448,2026-05-22T22:04:00+07:00,completed,Nha Trang,social,13325000.00,seed,2026-05-22T22:04:00+07:00,2026-05-23T05:04:00+07:00
ORD003514,CUS000260,2026-02-24T11:58:00+07:00,completed,Nha Trang,web,11760000.00,seed,2026-02-24T11:58:00+07:00,2026-02-26T01:58:00+07:00
ORD003515,CUS000196,2026-01-23T09:43:00+07:00,completed,Hanoi,mobile_app,18374000.00,seed,2026-01-23T09:43:00+07:00,2026-01-24T13:43:00+07:00
ORD003516,CUS000836,2026-02-28T13:24:00+07:00,completed,Da Nang,mobile_app,5680000.00,seed,2026-02-28T13:24:00+07:00,2026-02-28T20:24:00+07:00
ORD003517,CUS000447,2026-01-08T16:24:00+07:00,shipped,Hai Phong,web,1520000.00,seed,2026-01-08T16:24:00+07:00,2026-01-09T01:24:00+07:00
ORD003518,CUS000474,2026-02-02T08:24:00+07:00,completed,Hue,web,3282000.00,seed,2026-02-02T08:24:00+07:00,2026-02-03T07:24:00+07:00
ORD003519,CUS000580,2026-05-20T21:13:00+07:00,completed,Can Tho,mobile_app,8836500.00,seed,2026-05-20T21:13:00+07:00,2026-05-22T02:13:00+07:00
ORD003520,CUS000517,2026-06-19T13:49:00+07:00,completed,Can Tho,mobile_app,228000.00,seed,2026-06-19T13:49:00+07:00,2026-06-20T03:49:00+07:00
ORD003521,CUS000142,2026-01-31T16:14:00+07:00,completed,Can Tho,mobile_app,15565000.00,seed,2026-01-31T16:14:00+07:00,2026-02-01T17:14:00+07:00
ORD003522,CUS000256,2026-05-26T10:13:00+07:00,shipped,Da Nang,mobile_app,19782500.00,seed,2026-05-26T10:13:00+07:00,2026-05-28T08:13:00+07:00
ORD003523,CUS000082,2026-05-30T08:15:00+07:00,completed,Ho Chi Minh City,social,3190000.00,seed,2026-05-30T08:15:00+07:00,2026-06-01T06:15:00+07:00
ORD003524,CUS000522,2026-02-22T19:03:00+07:00,completed,Hai Phong,web,10074500.00,seed,2026-02-22T19:03:00+07:00,2026-02-22T19:03:00+07:00
ORD003525,CUS000867,2026-02-09T09:07:00+07:00,completed,Vinh,mobile_app,3439000.00,seed,2026-02-09T09:07:00+07:00,2026-02-10T10:07:00+07:00
ORD003526,CUS000797,2026-06-20T19:35:00+07:00,completed,Hue,social,11820500.00,seed,2026-06-20T19:35:00+07:00,2026-06-22T06:35:00+07:00
ORD003527,CUS000236,2026-02-13T10:52:00+07:00,completed,Nha Trang,web,4538500.00,seed,2026-02-13T10:52:00+07:00,2026-02-14T02:52:00+07:00
ORD003528,CUS000309,2026-02-12T20:43:00+07:00,completed,Ho Chi Minh City,web,10184500.00,seed,2026-02-12T20:43:00+07:00,2026-02-14T18:43:00+07:00
ORD003529,CUS000760,2026-01-03T20:22:00+07:00,shipped,Hanoi,web,28364500.00,seed,2026-01-03T20:22:00+07:00,2026-01-05T09:22:00+07:00
ORD003530,CUS000944,2026-03-19T11:26:00+07:00,completed,Ho Chi Minh City,web,7003500.00,seed,2026-03-19T11:26:00+07:00,2026-03-20T00:26:00+07:00
ORD003531,CUS000441,2026-03-04T10:33:00+07:00,completed,Bac Ninh,mobile_app,7570000.00,seed,2026-03-04T10:33:00+07:00,2026-03-06T08:33:00+07:00
ORD003532,CUS000679,2026-04-01T09:20:00+07:00,completed,Vinh,mobile_app,180000.00,seed,2026-04-01T09:20:00+07:00,2026-04-01T10:20:00+07:00
ORD003533,CUS000474,2026-03-16T20:32:00+07:00,completed,Vinh,mobile_app,19460500.00,seed,2026-03-16T20:32:00+07:00,2026-03-17T12:32:00+07:00
ORD003534,CUS000060,2026-02-24T19:34:00+07:00,completed,Hue,web,7621000.00,seed,2026-02-24T19:34:00+07:00,2026-02-26T11:34:00+07:00
ORD003535,CUS000956,2026-02-27T09:31:00+07:00,completed,Hai Phong,web,16272500.00,seed,2026-02-27T09:31:00+07:00,2026-02-28T20:31:00+07:00
ORD003536,CUS000381,2026-02-22T09:21:00+07:00,completed,Hue,mobile_app,5562000.00,seed,2026-02-22T09:21:00+07:00,2026-02-23T03:21:00+07:00
ORD003537,CUS000488,2026-06-24T09:16:00+07:00,completed,Ho Chi Minh City,web,1320500.00,seed,2026-06-24T09:16:00+07:00,2026-06-25T22:16:00+07:00
ORD003538,CUS000374,2026-05-03T13:22:00+07:00,completed,Vinh,web,18981000.00,seed,2026-05-03T13:22:00+07:00,2026-05-04T01:22:00+07:00
ORD003539,CUS000608,2026-02-21T12:01:00+07:00,completed,Hanoi,mobile_app,23655000.00,seed,2026-02-21T12:01:00+07:00,2026-02-21T22:01:00+07:00
ORD003540,CUS000022,2026-03-15T18:26:00+07:00,completed,Hanoi,mobile_app,12985000.00,seed,2026-03-15T18:26:00+07:00,2026-03-15T22:26:00+07:00
ORD003541,CUS000095,2026-06-19T20:41:00+07:00,completed,Ho Chi Minh City,web,9922500.00,seed,2026-06-19T20:41:00+07:00,2026-06-20T19:41:00+07:00
ORD003542,CUS000640,2026-03-03T19:48:00+07:00,completed,Quang Ninh,mobile_app,4977000.00,seed,2026-03-03T19:48:00+07:00,2026-03-05T08:48:00+07:00
ORD003543,CUS000452,2026-05-08T15:01:00+07:00,completed,Nha Trang,social,20720000.00,seed,2026-05-08T15:01:00+07:00,2026-05-09T10:01:00+07:00
ORD003544,CUS000709,2026-05-19T17:11:00+07:00,completed,Nha Trang,mobile_app,11553000.00,seed,2026-05-19T17:11:00+07:00,2026-05-19T23:11:00+07:00
ORD003545,CUS000499,2026-03-16T12:47:00+07:00,completed,Quang Ninh,web,19202000.00,seed,2026-03-16T12:47:00+07:00,2026-03-18T11:47:00+07:00
ORD003546,CUS000841,2026-03-15T14:53:00+07:00,shipped,Bac Ninh,web,12972500.00,seed,2026-03-15T14:53:00+07:00,2026-03-17T06:53:00+07:00
ORD003547,CUS000739,2026-01-17T13:23:00+07:00,completed,Nha Trang,mobile_app,34847500.00,seed,2026-01-17T13:23:00+07:00,2026-01-18T00:23:00+07:00
ORD003548,CUS000601,2026-04-04T08:53:00+07:00,completed,Da Nang,mobile_app,9101000.00,seed,2026-04-04T08:53:00+07:00,2026-04-05T04:53:00+07:00
ORD003549,CUS000421,2026-04-17T14:07:00+07:00,completed,Da Nang,web,10331500.00,seed,2026-04-17T14:07:00+07:00,2026-04-19T02:07:00+07:00
ORD003550,CUS000495,2026-05-26T20:05:00+07:00,completed,Da Nang,web,6763000.00,seed,2026-05-26T20:05:00+07:00,2026-05-27T09:05:00+07:00
ORD003551,CUS000482,2026-06-09T14:26:00+07:00,completed,Hai Phong,mobile_app,22537500.00,seed,2026-06-09T14:26:00+07:00,2026-06-10T13:26:00+07:00
ORD003552,CUS000111,2026-03-02T16:33:00+07:00,completed,Hue,web,3860000.00,seed,2026-03-02T16:33:00+07:00,2026-03-03T21:33:00+07:00
ORD003553,CUS000489,2026-02-25T20:03:00+07:00,completed,Quang Ninh,mobile_app,7146000.00,seed,2026-02-25T20:03:00+07:00,2026-02-27T14:03:00+07:00
ORD003554,CUS000371,2026-01-10T19:06:00+07:00,pending,Da Nang,web,8793500.00,seed,2026-01-10T19:06:00+07:00,2026-01-10T23:06:00+07:00
ORD003555,CUS000912,2026-05-02T14:45:00+07:00,completed,Can Tho,mobile_app,6705000.00,seed,2026-05-02T14:45:00+07:00,2026-05-04T14:45:00+07:00
ORD003556,CUS000877,2026-05-29T17:01:00+07:00,completed,Nha Trang,web,2257500.00,seed,2026-05-29T17:01:00+07:00,2026-05-31T16:01:00+07:00
ORD003557,CUS000439,2026-01-21T13:23:00+07:00,completed,Nha Trang,web,9002500.00,seed,2026-01-21T13:23:00+07:00,2026-01-22T01:23:00+07:00
ORD003558,CUS000026,2026-05-17T10:24:00+07:00,completed,Vinh,web,17789000.00,seed,2026-05-17T10:24:00+07:00,2026-05-18T19:24:00+07:00
ORD003559,CUS000988,2026-05-12T12:36:00+07:00,completed,Vinh,web,877500.00,seed,2026-05-12T12:36:00+07:00,2026-05-14T00:36:00+07:00
ORD003560,CUS000575,2026-03-03T15:36:00+07:00,pending,Da Nang,mobile_app,24396500.00,seed,2026-03-03T15:36:00+07:00,2026-03-04T09:36:00+07:00
ORD003561,CUS000824,2026-02-24T09:13:00+07:00,completed,Bac Ninh,mobile_app,1728000.00,seed,2026-02-24T09:13:00+07:00,2026-02-26T06:13:00+07:00
ORD003562,CUS000646,2026-05-19T10:35:00+07:00,completed,Bac Ninh,web,43030000.00,seed,2026-05-19T10:35:00+07:00,2026-05-20T03:35:00+07:00
ORD003563,CUS000583,2026-05-27T11:51:00+07:00,completed,Hai Phong,web,13652000.00,seed,2026-05-27T11:51:00+07:00,2026-05-29T04:51:00+07:00
ORD003564,CUS000892,2026-06-23T21:07:00+07:00,completed,Hai Phong,web,6734000.00,seed,2026-06-23T21:07:00+07:00,2026-06-24T20:07:00+07:00
ORD003565,CUS000198,2026-06-08T17:48:00+07:00,completed,Quang Ninh,mobile_app,23827000.00,seed,2026-06-08T17:48:00+07:00,2026-06-09T06:48:00+07:00
ORD003566,CUS000653,2026-05-31T08:34:00+07:00,completed,Can Tho,web,21048000.00,seed,2026-05-31T08:34:00+07:00,2026-06-01T22:34:00+07:00
ORD003567,CUS000674,2026-03-17T16:34:00+07:00,completed,Hue,web,9310000.00,seed,2026-03-17T16:34:00+07:00,2026-03-18T11:34:00+07:00
ORD003568,CUS000977,2026-01-17T20:07:00+07:00,completed,Can Tho,web,7135000.00,seed,2026-01-17T20:07:00+07:00,2026-01-19T18:07:00+07:00
ORD003569,CUS000895,2026-03-24T15:53:00+07:00,completed,Vinh,mobile_app,10389000.00,seed,2026-03-24T15:53:00+07:00,2026-03-26T00:53:00+07:00
ORD003570,CUS000309,2026-06-21T21:43:00+07:00,shipped,Hue,mobile_app,20319000.00,seed,2026-06-21T21:43:00+07:00,2026-06-23T16:43:00+07:00
ORD003571,CUS000320,2026-03-28T12:21:00+07:00,completed,Ho Chi Minh City,web,26517000.00,seed,2026-03-28T12:21:00+07:00,2026-03-30T12:21:00+07:00
ORD003572,CUS000703,2026-01-11T21:43:00+07:00,completed,Hue,mobile_app,7871000.00,seed,2026-01-11T21:43:00+07:00,2026-01-12T09:43:00+07:00
ORD003573,CUS000637,2026-05-03T18:41:00+07:00,completed,Nha Trang,mobile_app,780000.00,seed,2026-05-03T18:41:00+07:00,2026-05-05T13:41:00+07:00
ORD003574,CUS000216,2026-03-19T20:22:00+07:00,shipped,Vinh,web,31605000.00,seed,2026-03-19T20:22:00+07:00,2026-03-21T18:22:00+07:00
ORD003575,CUS000545,2026-05-16T10:31:00+07:00,completed,Bac Ninh,mobile_app,12964000.00,seed,2026-05-16T10:31:00+07:00,2026-05-17T21:31:00+07:00
ORD003576,CUS000796,2026-05-22T12:02:00+07:00,completed,Bac Ninh,web,17922000.00,seed,2026-05-22T12:02:00+07:00,2026-05-24T03:02:00+07:00
ORD003577,CUS000058,2026-06-23T21:23:00+07:00,completed,Da Nang,web,11415500.00,seed,2026-06-23T21:23:00+07:00,2026-06-25T00:23:00+07:00
ORD003578,CUS000320,2026-03-19T21:17:00+07:00,completed,Nha Trang,mobile_app,10854500.00,seed,2026-03-19T21:17:00+07:00,2026-03-20T20:17:00+07:00
ORD003579,CUS000994,2026-01-30T20:29:00+07:00,completed,Bac Ninh,social,17154000.00,seed,2026-01-30T20:29:00+07:00,2026-02-01T20:29:00+07:00
ORD003580,CUS000069,2026-06-19T16:49:00+07:00,pending,Can Tho,web,2813500.00,seed,2026-06-19T16:49:00+07:00,2026-06-20T00:49:00+07:00
ORD003581,CUS000686,2026-04-26T11:34:00+07:00,confirmed,Hue,web,11201500.00,seed,2026-04-26T11:34:00+07:00,2026-04-27T06:34:00+07:00
ORD003582,CUS000644,2026-04-22T11:13:00+07:00,cancelled,Quang Ninh,mobile_app,11880000.00,seed,2026-04-22T11:13:00+07:00,2026-04-23T20:13:00+07:00
ORD003583,CUS000315,2026-01-08T22:56:00+07:00,completed,Hue,web,23011500.00,seed,2026-01-08T22:56:00+07:00,2026-01-10T19:56:00+07:00
ORD003584,CUS000276,2026-05-05T16:26:00+07:00,completed,Hanoi,mobile_app,4980000.00,seed,2026-05-05T16:26:00+07:00,2026-05-06T05:26:00+07:00
ORD003585,CUS000687,2026-04-27T09:43:00+07:00,completed,Ho Chi Minh City,mobile_app,5992500.00,seed,2026-04-27T09:43:00+07:00,2026-04-28T07:43:00+07:00
ORD003586,CUS000993,2026-03-22T17:53:00+07:00,completed,Hai Phong,web,3439000.00,seed,2026-03-22T17:53:00+07:00,2026-03-24T04:53:00+07:00
ORD003587,CUS000814,2026-04-02T17:47:00+07:00,confirmed,Ho Chi Minh City,web,6470000.00,seed,2026-04-02T17:47:00+07:00,2026-04-04T05:47:00+07:00
ORD003588,CUS000945,2026-06-24T14:33:00+07:00,completed,Ho Chi Minh City,web,18785000.00,seed,2026-06-24T14:33:00+07:00,2026-06-26T13:33:00+07:00
ORD003589,CUS000005,2026-05-22T16:56:00+07:00,completed,Ho Chi Minh City,web,22599500.00,seed,2026-05-22T16:56:00+07:00,2026-05-23T15:56:00+07:00
ORD003590,CUS000581,2026-03-31T20:16:00+07:00,completed,Vinh,mobile_app,10242500.00,seed,2026-03-31T20:16:00+07:00,2026-04-01T04:16:00+07:00
ORD003591,CUS000368,2026-02-16T08:15:00+07:00,cancelled,Quang Ninh,web,3496000.00,seed,2026-02-16T08:15:00+07:00,2026-02-17T06:15:00+07:00
ORD003592,CUS000885,2026-02-08T16:09:00+07:00,completed,Hanoi,social,6664000.00,seed,2026-02-08T16:09:00+07:00,2026-02-09T12:09:00+07:00
ORD003593,CUS000452,2026-06-27T15:19:00+07:00,completed,Hanoi,social,3670000.00,seed,2026-06-27T15:19:00+07:00,2026-06-28T05:19:00+07:00
ORD003594,CUS000813,2026-02-24T08:56:00+07:00,completed,Nha Trang,mobile_app,15400000.00,seed,2026-02-24T08:56:00+07:00,2026-02-24T21:56:00+07:00
ORD003595,CUS000130,2026-03-19T11:29:00+07:00,completed,Hue,web,12430500.00,seed,2026-03-19T11:29:00+07:00,2026-03-20T14:29:00+07:00
ORD003596,CUS000920,2026-04-01T18:35:00+07:00,completed,Hue,web,657000.00,seed,2026-04-01T18:35:00+07:00,2026-04-03T09:35:00+07:00
ORD003597,CUS000098,2026-06-21T15:20:00+07:00,cancelled,Vinh,web,4779000.00,seed,2026-06-21T15:20:00+07:00,2026-06-22T06:20:00+07:00
ORD003598,CUS000261,2026-06-08T15:43:00+07:00,completed,Da Nang,mobile_app,16989000.00,seed,2026-06-08T15:43:00+07:00,2026-06-10T12:43:00+07:00
ORD003599,CUS000003,2026-02-04T19:18:00+07:00,completed,Hanoi,web,9585500.00,seed,2026-02-04T19:18:00+07:00,2026-02-05T03:18:00+07:00
ORD003600,CUS000801,2026-06-02T22:33:00+07:00,completed,Ho Chi Minh City,social,19726500.00,seed,2026-06-02T22:33:00+07:00,2026-06-04T11:33:00+07:00
ORD003601,CUS000677,2026-04-27T11:24:00+07:00,completed,Hanoi,mobile_app,5072000.00,seed,2026-04-27T11:24:00+07:00,2026-04-28T20:24:00+07:00
ORD003602,CUS000322,2026-04-01T10:44:00+07:00,confirmed,Ho Chi Minh City,web,18063000.00,seed,2026-04-01T10:44:00+07:00,2026-04-01T21:44:00+07:00
ORD003603,CUS000085,2026-04-01T10:03:00+07:00,completed,Ho Chi Minh City,mobile_app,9967500.00,seed,2026-04-01T10:03:00+07:00,2026-04-02T08:03:00+07:00
ORD003604,CUS000131,2026-03-01T15:32:00+07:00,shipped,Hai Phong,web,9454000.00,seed,2026-03-01T15:32:00+07:00,2026-03-03T10:32:00+07:00
ORD003605,CUS000904,2026-03-29T11:54:00+07:00,completed,Hue,mobile_app,18307000.00,seed,2026-03-29T11:54:00+07:00,2026-03-29T18:54:00+07:00
ORD003606,CUS000583,2026-03-30T19:07:00+07:00,completed,Vinh,mobile_app,16012000.00,seed,2026-03-30T19:07:00+07:00,2026-04-01T15:07:00+07:00
ORD003607,CUS000637,2026-05-07T11:18:00+07:00,completed,Vinh,mobile_app,8208000.00,seed,2026-05-07T11:18:00+07:00,2026-05-08T06:18:00+07:00
ORD003608,CUS000221,2026-04-02T09:01:00+07:00,completed,Can Tho,mobile_app,14675500.00,seed,2026-04-02T09:01:00+07:00,2026-04-03T09:01:00+07:00
ORD003609,CUS000861,2026-03-24T12:32:00+07:00,completed,Can Tho,web,14922000.00,seed,2026-03-24T12:32:00+07:00,2026-03-26T06:32:00+07:00
ORD003610,CUS000141,2026-05-29T21:08:00+07:00,completed,Hai Phong,mobile_app,13426000.00,seed,2026-05-29T21:08:00+07:00,2026-05-31T14:08:00+07:00
ORD003611,CUS000368,2026-05-28T15:58:00+07:00,completed,Vinh,web,10960000.00,seed,2026-05-28T15:58:00+07:00,2026-05-29T13:58:00+07:00
ORD003612,CUS000875,2026-04-03T08:47:00+07:00,cancelled,Vinh,web,11140500.00,seed,2026-04-03T08:47:00+07:00,2026-04-04T18:47:00+07:00
ORD003613,CUS000786,2026-05-07T11:20:00+07:00,completed,Hanoi,mobile_app,16556000.00,seed,2026-05-07T11:20:00+07:00,2026-05-08T04:20:00+07:00
ORD003614,CUS000335,2026-05-18T21:08:00+07:00,completed,Ho Chi Minh City,mobile_app,17950000.00,seed,2026-05-18T21:08:00+07:00,2026-05-19T05:08:00+07:00
ORD003615,CUS000966,2026-02-17T09:06:00+07:00,shipped,Can Tho,social,13696000.00,seed,2026-02-17T09:06:00+07:00,2026-02-18T10:06:00+07:00
ORD003616,CUS000125,2026-04-20T08:10:00+07:00,completed,Nha Trang,web,25250500.00,seed,2026-04-20T08:10:00+07:00,2026-04-22T00:10:00+07:00
ORD003617,CUS000841,2026-01-25T12:47:00+07:00,completed,Hanoi,mobile_app,12780000.00,seed,2026-01-25T12:47:00+07:00,2026-01-25T15:47:00+07:00
ORD003618,CUS000895,2026-06-10T08:59:00+07:00,completed,Ho Chi Minh City,web,2403000.00,seed,2026-06-10T08:59:00+07:00,2026-06-11T06:59:00+07:00
ORD003619,CUS000322,2026-02-26T11:34:00+07:00,completed,Vinh,web,2027000.00,seed,2026-02-26T11:34:00+07:00,2026-02-26T21:34:00+07:00
ORD003620,CUS000050,2026-01-07T10:47:00+07:00,completed,Hue,web,26034000.00,seed,2026-01-07T10:47:00+07:00,2026-01-08T05:47:00+07:00
ORD003621,CUS000336,2026-01-02T15:33:00+07:00,completed,Da Nang,web,11694500.00,seed,2026-01-02T15:33:00+07:00,2026-01-03T13:33:00+07:00
ORD003622,CUS000710,2026-02-20T22:38:00+07:00,pending,Bac Ninh,mobile_app,32828000.00,seed,2026-02-20T22:38:00+07:00,2026-02-21T22:38:00+07:00
ORD003623,CUS000837,2026-01-26T10:43:00+07:00,shipped,Bac Ninh,mobile_app,15355500.00,seed,2026-01-26T10:43:00+07:00,2026-01-26T12:43:00+07:00
ORD003624,CUS000856,2026-04-11T12:31:00+07:00,completed,Vinh,mobile_app,6250000.00,seed,2026-04-11T12:31:00+07:00,2026-04-11T18:31:00+07:00
ORD003625,CUS000047,2026-03-05T09:36:00+07:00,shipped,Da Nang,web,1309000.00,seed,2026-03-05T09:36:00+07:00,2026-03-06T07:36:00+07:00
ORD003626,CUS000118,2026-03-23T20:45:00+07:00,completed,Da Nang,mobile_app,26318000.00,seed,2026-03-23T20:45:00+07:00,2026-03-24T12:45:00+07:00
ORD003627,CUS000786,2026-06-19T14:28:00+07:00,completed,Quang Ninh,web,5876000.00,seed,2026-06-19T14:28:00+07:00,2026-06-20T05:28:00+07:00
ORD003628,CUS000753,2026-03-19T16:31:00+07:00,completed,Quang Ninh,social,4362000.00,seed,2026-03-19T16:31:00+07:00,2026-03-20T22:31:00+07:00
ORD003629,CUS000487,2026-02-26T09:08:00+07:00,completed,Hue,mobile_app,30713000.00,seed,2026-02-26T09:08:00+07:00,2026-02-27T17:08:00+07:00
ORD003630,CUS000521,2026-04-29T18:33:00+07:00,completed,Ho Chi Minh City,mobile_app,10408500.00,seed,2026-04-29T18:33:00+07:00,2026-05-01T02:33:00+07:00
ORD003631,CUS000520,2026-05-14T21:07:00+07:00,completed,Da Nang,mobile_app,12828500.00,seed,2026-05-14T21:07:00+07:00,2026-05-16T21:07:00+07:00
ORD003632,CUS000724,2026-06-16T19:14:00+07:00,completed,Bac Ninh,mobile_app,6160000.00,seed,2026-06-16T19:14:00+07:00,2026-06-18T19:14:00+07:00
ORD003633,CUS000162,2026-01-10T15:56:00+07:00,completed,Hanoi,web,11028000.00,seed,2026-01-10T15:56:00+07:00,2026-01-11T00:56:00+07:00
ORD003634,CUS000189,2026-02-08T15:09:00+07:00,shipped,Quang Ninh,web,7104000.00,seed,2026-02-08T15:09:00+07:00,2026-02-09T16:09:00+07:00
ORD003635,CUS000472,2026-01-01T10:01:00+07:00,completed,Hanoi,web,18338000.00,seed,2026-01-01T10:01:00+07:00,2026-01-03T05:01:00+07:00
ORD003636,CUS000965,2026-01-25T10:36:00+07:00,completed,Hai Phong,mobile_app,8151000.00,seed,2026-01-25T10:36:00+07:00,2026-01-26T20:36:00+07:00
ORD003637,CUS000330,2026-05-07T10:59:00+07:00,completed,Quang Ninh,mobile_app,10747500.00,seed,2026-05-07T10:59:00+07:00,2026-05-09T04:59:00+07:00
ORD003638,CUS000659,2026-04-12T13:43:00+07:00,completed,Ho Chi Minh City,mobile_app,2380000.00,seed,2026-04-12T13:43:00+07:00,2026-04-13T21:43:00+07:00
ORD003639,CUS000255,2026-05-01T09:34:00+07:00,completed,Quang Ninh,web,10678000.00,seed,2026-05-01T09:34:00+07:00,2026-05-01T12:34:00+07:00
ORD003640,CUS000287,2026-03-04T21:15:00+07:00,completed,Bac Ninh,mobile_app,9912000.00,seed,2026-03-04T21:15:00+07:00,2026-03-06T07:15:00+07:00
ORD003641,CUS000893,2026-04-10T19:15:00+07:00,completed,Hai Phong,web,23243500.00,seed,2026-04-10T19:15:00+07:00,2026-04-12T04:15:00+07:00
ORD003642,CUS000027,2026-06-08T20:21:00+07:00,completed,Ho Chi Minh City,mobile_app,36744000.00,seed,2026-06-08T20:21:00+07:00,2026-06-09T21:21:00+07:00
ORD003643,CUS000777,2026-05-28T08:43:00+07:00,completed,Hanoi,web,12824500.00,seed,2026-05-28T08:43:00+07:00,2026-05-28T14:43:00+07:00
ORD003644,CUS000649,2026-02-12T20:15:00+07:00,completed,Can Tho,mobile_app,19827000.00,seed,2026-02-12T20:15:00+07:00,2026-02-13T14:15:00+07:00
ORD003645,CUS000338,2026-03-30T22:17:00+07:00,completed,Vinh,mobile_app,18750000.00,seed,2026-03-30T22:17:00+07:00,2026-03-31T16:17:00+07:00
ORD003646,CUS000472,2026-02-16T22:13:00+07:00,shipped,Ho Chi Minh City,web,17917000.00,seed,2026-02-16T22:13:00+07:00,2026-02-17T01:13:00+07:00
ORD003647,CUS000485,2026-06-21T09:41:00+07:00,completed,Da Nang,mobile_app,10753500.00,seed,2026-06-21T09:41:00+07:00,2026-06-22T02:41:00+07:00
ORD003648,CUS000517,2026-04-08T15:20:00+07:00,completed,Quang Ninh,web,12693000.00,seed,2026-04-08T15:20:00+07:00,2026-04-08T22:20:00+07:00
ORD003649,CUS000453,2026-02-19T15:28:00+07:00,completed,Quang Ninh,web,18370000.00,seed,2026-02-19T15:28:00+07:00,2026-02-21T01:28:00+07:00
ORD003650,CUS000966,2026-01-15T13:06:00+07:00,cancelled,Hanoi,web,14931000.00,seed,2026-01-15T13:06:00+07:00,2026-01-15T15:06:00+07:00
ORD003651,CUS000251,2026-04-29T20:55:00+07:00,cancelled,Can Tho,web,3439000.00,seed,2026-04-29T20:55:00+07:00,2026-05-01T14:55:00+07:00
ORD003652,CUS000134,2026-06-10T13:55:00+07:00,completed,Bac Ninh,mobile_app,22710000.00,seed,2026-06-10T13:55:00+07:00,2026-06-11T22:55:00+07:00
ORD003653,CUS000542,2026-03-04T14:00:00+07:00,confirmed,Quang Ninh,web,14058000.00,seed,2026-03-04T14:00:00+07:00,2026-03-05T05:00:00+07:00
ORD003654,CUS000916,2026-06-03T08:06:00+07:00,completed,Da Nang,mobile_app,3600000.00,seed,2026-06-03T08:06:00+07:00,2026-06-04T13:06:00+07:00
ORD003655,CUS000780,2026-02-24T15:40:00+07:00,completed,Hai Phong,web,7776500.00,seed,2026-02-24T15:40:00+07:00,2026-02-24T20:40:00+07:00
ORD003656,CUS000337,2026-04-07T19:43:00+07:00,completed,Bac Ninh,social,11180000.00,seed,2026-04-07T19:43:00+07:00,2026-04-08T00:43:00+07:00
ORD003657,CUS000568,2026-06-07T08:48:00+07:00,completed,Hanoi,web,24088500.00,seed,2026-06-07T08:48:00+07:00,2026-06-07T09:48:00+07:00
ORD003658,CUS000241,2026-02-01T10:58:00+07:00,completed,Bac Ninh,mobile_app,7921000.00,seed,2026-02-01T10:58:00+07:00,2026-02-03T04:58:00+07:00
ORD003659,CUS000091,2026-05-21T09:25:00+07:00,completed,Ho Chi Minh City,mobile_app,10329500.00,seed,2026-05-21T09:25:00+07:00,2026-05-22T02:25:00+07:00
ORD003660,CUS000524,2026-01-22T22:16:00+07:00,completed,Hue,mobile_app,8352500.00,seed,2026-01-22T22:16:00+07:00,2026-01-24T15:16:00+07:00
ORD003661,CUS000394,2026-03-24T17:22:00+07:00,completed,Hanoi,web,9438000.00,seed,2026-03-24T17:22:00+07:00,2026-03-24T23:22:00+07:00
ORD003662,CUS000512,2026-03-26T19:09:00+07:00,completed,Ho Chi Minh City,mobile_app,9312000.00,seed,2026-03-26T19:09:00+07:00,2026-03-27T10:09:00+07:00
ORD003663,CUS000611,2026-06-28T10:53:00+07:00,completed,Hue,mobile_app,2058000.00,seed,2026-06-28T10:53:00+07:00,2026-06-30T06:53:00+07:00
ORD003664,CUS000118,2026-05-30T12:49:00+07:00,cancelled,Nha Trang,web,14860000.00,seed,2026-05-30T12:49:00+07:00,2026-05-31T03:49:00+07:00
ORD003665,CUS000042,2026-05-10T14:37:00+07:00,completed,Vinh,web,16981000.00,seed,2026-05-10T14:37:00+07:00,2026-05-12T02:37:00+07:00
ORD003666,CUS000796,2026-02-22T22:18:00+07:00,completed,Da Nang,web,5372000.00,seed,2026-02-22T22:18:00+07:00,2026-02-23T23:18:00+07:00
ORD003667,CUS000360,2026-03-12T09:22:00+07:00,completed,Vinh,web,26922000.00,seed,2026-03-12T09:22:00+07:00,2026-03-12T11:22:00+07:00
ORD003668,CUS000302,2026-02-07T19:41:00+07:00,shipped,Da Nang,web,31937000.00,seed,2026-02-07T19:41:00+07:00,2026-02-09T08:41:00+07:00
ORD003669,CUS000918,2026-02-17T15:26:00+07:00,pending,Bac Ninh,web,306000.00,seed,2026-02-17T15:26:00+07:00,2026-02-18T14:26:00+07:00
ORD003670,CUS000892,2026-01-22T15:52:00+07:00,completed,Bac Ninh,social,6640000.00,seed,2026-01-22T15:52:00+07:00,2026-01-22T20:52:00+07:00
ORD003671,CUS000748,2026-05-30T14:16:00+07:00,completed,Hai Phong,social,9720000.00,seed,2026-05-30T14:16:00+07:00,2026-05-31T20:16:00+07:00
ORD003672,CUS000930,2026-01-14T15:11:00+07:00,completed,Vinh,web,6970000.00,seed,2026-01-14T15:11:00+07:00,2026-01-16T04:11:00+07:00
ORD003673,CUS000470,2026-02-06T13:25:00+07:00,completed,Hai Phong,mobile_app,14070000.00,seed,2026-02-06T13:25:00+07:00,2026-02-07T11:25:00+07:00
ORD003674,CUS000871,2026-06-13T08:06:00+07:00,confirmed,Nha Trang,web,9441000.00,seed,2026-06-13T08:06:00+07:00,2026-06-13T10:06:00+07:00
ORD003675,CUS000706,2026-02-22T11:12:00+07:00,completed,Hai Phong,mobile_app,17400000.00,seed,2026-02-22T11:12:00+07:00,2026-02-23T00:12:00+07:00
ORD003676,CUS000930,2026-02-10T10:24:00+07:00,completed,Da Nang,mobile_app,7181500.00,seed,2026-02-10T10:24:00+07:00,2026-02-10T15:24:00+07:00
ORD003677,CUS000219,2026-01-14T16:51:00+07:00,completed,Hai Phong,mobile_app,6216500.00,seed,2026-01-14T16:51:00+07:00,2026-01-16T09:51:00+07:00
ORD003678,CUS000809,2026-04-06T10:12:00+07:00,completed,Ho Chi Minh City,mobile_app,10106000.00,seed,2026-04-06T10:12:00+07:00,2026-04-06T23:12:00+07:00
ORD003679,CUS000837,2026-05-07T16:49:00+07:00,completed,Bac Ninh,web,7590000.00,seed,2026-05-07T16:49:00+07:00,2026-05-08T04:49:00+07:00
ORD003680,CUS000551,2026-01-28T19:34:00+07:00,completed,Quang Ninh,mobile_app,11019500.00,seed,2026-01-28T19:34:00+07:00,2026-01-30T18:34:00+07:00
ORD003681,CUS000372,2026-03-05T18:40:00+07:00,completed,Can Tho,mobile_app,5562000.00,seed,2026-03-05T18:40:00+07:00,2026-03-07T17:40:00+07:00
ORD003682,CUS000706,2026-04-19T22:25:00+07:00,completed,Quang Ninh,mobile_app,11228500.00,seed,2026-04-19T22:25:00+07:00,2026-04-21T09:25:00+07:00
ORD003683,CUS000742,2026-01-06T11:02:00+07:00,completed,Quang Ninh,mobile_app,5010000.00,seed,2026-01-06T11:02:00+07:00,2026-01-08T05:02:00+07:00
ORD003684,CUS000662,2026-04-17T12:59:00+07:00,completed,Quang Ninh,mobile_app,29305000.00,seed,2026-04-17T12:59:00+07:00,2026-04-18T08:59:00+07:00
ORD003685,CUS000902,2026-05-21T10:49:00+07:00,completed,Nha Trang,web,26740000.00,seed,2026-05-21T10:49:00+07:00,2026-05-22T23:49:00+07:00
ORD003686,CUS000463,2026-01-14T10:56:00+07:00,completed,Da Nang,mobile_app,3192000.00,seed,2026-01-14T10:56:00+07:00,2026-01-15T10:56:00+07:00
ORD003687,CUS000640,2026-06-04T15:30:00+07:00,completed,Nha Trang,web,7010000.00,seed,2026-06-04T15:30:00+07:00,2026-06-06T09:30:00+07:00
ORD003688,CUS000597,2026-04-20T19:54:00+07:00,confirmed,Hai Phong,social,2227000.00,seed,2026-04-20T19:54:00+07:00,2026-04-21T08:54:00+07:00
ORD003689,CUS000252,2026-01-10T19:49:00+07:00,completed,Hanoi,social,7989000.00,seed,2026-01-10T19:49:00+07:00,2026-01-11T08:49:00+07:00
ORD003690,CUS000262,2026-02-23T09:48:00+07:00,completed,Hue,web,20076000.00,seed,2026-02-23T09:48:00+07:00,2026-02-25T06:48:00+07:00
ORD003691,CUS000789,2026-01-19T11:28:00+07:00,completed,Da Nang,mobile_app,2869000.00,seed,2026-01-19T11:28:00+07:00,2026-01-20T21:28:00+07:00
ORD003692,CUS000805,2026-05-20T11:05:00+07:00,completed,Ho Chi Minh City,mobile_app,10220500.00,seed,2026-05-20T11:05:00+07:00,2026-05-21T13:05:00+07:00
ORD003693,CUS000357,2026-04-15T16:45:00+07:00,completed,Hanoi,mobile_app,3830000.00,seed,2026-04-15T16:45:00+07:00,2026-04-16T01:45:00+07:00
ORD003694,CUS000141,2026-04-30T13:10:00+07:00,completed,Hue,social,6282000.00,seed,2026-04-30T13:10:00+07:00,2026-04-30T22:10:00+07:00
ORD003695,CUS000945,2026-04-26T17:00:00+07:00,completed,Nha Trang,web,18998000.00,seed,2026-04-26T17:00:00+07:00,2026-04-27T03:00:00+07:00
ORD003696,CUS000945,2026-04-26T09:58:00+07:00,completed,Hue,mobile_app,1380000.00,seed,2026-04-26T09:58:00+07:00,2026-04-27T20:58:00+07:00
ORD003697,CUS000450,2026-04-12T19:03:00+07:00,completed,Can Tho,web,14219000.00,seed,2026-04-12T19:03:00+07:00,2026-04-14T07:03:00+07:00
ORD003698,CUS000568,2026-04-13T22:27:00+07:00,completed,Hue,web,26595000.00,seed,2026-04-13T22:27:00+07:00,2026-04-15T15:27:00+07:00
ORD003699,CUS000697,2026-02-22T10:22:00+07:00,completed,Can Tho,web,9820000.00,seed,2026-02-22T10:22:00+07:00,2026-02-23T03:22:00+07:00
ORD003700,CUS000644,2026-01-01T13:24:00+07:00,completed,Hai Phong,mobile_app,19764000.00,seed,2026-01-01T13:24:00+07:00,2026-01-03T01:24:00+07:00
ORD003701,CUS000355,2026-01-29T08:19:00+07:00,completed,Hai Phong,mobile_app,13145500.00,seed,2026-01-29T08:19:00+07:00,2026-01-31T06:19:00+07:00
ORD003702,CUS000396,2026-04-12T13:40:00+07:00,completed,Vinh,mobile_app,25485000.00,seed,2026-04-12T13:40:00+07:00,2026-04-12T15:40:00+07:00
ORD003703,CUS000054,2026-03-14T17:51:00+07:00,completed,Quang Ninh,mobile_app,756000.00,seed,2026-03-14T17:51:00+07:00,2026-03-15T02:51:00+07:00
ORD003704,CUS000301,2026-06-09T09:39:00+07:00,completed,Hai Phong,web,3570000.00,seed,2026-06-09T09:39:00+07:00,2026-06-10T00:39:00+07:00
ORD003705,CUS000172,2026-02-17T18:27:00+07:00,completed,Hanoi,mobile_app,7050000.00,seed,2026-02-17T18:27:00+07:00,2026-02-19T08:27:00+07:00
ORD003706,CUS000512,2026-03-10T09:17:00+07:00,completed,Can Tho,web,7980000.00,seed,2026-03-10T09:17:00+07:00,2026-03-12T00:17:00+07:00
ORD003707,CUS000509,2026-03-07T12:04:00+07:00,confirmed,Nha Trang,mobile_app,7416000.00,seed,2026-03-07T12:04:00+07:00,2026-03-08T06:04:00+07:00
ORD003708,CUS000691,2026-05-31T12:05:00+07:00,completed,Da Nang,mobile_app,26501500.00,seed,2026-05-31T12:05:00+07:00,2026-06-01T12:05:00+07:00
ORD003709,CUS000635,2026-01-22T15:16:00+07:00,completed,Vinh,mobile_app,18916000.00,seed,2026-01-22T15:16:00+07:00,2026-01-22T21:16:00+07:00
ORD003710,CUS000575,2026-04-21T11:08:00+07:00,shipped,Bac Ninh,web,21088000.00,seed,2026-04-21T11:08:00+07:00,2026-04-21T19:08:00+07:00
ORD003711,CUS000281,2026-06-19T19:30:00+07:00,completed,Quang Ninh,mobile_app,11601000.00,seed,2026-06-19T19:30:00+07:00,2026-06-20T07:30:00+07:00
ORD003712,CUS000888,2026-04-19T18:32:00+07:00,completed,Ho Chi Minh City,mobile_app,15118000.00,seed,2026-04-19T18:32:00+07:00,2026-04-20T08:32:00+07:00
ORD003713,CUS000478,2026-01-27T22:04:00+07:00,completed,Da Nang,web,13303500.00,seed,2026-01-27T22:04:00+07:00,2026-01-29T05:04:00+07:00
ORD003714,CUS000787,2026-02-26T17:40:00+07:00,completed,Hue,mobile_app,25604500.00,seed,2026-02-26T17:40:00+07:00,2026-02-28T03:40:00+07:00
ORD003715,CUS000291,2026-05-08T16:12:00+07:00,completed,Hanoi,mobile_app,7286500.00,seed,2026-05-08T16:12:00+07:00,2026-05-08T18:12:00+07:00
ORD003716,CUS000289,2026-05-06T16:08:00+07:00,completed,Can Tho,social,15035000.00,seed,2026-05-06T16:08:00+07:00,2026-05-06T20:08:00+07:00
ORD003717,CUS000338,2026-01-19T12:39:00+07:00,completed,Quang Ninh,web,3863000.00,seed,2026-01-19T12:39:00+07:00,2026-01-19T22:39:00+07:00
ORD003718,CUS000695,2026-02-07T19:25:00+07:00,confirmed,Hai Phong,mobile_app,5803500.00,seed,2026-02-07T19:25:00+07:00,2026-02-08T23:25:00+07:00
ORD003719,CUS000350,2026-02-11T09:42:00+07:00,completed,Can Tho,mobile_app,19513500.00,seed,2026-02-11T09:42:00+07:00,2026-02-12T19:42:00+07:00
ORD003720,CUS000469,2026-05-27T10:34:00+07:00,completed,Vinh,web,6320000.00,seed,2026-05-27T10:34:00+07:00,2026-05-28T21:34:00+07:00
ORD003721,CUS000842,2026-03-04T21:24:00+07:00,shipped,Nha Trang,social,10709500.00,seed,2026-03-04T21:24:00+07:00,2026-03-05T07:24:00+07:00
ORD003722,CUS000996,2026-02-24T17:20:00+07:00,completed,Hue,web,2190000.00,seed,2026-02-24T17:20:00+07:00,2026-02-26T11:20:00+07:00
ORD003723,CUS000471,2026-06-27T16:54:00+07:00,shipped,Hai Phong,social,22752000.00,seed,2026-06-27T16:54:00+07:00,2026-06-29T06:54:00+07:00
ORD003724,CUS000497,2026-04-03T17:48:00+07:00,shipped,Bac Ninh,web,9934000.00,seed,2026-04-03T17:48:00+07:00,2026-04-05T05:48:00+07:00
ORD003725,CUS000237,2026-01-19T19:56:00+07:00,confirmed,Nha Trang,web,6350500.00,seed,2026-01-19T19:56:00+07:00,2026-01-20T05:56:00+07:00
ORD003726,CUS000100,2026-06-14T09:51:00+07:00,completed,Nha Trang,mobile_app,6690000.00,seed,2026-06-14T09:51:00+07:00,2026-06-16T09:51:00+07:00
ORD003727,CUS000772,2026-01-01T17:17:00+07:00,completed,Vinh,mobile_app,2524500.00,seed,2026-01-01T17:17:00+07:00,2026-01-01T19:17:00+07:00
ORD003728,CUS000851,2026-05-29T17:24:00+07:00,shipped,Ho Chi Minh City,web,11169000.00,seed,2026-05-29T17:24:00+07:00,2026-05-30T02:24:00+07:00
ORD003729,CUS000257,2026-03-18T11:55:00+07:00,pending,Vinh,mobile_app,6690000.00,seed,2026-03-18T11:55:00+07:00,2026-03-19T07:55:00+07:00
ORD003730,CUS000842,2026-02-21T16:15:00+07:00,completed,Can Tho,mobile_app,12316000.00,seed,2026-02-21T16:15:00+07:00,2026-02-21T21:15:00+07:00
ORD003731,CUS000024,2026-03-27T14:06:00+07:00,completed,Ho Chi Minh City,mobile_app,6923000.00,seed,2026-03-27T14:06:00+07:00,2026-03-28T19:06:00+07:00
ORD003732,CUS000327,2026-02-16T16:12:00+07:00,completed,Hanoi,mobile_app,2934000.00,seed,2026-02-16T16:12:00+07:00,2026-02-17T07:12:00+07:00
ORD003733,CUS000180,2026-03-15T21:44:00+07:00,completed,Bac Ninh,mobile_app,6280000.00,seed,2026-03-15T21:44:00+07:00,2026-03-16T07:44:00+07:00
ORD003734,CUS000101,2026-05-18T18:44:00+07:00,confirmed,Hai Phong,mobile_app,3374000.00,seed,2026-05-18T18:44:00+07:00,2026-05-20T03:44:00+07:00
ORD003735,CUS000506,2026-05-01T10:29:00+07:00,completed,Hue,mobile_app,19370500.00,seed,2026-05-01T10:29:00+07:00,2026-05-01T21:29:00+07:00
ORD003736,CUS000558,2026-03-08T19:59:00+07:00,completed,Bac Ninh,web,978500.00,seed,2026-03-08T19:59:00+07:00,2026-03-09T14:59:00+07:00
ORD003737,CUS000010,2026-04-24T15:02:00+07:00,completed,Bac Ninh,mobile_app,3400000.00,seed,2026-04-24T15:02:00+07:00,2026-04-25T22:02:00+07:00
ORD003738,CUS000211,2026-03-05T09:29:00+07:00,completed,Ho Chi Minh City,web,9775000.00,seed,2026-03-05T09:29:00+07:00,2026-03-06T18:29:00+07:00
ORD003739,CUS000539,2026-01-09T21:08:00+07:00,shipped,Hai Phong,web,11019500.00,seed,2026-01-09T21:08:00+07:00,2026-01-11T00:08:00+07:00
ORD003740,CUS000704,2026-03-19T14:38:00+07:00,completed,Hanoi,mobile_app,13643000.00,seed,2026-03-19T14:38:00+07:00,2026-03-20T17:38:00+07:00
ORD003741,CUS000747,2026-03-08T11:35:00+07:00,completed,Vinh,social,12403500.00,seed,2026-03-08T11:35:00+07:00,2026-03-09T08:35:00+07:00
ORD003742,CUS000551,2026-05-29T12:15:00+07:00,completed,Ho Chi Minh City,mobile_app,17802000.00,seed,2026-05-29T12:15:00+07:00,2026-05-30T04:15:00+07:00
ORD003743,CUS000689,2026-05-24T18:20:00+07:00,completed,Ho Chi Minh City,social,16820000.00,seed,2026-05-24T18:20:00+07:00,2026-05-26T16:20:00+07:00
ORD003744,CUS000979,2026-02-02T22:46:00+07:00,pending,Quang Ninh,mobile_app,13816000.00,seed,2026-02-02T22:46:00+07:00,2026-02-04T03:46:00+07:00
ORD003745,CUS000017,2026-03-26T20:23:00+07:00,completed,Hanoi,mobile_app,9102000.00,seed,2026-03-26T20:23:00+07:00,2026-03-28T16:23:00+07:00
ORD003746,CUS000815,2026-02-25T08:46:00+07:00,completed,Bac Ninh,mobile_app,8059500.00,seed,2026-02-25T08:46:00+07:00,2026-02-25T19:46:00+07:00
ORD003747,CUS000746,2026-03-26T19:07:00+07:00,shipped,Ho Chi Minh City,mobile_app,20641000.00,seed,2026-03-26T19:07:00+07:00,2026-03-28T03:07:00+07:00
ORD003748,CUS000429,2026-05-05T15:13:00+07:00,completed,Hai Phong,mobile_app,7397000.00,seed,2026-05-05T15:13:00+07:00,2026-05-07T00:13:00+07:00
ORD003749,CUS000469,2026-03-26T14:25:00+07:00,completed,Da Nang,mobile_app,10753000.00,seed,2026-03-26T14:25:00+07:00,2026-03-27T11:25:00+07:00
ORD003750,CUS000936,2026-06-17T16:59:00+07:00,completed,Bac Ninh,mobile_app,7258000.00,seed,2026-06-17T16:59:00+07:00,2026-06-19T05:59:00+07:00
ORD003751,CUS000465,2026-03-25T19:31:00+07:00,completed,Hanoi,mobile_app,18404500.00,seed,2026-03-25T19:31:00+07:00,2026-03-26T00:31:00+07:00
ORD003752,CUS000464,2026-03-01T09:47:00+07:00,completed,Ho Chi Minh City,mobile_app,6553500.00,seed,2026-03-01T09:47:00+07:00,2026-03-03T02:47:00+07:00
ORD003753,CUS000573,2026-01-28T22:33:00+07:00,confirmed,Vinh,mobile_app,4721000.00,seed,2026-01-28T22:33:00+07:00,2026-01-29T00:33:00+07:00
ORD003754,CUS000911,2026-04-27T12:45:00+07:00,cancelled,Can Tho,web,9252000.00,seed,2026-04-27T12:45:00+07:00,2026-04-28T20:45:00+07:00
ORD003755,CUS000893,2026-04-03T09:37:00+07:00,completed,Nha Trang,web,12751000.00,seed,2026-04-03T09:37:00+07:00,2026-04-05T08:37:00+07:00
ORD003756,CUS000894,2026-02-04T14:01:00+07:00,completed,Hue,mobile_app,1079500.00,seed,2026-02-04T14:01:00+07:00,2026-02-06T12:01:00+07:00
ORD003757,CUS000983,2026-01-30T17:58:00+07:00,completed,Quang Ninh,web,8360000.00,seed,2026-01-30T17:58:00+07:00,2026-02-01T15:58:00+07:00
ORD003758,CUS000118,2026-03-12T20:49:00+07:00,confirmed,Hanoi,mobile_app,19781000.00,seed,2026-03-12T20:49:00+07:00,2026-03-14T06:49:00+07:00
ORD003759,CUS000207,2026-02-27T13:18:00+07:00,shipped,Hai Phong,mobile_app,7675000.00,seed,2026-02-27T13:18:00+07:00,2026-03-01T00:18:00+07:00
ORD003760,CUS000892,2026-03-13T12:23:00+07:00,pending,Da Nang,social,31498500.00,seed,2026-03-13T12:23:00+07:00,2026-03-14T20:23:00+07:00
ORD003761,CUS000046,2026-05-24T15:23:00+07:00,completed,Vinh,web,4401500.00,seed,2026-05-24T15:23:00+07:00,2026-05-26T11:23:00+07:00
ORD003762,CUS000852,2026-02-27T14:12:00+07:00,completed,Ho Chi Minh City,web,11650000.00,seed,2026-02-27T14:12:00+07:00,2026-03-01T09:12:00+07:00
ORD003763,CUS000256,2026-01-28T20:46:00+07:00,completed,Hai Phong,mobile_app,20079000.00,seed,2026-01-28T20:46:00+07:00,2026-01-29T00:46:00+07:00
ORD003764,CUS000467,2026-06-22T12:58:00+07:00,completed,Can Tho,web,7710000.00,seed,2026-06-22T12:58:00+07:00,2026-06-22T16:58:00+07:00
ORD003765,CUS000870,2026-05-10T22:33:00+07:00,completed,Vinh,mobile_app,24252000.00,seed,2026-05-10T22:33:00+07:00,2026-05-12T09:33:00+07:00
ORD003766,CUS000779,2026-01-15T09:56:00+07:00,completed,Quang Ninh,web,22311500.00,seed,2026-01-15T09:56:00+07:00,2026-01-16T03:56:00+07:00
ORD003767,CUS000736,2026-01-01T19:20:00+07:00,completed,Can Tho,mobile_app,28195000.00,seed,2026-01-01T19:20:00+07:00,2026-01-02T04:20:00+07:00
ORD003768,CUS000852,2026-01-28T20:45:00+07:00,completed,Da Nang,web,27753000.00,seed,2026-01-28T20:45:00+07:00,2026-01-29T06:45:00+07:00
ORD003769,CUS000029,2026-04-03T18:10:00+07:00,completed,Nha Trang,mobile_app,7780000.00,seed,2026-04-03T18:10:00+07:00,2026-04-04T12:10:00+07:00
ORD003770,CUS000230,2026-01-28T13:51:00+07:00,completed,Da Nang,web,15508000.00,seed,2026-01-28T13:51:00+07:00,2026-01-29T23:51:00+07:00
ORD003771,CUS000589,2026-06-02T17:48:00+07:00,completed,Quang Ninh,mobile_app,7240000.00,seed,2026-06-02T17:48:00+07:00,2026-06-04T15:48:00+07:00
ORD003772,CUS000213,2026-05-12T12:45:00+07:00,completed,Hanoi,mobile_app,7619000.00,seed,2026-05-12T12:45:00+07:00,2026-05-13T00:45:00+07:00
ORD003773,CUS000991,2026-04-04T12:59:00+07:00,confirmed,Nha Trang,social,10109000.00,seed,2026-04-04T12:59:00+07:00,2026-04-05T23:59:00+07:00
ORD003774,CUS000109,2026-02-19T16:40:00+07:00,completed,Nha Trang,web,14140000.00,seed,2026-02-19T16:40:00+07:00,2026-02-20T12:40:00+07:00
ORD003775,CUS000736,2026-03-20T13:42:00+07:00,completed,Hanoi,web,41167000.00,seed,2026-03-20T13:42:00+07:00,2026-03-21T23:42:00+07:00
ORD003776,CUS000915,2026-03-26T08:57:00+07:00,completed,Hai Phong,social,3350500.00,seed,2026-03-26T08:57:00+07:00,2026-03-26T14:57:00+07:00
ORD003777,CUS000047,2026-06-07T22:46:00+07:00,completed,Da Nang,web,12729500.00,seed,2026-06-07T22:46:00+07:00,2026-06-08T00:46:00+07:00
ORD003778,CUS000431,2026-03-12T14:03:00+07:00,shipped,Hai Phong,mobile_app,7004000.00,seed,2026-03-12T14:03:00+07:00,2026-03-13T03:03:00+07:00
ORD003779,CUS000179,2026-01-14T09:17:00+07:00,completed,Hanoi,web,11860500.00,seed,2026-01-14T09:17:00+07:00,2026-01-14T17:17:00+07:00
ORD003780,CUS000729,2026-02-25T16:37:00+07:00,completed,Can Tho,web,24604500.00,seed,2026-02-25T16:37:00+07:00,2026-02-26T17:37:00+07:00
ORD003781,CUS000058,2026-02-03T13:17:00+07:00,completed,Can Tho,web,5629500.00,seed,2026-02-03T13:17:00+07:00,2026-02-04T07:17:00+07:00
ORD003782,CUS000547,2026-04-06T22:12:00+07:00,completed,Bac Ninh,mobile_app,5970000.00,seed,2026-04-06T22:12:00+07:00,2026-04-07T17:12:00+07:00
ORD003783,CUS000334,2026-01-13T13:56:00+07:00,completed,Bac Ninh,mobile_app,19151000.00,seed,2026-01-13T13:56:00+07:00,2026-01-15T01:56:00+07:00
ORD003784,CUS000315,2026-04-25T08:47:00+07:00,completed,Da Nang,web,3873000.00,seed,2026-04-25T08:47:00+07:00,2026-04-26T01:47:00+07:00
ORD003785,CUS000698,2026-06-03T20:13:00+07:00,completed,Da Nang,social,741000.00,seed,2026-06-03T20:13:00+07:00,2026-06-04T18:13:00+07:00
ORD003786,CUS000214,2026-01-03T22:35:00+07:00,confirmed,Nha Trang,mobile_app,8690000.00,seed,2026-01-03T22:35:00+07:00,2026-01-04T09:35:00+07:00
ORD003787,CUS000280,2026-01-03T12:45:00+07:00,cancelled,Hai Phong,mobile_app,25863000.00,seed,2026-01-03T12:45:00+07:00,2026-01-03T23:45:00+07:00
ORD003788,CUS000959,2026-03-08T19:15:00+07:00,completed,Ho Chi Minh City,web,18786000.00,seed,2026-03-08T19:15:00+07:00,2026-03-09T14:15:00+07:00
ORD003789,CUS000434,2026-05-16T21:38:00+07:00,completed,Quang Ninh,mobile_app,17757000.00,seed,2026-05-16T21:38:00+07:00,2026-05-18T01:38:00+07:00
ORD003790,CUS000909,2026-03-24T21:26:00+07:00,completed,Nha Trang,web,2550000.00,seed,2026-03-24T21:26:00+07:00,2026-03-26T03:26:00+07:00
ORD003791,CUS000945,2026-03-17T14:20:00+07:00,completed,Ho Chi Minh City,web,6543000.00,seed,2026-03-17T14:20:00+07:00,2026-03-18T20:20:00+07:00
ORD003792,CUS000555,2026-02-21T13:42:00+07:00,completed,Nha Trang,mobile_app,1270000.00,seed,2026-02-21T13:42:00+07:00,2026-02-23T02:42:00+07:00
ORD003793,CUS000677,2026-03-04T13:49:00+07:00,completed,Can Tho,mobile_app,7630000.00,seed,2026-03-04T13:49:00+07:00,2026-03-04T17:49:00+07:00
ORD003794,CUS000533,2026-05-20T15:00:00+07:00,completed,Can Tho,mobile_app,16851000.00,seed,2026-05-20T15:00:00+07:00,2026-05-22T07:00:00+07:00
ORD003795,CUS000669,2026-04-27T13:40:00+07:00,confirmed,Hai Phong,web,4343500.00,seed,2026-04-27T13:40:00+07:00,2026-04-27T23:40:00+07:00
ORD003796,CUS000873,2026-01-11T09:58:00+07:00,pending,Nha Trang,web,9910000.00,seed,2026-01-11T09:58:00+07:00,2026-01-12T00:58:00+07:00
ORD003797,CUS000647,2026-03-13T22:18:00+07:00,pending,Quang Ninh,mobile_app,19401500.00,seed,2026-03-13T22:18:00+07:00,2026-03-14T04:18:00+07:00
ORD003798,CUS000184,2026-04-08T11:08:00+07:00,completed,Quang Ninh,web,17888500.00,seed,2026-04-08T11:08:00+07:00,2026-04-09T11:08:00+07:00
ORD003799,CUS000441,2026-01-01T18:11:00+07:00,completed,Vinh,web,15457000.00,seed,2026-01-01T18:11:00+07:00,2026-01-03T07:11:00+07:00
ORD003800,CUS000292,2026-06-05T18:42:00+07:00,completed,Vinh,mobile_app,11777500.00,seed,2026-06-05T18:42:00+07:00,2026-06-05T20:42:00+07:00
ORD003801,CUS000939,2026-04-23T14:43:00+07:00,completed,Nha Trang,mobile_app,10688000.00,seed,2026-04-23T14:43:00+07:00,2026-04-24T17:43:00+07:00
ORD003802,CUS000894,2026-05-28T15:21:00+07:00,completed,Ho Chi Minh City,mobile_app,16320000.00,seed,2026-05-28T15:21:00+07:00,2026-05-29T15:21:00+07:00
ORD003803,CUS000862,2026-05-20T13:16:00+07:00,completed,Hanoi,web,7726500.00,seed,2026-05-20T13:16:00+07:00,2026-05-20T16:16:00+07:00
ORD003804,CUS000492,2026-03-21T08:47:00+07:00,completed,Bac Ninh,web,9142500.00,seed,2026-03-21T08:47:00+07:00,2026-03-22T16:47:00+07:00
ORD003805,CUS000886,2026-01-05T08:18:00+07:00,confirmed,Da Nang,web,9041500.00,seed,2026-01-05T08:18:00+07:00,2026-01-07T03:18:00+07:00
ORD003806,CUS000010,2026-04-29T17:37:00+07:00,confirmed,Quang Ninh,web,28604000.00,seed,2026-04-29T17:37:00+07:00,2026-05-01T12:37:00+07:00
ORD003807,CUS000242,2026-01-25T08:58:00+07:00,completed,Hue,mobile_app,12030500.00,seed,2026-01-25T08:58:00+07:00,2026-01-27T03:58:00+07:00
ORD003808,CUS000466,2026-04-25T20:23:00+07:00,completed,Vinh,mobile_app,13740000.00,seed,2026-04-25T20:23:00+07:00,2026-04-27T01:23:00+07:00
ORD003809,CUS000257,2026-02-20T08:49:00+07:00,completed,Bac Ninh,mobile_app,19530000.00,seed,2026-02-20T08:49:00+07:00,2026-02-21T15:49:00+07:00
ORD003810,CUS000030,2026-05-21T16:44:00+07:00,completed,Hai Phong,mobile_app,14875000.00,seed,2026-05-21T16:44:00+07:00,2026-05-22T18:44:00+07:00
ORD003811,CUS000817,2026-04-28T15:34:00+07:00,shipped,Hanoi,web,5610000.00,seed,2026-04-28T15:34:00+07:00,2026-04-29T20:34:00+07:00
ORD003812,CUS000896,2026-01-10T16:55:00+07:00,completed,Da Nang,mobile_app,8340000.00,seed,2026-01-10T16:55:00+07:00,2026-01-10T17:55:00+07:00
ORD003813,CUS000583,2026-05-07T13:23:00+07:00,completed,Ho Chi Minh City,web,23550000.00,seed,2026-05-07T13:23:00+07:00,2026-05-09T12:23:00+07:00
ORD003814,CUS000405,2026-05-23T08:35:00+07:00,completed,Bac Ninh,mobile_app,14137000.00,seed,2026-05-23T08:35:00+07:00,2026-05-24T22:35:00+07:00
ORD003815,CUS000962,2026-06-04T19:56:00+07:00,shipped,Vinh,mobile_app,8957500.00,seed,2026-06-04T19:56:00+07:00,2026-06-06T05:56:00+07:00
ORD003816,CUS000452,2026-06-13T22:52:00+07:00,completed,Quang Ninh,mobile_app,14527500.00,seed,2026-06-13T22:52:00+07:00,2026-06-15T05:52:00+07:00
ORD003817,CUS000943,2026-03-09T10:07:00+07:00,pending,Can Tho,social,5877000.00,seed,2026-03-09T10:07:00+07:00,2026-03-10T14:07:00+07:00
ORD003818,CUS000447,2026-06-04T18:02:00+07:00,completed,Bac Ninh,mobile_app,2432000.00,seed,2026-06-04T18:02:00+07:00,2026-06-06T16:02:00+07:00
ORD003819,CUS000403,2026-06-02T12:58:00+07:00,completed,Hai Phong,web,30781500.00,seed,2026-06-02T12:58:00+07:00,2026-06-04T00:58:00+07:00
ORD003820,CUS000681,2026-04-10T13:56:00+07:00,completed,Can Tho,mobile_app,15234000.00,seed,2026-04-10T13:56:00+07:00,2026-04-12T11:56:00+07:00
ORD003821,CUS000132,2026-04-27T22:12:00+07:00,completed,Quang Ninh,web,16675500.00,seed,2026-04-27T22:12:00+07:00,2026-04-28T23:12:00+07:00
ORD003822,CUS000951,2026-03-12T21:23:00+07:00,completed,Nha Trang,mobile_app,17177500.00,seed,2026-03-12T21:23:00+07:00,2026-03-13T13:23:00+07:00
ORD003823,CUS000064,2026-03-22T10:27:00+07:00,completed,Bac Ninh,social,20182500.00,seed,2026-03-22T10:27:00+07:00,2026-03-23T15:27:00+07:00
ORD003824,CUS000532,2026-04-04T15:33:00+07:00,shipped,Hanoi,mobile_app,14964500.00,seed,2026-04-04T15:33:00+07:00,2026-04-06T12:33:00+07:00
ORD003825,CUS000878,2026-01-27T12:11:00+07:00,cancelled,Nha Trang,web,11052000.00,seed,2026-01-27T12:11:00+07:00,2026-01-28T02:11:00+07:00
ORD003826,CUS000025,2026-01-07T10:55:00+07:00,shipped,Bac Ninh,mobile_app,20867000.00,seed,2026-01-07T10:55:00+07:00,2026-01-08T15:55:00+07:00
ORD003827,CUS000176,2026-03-16T20:13:00+07:00,completed,Ho Chi Minh City,mobile_app,2511000.00,seed,2026-03-16T20:13:00+07:00,2026-03-17T02:13:00+07:00
ORD003828,CUS000175,2026-05-09T22:14:00+07:00,completed,Can Tho,mobile_app,15376000.00,seed,2026-05-09T22:14:00+07:00,2026-05-10T12:14:00+07:00
ORD003829,CUS000307,2026-05-25T17:23:00+07:00,completed,Nha Trang,web,4700000.00,seed,2026-05-25T17:23:00+07:00,2026-05-26T16:23:00+07:00
ORD003830,CUS000772,2026-03-07T18:38:00+07:00,cancelled,Vinh,web,8262000.00,seed,2026-03-07T18:38:00+07:00,2026-03-09T14:38:00+07:00
ORD003831,CUS000398,2026-06-22T20:54:00+07:00,completed,Da Nang,web,9157000.00,seed,2026-06-22T20:54:00+07:00,2026-06-23T05:54:00+07:00
ORD003832,CUS000516,2026-05-17T22:12:00+07:00,cancelled,Hue,mobile_app,33810500.00,seed,2026-05-17T22:12:00+07:00,2026-05-19T10:12:00+07:00
ORD003833,CUS000822,2026-05-17T09:15:00+07:00,completed,Hai Phong,web,1170000.00,seed,2026-05-17T09:15:00+07:00,2026-05-18T07:15:00+07:00
ORD003834,CUS000289,2026-04-30T10:33:00+07:00,completed,Hanoi,mobile_app,7685000.00,seed,2026-04-30T10:33:00+07:00,2026-05-02T01:33:00+07:00
ORD003835,CUS000981,2026-01-14T21:28:00+07:00,completed,Ho Chi Minh City,mobile_app,17031000.00,seed,2026-01-14T21:28:00+07:00,2026-01-15T18:28:00+07:00
ORD003836,CUS000898,2026-01-16T21:14:00+07:00,shipped,Ho Chi Minh City,social,18800000.00,seed,2026-01-16T21:14:00+07:00,2026-01-18T21:14:00+07:00
ORD003837,CUS000290,2026-04-23T11:09:00+07:00,shipped,Hai Phong,web,9510000.00,seed,2026-04-23T11:09:00+07:00,2026-04-25T09:09:00+07:00
ORD003838,CUS000426,2026-06-04T15:47:00+07:00,completed,Hai Phong,mobile_app,13083000.00,seed,2026-06-04T15:47:00+07:00,2026-06-06T08:47:00+07:00
ORD003839,CUS000944,2026-06-10T22:57:00+07:00,confirmed,Hanoi,web,22491000.00,seed,2026-06-10T22:57:00+07:00,2026-06-11T15:57:00+07:00
ORD003840,CUS000523,2026-02-04T22:46:00+07:00,completed,Vinh,mobile_app,11763000.00,seed,2026-02-04T22:46:00+07:00,2026-02-04T23:46:00+07:00
ORD003841,CUS000705,2026-06-28T14:02:00+07:00,completed,Vinh,mobile_app,19560000.00,seed,2026-06-28T14:02:00+07:00,2026-06-29T20:02:00+07:00
ORD003842,CUS000349,2026-03-02T10:23:00+07:00,completed,Da Nang,mobile_app,25303000.00,seed,2026-03-02T10:23:00+07:00,2026-03-03T06:23:00+07:00
ORD003843,CUS000167,2026-06-28T18:08:00+07:00,completed,Hai Phong,mobile_app,21663000.00,seed,2026-06-28T18:08:00+07:00,2026-06-30T15:08:00+07:00
ORD003844,CUS000470,2026-04-08T22:41:00+07:00,completed,Can Tho,mobile_app,13076000.00,seed,2026-04-08T22:41:00+07:00,2026-04-08T23:41:00+07:00
ORD003845,CUS000290,2026-04-29T09:42:00+07:00,completed,Quang Ninh,mobile_app,7425000.00,seed,2026-04-29T09:42:00+07:00,2026-04-30T15:42:00+07:00
ORD003846,CUS000105,2026-01-07T21:52:00+07:00,completed,Da Nang,web,17680000.00,seed,2026-01-07T21:52:00+07:00,2026-01-08T04:52:00+07:00
ORD003847,CUS000220,2026-04-24T17:30:00+07:00,completed,Bac Ninh,web,9822000.00,seed,2026-04-24T17:30:00+07:00,2026-04-25T05:30:00+07:00
ORD003848,CUS000798,2026-05-04T16:02:00+07:00,completed,Ho Chi Minh City,web,1615000.00,seed,2026-05-04T16:02:00+07:00,2026-05-06T10:02:00+07:00
ORD003849,CUS000495,2026-01-12T11:23:00+07:00,completed,Hanoi,mobile_app,18288500.00,seed,2026-01-12T11:23:00+07:00,2026-01-13T19:23:00+07:00
ORD003850,CUS000183,2026-06-23T12:33:00+07:00,completed,Nha Trang,web,1999000.00,seed,2026-06-23T12:33:00+07:00,2026-06-23T22:33:00+07:00
ORD003851,CUS000738,2026-01-15T22:06:00+07:00,completed,Hai Phong,mobile_app,13451500.00,seed,2026-01-15T22:06:00+07:00,2026-01-16T11:06:00+07:00
ORD003852,CUS000972,2026-02-07T21:10:00+07:00,cancelled,Can Tho,web,5898500.00,seed,2026-02-07T21:10:00+07:00,2026-02-08T11:10:00+07:00
ORD003853,CUS000042,2026-05-30T13:21:00+07:00,completed,Bac Ninh,mobile_app,13305000.00,seed,2026-05-30T13:21:00+07:00,2026-05-31T17:21:00+07:00
ORD003854,CUS000741,2026-05-24T22:59:00+07:00,completed,Quang Ninh,mobile_app,15917500.00,seed,2026-05-24T22:59:00+07:00,2026-05-25T21:59:00+07:00
ORD003855,CUS000957,2026-04-13T21:30:00+07:00,completed,Nha Trang,mobile_app,18805500.00,seed,2026-04-13T21:30:00+07:00,2026-04-15T20:30:00+07:00
ORD003856,CUS000479,2026-06-21T16:31:00+07:00,completed,Ho Chi Minh City,mobile_app,4383000.00,seed,2026-06-21T16:31:00+07:00,2026-06-22T05:31:00+07:00
ORD003857,CUS000286,2026-01-27T21:25:00+07:00,confirmed,Bac Ninh,mobile_app,14126500.00,seed,2026-01-27T21:25:00+07:00,2026-01-28T07:25:00+07:00
ORD003858,CUS000920,2026-02-07T13:03:00+07:00,completed,Ho Chi Minh City,web,12537000.00,seed,2026-02-07T13:03:00+07:00,2026-02-08T20:03:00+07:00
ORD003859,CUS000427,2026-02-19T19:23:00+07:00,completed,Da Nang,web,16408000.00,seed,2026-02-19T19:23:00+07:00,2026-02-21T09:23:00+07:00
ORD003860,CUS000190,2026-02-09T09:01:00+07:00,completed,Can Tho,mobile_app,8645000.00,seed,2026-02-09T09:01:00+07:00,2026-02-11T03:01:00+07:00
ORD003861,CUS000135,2026-04-20T19:00:00+07:00,completed,Hai Phong,web,20099000.00,seed,2026-04-20T19:00:00+07:00,2026-04-22T03:00:00+07:00
ORD003862,CUS000220,2026-06-03T18:26:00+07:00,pending,Quang Ninh,mobile_app,9902500.00,seed,2026-06-03T18:26:00+07:00,2026-06-04T06:26:00+07:00
ORD003863,CUS000822,2026-06-04T18:11:00+07:00,completed,Da Nang,mobile_app,16174500.00,seed,2026-06-04T18:11:00+07:00,2026-06-06T07:11:00+07:00
ORD003864,CUS000399,2026-05-04T21:04:00+07:00,completed,Nha Trang,social,16266000.00,seed,2026-05-04T21:04:00+07:00,2026-05-06T07:04:00+07:00
ORD003865,CUS000244,2026-02-23T20:42:00+07:00,shipped,Hue,web,6336000.00,seed,2026-02-23T20:42:00+07:00,2026-02-25T17:42:00+07:00
ORD003866,CUS000699,2026-04-21T08:17:00+07:00,confirmed,Bac Ninh,mobile_app,26976500.00,seed,2026-04-21T08:17:00+07:00,2026-04-22T15:17:00+07:00
ORD003867,CUS000922,2026-04-13T17:05:00+07:00,completed,Nha Trang,web,3978000.00,seed,2026-04-13T17:05:00+07:00,2026-04-14T13:05:00+07:00
ORD003868,CUS000722,2026-04-26T13:21:00+07:00,completed,Can Tho,mobile_app,9360500.00,seed,2026-04-26T13:21:00+07:00,2026-04-28T13:21:00+07:00
ORD003869,CUS000942,2026-04-22T20:28:00+07:00,completed,Da Nang,social,12269500.00,seed,2026-04-22T20:28:00+07:00,2026-04-24T04:28:00+07:00
ORD003870,CUS000035,2026-05-07T16:03:00+07:00,completed,Ho Chi Minh City,web,10565000.00,seed,2026-05-07T16:03:00+07:00,2026-05-08T02:03:00+07:00
ORD003871,CUS000998,2026-01-01T09:42:00+07:00,completed,Quang Ninh,web,16665500.00,seed,2026-01-01T09:42:00+07:00,2026-01-02T11:42:00+07:00
ORD003872,CUS000663,2026-04-15T21:17:00+07:00,completed,Ho Chi Minh City,web,12120000.00,seed,2026-04-15T21:17:00+07:00,2026-04-17T07:17:00+07:00
ORD003873,CUS000155,2026-03-04T09:24:00+07:00,completed,Bac Ninh,mobile_app,4075500.00,seed,2026-03-04T09:24:00+07:00,2026-03-05T03:24:00+07:00
ORD003874,CUS000440,2026-04-06T10:46:00+07:00,completed,Ho Chi Minh City,social,19033000.00,seed,2026-04-06T10:46:00+07:00,2026-04-06T13:46:00+07:00
ORD003875,CUS000703,2026-03-24T14:21:00+07:00,cancelled,Nha Trang,mobile_app,10300000.00,seed,2026-03-24T14:21:00+07:00,2026-03-26T11:21:00+07:00
ORD003876,CUS000383,2026-01-22T11:41:00+07:00,shipped,Ho Chi Minh City,social,24876000.00,seed,2026-01-22T11:41:00+07:00,2026-01-24T02:41:00+07:00
ORD003877,CUS000250,2026-05-27T13:53:00+07:00,confirmed,Ho Chi Minh City,web,4828500.00,seed,2026-05-27T13:53:00+07:00,2026-05-29T03:53:00+07:00
ORD003878,CUS000631,2026-01-14T19:42:00+07:00,completed,Hanoi,mobile_app,26809500.00,seed,2026-01-14T19:42:00+07:00,2026-01-15T09:42:00+07:00
ORD003879,CUS000005,2026-02-25T13:45:00+07:00,completed,Hanoi,social,3887000.00,seed,2026-02-25T13:45:00+07:00,2026-02-26T14:45:00+07:00
ORD003880,CUS000208,2026-02-15T20:41:00+07:00,completed,Can Tho,mobile_app,10943500.00,seed,2026-02-15T20:41:00+07:00,2026-02-17T02:41:00+07:00
ORD003881,CUS000041,2026-05-31T22:10:00+07:00,completed,Hue,social,26182000.00,seed,2026-05-31T22:10:00+07:00,2026-06-01T08:10:00+07:00
ORD003882,CUS000948,2026-03-08T20:11:00+07:00,shipped,Da Nang,web,2412000.00,seed,2026-03-08T20:11:00+07:00,2026-03-10T12:11:00+07:00
ORD003883,CUS000407,2026-06-18T21:35:00+07:00,completed,Ho Chi Minh City,web,2190000.00,seed,2026-06-18T21:35:00+07:00,2026-06-20T06:35:00+07:00
ORD003884,CUS000362,2026-04-12T20:59:00+07:00,completed,Hanoi,mobile_app,35509500.00,seed,2026-04-12T20:59:00+07:00,2026-04-12T22:59:00+07:00
ORD003885,CUS000608,2026-05-07T16:24:00+07:00,completed,Hue,mobile_app,5076000.00,seed,2026-05-07T16:24:00+07:00,2026-05-08T00:24:00+07:00
ORD003886,CUS000936,2026-04-24T20:23:00+07:00,completed,Quang Ninh,mobile_app,17150500.00,seed,2026-04-24T20:23:00+07:00,2026-04-26T13:23:00+07:00
ORD003887,CUS000978,2026-06-21T20:09:00+07:00,completed,Hai Phong,web,21140500.00,seed,2026-06-21T20:09:00+07:00,2026-06-23T07:09:00+07:00
ORD003888,CUS000377,2026-03-07T10:01:00+07:00,completed,Hue,web,30381000.00,seed,2026-03-07T10:01:00+07:00,2026-03-08T03:01:00+07:00
ORD003889,CUS000866,2026-03-02T08:34:00+07:00,completed,Vinh,social,8208000.00,seed,2026-03-02T08:34:00+07:00,2026-03-03T22:34:00+07:00
ORD003890,CUS000155,2026-01-16T13:27:00+07:00,completed,Da Nang,mobile_app,10547000.00,seed,2026-01-16T13:27:00+07:00,2026-01-18T09:27:00+07:00
ORD003891,CUS000761,2026-04-07T10:06:00+07:00,completed,Can Tho,mobile_app,332500.00,seed,2026-04-07T10:06:00+07:00,2026-04-09T01:06:00+07:00
ORD003892,CUS000211,2026-06-12T21:30:00+07:00,completed,Bac Ninh,mobile_app,4148000.00,seed,2026-06-12T21:30:00+07:00,2026-06-14T18:30:00+07:00
ORD003893,CUS000132,2026-02-17T13:45:00+07:00,completed,Quang Ninh,mobile_app,15288000.00,seed,2026-02-17T13:45:00+07:00,2026-02-18T05:45:00+07:00
ORD003894,CUS000065,2026-06-07T16:18:00+07:00,completed,Can Tho,web,7009500.00,seed,2026-06-07T16:18:00+07:00,2026-06-08T11:18:00+07:00
ORD003895,CUS000672,2026-03-08T18:05:00+07:00,confirmed,Bac Ninh,web,18434500.00,seed,2026-03-08T18:05:00+07:00,2026-03-10T01:05:00+07:00
ORD003896,CUS000756,2026-04-14T08:55:00+07:00,completed,Can Tho,mobile_app,4759500.00,seed,2026-04-14T08:55:00+07:00,2026-04-15T15:55:00+07:00
ORD003897,CUS000996,2026-04-12T16:15:00+07:00,completed,Bac Ninh,social,7850000.00,seed,2026-04-12T16:15:00+07:00,2026-04-13T06:15:00+07:00
ORD003898,CUS000182,2026-03-24T16:55:00+07:00,completed,Bac Ninh,social,20040000.00,seed,2026-03-24T16:55:00+07:00,2026-03-25T00:55:00+07:00
ORD003899,CUS000721,2026-05-03T20:05:00+07:00,completed,Vinh,social,6700000.00,seed,2026-05-03T20:05:00+07:00,2026-05-05T14:05:00+07:00
ORD003900,CUS000347,2026-02-26T21:54:00+07:00,completed,Ho Chi Minh City,mobile_app,11871500.00,seed,2026-02-26T21:54:00+07:00,2026-02-27T13:54:00+07:00
ORD003901,CUS000726,2026-04-22T21:15:00+07:00,completed,Hue,mobile_app,19414000.00,seed,2026-04-22T21:15:00+07:00,2026-04-24T04:15:00+07:00
ORD003902,CUS000864,2026-01-08T15:55:00+07:00,shipped,Hue,web,25348500.00,seed,2026-01-08T15:55:00+07:00,2026-01-10T08:55:00+07:00
ORD003903,CUS000495,2026-02-14T17:01:00+07:00,shipped,Ho Chi Minh City,web,18084000.00,seed,2026-02-14T17:01:00+07:00,2026-02-15T03:01:00+07:00
ORD003904,CUS000870,2026-01-29T17:29:00+07:00,shipped,Da Nang,social,16870000.00,seed,2026-01-29T17:29:00+07:00,2026-01-30T08:29:00+07:00
ORD003905,CUS000271,2026-03-08T21:08:00+07:00,completed,Ho Chi Minh City,mobile_app,3572000.00,seed,2026-03-08T21:08:00+07:00,2026-03-10T20:08:00+07:00
ORD003906,CUS000157,2026-01-27T21:55:00+07:00,cancelled,Bac Ninh,social,21468500.00,seed,2026-01-27T21:55:00+07:00,2026-01-28T16:55:00+07:00
ORD003907,CUS000248,2026-03-23T19:39:00+07:00,completed,Da Nang,web,22187000.00,seed,2026-03-23T19:39:00+07:00,2026-03-25T00:39:00+07:00
ORD003908,CUS000383,2026-02-04T16:59:00+07:00,completed,Vinh,web,800000.00,seed,2026-02-04T16:59:00+07:00,2026-02-04T21:59:00+07:00
ORD003909,CUS000314,2026-06-12T19:24:00+07:00,shipped,Nha Trang,mobile_app,4531500.00,seed,2026-06-12T19:24:00+07:00,2026-06-14T16:24:00+07:00
ORD003910,CUS000485,2026-06-20T18:50:00+07:00,completed,Hai Phong,web,10505000.00,seed,2026-06-20T18:50:00+07:00,2026-06-21T02:50:00+07:00
ORD003911,CUS000188,2026-04-02T08:49:00+07:00,shipped,Bac Ninh,web,10550000.00,seed,2026-04-02T08:49:00+07:00,2026-04-04T05:49:00+07:00
ORD003912,CUS000904,2026-02-20T15:37:00+07:00,completed,Can Tho,web,12758500.00,seed,2026-02-20T15:37:00+07:00,2026-02-21T16:37:00+07:00
ORD003913,CUS000882,2026-01-24T20:17:00+07:00,completed,Hanoi,social,21716000.00,seed,2026-01-24T20:17:00+07:00,2026-01-26T16:17:00+07:00
ORD003914,CUS000290,2026-02-27T12:42:00+07:00,completed,Bac Ninh,mobile_app,11642000.00,seed,2026-02-27T12:42:00+07:00,2026-03-01T09:42:00+07:00
ORD003915,CUS000911,2026-04-22T11:49:00+07:00,completed,Da Nang,mobile_app,9431500.00,seed,2026-04-22T11:49:00+07:00,2026-04-23T05:49:00+07:00
ORD003916,CUS000956,2026-06-17T09:28:00+07:00,shipped,Can Tho,mobile_app,23619500.00,seed,2026-06-17T09:28:00+07:00,2026-06-18T07:28:00+07:00
ORD003917,CUS000980,2026-01-05T15:05:00+07:00,completed,Bac Ninh,social,7960000.00,seed,2026-01-05T15:05:00+07:00,2026-01-07T12:05:00+07:00
ORD003918,CUS000581,2026-02-14T20:31:00+07:00,completed,Hanoi,mobile_app,6200000.00,seed,2026-02-14T20:31:00+07:00,2026-02-15T17:31:00+07:00
ORD003919,CUS000172,2026-06-18T12:02:00+07:00,shipped,Hai Phong,mobile_app,12780000.00,seed,2026-06-18T12:02:00+07:00,2026-06-20T10:02:00+07:00
ORD003920,CUS000575,2026-01-06T08:10:00+07:00,pending,Quang Ninh,web,10229500.00,seed,2026-01-06T08:10:00+07:00,2026-01-08T00:10:00+07:00
ORD003921,CUS000142,2026-05-06T17:55:00+07:00,shipped,Hanoi,mobile_app,3360000.00,seed,2026-05-06T17:55:00+07:00,2026-05-06T18:55:00+07:00
ORD003922,CUS000173,2026-05-18T13:29:00+07:00,completed,Hanoi,mobile_app,17758500.00,seed,2026-05-18T13:29:00+07:00,2026-05-19T03:29:00+07:00
ORD003923,CUS000358,2026-03-18T09:17:00+07:00,completed,Vinh,web,6672000.00,seed,2026-03-18T09:17:00+07:00,2026-03-18T18:17:00+07:00
ORD003924,CUS000675,2026-06-06T12:35:00+07:00,shipped,Bac Ninh,mobile_app,4674000.00,seed,2026-06-06T12:35:00+07:00,2026-06-07T01:35:00+07:00
ORD003925,CUS000786,2026-05-19T12:28:00+07:00,completed,Nha Trang,social,1909500.00,seed,2026-05-19T12:28:00+07:00,2026-05-19T16:28:00+07:00
ORD003926,CUS000089,2026-04-01T13:56:00+07:00,completed,Hai Phong,web,13895000.00,seed,2026-04-01T13:56:00+07:00,2026-04-01T20:56:00+07:00
ORD003927,CUS000794,2026-02-16T16:48:00+07:00,completed,Can Tho,web,14290000.00,seed,2026-02-16T16:48:00+07:00,2026-02-16T20:48:00+07:00
ORD003928,CUS000852,2026-05-03T08:54:00+07:00,completed,Da Nang,mobile_app,2260000.00,seed,2026-05-03T08:54:00+07:00,2026-05-04T04:54:00+07:00
ORD003929,CUS000029,2026-06-21T23:00:00+07:00,completed,Can Tho,social,22063000.00,seed,2026-06-21T23:00:00+07:00,2026-06-22T04:00:00+07:00
ORD003930,CUS000776,2026-06-09T08:08:00+07:00,completed,Hue,mobile_app,3094000.00,seed,2026-06-09T08:08:00+07:00,2026-06-10T07:08:00+07:00
ORD003931,CUS000386,2026-05-21T11:57:00+07:00,completed,Bac Ninh,web,6470000.00,seed,2026-05-21T11:57:00+07:00,2026-05-23T10:57:00+07:00
ORD003932,CUS000388,2026-06-28T14:44:00+07:00,completed,Hanoi,mobile_app,21055000.00,seed,2026-06-28T14:44:00+07:00,2026-06-30T12:44:00+07:00
ORD003933,CUS000951,2026-03-03T08:43:00+07:00,completed,Hai Phong,mobile_app,2660000.00,seed,2026-03-03T08:43:00+07:00,2026-03-03T22:43:00+07:00
ORD003934,CUS000806,2026-04-30T09:02:00+07:00,completed,Ho Chi Minh City,mobile_app,24789000.00,seed,2026-04-30T09:02:00+07:00,2026-04-30T14:02:00+07:00
ORD003935,CUS000305,2026-04-17T17:14:00+07:00,completed,Bac Ninh,mobile_app,14398000.00,seed,2026-04-17T17:14:00+07:00,2026-04-18T21:14:00+07:00
ORD003936,CUS000896,2026-01-13T18:49:00+07:00,shipped,Hai Phong,mobile_app,6279500.00,seed,2026-01-13T18:49:00+07:00,2026-01-14T17:49:00+07:00
ORD003937,CUS000229,2026-04-09T22:34:00+07:00,completed,Hanoi,mobile_app,20846500.00,seed,2026-04-09T22:34:00+07:00,2026-04-10T08:34:00+07:00
ORD003938,CUS000111,2026-04-01T13:08:00+07:00,completed,Can Tho,web,6709000.00,seed,2026-04-01T13:08:00+07:00,2026-04-01T22:08:00+07:00
ORD003939,CUS000716,2026-02-23T16:06:00+07:00,completed,Vinh,web,13266000.00,seed,2026-02-23T16:06:00+07:00,2026-02-25T10:06:00+07:00
ORD003940,CUS000522,2026-03-05T10:57:00+07:00,completed,Bac Ninh,mobile_app,20786000.00,seed,2026-03-05T10:57:00+07:00,2026-03-05T21:57:00+07:00
ORD003941,CUS000473,2026-04-19T19:50:00+07:00,completed,Da Nang,mobile_app,7324500.00,seed,2026-04-19T19:50:00+07:00,2026-04-21T03:50:00+07:00
ORD003942,CUS000590,2026-01-18T09:37:00+07:00,completed,Da Nang,web,8605000.00,seed,2026-01-18T09:37:00+07:00,2026-01-19T11:37:00+07:00
ORD003943,CUS000226,2026-01-05T17:17:00+07:00,completed,Da Nang,mobile_app,31182000.00,seed,2026-01-05T17:17:00+07:00,2026-01-05T21:17:00+07:00
ORD003944,CUS000014,2026-02-11T22:30:00+07:00,shipped,Hue,web,17869000.00,seed,2026-02-11T22:30:00+07:00,2026-02-12T22:30:00+07:00
ORD003945,CUS000796,2026-04-04T22:12:00+07:00,completed,Hanoi,mobile_app,7723000.00,seed,2026-04-04T22:12:00+07:00,2026-04-04T22:12:00+07:00
ORD003946,CUS000112,2026-03-30T20:10:00+07:00,completed,Hue,mobile_app,880000.00,seed,2026-03-30T20:10:00+07:00,2026-03-31T15:10:00+07:00
ORD003947,CUS000572,2026-03-07T20:59:00+07:00,completed,Can Tho,social,24978000.00,seed,2026-03-07T20:59:00+07:00,2026-03-09T20:59:00+07:00
ORD003948,CUS000218,2026-04-03T20:23:00+07:00,completed,Vinh,social,11624000.00,seed,2026-04-03T20:23:00+07:00,2026-04-04T04:23:00+07:00
ORD003949,CUS000225,2026-01-11T21:29:00+07:00,completed,Hanoi,web,6681000.00,seed,2026-01-11T21:29:00+07:00,2026-01-12T10:29:00+07:00
ORD003950,CUS000736,2026-03-06T11:23:00+07:00,completed,Hanoi,mobile_app,3770000.00,seed,2026-03-06T11:23:00+07:00,2026-03-06T13:23:00+07:00
ORD003951,CUS000592,2026-05-22T19:44:00+07:00,completed,Bac Ninh,mobile_app,3689000.00,seed,2026-05-22T19:44:00+07:00,2026-05-23T14:44:00+07:00
ORD003952,CUS000305,2026-02-03T16:15:00+07:00,completed,Can Tho,mobile_app,38069000.00,seed,2026-02-03T16:15:00+07:00,2026-02-05T09:15:00+07:00
ORD003953,CUS000404,2026-01-05T21:32:00+07:00,completed,Hue,mobile_app,15764000.00,seed,2026-01-05T21:32:00+07:00,2026-01-07T16:32:00+07:00
ORD003954,CUS000506,2026-01-30T18:30:00+07:00,completed,Hue,social,5540000.00,seed,2026-01-30T18:30:00+07:00,2026-02-01T07:30:00+07:00
ORD003955,CUS000544,2026-02-04T16:30:00+07:00,completed,Hai Phong,web,1800000.00,seed,2026-02-04T16:30:00+07:00,2026-02-05T09:30:00+07:00
ORD003956,CUS000384,2026-05-25T16:46:00+07:00,completed,Nha Trang,mobile_app,11317000.00,seed,2026-05-25T16:46:00+07:00,2026-05-26T20:46:00+07:00
ORD003957,CUS000472,2026-02-23T18:49:00+07:00,completed,Ho Chi Minh City,web,4338000.00,seed,2026-02-23T18:49:00+07:00,2026-02-24T03:49:00+07:00
ORD003958,CUS000296,2026-04-06T22:00:00+07:00,completed,Hanoi,web,10020000.00,seed,2026-04-06T22:00:00+07:00,2026-04-08T13:00:00+07:00
ORD003959,CUS000153,2026-06-26T16:13:00+07:00,shipped,Nha Trang,mobile_app,221000.00,seed,2026-06-26T16:13:00+07:00,2026-06-26T22:13:00+07:00
ORD003960,CUS000861,2026-03-22T08:31:00+07:00,completed,Ho Chi Minh City,mobile_app,3356000.00,seed,2026-03-22T08:31:00+07:00,2026-03-24T08:31:00+07:00
ORD003961,CUS000001,2026-05-25T10:48:00+07:00,completed,Nha Trang,web,3429500.00,seed,2026-05-25T10:48:00+07:00,2026-05-26T17:48:00+07:00
ORD003962,CUS000419,2026-03-07T15:42:00+07:00,completed,Nha Trang,web,6887500.00,seed,2026-03-07T15:42:00+07:00,2026-03-07T15:42:00+07:00
ORD003963,CUS000107,2026-06-11T21:09:00+07:00,completed,Bac Ninh,web,11634000.00,seed,2026-06-11T21:09:00+07:00,2026-06-12T17:09:00+07:00
ORD003964,CUS000874,2026-01-24T11:11:00+07:00,completed,Quang Ninh,web,16740000.00,seed,2026-01-24T11:11:00+07:00,2026-01-25T03:11:00+07:00
ORD003965,CUS000145,2026-03-04T13:58:00+07:00,shipped,Bac Ninh,web,19540000.00,seed,2026-03-04T13:58:00+07:00,2026-03-05T20:58:00+07:00
ORD003966,CUS000850,2026-04-09T18:50:00+07:00,completed,Bac Ninh,mobile_app,15266000.00,seed,2026-04-09T18:50:00+07:00,2026-04-11T06:50:00+07:00
ORD003967,CUS000220,2026-06-18T20:42:00+07:00,completed,Bac Ninh,social,6340500.00,seed,2026-06-18T20:42:00+07:00,2026-06-19T06:42:00+07:00
ORD003968,CUS000723,2026-03-09T08:34:00+07:00,completed,Can Tho,web,5003500.00,seed,2026-03-09T08:34:00+07:00,2026-03-09T19:34:00+07:00
ORD003969,CUS000496,2026-01-10T12:37:00+07:00,completed,Nha Trang,mobile_app,18119000.00,seed,2026-01-10T12:37:00+07:00,2026-01-11T17:37:00+07:00
ORD003970,CUS000523,2026-06-11T19:59:00+07:00,cancelled,Ho Chi Minh City,mobile_app,7686500.00,seed,2026-06-11T19:59:00+07:00,2026-06-12T19:59:00+07:00
ORD003971,CUS000707,2026-05-27T22:49:00+07:00,completed,Da Nang,mobile_app,32020000.00,seed,2026-05-27T22:49:00+07:00,2026-05-29T01:49:00+07:00
ORD003972,CUS000711,2026-05-16T21:37:00+07:00,completed,Can Tho,web,27771500.00,seed,2026-05-16T21:37:00+07:00,2026-05-18T06:37:00+07:00
ORD003973,CUS000139,2026-06-23T19:30:00+07:00,shipped,Hanoi,web,15202000.00,seed,2026-06-23T19:30:00+07:00,2026-06-25T17:30:00+07:00
ORD003974,CUS000716,2026-04-03T13:21:00+07:00,completed,Ho Chi Minh City,mobile_app,8917500.00,seed,2026-04-03T13:21:00+07:00,2026-04-04T01:21:00+07:00
ORD003975,CUS000346,2026-06-09T13:17:00+07:00,completed,Hanoi,social,3809000.00,seed,2026-06-09T13:17:00+07:00,2026-06-11T11:17:00+07:00
ORD003976,CUS000656,2026-04-07T21:46:00+07:00,completed,Hanoi,web,21390000.00,seed,2026-04-07T21:46:00+07:00,2026-04-09T14:46:00+07:00
ORD003977,CUS000184,2026-05-27T22:24:00+07:00,confirmed,Ho Chi Minh City,web,6880500.00,seed,2026-05-27T22:24:00+07:00,2026-05-29T17:24:00+07:00
ORD003978,CUS000700,2026-01-25T13:48:00+07:00,completed,Vinh,web,8836000.00,seed,2026-01-25T13:48:00+07:00,2026-01-26T22:48:00+07:00
ORD003979,CUS000854,2026-04-08T22:21:00+07:00,completed,Hanoi,mobile_app,26621000.00,seed,2026-04-08T22:21:00+07:00,2026-04-10T12:21:00+07:00
ORD003980,CUS000756,2026-05-18T22:16:00+07:00,completed,Can Tho,web,3868000.00,seed,2026-05-18T22:16:00+07:00,2026-05-20T01:16:00+07:00
ORD003981,CUS000772,2026-06-05T18:04:00+07:00,completed,Da Nang,web,14465500.00,seed,2026-06-05T18:04:00+07:00,2026-06-07T07:04:00+07:00
ORD003982,CUS000669,2026-04-18T15:19:00+07:00,completed,Hai Phong,web,12426000.00,seed,2026-04-18T15:19:00+07:00,2026-04-19T21:19:00+07:00
ORD003983,CUS000744,2026-06-06T21:02:00+07:00,confirmed,Da Nang,mobile_app,26238000.00,seed,2026-06-06T21:02:00+07:00,2026-06-07T10:02:00+07:00
ORD003984,CUS000226,2026-02-01T09:52:00+07:00,completed,Nha Trang,mobile_app,6668000.00,seed,2026-02-01T09:52:00+07:00,2026-02-02T06:52:00+07:00
ORD003985,CUS000525,2026-06-19T08:27:00+07:00,completed,Da Nang,web,17949000.00,seed,2026-06-19T08:27:00+07:00,2026-06-20T12:27:00+07:00
ORD003986,CUS000787,2026-02-27T18:22:00+07:00,completed,Ho Chi Minh City,mobile_app,21878500.00,seed,2026-02-27T18:22:00+07:00,2026-02-28T17:22:00+07:00
ORD003987,CUS000905,2026-04-30T19:03:00+07:00,cancelled,Hanoi,social,16790000.00,seed,2026-04-30T19:03:00+07:00,2026-05-02T10:03:00+07:00
ORD003988,CUS000802,2026-05-30T18:12:00+07:00,completed,Quang Ninh,mobile_app,8765000.00,seed,2026-05-30T18:12:00+07:00,2026-05-31T12:12:00+07:00
ORD003989,CUS000479,2026-04-30T11:19:00+07:00,completed,Nha Trang,social,3931000.00,seed,2026-04-30T11:19:00+07:00,2026-05-01T09:19:00+07:00
ORD003990,CUS000765,2026-05-22T21:25:00+07:00,completed,Bac Ninh,mobile_app,18489000.00,seed,2026-05-22T21:25:00+07:00,2026-05-24T13:25:00+07:00
ORD003991,CUS000452,2026-02-25T16:19:00+07:00,cancelled,Vinh,mobile_app,14609000.00,seed,2026-02-25T16:19:00+07:00,2026-02-25T22:19:00+07:00
ORD003992,CUS000850,2026-01-07T19:16:00+07:00,completed,Da Nang,mobile_app,7323500.00,seed,2026-01-07T19:16:00+07:00,2026-01-08T18:16:00+07:00
ORD003993,CUS000550,2026-05-05T12:56:00+07:00,completed,Can Tho,web,24074500.00,seed,2026-05-05T12:56:00+07:00,2026-05-07T03:56:00+07:00
ORD003994,CUS000454,2026-03-27T21:55:00+07:00,completed,Hai Phong,mobile_app,1035500.00,seed,2026-03-27T21:55:00+07:00,2026-03-28T01:55:00+07:00
ORD003995,CUS000556,2026-05-13T22:49:00+07:00,completed,Vinh,web,20089000.00,seed,2026-05-13T22:49:00+07:00,2026-05-15T22:49:00+07:00
ORD003996,CUS000188,2026-02-14T21:18:00+07:00,completed,Hanoi,mobile_app,8499500.00,seed,2026-02-14T21:18:00+07:00,2026-02-14T22:18:00+07:00
ORD003997,CUS000148,2026-05-13T13:55:00+07:00,completed,Nha Trang,mobile_app,13734000.00,seed,2026-05-13T13:55:00+07:00,2026-05-14T20:55:00+07:00
ORD003998,CUS000166,2026-03-18T13:08:00+07:00,completed,Da Nang,mobile_app,17686500.00,seed,2026-03-18T13:08:00+07:00,2026-03-19T03:08:00+07:00
ORD003999,CUS000032,2026-03-04T12:23:00+07:00,completed,Ho Chi Minh City,web,6162500.00,seed,2026-03-04T12:23:00+07:00,2026-03-05T07:23:00+07:00
ORD004000,CUS000263,2026-04-03T08:16:00+07:00,completed,Can Tho,mobile_app,21538000.00,seed,2026-04-03T08:16:00+07:00,2026-04-03T22:16:00+07:00
ORD004001,CUS000826,2026-04-19T09:06:00+07:00,completed,Hai Phong,web,19722500.00,seed,2026-04-19T09:06:00+07:00,2026-04-19T23:06:00+07:00
ORD004002,CUS000788,2026-06-24T17:56:00+07:00,completed,Hai Phong,web,769500.00,seed,2026-06-24T17:56:00+07:00,2026-06-24T21:56:00+07:00
ORD004003,CUS000114,2026-03-25T17:09:00+07:00,completed,Hai Phong,web,2250000.00,seed,2026-03-25T17:09:00+07:00,2026-03-27T06:09:00+07:00
ORD004004,CUS000444,2026-05-01T10:34:00+07:00,completed,Bac Ninh,mobile_app,14841000.00,seed,2026-05-01T10:34:00+07:00,2026-05-02T14:34:00+07:00
ORD004005,CUS000193,2026-02-07T12:45:00+07:00,completed,Can Tho,mobile_app,5940000.00,seed,2026-02-07T12:45:00+07:00,2026-02-08T16:45:00+07:00
ORD004006,CUS000633,2026-01-25T17:29:00+07:00,completed,Hai Phong,web,9322000.00,seed,2026-01-25T17:29:00+07:00,2026-01-26T03:29:00+07:00
ORD004007,CUS000436,2026-05-13T15:06:00+07:00,completed,Quang Ninh,mobile_app,6490500.00,seed,2026-05-13T15:06:00+07:00,2026-05-15T02:06:00+07:00
ORD004008,CUS000350,2026-06-18T11:00:00+07:00,shipped,Hanoi,social,6813000.00,seed,2026-06-18T11:00:00+07:00,2026-06-19T19:00:00+07:00
ORD004009,CUS000323,2026-04-05T22:59:00+07:00,completed,Hai Phong,mobile_app,3277500.00,seed,2026-04-05T22:59:00+07:00,2026-04-07T10:59:00+07:00
ORD004010,CUS000159,2026-05-28T16:33:00+07:00,confirmed,Nha Trang,web,10800000.00,seed,2026-05-28T16:33:00+07:00,2026-05-30T16:33:00+07:00
ORD004011,CUS000531,2026-01-11T09:10:00+07:00,completed,Hanoi,mobile_app,7710000.00,seed,2026-01-11T09:10:00+07:00,2026-01-11T12:10:00+07:00
ORD004012,CUS000827,2026-03-15T08:37:00+07:00,completed,Hue,web,22039000.00,seed,2026-03-15T08:37:00+07:00,2026-03-16T15:37:00+07:00
ORD004013,CUS000970,2026-02-21T14:55:00+07:00,shipped,Nha Trang,mobile_app,9902000.00,seed,2026-02-21T14:55:00+07:00,2026-02-21T15:55:00+07:00
ORD004014,CUS000221,2026-02-12T10:49:00+07:00,shipped,Ho Chi Minh City,web,7502500.00,seed,2026-02-12T10:49:00+07:00,2026-02-12T23:49:00+07:00
ORD004015,CUS000305,2026-06-09T09:26:00+07:00,completed,Ho Chi Minh City,web,23552000.00,seed,2026-06-09T09:26:00+07:00,2026-06-11T02:26:00+07:00
ORD004016,CUS000549,2026-06-29T10:21:00+07:00,completed,Can Tho,web,7680000.00,seed,2026-06-29T10:21:00+07:00,2026-06-30T02:21:00+07:00
ORD004017,CUS000157,2026-03-26T15:03:00+07:00,completed,Hanoi,web,19630000.00,seed,2026-03-26T15:03:00+07:00,2026-03-27T08:03:00+07:00
ORD004018,CUS000711,2026-05-01T20:41:00+07:00,completed,Quang Ninh,social,3820000.00,seed,2026-05-01T20:41:00+07:00,2026-05-03T16:41:00+07:00
ORD004019,CUS000270,2026-03-22T12:05:00+07:00,completed,Quang Ninh,web,30008000.00,seed,2026-03-22T12:05:00+07:00,2026-03-24T01:05:00+07:00
ORD004020,CUS000575,2026-03-24T13:15:00+07:00,completed,Nha Trang,web,11876000.00,seed,2026-03-24T13:15:00+07:00,2026-03-24T16:15:00+07:00
ORD004021,CUS000950,2026-06-13T19:57:00+07:00,shipped,Nha Trang,web,7061000.00,seed,2026-06-13T19:57:00+07:00,2026-06-14T06:57:00+07:00
ORD004022,CUS000845,2026-05-26T15:36:00+07:00,completed,Ho Chi Minh City,mobile_app,12105000.00,seed,2026-05-26T15:36:00+07:00,2026-05-28T15:36:00+07:00
ORD004023,CUS000417,2026-03-24T08:28:00+07:00,completed,Nha Trang,web,11125000.00,seed,2026-03-24T08:28:00+07:00,2026-03-25T12:28:00+07:00
ORD004024,CUS000674,2026-03-03T17:00:00+07:00,completed,Hanoi,social,34019000.00,seed,2026-03-03T17:00:00+07:00,2026-03-04T21:00:00+07:00
ORD004025,CUS000134,2026-06-04T22:08:00+07:00,completed,Hanoi,web,10564000.00,seed,2026-06-04T22:08:00+07:00,2026-06-06T13:08:00+07:00
ORD004026,CUS000954,2026-02-06T09:31:00+07:00,confirmed,Hue,mobile_app,9220500.00,seed,2026-02-06T09:31:00+07:00,2026-02-06T09:31:00+07:00
ORD004027,CUS000792,2026-05-20T10:21:00+07:00,shipped,Ho Chi Minh City,mobile_app,10446500.00,seed,2026-05-20T10:21:00+07:00,2026-05-22T06:21:00+07:00
ORD004028,CUS000795,2026-06-08T19:21:00+07:00,completed,Hai Phong,social,8398000.00,seed,2026-06-08T19:21:00+07:00,2026-06-09T15:21:00+07:00
ORD004029,CUS000993,2026-01-07T11:54:00+07:00,shipped,Vinh,web,25140000.00,seed,2026-01-07T11:54:00+07:00,2026-01-08T07:54:00+07:00
ORD004030,CUS000018,2026-06-10T23:00:00+07:00,pending,Quang Ninh,web,6470000.00,seed,2026-06-10T23:00:00+07:00,2026-06-11T07:00:00+07:00
ORD004031,CUS000250,2026-06-21T09:30:00+07:00,shipped,Hue,mobile_app,18523000.00,seed,2026-06-21T09:30:00+07:00,2026-06-21T23:30:00+07:00
ORD004032,CUS000645,2026-02-20T20:24:00+07:00,completed,Nha Trang,mobile_app,7189000.00,seed,2026-02-20T20:24:00+07:00,2026-02-21T12:24:00+07:00
ORD004033,CUS000953,2026-02-23T12:41:00+07:00,completed,Hai Phong,web,6961000.00,seed,2026-02-23T12:41:00+07:00,2026-02-24T19:41:00+07:00
ORD004034,CUS000074,2026-05-18T18:10:00+07:00,completed,Hai Phong,social,17948000.00,seed,2026-05-18T18:10:00+07:00,2026-05-19T17:10:00+07:00
ORD004035,CUS000666,2026-03-25T12:33:00+07:00,completed,Hue,mobile_app,6547500.00,seed,2026-03-25T12:33:00+07:00,2026-03-26T07:33:00+07:00
ORD004036,CUS000068,2026-03-26T15:45:00+07:00,confirmed,Ho Chi Minh City,web,6204000.00,seed,2026-03-26T15:45:00+07:00,2026-03-27T00:45:00+07:00
ORD004037,CUS000298,2026-04-07T08:42:00+07:00,completed,Nha Trang,mobile_app,3663000.00,seed,2026-04-07T08:42:00+07:00,2026-04-09T00:42:00+07:00
ORD004038,CUS000556,2026-04-11T16:31:00+07:00,completed,Quang Ninh,mobile_app,18829000.00,seed,2026-04-11T16:31:00+07:00,2026-04-13T06:31:00+07:00
ORD004039,CUS000705,2026-02-12T10:51:00+07:00,completed,Hue,web,9891000.00,seed,2026-02-12T10:51:00+07:00,2026-02-12T22:51:00+07:00
ORD004040,CUS000728,2026-01-18T19:02:00+07:00,completed,Ho Chi Minh City,web,12800000.00,seed,2026-01-18T19:02:00+07:00,2026-01-18T22:02:00+07:00
ORD004041,CUS000022,2026-03-29T18:06:00+07:00,completed,Quang Ninh,mobile_app,14869500.00,seed,2026-03-29T18:06:00+07:00,2026-03-31T04:06:00+07:00
ORD004042,CUS000524,2026-06-13T15:26:00+07:00,completed,Can Tho,web,22122500.00,seed,2026-06-13T15:26:00+07:00,2026-06-14T09:26:00+07:00
ORD004043,CUS000147,2026-04-25T19:00:00+07:00,completed,Hanoi,web,8779000.00,seed,2026-04-25T19:00:00+07:00,2026-04-26T06:00:00+07:00
ORD004044,CUS000086,2026-01-23T11:10:00+07:00,shipped,Da Nang,web,6192000.00,seed,2026-01-23T11:10:00+07:00,2026-01-24T08:10:00+07:00
ORD004045,CUS000328,2026-01-25T11:01:00+07:00,completed,Can Tho,web,6820000.00,seed,2026-01-25T11:01:00+07:00,2026-01-26T03:01:00+07:00
ORD004046,CUS000647,2026-06-29T12:01:00+07:00,confirmed,Hanoi,web,21370000.00,seed,2026-06-29T12:01:00+07:00,2026-06-29T13:01:00+07:00
ORD004047,CUS000365,2026-06-14T16:02:00+07:00,pending,Can Tho,web,10134000.00,seed,2026-06-14T16:02:00+07:00,2026-06-15T19:02:00+07:00
ORD004048,CUS000632,2026-02-06T12:59:00+07:00,pending,Hanoi,web,9425500.00,seed,2026-02-06T12:59:00+07:00,2026-02-07T10:59:00+07:00
ORD004049,CUS000588,2026-04-03T08:44:00+07:00,completed,Nha Trang,web,7805000.00,seed,2026-04-03T08:44:00+07:00,2026-04-04T10:44:00+07:00
ORD004050,CUS000819,2026-05-03T18:06:00+07:00,completed,Hue,mobile_app,22471000.00,seed,2026-05-03T18:06:00+07:00,2026-05-03T22:06:00+07:00
ORD004051,CUS000299,2026-03-25T18:05:00+07:00,completed,Hai Phong,web,1017000.00,seed,2026-03-25T18:05:00+07:00,2026-03-25T21:05:00+07:00
ORD004052,CUS000067,2026-01-01T11:14:00+07:00,completed,Can Tho,web,15010000.00,seed,2026-01-01T11:14:00+07:00,2026-01-01T12:14:00+07:00
ORD004053,CUS000124,2026-03-26T22:40:00+07:00,confirmed,Hue,mobile_app,2448000.00,seed,2026-03-26T22:40:00+07:00,2026-03-27T14:40:00+07:00
ORD004054,CUS000641,2026-06-10T09:32:00+07:00,completed,Nha Trang,mobile_app,6157000.00,seed,2026-06-10T09:32:00+07:00,2026-06-10T23:32:00+07:00
ORD004055,CUS000828,2026-01-29T16:33:00+07:00,shipped,Nha Trang,mobile_app,1360000.00,seed,2026-01-29T16:33:00+07:00,2026-01-30T07:33:00+07:00
ORD004056,CUS000258,2026-01-27T18:21:00+07:00,completed,Bac Ninh,mobile_app,4189500.00,seed,2026-01-27T18:21:00+07:00,2026-01-29T07:21:00+07:00
ORD004057,CUS000255,2026-03-29T13:42:00+07:00,completed,Vinh,web,16438500.00,seed,2026-03-29T13:42:00+07:00,2026-03-30T18:42:00+07:00
ORD004058,CUS000274,2026-01-06T20:40:00+07:00,completed,Vinh,social,44992000.00,seed,2026-01-06T20:40:00+07:00,2026-01-08T00:40:00+07:00
ORD004059,CUS000462,2026-02-01T22:09:00+07:00,completed,Vinh,mobile_app,10361500.00,seed,2026-02-01T22:09:00+07:00,2026-02-03T00:09:00+07:00
ORD004060,CUS000475,2026-02-20T17:47:00+07:00,completed,Vinh,web,14050500.00,seed,2026-02-20T17:47:00+07:00,2026-02-22T12:47:00+07:00
ORD004061,CUS000531,2026-02-01T11:44:00+07:00,completed,Hai Phong,web,13383000.00,seed,2026-02-01T11:44:00+07:00,2026-02-01T13:44:00+07:00
ORD004062,CUS000630,2026-05-15T15:27:00+07:00,confirmed,Ho Chi Minh City,web,9780000.00,seed,2026-05-15T15:27:00+07:00,2026-05-16T13:27:00+07:00
ORD004063,CUS000305,2026-01-27T15:58:00+07:00,shipped,Hue,mobile_app,18483000.00,seed,2026-01-27T15:58:00+07:00,2026-01-28T17:58:00+07:00
ORD004064,CUS000486,2026-03-23T11:35:00+07:00,completed,Bac Ninh,social,470000.00,seed,2026-03-23T11:35:00+07:00,2026-03-25T02:35:00+07:00
ORD004065,CUS000187,2026-03-02T20:08:00+07:00,shipped,Nha Trang,mobile_app,21806000.00,seed,2026-03-02T20:08:00+07:00,2026-03-03T21:08:00+07:00
ORD004066,CUS000818,2026-04-23T13:36:00+07:00,confirmed,Nha Trang,mobile_app,1359000.00,seed,2026-04-23T13:36:00+07:00,2026-04-24T17:36:00+07:00
ORD004067,CUS000169,2026-01-03T18:39:00+07:00,completed,Can Tho,mobile_app,21185000.00,seed,2026-01-03T18:39:00+07:00,2026-01-04T15:39:00+07:00
ORD004068,CUS000575,2026-04-12T08:52:00+07:00,completed,Hanoi,mobile_app,3950000.00,seed,2026-04-12T08:52:00+07:00,2026-04-13T05:52:00+07:00
ORD004069,CUS000252,2026-06-16T10:06:00+07:00,completed,Ho Chi Minh City,web,32098000.00,seed,2026-06-16T10:06:00+07:00,2026-06-18T08:06:00+07:00
ORD004070,CUS000528,2026-04-26T16:16:00+07:00,completed,Bac Ninh,web,17506000.00,seed,2026-04-26T16:16:00+07:00,2026-04-27T06:16:00+07:00
ORD004071,CUS000397,2026-06-09T10:49:00+07:00,confirmed,Bac Ninh,mobile_app,7512500.00,seed,2026-06-09T10:49:00+07:00,2026-06-09T22:49:00+07:00
ORD004072,CUS000666,2026-01-10T18:44:00+07:00,completed,Nha Trang,mobile_app,13580000.00,seed,2026-01-10T18:44:00+07:00,2026-01-11T08:44:00+07:00
ORD004073,CUS000290,2026-05-02T11:42:00+07:00,completed,Hue,mobile_app,4136500.00,seed,2026-05-02T11:42:00+07:00,2026-05-03T13:42:00+07:00
ORD004074,CUS000626,2026-02-22T14:06:00+07:00,completed,Hue,social,19725500.00,seed,2026-02-22T14:06:00+07:00,2026-02-24T09:06:00+07:00
ORD004075,CUS000902,2026-03-24T17:34:00+07:00,completed,Vinh,mobile_app,12628000.00,seed,2026-03-24T17:34:00+07:00,2026-03-26T10:34:00+07:00
ORD004076,CUS000649,2026-05-18T12:19:00+07:00,completed,Vinh,web,25636500.00,seed,2026-05-18T12:19:00+07:00,2026-05-18T21:19:00+07:00
ORD004077,CUS000108,2026-04-29T09:35:00+07:00,completed,Ho Chi Minh City,mobile_app,11405500.00,seed,2026-04-29T09:35:00+07:00,2026-05-01T06:35:00+07:00
ORD004078,CUS000152,2026-01-21T15:03:00+07:00,completed,Can Tho,web,17867500.00,seed,2026-01-21T15:03:00+07:00,2026-01-22T05:03:00+07:00
ORD004079,CUS000416,2026-06-09T12:37:00+07:00,completed,Bac Ninh,mobile_app,26627500.00,seed,2026-06-09T12:37:00+07:00,2026-06-10T17:37:00+07:00
ORD004080,CUS000558,2026-04-08T12:22:00+07:00,completed,Quang Ninh,web,8541000.00,seed,2026-04-08T12:22:00+07:00,2026-04-10T12:22:00+07:00
ORD004081,CUS000886,2026-06-23T22:42:00+07:00,completed,Ho Chi Minh City,web,4400000.00,seed,2026-06-23T22:42:00+07:00,2026-06-24T05:42:00+07:00
ORD004082,CUS000670,2026-01-20T13:51:00+07:00,completed,Vinh,web,7341000.00,seed,2026-01-20T13:51:00+07:00,2026-01-21T14:51:00+07:00
ORD004083,CUS000011,2026-01-07T08:22:00+07:00,completed,Da Nang,web,7165000.00,seed,2026-01-07T08:22:00+07:00,2026-01-08T19:22:00+07:00
ORD004084,CUS000034,2026-06-18T20:02:00+07:00,completed,Da Nang,mobile_app,18815000.00,seed,2026-06-18T20:02:00+07:00,2026-06-19T07:02:00+07:00
ORD004085,CUS000299,2026-03-09T22:12:00+07:00,cancelled,Ho Chi Minh City,social,19491000.00,seed,2026-03-09T22:12:00+07:00,2026-03-10T04:12:00+07:00
ORD004086,CUS000452,2026-05-27T17:25:00+07:00,completed,Ho Chi Minh City,mobile_app,15550500.00,seed,2026-05-27T17:25:00+07:00,2026-05-27T23:25:00+07:00
ORD004087,CUS000706,2026-01-24T08:34:00+07:00,completed,Quang Ninh,web,12189000.00,seed,2026-01-24T08:34:00+07:00,2026-01-24T08:34:00+07:00
ORD004088,CUS000714,2026-05-15T18:33:00+07:00,completed,Bac Ninh,web,30667500.00,seed,2026-05-15T18:33:00+07:00,2026-05-16T05:33:00+07:00
ORD004089,CUS000054,2026-06-17T17:10:00+07:00,completed,Hanoi,web,23504000.00,seed,2026-06-17T17:10:00+07:00,2026-06-18T18:10:00+07:00
ORD004090,CUS000254,2026-05-20T09:53:00+07:00,confirmed,Bac Ninh,mobile_app,6298500.00,seed,2026-05-20T09:53:00+07:00,2026-05-21T05:53:00+07:00
ORD004091,CUS000658,2026-05-21T20:50:00+07:00,completed,Ho Chi Minh City,web,10573000.00,seed,2026-05-21T20:50:00+07:00,2026-05-21T21:50:00+07:00
ORD004092,CUS000646,2026-01-09T17:09:00+07:00,completed,Quang Ninh,web,8736000.00,seed,2026-01-09T17:09:00+07:00,2026-01-11T00:09:00+07:00
ORD004093,CUS000021,2026-04-13T12:53:00+07:00,completed,Da Nang,mobile_app,1368000.00,seed,2026-04-13T12:53:00+07:00,2026-04-14T23:53:00+07:00
ORD004094,CUS000317,2026-05-16T16:10:00+07:00,completed,Bac Ninh,mobile_app,14094000.00,seed,2026-05-16T16:10:00+07:00,2026-05-18T12:10:00+07:00
ORD004095,CUS000411,2026-06-09T19:22:00+07:00,pending,Bac Ninh,mobile_app,5626500.00,seed,2026-06-09T19:22:00+07:00,2026-06-11T06:22:00+07:00
ORD004096,CUS000635,2026-03-19T13:09:00+07:00,pending,Ho Chi Minh City,web,2419000.00,seed,2026-03-19T13:09:00+07:00,2026-03-19T19:09:00+07:00
ORD004097,CUS000102,2026-02-26T20:00:00+07:00,completed,Ho Chi Minh City,social,11206000.00,seed,2026-02-26T20:00:00+07:00,2026-02-28T00:00:00+07:00
ORD004098,CUS000056,2026-01-19T21:45:00+07:00,confirmed,Quang Ninh,mobile_app,12511500.00,seed,2026-01-19T21:45:00+07:00,2026-01-20T07:45:00+07:00
ORD004099,CUS000642,2026-05-08T11:14:00+07:00,completed,Nha Trang,web,5860000.00,seed,2026-05-08T11:14:00+07:00,2026-05-09T05:14:00+07:00
ORD004100,CUS000750,2026-04-07T17:27:00+07:00,completed,Ho Chi Minh City,web,3600000.00,seed,2026-04-07T17:27:00+07:00,2026-04-08T16:27:00+07:00
ORD004101,CUS000339,2026-06-05T13:00:00+07:00,completed,Ho Chi Minh City,social,17058000.00,seed,2026-06-05T13:00:00+07:00,2026-06-07T06:00:00+07:00
ORD004102,CUS000683,2026-05-14T17:06:00+07:00,completed,Vinh,web,12535500.00,seed,2026-05-14T17:06:00+07:00,2026-05-14T17:06:00+07:00
ORD004103,CUS000063,2026-03-17T17:53:00+07:00,completed,Ho Chi Minh City,web,20788500.00,seed,2026-03-17T17:53:00+07:00,2026-03-19T16:53:00+07:00
ORD004104,CUS000383,2026-05-25T12:16:00+07:00,completed,Nha Trang,mobile_app,11293000.00,seed,2026-05-25T12:16:00+07:00,2026-05-26T15:16:00+07:00
ORD004105,CUS000035,2026-05-25T18:08:00+07:00,completed,Can Tho,web,12660000.00,seed,2026-05-25T18:08:00+07:00,2026-05-26T06:08:00+07:00
ORD004106,CUS000623,2026-02-15T16:35:00+07:00,completed,Da Nang,web,11723000.00,seed,2026-02-15T16:35:00+07:00,2026-02-16T10:35:00+07:00
ORD004107,CUS000948,2026-02-20T13:57:00+07:00,completed,Quang Ninh,web,2394000.00,seed,2026-02-20T13:57:00+07:00,2026-02-20T15:57:00+07:00
ORD004108,CUS000446,2026-04-28T13:58:00+07:00,completed,Bac Ninh,web,5800000.00,seed,2026-04-28T13:58:00+07:00,2026-04-28T23:58:00+07:00
ORD004109,CUS000214,2026-01-08T09:03:00+07:00,completed,Da Nang,mobile_app,18396500.00,seed,2026-01-08T09:03:00+07:00,2026-01-09T22:03:00+07:00
ORD004110,CUS000510,2026-06-20T19:16:00+07:00,completed,Can Tho,social,5038500.00,seed,2026-06-20T19:16:00+07:00,2026-06-22T17:16:00+07:00
ORD004111,CUS000880,2026-06-24T19:50:00+07:00,completed,Can Tho,web,9960000.00,seed,2026-06-24T19:50:00+07:00,2026-06-24T19:50:00+07:00
ORD004112,CUS000276,2026-02-17T08:53:00+07:00,completed,Nha Trang,web,170000.00,seed,2026-02-17T08:53:00+07:00,2026-02-19T06:53:00+07:00
ORD004113,CUS000781,2026-05-29T17:49:00+07:00,completed,Ho Chi Minh City,mobile_app,10749500.00,seed,2026-05-29T17:49:00+07:00,2026-05-31T12:49:00+07:00
ORD004114,CUS000846,2026-06-18T11:33:00+07:00,completed,Hanoi,web,33889500.00,seed,2026-06-18T11:33:00+07:00,2026-06-18T18:33:00+07:00
ORD004115,CUS000534,2026-01-04T20:17:00+07:00,completed,Quang Ninh,mobile_app,4010000.00,seed,2026-01-04T20:17:00+07:00,2026-01-06T01:17:00+07:00
ORD004116,CUS000037,2026-03-30T13:18:00+07:00,completed,Ho Chi Minh City,web,13607000.00,seed,2026-03-30T13:18:00+07:00,2026-04-01T04:18:00+07:00
ORD004117,CUS000835,2026-01-30T21:06:00+07:00,completed,Ho Chi Minh City,web,14070000.00,seed,2026-01-30T21:06:00+07:00,2026-02-01T14:06:00+07:00
ORD004118,CUS000922,2026-06-06T11:35:00+07:00,completed,Vinh,web,6550000.00,seed,2026-06-06T11:35:00+07:00,2026-06-06T19:35:00+07:00
ORD004119,CUS000305,2026-03-24T13:11:00+07:00,shipped,Vinh,mobile_app,21022000.00,seed,2026-03-24T13:11:00+07:00,2026-03-25T16:11:00+07:00
ORD004120,CUS000514,2026-02-14T22:01:00+07:00,completed,Can Tho,web,11492500.00,seed,2026-02-14T22:01:00+07:00,2026-02-15T09:01:00+07:00
ORD004121,CUS000927,2026-05-14T13:23:00+07:00,completed,Ho Chi Minh City,mobile_app,3730000.00,seed,2026-05-14T13:23:00+07:00,2026-05-14T15:23:00+07:00
ORD004122,CUS000770,2026-02-24T18:44:00+07:00,completed,Bac Ninh,mobile_app,370000.00,seed,2026-02-24T18:44:00+07:00,2026-02-25T22:44:00+07:00
ORD004123,CUS000798,2026-03-23T16:14:00+07:00,completed,Hanoi,mobile_app,16321000.00,seed,2026-03-23T16:14:00+07:00,2026-03-24T12:14:00+07:00
ORD004124,CUS000840,2026-01-18T09:50:00+07:00,completed,Bac Ninh,web,13628000.00,seed,2026-01-18T09:50:00+07:00,2026-01-20T06:50:00+07:00
ORD004125,CUS000207,2026-04-18T13:58:00+07:00,completed,Ho Chi Minh City,mobile_app,4752000.00,seed,2026-04-18T13:58:00+07:00,2026-04-20T09:58:00+07:00
ORD004126,CUS000473,2026-02-22T18:36:00+07:00,completed,Da Nang,mobile_app,23061000.00,seed,2026-02-22T18:36:00+07:00,2026-02-23T05:36:00+07:00
ORD004127,CUS000064,2026-04-03T08:57:00+07:00,completed,Ho Chi Minh City,mobile_app,7867000.00,seed,2026-04-03T08:57:00+07:00,2026-04-03T08:57:00+07:00
ORD004128,CUS000926,2026-05-23T22:35:00+07:00,completed,Hanoi,web,12487500.00,seed,2026-05-23T22:35:00+07:00,2026-05-24T01:35:00+07:00
ORD004129,CUS000849,2026-01-24T17:37:00+07:00,completed,Ho Chi Minh City,social,5301000.00,seed,2026-01-24T17:37:00+07:00,2026-01-24T23:37:00+07:00
ORD004130,CUS000978,2026-05-04T21:00:00+07:00,completed,Hue,web,3456000.00,seed,2026-05-04T21:00:00+07:00,2026-05-06T21:00:00+07:00
ORD004131,CUS000281,2026-05-11T09:55:00+07:00,completed,Quang Ninh,web,8070000.00,seed,2026-05-11T09:55:00+07:00,2026-05-13T02:55:00+07:00
ORD004132,CUS000055,2026-01-20T20:59:00+07:00,completed,Can Tho,web,7828000.00,seed,2026-01-20T20:59:00+07:00,2026-01-21T08:59:00+07:00
ORD004133,CUS000535,2026-03-11T09:31:00+07:00,completed,Vinh,web,14682000.00,seed,2026-03-11T09:31:00+07:00,2026-03-12T06:31:00+07:00
ORD004134,CUS000664,2026-04-08T18:18:00+07:00,completed,Hanoi,mobile_app,36997000.00,seed,2026-04-08T18:18:00+07:00,2026-04-08T20:18:00+07:00
ORD004135,CUS000013,2026-06-11T13:45:00+07:00,completed,Quang Ninh,mobile_app,24988500.00,seed,2026-06-11T13:45:00+07:00,2026-06-12T02:45:00+07:00
ORD004136,CUS000440,2026-01-22T12:13:00+07:00,pending,Can Tho,web,10889000.00,seed,2026-01-22T12:13:00+07:00,2026-01-22T15:13:00+07:00
ORD004137,CUS000972,2026-03-19T18:42:00+07:00,completed,Hai Phong,web,5610000.00,seed,2026-03-19T18:42:00+07:00,2026-03-20T19:42:00+07:00
ORD004138,CUS000575,2026-03-29T13:37:00+07:00,completed,Hanoi,web,14534000.00,seed,2026-03-29T13:37:00+07:00,2026-03-30T20:37:00+07:00
ORD004139,CUS000090,2026-04-13T11:19:00+07:00,completed,Bac Ninh,mobile_app,15539500.00,seed,2026-04-13T11:19:00+07:00,2026-04-15T02:19:00+07:00
ORD004140,CUS000111,2026-03-04T20:03:00+07:00,completed,Nha Trang,mobile_app,2660000.00,seed,2026-03-04T20:03:00+07:00,2026-03-06T18:03:00+07:00
ORD004141,CUS000214,2026-03-04T21:46:00+07:00,completed,Hanoi,web,5996000.00,seed,2026-03-04T21:46:00+07:00,2026-03-06T19:46:00+07:00
ORD004142,CUS000748,2026-04-24T17:55:00+07:00,completed,Bac Ninh,mobile_app,6094500.00,seed,2026-04-24T17:55:00+07:00,2026-04-25T01:55:00+07:00
ORD004143,CUS000250,2026-03-10T18:17:00+07:00,cancelled,Hai Phong,web,867000.00,seed,2026-03-10T18:17:00+07:00,2026-03-12T03:17:00+07:00
ORD004144,CUS000034,2026-04-16T09:48:00+07:00,completed,Quang Ninh,web,30654500.00,seed,2026-04-16T09:48:00+07:00,2026-04-17T21:48:00+07:00
ORD004145,CUS000191,2026-05-27T09:47:00+07:00,completed,Quang Ninh,web,17360000.00,seed,2026-05-27T09:47:00+07:00,2026-05-28T09:47:00+07:00
ORD004146,CUS000068,2026-01-22T17:45:00+07:00,completed,Hanoi,mobile_app,8704000.00,seed,2026-01-22T17:45:00+07:00,2026-01-23T18:45:00+07:00
ORD004147,CUS000936,2026-06-03T19:16:00+07:00,completed,Vinh,web,6714000.00,seed,2026-06-03T19:16:00+07:00,2026-06-04T21:16:00+07:00
ORD004148,CUS000662,2026-06-08T12:50:00+07:00,shipped,Quang Ninh,web,27750000.00,seed,2026-06-08T12:50:00+07:00,2026-06-09T04:50:00+07:00
ORD004149,CUS000531,2026-01-03T13:21:00+07:00,completed,Quang Ninh,mobile_app,4680000.00,seed,2026-01-03T13:21:00+07:00,2026-01-03T18:21:00+07:00
ORD004150,CUS000309,2026-01-01T14:44:00+07:00,cancelled,Hanoi,mobile_app,8818000.00,seed,2026-01-01T14:44:00+07:00,2026-01-03T08:44:00+07:00
ORD004151,CUS000166,2026-01-06T12:26:00+07:00,completed,Nha Trang,mobile_app,21918000.00,seed,2026-01-06T12:26:00+07:00,2026-01-07T19:26:00+07:00
ORD004152,CUS000487,2026-05-20T15:53:00+07:00,shipped,Ho Chi Minh City,web,10848000.00,seed,2026-05-20T15:53:00+07:00,2026-05-21T21:53:00+07:00
ORD004153,CUS000545,2026-06-11T11:09:00+07:00,completed,Bac Ninh,web,3312000.00,seed,2026-06-11T11:09:00+07:00,2026-06-11T21:09:00+07:00
ORD004154,CUS000898,2026-02-23T10:55:00+07:00,completed,Hanoi,mobile_app,6920000.00,seed,2026-02-23T10:55:00+07:00,2026-02-23T13:55:00+07:00
ORD004155,CUS000438,2026-06-12T10:32:00+07:00,completed,Nha Trang,web,16728000.00,seed,2026-06-12T10:32:00+07:00,2026-06-12T19:32:00+07:00
ORD004156,CUS000700,2026-03-12T08:15:00+07:00,shipped,Nha Trang,mobile_app,24765500.00,seed,2026-03-12T08:15:00+07:00,2026-03-12T23:15:00+07:00
ORD004157,CUS000264,2026-02-25T19:50:00+07:00,shipped,Hanoi,web,2088000.00,seed,2026-02-25T19:50:00+07:00,2026-02-26T05:50:00+07:00
ORD004158,CUS000551,2026-03-28T11:38:00+07:00,completed,Hanoi,mobile_app,18728000.00,seed,2026-03-28T11:38:00+07:00,2026-03-29T03:38:00+07:00
ORD004159,CUS000560,2026-05-12T10:35:00+07:00,cancelled,Nha Trang,web,22893000.00,seed,2026-05-12T10:35:00+07:00,2026-05-13T14:35:00+07:00
ORD004160,CUS000736,2026-05-15T08:01:00+07:00,completed,Hanoi,mobile_app,20871500.00,seed,2026-05-15T08:01:00+07:00,2026-05-15T19:01:00+07:00
ORD004161,CUS000497,2026-04-06T10:06:00+07:00,completed,Can Tho,web,230000.00,seed,2026-04-06T10:06:00+07:00,2026-04-07T06:06:00+07:00
ORD004162,CUS000485,2026-06-05T08:16:00+07:00,completed,Ho Chi Minh City,mobile_app,4620000.00,seed,2026-06-05T08:16:00+07:00,2026-06-05T19:16:00+07:00
ORD004163,CUS000395,2026-02-24T09:59:00+07:00,completed,Vinh,mobile_app,2460500.00,seed,2026-02-24T09:59:00+07:00,2026-02-26T02:59:00+07:00
ORD004164,CUS000336,2026-05-26T14:42:00+07:00,completed,Can Tho,mobile_app,5661000.00,seed,2026-05-26T14:42:00+07:00,2026-05-26T22:42:00+07:00
ORD004165,CUS000557,2026-04-28T13:42:00+07:00,completed,Hanoi,web,1358500.00,seed,2026-04-28T13:42:00+07:00,2026-04-28T13:42:00+07:00
ORD004166,CUS000828,2026-03-26T09:00:00+07:00,confirmed,Ho Chi Minh City,web,8221000.00,seed,2026-03-26T09:00:00+07:00,2026-03-26T16:00:00+07:00
ORD004167,CUS000320,2026-04-08T20:31:00+07:00,shipped,Vinh,web,3790500.00,seed,2026-04-08T20:31:00+07:00,2026-04-10T01:31:00+07:00
ORD004168,CUS000712,2026-03-15T16:19:00+07:00,completed,Hai Phong,mobile_app,4212000.00,seed,2026-03-15T16:19:00+07:00,2026-03-16T14:19:00+07:00
ORD004169,CUS000263,2026-03-24T16:33:00+07:00,completed,Quang Ninh,web,6820000.00,seed,2026-03-24T16:33:00+07:00,2026-03-26T07:33:00+07:00
ORD004170,CUS000192,2026-02-16T20:53:00+07:00,shipped,Da Nang,mobile_app,4550000.00,seed,2026-02-16T20:53:00+07:00,2026-02-18T14:53:00+07:00
ORD004171,CUS000078,2026-04-03T17:51:00+07:00,shipped,Hai Phong,web,5630000.00,seed,2026-04-03T17:51:00+07:00,2026-04-05T11:51:00+07:00
ORD004172,CUS000350,2026-05-09T13:26:00+07:00,completed,Ho Chi Minh City,web,17019000.00,seed,2026-05-09T13:26:00+07:00,2026-05-10T15:26:00+07:00
ORD004173,CUS000693,2026-01-09T21:27:00+07:00,completed,Hue,mobile_app,9241000.00,seed,2026-01-09T21:27:00+07:00,2026-01-11T15:27:00+07:00
ORD004174,CUS000232,2026-03-01T16:36:00+07:00,confirmed,Hue,web,10740000.00,seed,2026-03-01T16:36:00+07:00,2026-03-02T03:36:00+07:00
ORD004175,CUS000549,2026-04-29T08:42:00+07:00,completed,Quang Ninh,web,9078500.00,seed,2026-04-29T08:42:00+07:00,2026-04-30T22:42:00+07:00
ORD004176,CUS000016,2026-03-01T16:48:00+07:00,completed,Bac Ninh,mobile_app,16678500.00,seed,2026-03-01T16:48:00+07:00,2026-03-03T00:48:00+07:00
ORD004177,CUS000531,2026-05-27T21:20:00+07:00,shipped,Da Nang,web,15452000.00,seed,2026-05-27T21:20:00+07:00,2026-05-28T17:20:00+07:00
ORD004178,CUS000971,2026-04-27T13:22:00+07:00,completed,Hanoi,social,10929000.00,seed,2026-04-27T13:22:00+07:00,2026-04-29T08:22:00+07:00
ORD004179,CUS000386,2026-04-17T09:22:00+07:00,completed,Quang Ninh,mobile_app,5599000.00,seed,2026-04-17T09:22:00+07:00,2026-04-19T01:22:00+07:00
ORD004180,CUS000197,2026-03-28T14:05:00+07:00,confirmed,Hai Phong,mobile_app,5346000.00,seed,2026-03-28T14:05:00+07:00,2026-03-28T19:05:00+07:00
ORD004181,CUS000467,2026-04-27T19:33:00+07:00,completed,Bac Ninh,mobile_app,3206000.00,seed,2026-04-27T19:33:00+07:00,2026-04-29T14:33:00+07:00
ORD004182,CUS000427,2026-04-23T16:26:00+07:00,cancelled,Quang Ninh,web,1240000.00,seed,2026-04-23T16:26:00+07:00,2026-04-25T15:26:00+07:00
ORD004183,CUS000361,2026-01-27T13:54:00+07:00,completed,Can Tho,mobile_app,11988000.00,seed,2026-01-27T13:54:00+07:00,2026-01-28T15:54:00+07:00
ORD004184,CUS000705,2026-04-18T10:22:00+07:00,completed,Quang Ninh,web,760000.00,seed,2026-04-18T10:22:00+07:00,2026-04-19T13:22:00+07:00
ORD004185,CUS000480,2026-06-26T09:45:00+07:00,completed,Quang Ninh,web,10440000.00,seed,2026-06-26T09:45:00+07:00,2026-06-27T00:45:00+07:00
ORD004186,CUS000107,2026-03-18T16:52:00+07:00,completed,Bac Ninh,web,7737500.00,seed,2026-03-18T16:52:00+07:00,2026-03-20T08:52:00+07:00
ORD004187,CUS000892,2026-02-13T09:16:00+07:00,pending,Hai Phong,web,9620000.00,seed,2026-02-13T09:16:00+07:00,2026-02-13T15:16:00+07:00
ORD004188,CUS000491,2026-06-21T17:18:00+07:00,cancelled,Quang Ninh,mobile_app,17538000.00,seed,2026-06-21T17:18:00+07:00,2026-06-23T04:18:00+07:00
ORD004189,CUS000042,2026-02-02T16:21:00+07:00,completed,Ho Chi Minh City,mobile_app,1520000.00,seed,2026-02-02T16:21:00+07:00,2026-02-03T14:21:00+07:00
ORD004190,CUS000589,2026-02-12T22:59:00+07:00,completed,Hai Phong,mobile_app,16107500.00,seed,2026-02-12T22:59:00+07:00,2026-02-14T08:59:00+07:00
ORD004191,CUS000735,2026-04-06T11:41:00+07:00,completed,Da Nang,web,10120000.00,seed,2026-04-06T11:41:00+07:00,2026-04-07T01:41:00+07:00
ORD004192,CUS000197,2026-04-04T13:58:00+07:00,completed,Nha Trang,web,36437000.00,seed,2026-04-04T13:58:00+07:00,2026-04-05T16:58:00+07:00
ORD004193,CUS000485,2026-04-06T18:34:00+07:00,completed,Hue,social,19618000.00,seed,2026-04-06T18:34:00+07:00,2026-04-08T11:34:00+07:00
ORD004194,CUS000311,2026-03-30T16:13:00+07:00,confirmed,Can Tho,web,6230000.00,seed,2026-03-30T16:13:00+07:00,2026-04-01T12:13:00+07:00
ORD004195,CUS000325,2026-04-06T19:34:00+07:00,completed,Quang Ninh,mobile_app,7020000.00,seed,2026-04-06T19:34:00+07:00,2026-04-07T05:34:00+07:00
ORD004196,CUS000956,2026-03-03T22:13:00+07:00,completed,Bac Ninh,mobile_app,24521500.00,seed,2026-03-03T22:13:00+07:00,2026-03-05T17:13:00+07:00
ORD004197,CUS000308,2026-03-12T19:16:00+07:00,confirmed,Nha Trang,web,16416000.00,seed,2026-03-12T19:16:00+07:00,2026-03-14T14:16:00+07:00
ORD004198,CUS000672,2026-02-12T08:56:00+07:00,completed,Hue,web,310000.00,seed,2026-02-12T08:56:00+07:00,2026-02-14T05:56:00+07:00
ORD004199,CUS000658,2026-05-05T12:33:00+07:00,completed,Nha Trang,social,8762500.00,seed,2026-05-05T12:33:00+07:00,2026-05-05T19:33:00+07:00
ORD004200,CUS000180,2026-04-18T21:54:00+07:00,completed,Bac Ninh,web,6183000.00,seed,2026-04-18T21:54:00+07:00,2026-04-20T10:54:00+07:00
ORD004201,CUS000545,2026-06-29T09:38:00+07:00,completed,Can Tho,social,5312500.00,seed,2026-06-29T09:38:00+07:00,2026-06-30T05:38:00+07:00
ORD004202,CUS000833,2026-03-31T15:04:00+07:00,shipped,Hanoi,mobile_app,23680000.00,seed,2026-03-31T15:04:00+07:00,2026-04-01T15:04:00+07:00
ORD004203,CUS000219,2026-03-06T14:58:00+07:00,completed,Hue,web,20232500.00,seed,2026-03-06T14:58:00+07:00,2026-03-06T19:58:00+07:00
ORD004204,CUS000341,2026-04-27T15:36:00+07:00,completed,Da Nang,mobile_app,3204000.00,seed,2026-04-27T15:36:00+07:00,2026-04-28T08:36:00+07:00
ORD004205,CUS000400,2026-03-22T21:03:00+07:00,pending,Da Nang,mobile_app,13410000.00,seed,2026-03-22T21:03:00+07:00,2026-03-24T20:03:00+07:00
ORD004206,CUS000938,2026-01-20T09:24:00+07:00,completed,Ho Chi Minh City,web,17938000.00,seed,2026-01-20T09:24:00+07:00,2026-01-22T07:24:00+07:00
ORD004207,CUS000053,2026-05-08T10:19:00+07:00,completed,Vinh,web,17124000.00,seed,2026-05-08T10:19:00+07:00,2026-05-08T12:19:00+07:00
ORD004208,CUS000472,2026-05-17T13:54:00+07:00,completed,Can Tho,web,15239500.00,seed,2026-05-17T13:54:00+07:00,2026-05-18T18:54:00+07:00
ORD004209,CUS000307,2026-06-18T13:01:00+07:00,completed,Hue,mobile_app,9677000.00,seed,2026-06-18T13:01:00+07:00,2026-06-19T01:01:00+07:00
ORD004210,CUS000297,2026-02-20T14:42:00+07:00,shipped,Vinh,mobile_app,11178500.00,seed,2026-02-20T14:42:00+07:00,2026-02-21T09:42:00+07:00
ORD004211,CUS000531,2026-05-26T13:51:00+07:00,completed,Hue,web,4890000.00,seed,2026-05-26T13:51:00+07:00,2026-05-27T02:51:00+07:00
ORD004212,CUS000673,2026-03-10T19:24:00+07:00,completed,Vinh,mobile_app,1430000.00,seed,2026-03-10T19:24:00+07:00,2026-03-10T22:24:00+07:00
ORD004213,CUS000171,2026-04-26T12:47:00+07:00,completed,Hanoi,mobile_app,21431500.00,seed,2026-04-26T12:47:00+07:00,2026-04-27T20:47:00+07:00
ORD004214,CUS000955,2026-06-03T18:43:00+07:00,completed,Nha Trang,mobile_app,14123000.00,seed,2026-06-03T18:43:00+07:00,2026-06-05T08:43:00+07:00
ORD004215,CUS000318,2026-02-15T18:40:00+07:00,confirmed,Hue,social,2050000.00,seed,2026-02-15T18:40:00+07:00,2026-02-16T17:40:00+07:00
ORD004216,CUS000305,2026-05-25T16:59:00+07:00,completed,Ho Chi Minh City,mobile_app,2187000.00,seed,2026-05-25T16:59:00+07:00,2026-05-25T20:59:00+07:00
ORD004217,CUS000260,2026-06-11T12:30:00+07:00,completed,Vinh,web,26805000.00,seed,2026-06-11T12:30:00+07:00,2026-06-12T17:30:00+07:00
ORD004218,CUS000799,2026-04-19T12:12:00+07:00,cancelled,Bac Ninh,web,10660000.00,seed,2026-04-19T12:12:00+07:00,2026-04-21T04:12:00+07:00
ORD004219,CUS000925,2026-06-01T11:48:00+07:00,completed,Quang Ninh,social,13560000.00,seed,2026-06-01T11:48:00+07:00,2026-06-01T17:48:00+07:00
ORD004220,CUS000417,2026-04-23T15:04:00+07:00,completed,Ho Chi Minh City,mobile_app,13230000.00,seed,2026-04-23T15:04:00+07:00,2026-04-25T00:04:00+07:00
ORD004221,CUS000356,2026-05-28T16:14:00+07:00,completed,Hanoi,mobile_app,4290000.00,seed,2026-05-28T16:14:00+07:00,2026-05-29T14:14:00+07:00
ORD004222,CUS000987,2026-06-06T22:58:00+07:00,completed,Nha Trang,mobile_app,11149000.00,seed,2026-06-06T22:58:00+07:00,2026-06-07T20:58:00+07:00
ORD004223,CUS000949,2026-03-22T15:27:00+07:00,completed,Hai Phong,mobile_app,12228000.00,seed,2026-03-22T15:27:00+07:00,2026-03-23T07:27:00+07:00
ORD004224,CUS000985,2026-04-24T08:31:00+07:00,completed,Hai Phong,mobile_app,14556500.00,seed,2026-04-24T08:31:00+07:00,2026-04-24T15:31:00+07:00
ORD004225,CUS000720,2026-01-20T16:55:00+07:00,completed,Vinh,mobile_app,20688500.00,seed,2026-01-20T16:55:00+07:00,2026-01-21T12:55:00+07:00
ORD004226,CUS000206,2026-01-11T13:49:00+07:00,completed,Vinh,mobile_app,25726000.00,seed,2026-01-11T13:49:00+07:00,2026-01-11T14:49:00+07:00
ORD004227,CUS000082,2026-06-06T10:09:00+07:00,completed,Nha Trang,mobile_app,24970000.00,seed,2026-06-06T10:09:00+07:00,2026-06-07T13:09:00+07:00
ORD004228,CUS000657,2026-04-27T10:46:00+07:00,shipped,Bac Ninh,mobile_app,920000.00,seed,2026-04-27T10:46:00+07:00,2026-04-27T22:46:00+07:00
ORD004229,CUS000260,2026-03-01T19:06:00+07:00,completed,Can Tho,web,30390000.00,seed,2026-03-01T19:06:00+07:00,2026-03-02T13:06:00+07:00
ORD004230,CUS000928,2026-06-06T19:24:00+07:00,completed,Bac Ninh,mobile_app,24380500.00,seed,2026-06-06T19:24:00+07:00,2026-06-08T00:24:00+07:00
ORD004231,CUS000049,2026-06-26T08:43:00+07:00,completed,Nha Trang,mobile_app,20490000.00,seed,2026-06-26T08:43:00+07:00,2026-06-26T17:43:00+07:00
ORD004232,CUS000380,2026-06-18T08:15:00+07:00,completed,Da Nang,mobile_app,13349500.00,seed,2026-06-18T08:15:00+07:00,2026-06-20T08:15:00+07:00
ORD004233,CUS000283,2026-04-15T08:00:00+07:00,completed,Hue,web,24624000.00,seed,2026-04-15T08:00:00+07:00,2026-04-17T03:00:00+07:00
ORD004234,CUS000099,2026-04-23T21:11:00+07:00,completed,Hanoi,mobile_app,10270000.00,seed,2026-04-23T21:11:00+07:00,2026-04-24T02:11:00+07:00
ORD004235,CUS000266,2026-05-20T08:52:00+07:00,completed,Vinh,mobile_app,3218000.00,seed,2026-05-20T08:52:00+07:00,2026-05-22T00:52:00+07:00
ORD004236,CUS000600,2026-02-26T19:44:00+07:00,completed,Hanoi,mobile_app,23476000.00,seed,2026-02-26T19:44:00+07:00,2026-02-27T11:44:00+07:00
ORD004237,CUS000925,2026-05-30T19:16:00+07:00,completed,Hai Phong,mobile_app,11978500.00,seed,2026-05-30T19:16:00+07:00,2026-06-01T15:16:00+07:00
ORD004238,CUS000856,2026-02-07T12:25:00+07:00,shipped,Hue,mobile_app,4479500.00,seed,2026-02-07T12:25:00+07:00,2026-02-08T21:25:00+07:00
ORD004239,CUS000287,2026-06-26T22:32:00+07:00,completed,Vinh,web,10820000.00,seed,2026-06-26T22:32:00+07:00,2026-06-28T20:32:00+07:00
ORD004240,CUS000601,2026-02-13T22:40:00+07:00,completed,Hue,web,18330000.00,seed,2026-02-13T22:40:00+07:00,2026-02-15T17:40:00+07:00
ORD004241,CUS000972,2026-03-22T19:32:00+07:00,completed,Hanoi,web,1953000.00,seed,2026-03-22T19:32:00+07:00,2026-03-23T03:32:00+07:00
ORD004242,CUS000729,2026-03-22T12:19:00+07:00,confirmed,Bac Ninh,web,1639000.00,seed,2026-03-22T12:19:00+07:00,2026-03-23T12:19:00+07:00
ORD004243,CUS000203,2026-05-12T08:37:00+07:00,completed,Hai Phong,mobile_app,30795000.00,seed,2026-05-12T08:37:00+07:00,2026-05-12T21:37:00+07:00
ORD004244,CUS000434,2026-05-08T08:55:00+07:00,completed,Da Nang,mobile_app,18102000.00,seed,2026-05-08T08:55:00+07:00,2026-05-08T22:55:00+07:00
ORD004245,CUS000345,2026-05-31T12:25:00+07:00,completed,Quang Ninh,web,20791500.00,seed,2026-05-31T12:25:00+07:00,2026-05-31T23:25:00+07:00
ORD004246,CUS000885,2026-01-26T20:52:00+07:00,completed,Bac Ninh,mobile_app,10918500.00,seed,2026-01-26T20:52:00+07:00,2026-01-28T12:52:00+07:00
ORD004247,CUS000669,2026-02-16T17:33:00+07:00,shipped,Nha Trang,mobile_app,13016000.00,seed,2026-02-16T17:33:00+07:00,2026-02-17T19:33:00+07:00
ORD004248,CUS000384,2026-04-19T08:18:00+07:00,confirmed,Ho Chi Minh City,web,12512500.00,seed,2026-04-19T08:18:00+07:00,2026-04-19T17:18:00+07:00
ORD004249,CUS000937,2026-03-08T19:59:00+07:00,shipped,Hai Phong,web,18695000.00,seed,2026-03-08T19:59:00+07:00,2026-03-09T19:59:00+07:00
ORD004250,CUS000885,2026-04-04T08:10:00+07:00,shipped,Hanoi,web,1550000.00,seed,2026-04-04T08:10:00+07:00,2026-04-06T04:10:00+07:00
ORD004251,CUS000486,2026-05-03T12:34:00+07:00,completed,Hue,mobile_app,32867500.00,seed,2026-05-03T12:34:00+07:00,2026-05-04T01:34:00+07:00
ORD004252,CUS000094,2026-02-23T20:47:00+07:00,completed,Vinh,social,27814500.00,seed,2026-02-23T20:47:00+07:00,2026-02-25T07:47:00+07:00
ORD004253,CUS000395,2026-04-26T17:30:00+07:00,completed,Nha Trang,web,10321500.00,seed,2026-04-26T17:30:00+07:00,2026-04-27T09:30:00+07:00
ORD004254,CUS000007,2026-03-07T16:36:00+07:00,completed,Can Tho,web,25035000.00,seed,2026-03-07T16:36:00+07:00,2026-03-08T15:36:00+07:00
ORD004255,CUS000638,2026-02-22T10:37:00+07:00,completed,Nha Trang,social,14628000.00,seed,2026-02-22T10:37:00+07:00,2026-02-24T09:37:00+07:00
ORD004256,CUS000244,2026-06-13T10:25:00+07:00,completed,Quang Ninh,mobile_app,3581500.00,seed,2026-06-13T10:25:00+07:00,2026-06-14T21:25:00+07:00
ORD004257,CUS000301,2026-06-27T11:02:00+07:00,completed,Nha Trang,web,8979500.00,seed,2026-06-27T11:02:00+07:00,2026-06-28T11:02:00+07:00
ORD004258,CUS000558,2026-03-07T13:02:00+07:00,completed,Bac Ninh,mobile_app,23530000.00,seed,2026-03-07T13:02:00+07:00,2026-03-08T22:02:00+07:00
ORD004259,CUS000758,2026-04-04T15:23:00+07:00,completed,Bac Ninh,mobile_app,6721000.00,seed,2026-04-04T15:23:00+07:00,2026-04-05T07:23:00+07:00
ORD004260,CUS000740,2026-01-05T12:23:00+07:00,completed,Hai Phong,social,7452000.00,seed,2026-01-05T12:23:00+07:00,2026-01-06T02:23:00+07:00
ORD004261,CUS000786,2026-05-06T08:28:00+07:00,completed,Hanoi,mobile_app,13939000.00,seed,2026-05-06T08:28:00+07:00,2026-05-06T18:28:00+07:00
ORD004262,CUS000034,2026-01-02T13:07:00+07:00,completed,Da Nang,mobile_app,6883500.00,seed,2026-01-02T13:07:00+07:00,2026-01-04T05:07:00+07:00
ORD004263,CUS000072,2026-04-29T21:53:00+07:00,completed,Bac Ninh,mobile_app,32609000.00,seed,2026-04-29T21:53:00+07:00,2026-04-30T05:53:00+07:00
ORD004264,CUS000327,2026-04-23T15:19:00+07:00,completed,Hue,web,6832000.00,seed,2026-04-23T15:19:00+07:00,2026-04-25T10:19:00+07:00
ORD004265,CUS000954,2026-03-19T10:42:00+07:00,completed,Da Nang,mobile_app,7765500.00,seed,2026-03-19T10:42:00+07:00,2026-03-20T18:42:00+07:00
ORD004266,CUS000658,2026-01-21T21:28:00+07:00,shipped,Quang Ninh,mobile_app,3686000.00,seed,2026-01-21T21:28:00+07:00,2026-01-22T09:28:00+07:00
ORD004267,CUS000275,2026-03-17T17:39:00+07:00,completed,Can Tho,web,10412000.00,seed,2026-03-17T17:39:00+07:00,2026-03-19T12:39:00+07:00
ORD004268,CUS000645,2026-06-27T22:09:00+07:00,shipped,Can Tho,mobile_app,14250000.00,seed,2026-06-27T22:09:00+07:00,2026-06-28T14:09:00+07:00
ORD004269,CUS000227,2026-05-22T19:28:00+07:00,completed,Can Tho,social,22996500.00,seed,2026-05-22T19:28:00+07:00,2026-05-24T12:28:00+07:00
ORD004270,CUS000297,2026-02-14T15:42:00+07:00,completed,Ho Chi Minh City,mobile_app,37153500.00,seed,2026-02-14T15:42:00+07:00,2026-02-14T23:42:00+07:00
ORD004271,CUS000661,2026-05-21T18:40:00+07:00,completed,Hue,web,18693500.00,seed,2026-05-21T18:40:00+07:00,2026-05-23T17:40:00+07:00
ORD004272,CUS000018,2026-03-27T09:06:00+07:00,completed,Hanoi,mobile_app,15520000.00,seed,2026-03-27T09:06:00+07:00,2026-03-28T03:06:00+07:00
ORD004273,CUS000082,2026-01-02T14:25:00+07:00,completed,Bac Ninh,web,10385500.00,seed,2026-01-02T14:25:00+07:00,2026-01-03T06:25:00+07:00
ORD004274,CUS000570,2026-02-18T11:55:00+07:00,shipped,Nha Trang,web,8900000.00,seed,2026-02-18T11:55:00+07:00,2026-02-20T10:55:00+07:00
ORD004275,CUS000803,2026-01-15T14:03:00+07:00,completed,Ho Chi Minh City,web,3383000.00,seed,2026-01-15T14:03:00+07:00,2026-01-17T06:03:00+07:00
ORD004276,CUS000407,2026-02-01T20:04:00+07:00,completed,Quang Ninh,social,1214000.00,seed,2026-02-01T20:04:00+07:00,2026-02-02T09:04:00+07:00
ORD004277,CUS000925,2026-05-04T10:37:00+07:00,completed,Hue,web,7373000.00,seed,2026-05-04T10:37:00+07:00,2026-05-04T19:37:00+07:00
ORD004278,CUS000768,2026-05-26T15:14:00+07:00,completed,Da Nang,mobile_app,11865500.00,seed,2026-05-26T15:14:00+07:00,2026-05-27T10:14:00+07:00
ORD004279,CUS000503,2026-05-26T21:04:00+07:00,completed,Da Nang,web,26334000.00,seed,2026-05-26T21:04:00+07:00,2026-05-28T00:04:00+07:00
ORD004280,CUS000710,2026-06-21T15:16:00+07:00,completed,Quang Ninh,web,5860000.00,seed,2026-06-21T15:16:00+07:00,2026-06-22T00:16:00+07:00
ORD004281,CUS000617,2026-03-23T16:06:00+07:00,shipped,Nha Trang,web,10103500.00,seed,2026-03-23T16:06:00+07:00,2026-03-25T04:06:00+07:00
ORD004282,CUS000927,2026-02-14T15:40:00+07:00,completed,Hanoi,mobile_app,15819000.00,seed,2026-02-14T15:40:00+07:00,2026-02-15T21:40:00+07:00
ORD004283,CUS000084,2026-03-09T10:51:00+07:00,completed,Vinh,web,11570000.00,seed,2026-03-09T10:51:00+07:00,2026-03-09T23:51:00+07:00
ORD004284,CUS000408,2026-03-11T11:43:00+07:00,completed,Hanoi,web,1491000.00,seed,2026-03-11T11:43:00+07:00,2026-03-12T12:43:00+07:00
ORD004285,CUS000223,2026-04-06T10:19:00+07:00,completed,Ho Chi Minh City,web,37487500.00,seed,2026-04-06T10:19:00+07:00,2026-04-07T14:19:00+07:00
ORD004286,CUS000037,2026-06-18T21:40:00+07:00,completed,Hue,web,21250000.00,seed,2026-06-18T21:40:00+07:00,2026-06-19T00:40:00+07:00
ORD004287,CUS000653,2026-03-06T13:21:00+07:00,completed,Hai Phong,web,6483000.00,seed,2026-03-06T13:21:00+07:00,2026-03-08T12:21:00+07:00
ORD004288,CUS000195,2026-02-01T15:37:00+07:00,completed,Ho Chi Minh City,web,16208000.00,seed,2026-02-01T15:37:00+07:00,2026-02-01T19:37:00+07:00
ORD004289,CUS000189,2026-05-28T08:36:00+07:00,completed,Bac Ninh,mobile_app,19088000.00,seed,2026-05-28T08:36:00+07:00,2026-05-29T18:36:00+07:00
ORD004290,CUS000906,2026-06-18T22:05:00+07:00,completed,Hai Phong,mobile_app,4820500.00,seed,2026-06-18T22:05:00+07:00,2026-06-20T16:05:00+07:00
ORD004291,CUS000541,2026-05-28T15:57:00+07:00,completed,Hue,mobile_app,18413000.00,seed,2026-05-28T15:57:00+07:00,2026-05-29T10:57:00+07:00
ORD004292,CUS000901,2026-05-03T16:46:00+07:00,completed,Vinh,mobile_app,15080500.00,seed,2026-05-03T16:46:00+07:00,2026-05-05T02:46:00+07:00
ORD004293,CUS000717,2026-05-02T14:25:00+07:00,completed,Quang Ninh,web,5064500.00,seed,2026-05-02T14:25:00+07:00,2026-05-03T01:25:00+07:00
ORD004294,CUS000404,2026-03-20T13:18:00+07:00,completed,Hai Phong,web,1309000.00,seed,2026-03-20T13:18:00+07:00,2026-03-21T13:18:00+07:00
ORD004295,CUS000163,2026-03-28T20:33:00+07:00,completed,Hai Phong,web,646000.00,seed,2026-03-28T20:33:00+07:00,2026-03-29T14:33:00+07:00
ORD004296,CUS000084,2026-03-21T21:59:00+07:00,confirmed,Hanoi,web,18903500.00,seed,2026-03-21T21:59:00+07:00,2026-03-22T20:59:00+07:00
ORD004297,CUS000601,2026-01-30T21:30:00+07:00,completed,Hue,mobile_app,12439000.00,seed,2026-01-30T21:30:00+07:00,2026-02-01T14:30:00+07:00
ORD004298,CUS000036,2026-02-19T17:30:00+07:00,cancelled,Hue,mobile_app,11377000.00,seed,2026-02-19T17:30:00+07:00,2026-02-21T15:30:00+07:00
ORD004299,CUS000187,2026-03-07T22:45:00+07:00,completed,Hai Phong,mobile_app,7309500.00,seed,2026-03-07T22:45:00+07:00,2026-03-09T21:45:00+07:00
ORD004300,CUS000033,2026-06-27T14:30:00+07:00,completed,Vinh,web,4340000.00,seed,2026-06-27T14:30:00+07:00,2026-06-27T18:30:00+07:00
ORD004301,CUS000475,2026-02-19T20:00:00+07:00,completed,Vinh,mobile_app,12267000.00,seed,2026-02-19T20:00:00+07:00,2026-02-20T08:00:00+07:00
ORD004302,CUS000967,2026-05-02T21:15:00+07:00,completed,Hanoi,web,15082000.00,seed,2026-05-02T21:15:00+07:00,2026-05-03T02:15:00+07:00
ORD004303,CUS000731,2026-05-20T17:15:00+07:00,cancelled,Ho Chi Minh City,mobile_app,8949000.00,seed,2026-05-20T17:15:00+07:00,2026-05-22T07:15:00+07:00
ORD004304,CUS000189,2026-05-03T16:30:00+07:00,completed,Hue,mobile_app,23534000.00,seed,2026-05-03T16:30:00+07:00,2026-05-04T03:30:00+07:00
ORD004305,CUS000093,2026-01-08T22:54:00+07:00,shipped,Nha Trang,web,25203000.00,seed,2026-01-08T22:54:00+07:00,2026-01-10T08:54:00+07:00
ORD004306,CUS000203,2026-01-19T12:26:00+07:00,completed,Ho Chi Minh City,web,12518000.00,seed,2026-01-19T12:26:00+07:00,2026-01-19T21:26:00+07:00
ORD004307,CUS000491,2026-06-15T10:10:00+07:00,completed,Ho Chi Minh City,web,35978500.00,seed,2026-06-15T10:10:00+07:00,2026-06-16T16:10:00+07:00
ORD004308,CUS000909,2026-03-13T18:29:00+07:00,cancelled,Vinh,web,11214500.00,seed,2026-03-13T18:29:00+07:00,2026-03-13T22:29:00+07:00
ORD004309,CUS000390,2026-06-10T18:56:00+07:00,completed,Hai Phong,mobile_app,23957000.00,seed,2026-06-10T18:56:00+07:00,2026-06-11T09:56:00+07:00
ORD004310,CUS000604,2026-01-16T10:30:00+07:00,completed,Can Tho,web,3820000.00,seed,2026-01-16T10:30:00+07:00,2026-01-18T05:30:00+07:00
ORD004311,CUS000686,2026-05-17T10:54:00+07:00,completed,Da Nang,social,8653000.00,seed,2026-05-17T10:54:00+07:00,2026-05-18T13:54:00+07:00
ORD004312,CUS000399,2026-04-24T22:39:00+07:00,completed,Bac Ninh,web,4751500.00,seed,2026-04-24T22:39:00+07:00,2026-04-25T03:39:00+07:00
ORD004313,CUS000335,2026-06-12T17:48:00+07:00,completed,Bac Ninh,social,14010000.00,seed,2026-06-12T17:48:00+07:00,2026-06-13T23:48:00+07:00
ORD004314,CUS000184,2026-05-18T13:01:00+07:00,completed,Hanoi,mobile_app,13050000.00,seed,2026-05-18T13:01:00+07:00,2026-05-20T08:01:00+07:00
ORD004315,CUS000671,2026-04-06T08:45:00+07:00,completed,Da Nang,mobile_app,13013000.00,seed,2026-04-06T08:45:00+07:00,2026-04-06T12:45:00+07:00
ORD004316,CUS000570,2026-05-03T15:27:00+07:00,completed,Hai Phong,web,27716500.00,seed,2026-05-03T15:27:00+07:00,2026-05-04T22:27:00+07:00
ORD004317,CUS000066,2026-05-02T21:33:00+07:00,completed,Bac Ninh,web,6651000.00,seed,2026-05-02T21:33:00+07:00,2026-05-03T19:33:00+07:00
ORD004318,CUS000182,2026-06-24T13:45:00+07:00,completed,Da Nang,social,2337000.00,seed,2026-06-24T13:45:00+07:00,2026-06-24T23:45:00+07:00
ORD004319,CUS000203,2026-01-22T10:05:00+07:00,confirmed,Hanoi,mobile_app,14596000.00,seed,2026-01-22T10:05:00+07:00,2026-01-24T06:05:00+07:00
ORD004320,CUS000523,2026-02-16T14:50:00+07:00,completed,Hai Phong,mobile_app,24930000.00,seed,2026-02-16T14:50:00+07:00,2026-02-17T19:50:00+07:00
ORD004321,CUS000370,2026-04-29T22:47:00+07:00,completed,Hue,social,24661500.00,seed,2026-04-29T22:47:00+07:00,2026-04-30T20:47:00+07:00
ORD004322,CUS000106,2026-04-17T11:07:00+07:00,completed,Hue,mobile_app,9047500.00,seed,2026-04-17T11:07:00+07:00,2026-04-18T16:07:00+07:00
ORD004323,CUS000223,2026-02-24T12:33:00+07:00,completed,Can Tho,web,1479000.00,seed,2026-02-24T12:33:00+07:00,2026-02-25T22:33:00+07:00
ORD004324,CUS000460,2026-01-15T09:03:00+07:00,completed,Hanoi,mobile_app,7000000.00,seed,2026-01-15T09:03:00+07:00,2026-01-15T12:03:00+07:00
ORD004325,CUS000676,2026-04-13T10:33:00+07:00,shipped,Quang Ninh,web,43517000.00,seed,2026-04-13T10:33:00+07:00,2026-04-15T07:33:00+07:00
ORD004326,CUS000744,2026-01-02T16:46:00+07:00,completed,Nha Trang,web,9596500.00,seed,2026-01-02T16:46:00+07:00,2026-01-04T10:46:00+07:00
ORD004327,CUS000868,2026-03-17T18:43:00+07:00,completed,Bac Ninh,social,7118000.00,seed,2026-03-17T18:43:00+07:00,2026-03-19T14:43:00+07:00
ORD004328,CUS000836,2026-03-06T22:33:00+07:00,cancelled,Quang Ninh,web,6940000.00,seed,2026-03-06T22:33:00+07:00,2026-03-08T11:33:00+07:00
ORD004329,CUS000171,2026-05-06T15:34:00+07:00,cancelled,Ho Chi Minh City,social,13873000.00,seed,2026-05-06T15:34:00+07:00,2026-05-07T20:34:00+07:00
ORD004330,CUS000367,2026-01-14T22:13:00+07:00,completed,Can Tho,mobile_app,17294000.00,seed,2026-01-14T22:13:00+07:00,2026-01-15T05:13:00+07:00
ORD004331,CUS000566,2026-03-06T14:18:00+07:00,completed,Vinh,web,9202500.00,seed,2026-03-06T14:18:00+07:00,2026-03-07T16:18:00+07:00
ORD004332,CUS000888,2026-02-06T18:53:00+07:00,shipped,Vinh,web,24107000.00,seed,2026-02-06T18:53:00+07:00,2026-02-07T19:53:00+07:00
ORD004333,CUS000760,2026-03-03T16:37:00+07:00,completed,Hue,web,15997500.00,seed,2026-03-03T16:37:00+07:00,2026-03-04T12:37:00+07:00
ORD004334,CUS000554,2026-06-28T17:39:00+07:00,completed,Da Nang,web,21557000.00,seed,2026-06-28T17:39:00+07:00,2026-06-30T15:39:00+07:00
ORD004335,CUS000117,2026-06-27T11:08:00+07:00,completed,Quang Ninh,web,4161000.00,seed,2026-06-27T11:08:00+07:00,2026-06-29T00:08:00+07:00
ORD004336,CUS000823,2026-01-16T17:11:00+07:00,completed,Nha Trang,web,11685000.00,seed,2026-01-16T17:11:00+07:00,2026-01-18T13:11:00+07:00
ORD004337,CUS000868,2026-05-03T19:21:00+07:00,completed,Can Tho,web,15741500.00,seed,2026-05-03T19:21:00+07:00,2026-05-04T03:21:00+07:00
ORD004338,CUS000973,2026-03-07T20:45:00+07:00,completed,Da Nang,mobile_app,11244500.00,seed,2026-03-07T20:45:00+07:00,2026-03-08T15:45:00+07:00
ORD004339,CUS000862,2026-02-12T12:23:00+07:00,completed,Ho Chi Minh City,mobile_app,23134000.00,seed,2026-02-12T12:23:00+07:00,2026-02-13T01:23:00+07:00
ORD004340,CUS000442,2026-02-01T11:57:00+07:00,completed,Hai Phong,social,11866500.00,seed,2026-02-01T11:57:00+07:00,2026-02-01T19:57:00+07:00
ORD004341,CUS000315,2026-03-17T11:57:00+07:00,completed,Hai Phong,social,10886500.00,seed,2026-03-17T11:57:00+07:00,2026-03-19T06:57:00+07:00
ORD004342,CUS000290,2026-04-12T15:32:00+07:00,completed,Nha Trang,social,23731500.00,seed,2026-04-12T15:32:00+07:00,2026-04-13T23:32:00+07:00
ORD004343,CUS000645,2026-03-27T19:33:00+07:00,completed,Nha Trang,mobile_app,8730000.00,seed,2026-03-27T19:33:00+07:00,2026-03-28T10:33:00+07:00
ORD004344,CUS000568,2026-06-25T20:33:00+07:00,completed,Da Nang,mobile_app,6036500.00,seed,2026-06-25T20:33:00+07:00,2026-06-25T23:33:00+07:00
ORD004345,CUS000965,2026-02-27T16:42:00+07:00,completed,Bac Ninh,web,12901500.00,seed,2026-02-27T16:42:00+07:00,2026-02-28T12:42:00+07:00
ORD004346,CUS000130,2026-06-11T17:26:00+07:00,shipped,Bac Ninh,mobile_app,19184500.00,seed,2026-06-11T17:26:00+07:00,2026-06-13T11:26:00+07:00
ORD004347,CUS000696,2026-01-03T21:20:00+07:00,completed,Hanoi,mobile_app,8262000.00,seed,2026-01-03T21:20:00+07:00,2026-01-05T18:20:00+07:00
ORD004348,CUS000983,2026-01-14T15:35:00+07:00,cancelled,Da Nang,web,5540000.00,seed,2026-01-14T15:35:00+07:00,2026-01-15T19:35:00+07:00
ORD004349,CUS000450,2026-02-03T18:03:00+07:00,completed,Bac Ninh,web,6540000.00,seed,2026-02-03T18:03:00+07:00,2026-02-05T02:03:00+07:00
ORD004350,CUS000232,2026-02-24T20:19:00+07:00,completed,Quang Ninh,mobile_app,23350000.00,seed,2026-02-24T20:19:00+07:00,2026-02-25T13:19:00+07:00
ORD004351,CUS000828,2026-05-07T10:25:00+07:00,completed,Vinh,social,18508000.00,seed,2026-05-07T10:25:00+07:00,2026-05-08T00:25:00+07:00
ORD004352,CUS000152,2026-02-06T12:06:00+07:00,completed,Can Tho,web,12236000.00,seed,2026-02-06T12:06:00+07:00,2026-02-06T21:06:00+07:00
ORD004353,CUS000366,2026-02-13T10:22:00+07:00,pending,Hanoi,web,5044500.00,seed,2026-02-13T10:22:00+07:00,2026-02-15T02:22:00+07:00
ORD004354,CUS000133,2026-04-27T17:34:00+07:00,completed,Ho Chi Minh City,mobile_app,36204000.00,seed,2026-04-27T17:34:00+07:00,2026-04-28T04:34:00+07:00
ORD004355,CUS000057,2026-06-23T20:49:00+07:00,completed,Hanoi,web,25535000.00,seed,2026-06-23T20:49:00+07:00,2026-06-24T19:49:00+07:00
ORD004356,CUS000620,2026-03-08T22:09:00+07:00,completed,Ho Chi Minh City,mobile_app,14400500.00,seed,2026-03-08T22:09:00+07:00,2026-03-09T05:09:00+07:00
ORD004357,CUS000312,2026-02-21T10:56:00+07:00,completed,Hai Phong,mobile_app,20880000.00,seed,2026-02-21T10:56:00+07:00,2026-02-23T08:56:00+07:00
ORD004358,CUS000945,2026-01-25T15:39:00+07:00,completed,Hanoi,mobile_app,6860000.00,seed,2026-01-25T15:39:00+07:00,2026-01-25T20:39:00+07:00
ORD004359,CUS000054,2026-03-10T20:14:00+07:00,pending,Da Nang,web,16714500.00,seed,2026-03-10T20:14:00+07:00,2026-03-11T12:14:00+07:00
ORD004360,CUS000760,2026-05-07T09:17:00+07:00,completed,Nha Trang,web,11694000.00,seed,2026-05-07T09:17:00+07:00,2026-05-07T15:17:00+07:00
ORD004361,CUS000755,2026-03-29T17:02:00+07:00,completed,Da Nang,mobile_app,4290000.00,seed,2026-03-29T17:02:00+07:00,2026-03-29T18:02:00+07:00
ORD004362,CUS000030,2026-06-10T11:48:00+07:00,completed,Nha Trang,web,8059500.00,seed,2026-06-10T11:48:00+07:00,2026-06-10T15:48:00+07:00
ORD004363,CUS000397,2026-06-17T13:17:00+07:00,completed,Quang Ninh,mobile_app,12863500.00,seed,2026-06-17T13:17:00+07:00,2026-06-19T07:17:00+07:00
ORD004364,CUS000531,2026-03-02T12:26:00+07:00,completed,Can Tho,web,22840000.00,seed,2026-03-02T12:26:00+07:00,2026-03-03T02:26:00+07:00
ORD004365,CUS000667,2026-06-09T11:02:00+07:00,cancelled,Vinh,web,6992000.00,seed,2026-06-09T11:02:00+07:00,2026-06-10T01:02:00+07:00
ORD004366,CUS000961,2026-01-01T19:23:00+07:00,completed,Nha Trang,web,18054000.00,seed,2026-01-01T19:23:00+07:00,2026-01-02T23:23:00+07:00
ORD004367,CUS000683,2026-06-24T15:47:00+07:00,completed,Da Nang,mobile_app,15667000.00,seed,2026-06-24T15:47:00+07:00,2026-06-25T18:47:00+07:00
ORD004368,CUS000533,2026-01-13T19:09:00+07:00,completed,Bac Ninh,web,18085000.00,seed,2026-01-13T19:09:00+07:00,2026-01-14T22:09:00+07:00
ORD004369,CUS000824,2026-01-02T18:46:00+07:00,shipped,Da Nang,mobile_app,4513500.00,seed,2026-01-02T18:46:00+07:00,2026-01-04T06:46:00+07:00
ORD004370,CUS000157,2026-05-01T16:45:00+07:00,completed,Hue,web,22344000.00,seed,2026-05-01T16:45:00+07:00,2026-05-03T06:45:00+07:00
ORD004371,CUS000696,2026-01-09T19:47:00+07:00,completed,Bac Ninh,mobile_app,11779500.00,seed,2026-01-09T19:47:00+07:00,2026-01-10T19:47:00+07:00
ORD004372,CUS000603,2026-06-22T19:54:00+07:00,completed,Quang Ninh,web,18719500.00,seed,2026-06-22T19:54:00+07:00,2026-06-23T01:54:00+07:00
ORD004373,CUS000848,2026-05-04T09:05:00+07:00,completed,Ho Chi Minh City,web,10924000.00,seed,2026-05-04T09:05:00+07:00,2026-05-04T16:05:00+07:00
ORD004374,CUS000652,2026-05-04T15:23:00+07:00,completed,Ho Chi Minh City,web,11760000.00,seed,2026-05-04T15:23:00+07:00,2026-05-06T12:23:00+07:00
ORD004375,CUS000253,2026-06-13T12:28:00+07:00,completed,Can Tho,social,5985000.00,seed,2026-06-13T12:28:00+07:00,2026-06-14T09:28:00+07:00
ORD004376,CUS000528,2026-01-06T21:17:00+07:00,cancelled,Vinh,mobile_app,18612000.00,seed,2026-01-06T21:17:00+07:00,2026-01-08T09:17:00+07:00
ORD004377,CUS000431,2026-06-13T21:52:00+07:00,completed,Hanoi,mobile_app,2932500.00,seed,2026-06-13T21:52:00+07:00,2026-06-15T06:52:00+07:00
ORD004378,CUS000205,2026-02-24T19:14:00+07:00,cancelled,Da Nang,web,27168000.00,seed,2026-02-24T19:14:00+07:00,2026-02-25T16:14:00+07:00
ORD004379,CUS000730,2026-01-16T11:21:00+07:00,completed,Quang Ninh,web,34856000.00,seed,2026-01-16T11:21:00+07:00,2026-01-16T23:21:00+07:00
ORD004380,CUS000143,2026-03-30T14:08:00+07:00,confirmed,Bac Ninh,web,8100000.00,seed,2026-03-30T14:08:00+07:00,2026-03-31T04:08:00+07:00
ORD004381,CUS000816,2026-01-12T12:25:00+07:00,completed,Da Nang,mobile_app,23766000.00,seed,2026-01-12T12:25:00+07:00,2026-01-13T13:25:00+07:00
ORD004382,CUS000634,2026-06-28T13:47:00+07:00,cancelled,Bac Ninh,mobile_app,1823000.00,seed,2026-06-28T13:47:00+07:00,2026-06-28T16:47:00+07:00
ORD004383,CUS000276,2026-02-26T17:12:00+07:00,confirmed,Nha Trang,web,8066500.00,seed,2026-02-26T17:12:00+07:00,2026-02-27T22:12:00+07:00
ORD004384,CUS000764,2026-01-19T14:40:00+07:00,shipped,Hue,web,4192500.00,seed,2026-01-19T14:40:00+07:00,2026-01-20T09:40:00+07:00
ORD004385,CUS000413,2026-01-25T18:25:00+07:00,completed,Hai Phong,mobile_app,14101000.00,seed,2026-01-25T18:25:00+07:00,2026-01-25T20:25:00+07:00
ORD004386,CUS000731,2026-05-16T13:38:00+07:00,completed,Ho Chi Minh City,web,3220500.00,seed,2026-05-16T13:38:00+07:00,2026-05-17T19:38:00+07:00
ORD004387,CUS000146,2026-02-10T09:40:00+07:00,completed,Nha Trang,web,9731000.00,seed,2026-02-10T09:40:00+07:00,2026-02-11T23:40:00+07:00
ORD004388,CUS000674,2026-01-17T12:15:00+07:00,completed,Ho Chi Minh City,mobile_app,13731500.00,seed,2026-01-17T12:15:00+07:00,2026-01-18T22:15:00+07:00
ORD004389,CUS000715,2026-06-24T11:39:00+07:00,completed,Nha Trang,web,12573000.00,seed,2026-06-24T11:39:00+07:00,2026-06-25T04:39:00+07:00
ORD004390,CUS000363,2026-05-27T15:50:00+07:00,completed,Bac Ninh,mobile_app,19280000.00,seed,2026-05-27T15:50:00+07:00,2026-05-29T00:50:00+07:00
ORD004391,CUS000284,2026-05-27T21:32:00+07:00,completed,Hai Phong,web,16607000.00,seed,2026-05-27T21:32:00+07:00,2026-05-29T09:32:00+07:00
ORD004392,CUS000478,2026-02-09T12:25:00+07:00,completed,Bac Ninh,web,3411000.00,seed,2026-02-09T12:25:00+07:00,2026-02-10T05:25:00+07:00
ORD004393,CUS000219,2026-02-13T12:49:00+07:00,shipped,Bac Ninh,mobile_app,6241500.00,seed,2026-02-13T12:49:00+07:00,2026-02-14T02:49:00+07:00
ORD004394,CUS000519,2026-01-30T12:52:00+07:00,completed,Bac Ninh,mobile_app,2862000.00,seed,2026-01-30T12:52:00+07:00,2026-01-31T02:52:00+07:00
ORD004395,CUS000422,2026-02-21T22:04:00+07:00,completed,Vinh,mobile_app,11712500.00,seed,2026-02-21T22:04:00+07:00,2026-02-22T23:04:00+07:00
ORD004396,CUS000026,2026-05-28T20:54:00+07:00,completed,Hue,web,25934500.00,seed,2026-05-28T20:54:00+07:00,2026-05-30T06:54:00+07:00
ORD004397,CUS000883,2026-05-27T13:04:00+07:00,completed,Vinh,social,3041500.00,seed,2026-05-27T13:04:00+07:00,2026-05-28T16:04:00+07:00
ORD004398,CUS000326,2026-05-22T09:01:00+07:00,cancelled,Hai Phong,mobile_app,22211000.00,seed,2026-05-22T09:01:00+07:00,2026-05-23T23:01:00+07:00
ORD004399,CUS000004,2026-01-29T09:20:00+07:00,completed,Hue,mobile_app,20160500.00,seed,2026-01-29T09:20:00+07:00,2026-01-30T13:20:00+07:00
ORD004400,CUS000818,2026-05-01T22:19:00+07:00,shipped,Vinh,mobile_app,27147000.00,seed,2026-05-01T22:19:00+07:00,2026-05-03T11:19:00+07:00
ORD004401,CUS000652,2026-03-22T22:34:00+07:00,completed,Da Nang,web,10333500.00,seed,2026-03-22T22:34:00+07:00,2026-03-24T07:34:00+07:00
ORD004402,CUS000958,2026-03-16T22:57:00+07:00,shipped,Can Tho,web,8078500.00,seed,2026-03-16T22:57:00+07:00,2026-03-17T08:57:00+07:00
ORD004403,CUS000995,2026-05-07T08:12:00+07:00,completed,Da Nang,web,1716000.00,seed,2026-05-07T08:12:00+07:00,2026-05-08T04:12:00+07:00
ORD004404,CUS000377,2026-05-22T12:40:00+07:00,confirmed,Bac Ninh,web,12204000.00,seed,2026-05-22T12:40:00+07:00,2026-05-24T04:40:00+07:00
ORD004405,CUS000138,2026-03-15T13:35:00+07:00,completed,Hai Phong,social,11678000.00,seed,2026-03-15T13:35:00+07:00,2026-03-17T13:35:00+07:00
ORD004406,CUS000714,2026-02-02T09:35:00+07:00,completed,Vinh,web,11551000.00,seed,2026-02-02T09:35:00+07:00,2026-02-03T15:35:00+07:00
ORD004407,CUS000783,2026-06-07T13:15:00+07:00,shipped,Nha Trang,mobile_app,22918000.00,seed,2026-06-07T13:15:00+07:00,2026-06-07T19:15:00+07:00
ORD004408,CUS000924,2026-02-20T14:37:00+07:00,completed,Bac Ninh,social,18572000.00,seed,2026-02-20T14:37:00+07:00,2026-02-20T23:37:00+07:00
ORD004409,CUS001000,2026-01-05T16:55:00+07:00,completed,Ho Chi Minh City,web,24903000.00,seed,2026-01-05T16:55:00+07:00,2026-01-05T22:55:00+07:00
ORD004410,CUS000333,2026-04-01T19:42:00+07:00,completed,Ho Chi Minh City,social,7810000.00,seed,2026-04-01T19:42:00+07:00,2026-04-03T17:42:00+07:00
ORD004411,CUS000636,2026-05-03T22:07:00+07:00,completed,Hanoi,social,5508000.00,seed,2026-05-03T22:07:00+07:00,2026-05-05T02:07:00+07:00
ORD004412,CUS000449,2026-06-05T14:59:00+07:00,completed,Quang Ninh,social,3951000.00,seed,2026-06-05T14:59:00+07:00,2026-06-07T14:59:00+07:00
ORD004413,CUS000920,2026-04-25T11:32:00+07:00,confirmed,Vinh,web,900000.00,seed,2026-04-25T11:32:00+07:00,2026-04-26T15:32:00+07:00
ORD004414,CUS000701,2026-05-21T13:17:00+07:00,completed,Quang Ninh,web,9591000.00,seed,2026-05-21T13:17:00+07:00,2026-05-22T00:17:00+07:00
ORD004415,CUS000228,2026-03-02T09:53:00+07:00,completed,Da Nang,mobile_app,27767000.00,seed,2026-03-02T09:53:00+07:00,2026-03-02T15:53:00+07:00
ORD004416,CUS000801,2026-04-28T17:27:00+07:00,completed,Ho Chi Minh City,web,2870000.00,seed,2026-04-28T17:27:00+07:00,2026-04-29T12:27:00+07:00
ORD004417,CUS000059,2026-03-22T15:27:00+07:00,completed,Hai Phong,mobile_app,5800000.00,seed,2026-03-22T15:27:00+07:00,2026-03-24T12:27:00+07:00
ORD004418,CUS000092,2026-01-02T12:09:00+07:00,shipped,Quang Ninh,mobile_app,12316500.00,seed,2026-01-02T12:09:00+07:00,2026-01-03T13:09:00+07:00
ORD004419,CUS000673,2026-05-28T14:26:00+07:00,completed,Quang Ninh,mobile_app,459000.00,seed,2026-05-28T14:26:00+07:00,2026-05-28T23:26:00+07:00
ORD004420,CUS000885,2026-05-25T17:59:00+07:00,completed,Hue,social,4026000.00,seed,2026-05-25T17:59:00+07:00,2026-05-26T17:59:00+07:00
ORD004421,CUS000697,2026-02-27T10:05:00+07:00,completed,Vinh,web,2260000.00,seed,2026-02-27T10:05:00+07:00,2026-02-28T04:05:00+07:00
ORD004422,CUS000072,2026-03-22T19:43:00+07:00,completed,Hanoi,mobile_app,22416000.00,seed,2026-03-22T19:43:00+07:00,2026-03-24T16:43:00+07:00
ORD004423,CUS000848,2026-04-07T13:38:00+07:00,shipped,Hue,mobile_app,9412000.00,seed,2026-04-07T13:38:00+07:00,2026-04-09T00:38:00+07:00
ORD004424,CUS000359,2026-05-08T09:09:00+07:00,completed,Ho Chi Minh City,mobile_app,5760000.00,seed,2026-05-08T09:09:00+07:00,2026-05-09T12:09:00+07:00
ORD004425,CUS000422,2026-04-04T17:59:00+07:00,completed,Hai Phong,social,582500.00,seed,2026-04-04T17:59:00+07:00,2026-04-06T15:59:00+07:00
ORD004426,CUS000452,2026-03-04T21:53:00+07:00,completed,Hanoi,web,12903000.00,seed,2026-03-04T21:53:00+07:00,2026-03-06T08:53:00+07:00
ORD004427,CUS000803,2026-02-28T18:01:00+07:00,completed,Bac Ninh,mobile_app,2140000.00,seed,2026-02-28T18:01:00+07:00,2026-03-02T07:01:00+07:00
ORD004428,CUS000232,2026-04-15T13:43:00+07:00,confirmed,Hai Phong,mobile_app,20920000.00,seed,2026-04-15T13:43:00+07:00,2026-04-15T17:43:00+07:00
ORD004429,CUS000376,2026-02-08T12:50:00+07:00,completed,Da Nang,web,5123000.00,seed,2026-02-08T12:50:00+07:00,2026-02-09T15:50:00+07:00
ORD004430,CUS000030,2026-04-05T20:04:00+07:00,completed,Vinh,mobile_app,11390000.00,seed,2026-04-05T20:04:00+07:00,2026-04-06T08:04:00+07:00
ORD004431,CUS000889,2026-01-01T15:33:00+07:00,completed,Hanoi,web,1490000.00,seed,2026-01-01T15:33:00+07:00,2026-01-01T22:33:00+07:00
ORD004432,CUS000437,2026-05-01T21:23:00+07:00,completed,Vinh,mobile_app,23970000.00,seed,2026-05-01T21:23:00+07:00,2026-05-02T16:23:00+07:00
ORD004433,CUS000188,2026-06-22T17:41:00+07:00,completed,Hanoi,social,5690500.00,seed,2026-06-22T17:41:00+07:00,2026-06-23T17:41:00+07:00
ORD004434,CUS000591,2026-06-02T22:18:00+07:00,completed,Can Tho,mobile_app,21572000.00,seed,2026-06-02T22:18:00+07:00,2026-06-03T18:18:00+07:00
ORD004435,CUS000615,2026-01-27T13:59:00+07:00,completed,Vinh,social,14755500.00,seed,2026-01-27T13:59:00+07:00,2026-01-27T19:59:00+07:00
ORD004436,CUS000736,2026-01-30T17:26:00+07:00,completed,Hanoi,mobile_app,20813000.00,seed,2026-01-30T17:26:00+07:00,2026-02-01T14:26:00+07:00
ORD004437,CUS000107,2026-05-29T21:33:00+07:00,completed,Quang Ninh,mobile_app,9502000.00,seed,2026-05-29T21:33:00+07:00,2026-05-31T18:33:00+07:00
ORD004438,CUS000808,2026-06-18T18:34:00+07:00,completed,Ho Chi Minh City,mobile_app,11514000.00,seed,2026-06-18T18:34:00+07:00,2026-06-19T01:34:00+07:00
ORD004439,CUS000643,2026-01-10T12:19:00+07:00,completed,Can Tho,mobile_app,6142500.00,seed,2026-01-10T12:19:00+07:00,2026-01-12T10:19:00+07:00
ORD004440,CUS000503,2026-06-28T21:39:00+07:00,completed,Vinh,web,7140000.00,seed,2026-06-28T21:39:00+07:00,2026-06-30T12:39:00+07:00
ORD004441,CUS000096,2026-03-18T11:20:00+07:00,cancelled,Vinh,web,230000.00,seed,2026-03-18T11:20:00+07:00,2026-03-19T07:20:00+07:00
ORD004442,CUS000935,2026-04-23T16:38:00+07:00,completed,Da Nang,social,21836000.00,seed,2026-04-23T16:38:00+07:00,2026-04-24T08:38:00+07:00
ORD004443,CUS000893,2026-03-04T10:26:00+07:00,completed,Nha Trang,web,5530000.00,seed,2026-03-04T10:26:00+07:00,2026-03-06T09:26:00+07:00
ORD004444,CUS000062,2026-05-25T18:11:00+07:00,completed,Hanoi,web,49494000.00,seed,2026-05-25T18:11:00+07:00,2026-05-26T23:11:00+07:00
ORD004445,CUS000765,2026-05-29T08:29:00+07:00,completed,Can Tho,mobile_app,12309000.00,seed,2026-05-29T08:29:00+07:00,2026-05-29T21:29:00+07:00
ORD004446,CUS000843,2026-05-31T14:50:00+07:00,completed,Da Nang,web,3393000.00,seed,2026-05-31T14:50:00+07:00,2026-06-01T23:50:00+07:00
ORD004447,CUS000509,2026-02-14T10:17:00+07:00,completed,Hue,mobile_app,18189000.00,seed,2026-02-14T10:17:00+07:00,2026-02-15T02:17:00+07:00
ORD004448,CUS000023,2026-01-21T21:06:00+07:00,pending,Vinh,mobile_app,28542000.00,seed,2026-01-21T21:06:00+07:00,2026-01-22T19:06:00+07:00
ORD004449,CUS000630,2026-03-13T09:02:00+07:00,confirmed,Ho Chi Minh City,web,15002500.00,seed,2026-03-13T09:02:00+07:00,2026-03-14T16:02:00+07:00
ORD004450,CUS000902,2026-05-25T16:32:00+07:00,completed,Hue,mobile_app,22303000.00,seed,2026-05-25T16:32:00+07:00,2026-05-27T05:32:00+07:00
ORD004451,CUS000092,2026-02-13T09:59:00+07:00,shipped,Da Nang,mobile_app,27100000.00,seed,2026-02-13T09:59:00+07:00,2026-02-14T03:59:00+07:00
ORD004452,CUS000461,2026-02-07T21:26:00+07:00,completed,Can Tho,web,13984500.00,seed,2026-02-07T21:26:00+07:00,2026-02-08T13:26:00+07:00
ORD004453,CUS000875,2026-03-21T22:27:00+07:00,completed,Da Nang,web,4995000.00,seed,2026-03-21T22:27:00+07:00,2026-03-22T21:27:00+07:00
ORD004454,CUS000606,2026-04-29T08:08:00+07:00,completed,Hue,web,7513500.00,seed,2026-04-29T08:08:00+07:00,2026-04-30T14:08:00+07:00
ORD004455,CUS000820,2026-06-27T22:59:00+07:00,completed,Ho Chi Minh City,mobile_app,10906000.00,seed,2026-06-27T22:59:00+07:00,2026-06-28T00:59:00+07:00
ORD004456,CUS000917,2026-05-22T14:49:00+07:00,cancelled,Nha Trang,social,8630500.00,seed,2026-05-22T14:49:00+07:00,2026-05-23T12:49:00+07:00
ORD004457,CUS000105,2026-02-16T09:55:00+07:00,completed,Can Tho,mobile_app,12804000.00,seed,2026-02-16T09:55:00+07:00,2026-02-17T01:55:00+07:00
ORD004458,CUS000512,2026-03-20T18:14:00+07:00,completed,Hai Phong,web,243000.00,seed,2026-03-20T18:14:00+07:00,2026-03-20T18:14:00+07:00
ORD004459,CUS000175,2026-03-31T09:24:00+07:00,completed,Da Nang,mobile_app,12398500.00,seed,2026-03-31T09:24:00+07:00,2026-04-01T10:24:00+07:00
ORD004460,CUS000058,2026-01-30T19:18:00+07:00,pending,Hanoi,mobile_app,4636000.00,seed,2026-01-30T19:18:00+07:00,2026-01-31T22:18:00+07:00
ORD004461,CUS000434,2026-05-13T13:45:00+07:00,pending,Vinh,social,2927000.00,seed,2026-05-13T13:45:00+07:00,2026-05-14T12:45:00+07:00
ORD004462,CUS000718,2026-05-04T16:11:00+07:00,completed,Bac Ninh,mobile_app,12706000.00,seed,2026-05-04T16:11:00+07:00,2026-05-06T13:11:00+07:00
ORD004463,CUS000434,2026-03-18T19:49:00+07:00,completed,Hue,mobile_app,14973000.00,seed,2026-03-18T19:49:00+07:00,2026-03-18T23:49:00+07:00
ORD004464,CUS000641,2026-03-31T22:09:00+07:00,completed,Hue,mobile_app,13797000.00,seed,2026-03-31T22:09:00+07:00,2026-04-02T19:09:00+07:00
ORD004465,CUS000850,2026-01-06T20:53:00+07:00,completed,Ho Chi Minh City,web,7597000.00,seed,2026-01-06T20:53:00+07:00,2026-01-08T10:53:00+07:00
ORD004466,CUS000386,2026-03-28T21:27:00+07:00,completed,Da Nang,social,5780000.00,seed,2026-03-28T21:27:00+07:00,2026-03-29T08:27:00+07:00
ORD004467,CUS000926,2026-04-06T20:11:00+07:00,completed,Vinh,web,4940000.00,seed,2026-04-06T20:11:00+07:00,2026-04-08T07:11:00+07:00
ORD004468,CUS000589,2026-05-07T21:38:00+07:00,completed,Quang Ninh,web,3459500.00,seed,2026-05-07T21:38:00+07:00,2026-05-09T03:38:00+07:00
ORD004469,CUS000776,2026-04-19T09:42:00+07:00,completed,Hanoi,social,10112000.00,seed,2026-04-19T09:42:00+07:00,2026-04-19T23:42:00+07:00
ORD004470,CUS000355,2026-06-12T17:30:00+07:00,completed,Ho Chi Minh City,web,14745500.00,seed,2026-06-12T17:30:00+07:00,2026-06-14T09:30:00+07:00
ORD004471,CUS000745,2026-06-19T10:14:00+07:00,completed,Hue,web,7920000.00,seed,2026-06-19T10:14:00+07:00,2026-06-21T03:14:00+07:00
ORD004472,CUS000615,2026-02-24T20:24:00+07:00,cancelled,Da Nang,social,18480000.00,seed,2026-02-24T20:24:00+07:00,2026-02-24T21:24:00+07:00
ORD004473,CUS000981,2026-04-14T15:57:00+07:00,completed,Can Tho,web,15148500.00,seed,2026-04-14T15:57:00+07:00,2026-04-15T22:57:00+07:00
ORD004474,CUS000053,2026-04-11T09:08:00+07:00,confirmed,Vinh,mobile_app,11549500.00,seed,2026-04-11T09:08:00+07:00,2026-04-13T05:08:00+07:00
ORD004475,CUS000772,2026-02-03T11:12:00+07:00,pending,Quang Ninh,web,16518000.00,seed,2026-02-03T11:12:00+07:00,2026-02-04T09:12:00+07:00
ORD004476,CUS000949,2026-03-18T17:13:00+07:00,completed,Nha Trang,mobile_app,2006000.00,seed,2026-03-18T17:13:00+07:00,2026-03-18T20:13:00+07:00
ORD004477,CUS000826,2026-04-12T19:46:00+07:00,completed,Hue,web,9499500.00,seed,2026-04-12T19:46:00+07:00,2026-04-14T04:46:00+07:00
ORD004478,CUS000896,2026-02-09T15:03:00+07:00,shipped,Quang Ninh,mobile_app,5882000.00,seed,2026-02-09T15:03:00+07:00,2026-02-10T06:03:00+07:00
ORD004479,CUS000190,2026-04-07T21:23:00+07:00,completed,Ho Chi Minh City,web,9620000.00,seed,2026-04-07T21:23:00+07:00,2026-04-08T03:23:00+07:00
ORD004480,CUS000203,2026-06-09T22:41:00+07:00,completed,Vinh,mobile_app,2780000.00,seed,2026-06-09T22:41:00+07:00,2026-06-10T15:41:00+07:00
ORD004481,CUS000711,2026-04-07T11:07:00+07:00,cancelled,Vinh,mobile_app,6180000.00,seed,2026-04-07T11:07:00+07:00,2026-04-07T20:07:00+07:00
ORD004482,CUS000336,2026-06-03T16:59:00+07:00,shipped,Bac Ninh,mobile_app,11469000.00,seed,2026-06-03T16:59:00+07:00,2026-06-05T11:59:00+07:00
ORD004483,CUS000080,2026-04-17T11:49:00+07:00,completed,Ho Chi Minh City,web,8227000.00,seed,2026-04-17T11:49:00+07:00,2026-04-17T18:49:00+07:00
ORD004484,CUS000402,2026-05-16T20:28:00+07:00,completed,Hanoi,social,12486500.00,seed,2026-05-16T20:28:00+07:00,2026-05-18T00:28:00+07:00
ORD004485,CUS000407,2026-04-10T19:02:00+07:00,shipped,Can Tho,web,19124000.00,seed,2026-04-10T19:02:00+07:00,2026-04-12T06:02:00+07:00
ORD004486,CUS000359,2026-04-02T20:39:00+07:00,completed,Da Nang,web,874000.00,seed,2026-04-02T20:39:00+07:00,2026-04-03T06:39:00+07:00
ORD004487,CUS000264,2026-01-07T17:44:00+07:00,completed,Vinh,web,7138000.00,seed,2026-01-07T17:44:00+07:00,2026-01-07T23:44:00+07:00
ORD004488,CUS000606,2026-01-12T10:33:00+07:00,completed,Hai Phong,web,24855500.00,seed,2026-01-12T10:33:00+07:00,2026-01-13T14:33:00+07:00
ORD004489,CUS000180,2026-06-05T13:19:00+07:00,completed,Can Tho,social,14065000.00,seed,2026-06-05T13:19:00+07:00,2026-06-07T03:19:00+07:00
ORD004490,CUS000025,2026-06-10T12:03:00+07:00,completed,Ho Chi Minh City,mobile_app,18050000.00,seed,2026-06-10T12:03:00+07:00,2026-06-11T17:03:00+07:00
ORD004491,CUS000019,2026-02-18T20:47:00+07:00,completed,Quang Ninh,web,3141000.00,seed,2026-02-18T20:47:00+07:00,2026-02-20T05:47:00+07:00
ORD004492,CUS000730,2026-03-12T18:55:00+07:00,completed,Quang Ninh,mobile_app,22581000.00,seed,2026-03-12T18:55:00+07:00,2026-03-13T22:55:00+07:00
ORD004493,CUS000474,2026-03-04T19:27:00+07:00,shipped,Vinh,web,14550000.00,seed,2026-03-04T19:27:00+07:00,2026-03-06T19:27:00+07:00
ORD004494,CUS000219,2026-03-09T22:28:00+07:00,completed,Nha Trang,web,14012000.00,seed,2026-03-09T22:28:00+07:00,2026-03-11T04:28:00+07:00
ORD004495,CUS000810,2026-02-21T09:01:00+07:00,completed,Vinh,social,830000.00,seed,2026-02-21T09:01:00+07:00,2026-02-22T17:01:00+07:00
ORD004496,CUS000157,2026-02-15T15:45:00+07:00,completed,Can Tho,mobile_app,2559500.00,seed,2026-02-15T15:45:00+07:00,2026-02-16T04:45:00+07:00
ORD004497,CUS000989,2026-01-01T08:31:00+07:00,completed,Hanoi,social,6798000.00,seed,2026-01-01T08:31:00+07:00,2026-01-01T19:31:00+07:00
ORD004498,CUS000384,2026-03-14T18:54:00+07:00,completed,Vinh,mobile_app,26550000.00,seed,2026-03-14T18:54:00+07:00,2026-03-15T13:54:00+07:00
ORD004499,CUS000189,2026-01-12T14:48:00+07:00,completed,Quang Ninh,web,11423000.00,seed,2026-01-12T14:48:00+07:00,2026-01-13T06:48:00+07:00
ORD004500,CUS000024,2026-01-11T22:08:00+07:00,completed,Can Tho,web,6570000.00,seed,2026-01-11T22:08:00+07:00,2026-01-12T06:08:00+07:00
ORD004501,CUS000042,2026-03-18T16:25:00+07:00,completed,Bac Ninh,mobile_app,26454000.00,seed,2026-03-18T16:25:00+07:00,2026-03-18T17:25:00+07:00
ORD004502,CUS000724,2026-05-19T22:01:00+07:00,completed,Can Tho,mobile_app,9797000.00,seed,2026-05-19T22:01:00+07:00,2026-05-20T19:01:00+07:00
ORD004503,CUS000646,2026-04-06T19:06:00+07:00,completed,Quang Ninh,social,15361500.00,seed,2026-04-06T19:06:00+07:00,2026-04-07T05:06:00+07:00
ORD004504,CUS000784,2026-03-08T19:46:00+07:00,completed,Hai Phong,mobile_app,760000.00,seed,2026-03-08T19:46:00+07:00,2026-03-10T10:46:00+07:00
ORD004505,CUS000119,2026-02-09T19:54:00+07:00,completed,Ho Chi Minh City,mobile_app,3060000.00,seed,2026-02-09T19:54:00+07:00,2026-02-11T12:54:00+07:00
ORD004506,CUS000314,2026-02-25T17:54:00+07:00,completed,Da Nang,web,19911500.00,seed,2026-02-25T17:54:00+07:00,2026-02-27T05:54:00+07:00
ORD004507,CUS000597,2026-04-08T08:16:00+07:00,completed,Hanoi,mobile_app,13024000.00,seed,2026-04-08T08:16:00+07:00,2026-04-10T00:16:00+07:00
ORD004508,CUS000116,2026-03-07T14:23:00+07:00,completed,Hanoi,social,15888000.00,seed,2026-03-07T14:23:00+07:00,2026-03-08T23:23:00+07:00
ORD004509,CUS000752,2026-01-14T08:27:00+07:00,completed,Can Tho,mobile_app,4604500.00,seed,2026-01-14T08:27:00+07:00,2026-01-16T07:27:00+07:00
ORD004510,CUS000338,2026-04-28T22:18:00+07:00,completed,Da Nang,web,7640000.00,seed,2026-04-28T22:18:00+07:00,2026-04-30T13:18:00+07:00
ORD004511,CUS000866,2026-04-26T22:52:00+07:00,completed,Hue,mobile_app,15891000.00,seed,2026-04-26T22:52:00+07:00,2026-04-27T19:52:00+07:00
ORD004512,CUS000827,2026-05-24T16:32:00+07:00,completed,Da Nang,web,7506000.00,seed,2026-05-24T16:32:00+07:00,2026-05-26T07:32:00+07:00
ORD004513,CUS000600,2026-06-19T13:32:00+07:00,completed,Hue,web,8176500.00,seed,2026-06-19T13:32:00+07:00,2026-06-19T21:32:00+07:00
ORD004514,CUS000735,2026-01-27T15:34:00+07:00,completed,Da Nang,web,7528000.00,seed,2026-01-27T15:34:00+07:00,2026-01-28T21:34:00+07:00
ORD004515,CUS000879,2026-01-03T18:20:00+07:00,completed,Quang Ninh,web,19216000.00,seed,2026-01-03T18:20:00+07:00,2026-01-05T09:20:00+07:00
ORD004516,CUS000499,2026-03-12T22:50:00+07:00,completed,Ho Chi Minh City,web,19496000.00,seed,2026-03-12T22:50:00+07:00,2026-03-13T18:50:00+07:00
ORD004517,CUS000451,2026-02-09T08:29:00+07:00,completed,Hanoi,web,15330500.00,seed,2026-02-09T08:29:00+07:00,2026-02-09T14:29:00+07:00
ORD004518,CUS000683,2026-05-11T13:52:00+07:00,completed,Da Nang,web,20592000.00,seed,2026-05-11T13:52:00+07:00,2026-05-13T12:52:00+07:00
ORD004519,CUS000155,2026-06-03T13:48:00+07:00,completed,Ho Chi Minh City,mobile_app,12845000.00,seed,2026-06-03T13:48:00+07:00,2026-06-05T10:48:00+07:00
ORD004520,CUS000376,2026-01-31T14:56:00+07:00,completed,Bac Ninh,mobile_app,6094000.00,seed,2026-01-31T14:56:00+07:00,2026-02-01T05:56:00+07:00
ORD004521,CUS000012,2026-06-29T11:53:00+07:00,completed,Quang Ninh,web,3156000.00,seed,2026-06-29T11:53:00+07:00,2026-07-01T09:53:00+07:00
ORD004522,CUS000450,2026-06-25T19:54:00+07:00,completed,Can Tho,web,5047000.00,seed,2026-06-25T19:54:00+07:00,2026-06-26T04:54:00+07:00
ORD004523,CUS000488,2026-03-31T17:46:00+07:00,completed,Ho Chi Minh City,mobile_app,3413000.00,seed,2026-03-31T17:46:00+07:00,2026-04-01T03:46:00+07:00
ORD004524,CUS000388,2026-03-28T11:53:00+07:00,completed,Hue,web,5644000.00,seed,2026-03-28T11:53:00+07:00,2026-03-29T15:53:00+07:00
ORD004525,CUS000201,2026-02-05T22:58:00+07:00,shipped,Hanoi,mobile_app,12192500.00,seed,2026-02-05T22:58:00+07:00,2026-02-06T06:58:00+07:00
ORD004526,CUS000859,2026-04-04T08:52:00+07:00,confirmed,Vinh,web,17538000.00,seed,2026-04-04T08:52:00+07:00,2026-04-04T22:52:00+07:00
ORD004527,CUS000923,2026-02-24T10:53:00+07:00,completed,Hanoi,web,11397000.00,seed,2026-02-24T10:53:00+07:00,2026-02-25T11:53:00+07:00
ORD004528,CUS000228,2026-02-18T08:52:00+07:00,completed,Hue,social,20740000.00,seed,2026-02-18T08:52:00+07:00,2026-02-19T04:52:00+07:00
ORD004529,CUS000278,2026-01-10T14:34:00+07:00,completed,Nha Trang,mobile_app,21800500.00,seed,2026-01-10T14:34:00+07:00,2026-01-10T15:34:00+07:00
ORD004530,CUS000917,2026-02-24T15:25:00+07:00,completed,Vinh,web,17850000.00,seed,2026-02-24T15:25:00+07:00,2026-02-26T00:25:00+07:00
ORD004531,CUS000729,2026-03-01T19:04:00+07:00,completed,Can Tho,mobile_app,10490500.00,seed,2026-03-01T19:04:00+07:00,2026-03-03T08:04:00+07:00
ORD004532,CUS000841,2026-03-04T10:29:00+07:00,completed,Nha Trang,web,380000.00,seed,2026-03-04T10:29:00+07:00,2026-03-05T22:29:00+07:00
ORD004533,CUS000129,2026-03-14T09:29:00+07:00,completed,Hai Phong,mobile_app,6035000.00,seed,2026-03-14T09:29:00+07:00,2026-03-15T00:29:00+07:00
ORD004534,CUS000210,2026-04-06T15:40:00+07:00,cancelled,Bac Ninh,mobile_app,10697500.00,seed,2026-04-06T15:40:00+07:00,2026-04-07T02:40:00+07:00
ORD004535,CUS000145,2026-05-27T09:09:00+07:00,completed,Hai Phong,social,33189000.00,seed,2026-05-27T09:09:00+07:00,2026-05-28T05:09:00+07:00
ORD004536,CUS000952,2026-01-10T15:46:00+07:00,completed,Hai Phong,web,7970000.00,seed,2026-01-10T15:46:00+07:00,2026-01-11T04:46:00+07:00
ORD004537,CUS000914,2026-03-22T21:44:00+07:00,completed,Nha Trang,web,7419000.00,seed,2026-03-22T21:44:00+07:00,2026-03-23T22:44:00+07:00
ORD004538,CUS000247,2026-01-11T15:00:00+07:00,completed,Quang Ninh,mobile_app,16020500.00,seed,2026-01-11T15:00:00+07:00,2026-01-12T06:00:00+07:00
ORD004539,CUS000445,2026-02-24T22:21:00+07:00,completed,Nha Trang,web,26985000.00,seed,2026-02-24T22:21:00+07:00,2026-02-26T17:21:00+07:00
ORD004540,CUS000569,2026-01-23T21:54:00+07:00,completed,Vinh,mobile_app,11910000.00,seed,2026-01-23T21:54:00+07:00,2026-01-24T20:54:00+07:00
ORD004541,CUS000329,2026-06-05T16:46:00+07:00,completed,Hai Phong,web,10681500.00,seed,2026-06-05T16:46:00+07:00,2026-06-05T16:46:00+07:00
ORD004542,CUS000925,2026-02-18T19:03:00+07:00,completed,Quang Ninh,mobile_app,9522500.00,seed,2026-02-18T19:03:00+07:00,2026-02-20T18:03:00+07:00
ORD004543,CUS000372,2026-03-19T09:31:00+07:00,completed,Da Nang,social,10187500.00,seed,2026-03-19T09:31:00+07:00,2026-03-21T04:31:00+07:00
ORD004544,CUS000401,2026-04-26T17:41:00+07:00,completed,Vinh,mobile_app,10101000.00,seed,2026-04-26T17:41:00+07:00,2026-04-27T16:41:00+07:00
ORD004545,CUS000968,2026-01-07T22:13:00+07:00,completed,Ho Chi Minh City,web,2060000.00,seed,2026-01-07T22:13:00+07:00,2026-01-09T15:13:00+07:00
ORD004546,CUS000094,2026-03-27T10:31:00+07:00,completed,Bac Ninh,mobile_app,7453000.00,seed,2026-03-27T10:31:00+07:00,2026-03-27T22:31:00+07:00
ORD004547,CUS000884,2026-01-13T20:44:00+07:00,shipped,Can Tho,web,5134000.00,seed,2026-01-13T20:44:00+07:00,2026-01-14T18:44:00+07:00
ORD004548,CUS000898,2026-06-03T13:07:00+07:00,shipped,Vinh,mobile_app,27842000.00,seed,2026-06-03T13:07:00+07:00,2026-06-04T19:07:00+07:00
ORD004549,CUS000508,2026-02-21T09:59:00+07:00,completed,Hanoi,mobile_app,6444000.00,seed,2026-02-21T09:59:00+07:00,2026-02-22T10:59:00+07:00
ORD004550,CUS000960,2026-04-14T08:21:00+07:00,completed,Can Tho,web,10545000.00,seed,2026-04-14T08:21:00+07:00,2026-04-15T01:21:00+07:00
ORD004551,CUS000121,2026-06-19T15:43:00+07:00,completed,Hanoi,web,14310000.00,seed,2026-06-19T15:43:00+07:00,2026-06-20T01:43:00+07:00
ORD004552,CUS000986,2026-05-31T08:35:00+07:00,completed,Ho Chi Minh City,mobile_app,6444000.00,seed,2026-05-31T08:35:00+07:00,2026-06-01T07:35:00+07:00
ORD004553,CUS000786,2026-05-28T10:05:00+07:00,completed,Hue,mobile_app,16002500.00,seed,2026-05-28T10:05:00+07:00,2026-05-28T12:05:00+07:00
ORD004554,CUS000198,2026-04-28T14:52:00+07:00,completed,Can Tho,social,6823000.00,seed,2026-04-28T14:52:00+07:00,2026-04-29T04:52:00+07:00
ORD004555,CUS000049,2026-06-19T10:53:00+07:00,completed,Hanoi,mobile_app,4208500.00,seed,2026-06-19T10:53:00+07:00,2026-06-19T20:53:00+07:00
ORD004556,CUS000599,2026-06-11T11:36:00+07:00,shipped,Hanoi,mobile_app,6422000.00,seed,2026-06-11T11:36:00+07:00,2026-06-13T00:36:00+07:00
ORD004557,CUS000239,2026-03-27T19:45:00+07:00,completed,Hanoi,web,1079500.00,seed,2026-03-27T19:45:00+07:00,2026-03-28T13:45:00+07:00
ORD004558,CUS000565,2026-04-20T18:53:00+07:00,completed,Vinh,mobile_app,12964000.00,seed,2026-04-20T18:53:00+07:00,2026-04-20T19:53:00+07:00
ORD004559,CUS000648,2026-01-11T17:18:00+07:00,pending,Hai Phong,mobile_app,13911500.00,seed,2026-01-11T17:18:00+07:00,2026-01-13T04:18:00+07:00
ORD004560,CUS000398,2026-04-15T18:12:00+07:00,completed,Hai Phong,web,12625500.00,seed,2026-04-15T18:12:00+07:00,2026-04-17T02:12:00+07:00
ORD004561,CUS000443,2026-01-14T22:58:00+07:00,shipped,Quang Ninh,mobile_app,12209500.00,seed,2026-01-14T22:58:00+07:00,2026-01-15T21:58:00+07:00
ORD004562,CUS000641,2026-03-19T20:15:00+07:00,completed,Hai Phong,web,5725500.00,seed,2026-03-19T20:15:00+07:00,2026-03-20T19:15:00+07:00
ORD004563,CUS000991,2026-05-22T19:00:00+07:00,pending,Da Nang,mobile_app,8389000.00,seed,2026-05-22T19:00:00+07:00,2026-05-23T15:00:00+07:00
ORD004564,CUS000403,2026-04-11T21:05:00+07:00,completed,Hai Phong,mobile_app,5130000.00,seed,2026-04-11T21:05:00+07:00,2026-04-12T20:05:00+07:00
ORD004565,CUS000111,2026-03-09T10:31:00+07:00,completed,Nha Trang,web,13332500.00,seed,2026-03-09T10:31:00+07:00,2026-03-10T09:31:00+07:00
ORD004566,CUS000653,2026-06-05T17:33:00+07:00,completed,Quang Ninh,mobile_app,14849500.00,seed,2026-06-05T17:33:00+07:00,2026-06-06T05:33:00+07:00
ORD004567,CUS000476,2026-02-15T17:57:00+07:00,completed,Bac Ninh,mobile_app,6315500.00,seed,2026-02-15T17:57:00+07:00,2026-02-17T17:57:00+07:00
ORD004568,CUS000870,2026-05-03T22:57:00+07:00,completed,Hue,web,6012000.00,seed,2026-05-03T22:57:00+07:00,2026-05-04T10:57:00+07:00
ORD004569,CUS000476,2026-06-10T12:18:00+07:00,completed,Can Tho,mobile_app,4119500.00,seed,2026-06-10T12:18:00+07:00,2026-06-11T21:18:00+07:00
ORD004570,CUS000891,2026-05-29T18:28:00+07:00,completed,Bac Ninh,mobile_app,17910000.00,seed,2026-05-29T18:28:00+07:00,2026-05-30T14:28:00+07:00
ORD004571,CUS000645,2026-02-02T11:43:00+07:00,completed,Ho Chi Minh City,social,20189000.00,seed,2026-02-02T11:43:00+07:00,2026-02-02T14:43:00+07:00
ORD004572,CUS000801,2026-01-11T11:54:00+07:00,shipped,Ho Chi Minh City,web,36910500.00,seed,2026-01-11T11:54:00+07:00,2026-01-12T05:54:00+07:00
ORD004573,CUS000499,2026-03-25T21:05:00+07:00,completed,Hue,mobile_app,5516500.00,seed,2026-03-25T21:05:00+07:00,2026-03-27T20:05:00+07:00
ORD004574,CUS000149,2026-03-07T21:54:00+07:00,completed,Vinh,web,26866000.00,seed,2026-03-07T21:54:00+07:00,2026-03-07T23:54:00+07:00
ORD004575,CUS000699,2026-04-08T15:58:00+07:00,completed,Ho Chi Minh City,mobile_app,17593000.00,seed,2026-04-08T15:58:00+07:00,2026-04-08T18:58:00+07:00
ORD004576,CUS000343,2026-05-21T17:51:00+07:00,completed,Da Nang,web,551000.00,seed,2026-05-21T17:51:00+07:00,2026-05-21T22:51:00+07:00
ORD004577,CUS000514,2026-02-20T10:26:00+07:00,completed,Can Tho,mobile_app,4641000.00,seed,2026-02-20T10:26:00+07:00,2026-02-20T10:26:00+07:00
ORD004578,CUS000119,2026-01-30T15:06:00+07:00,completed,Hanoi,web,2448000.00,seed,2026-01-30T15:06:00+07:00,2026-02-01T01:06:00+07:00
ORD004579,CUS000536,2026-05-23T17:52:00+07:00,completed,Hai Phong,mobile_app,2680000.00,seed,2026-05-23T17:52:00+07:00,2026-05-23T19:52:00+07:00
ORD004580,CUS000689,2026-05-27T18:35:00+07:00,completed,Ho Chi Minh City,web,8645000.00,seed,2026-05-27T18:35:00+07:00,2026-05-29T07:35:00+07:00
ORD004581,CUS000922,2026-04-19T10:08:00+07:00,confirmed,Ho Chi Minh City,mobile_app,8692500.00,seed,2026-04-19T10:08:00+07:00,2026-04-20T23:08:00+07:00
ORD004582,CUS000346,2026-04-22T09:49:00+07:00,confirmed,Quang Ninh,mobile_app,12277000.00,seed,2026-04-22T09:49:00+07:00,2026-04-22T16:49:00+07:00
ORD004583,CUS000706,2026-04-22T10:44:00+07:00,pending,Hanoi,mobile_app,4963000.00,seed,2026-04-22T10:44:00+07:00,2026-04-22T17:44:00+07:00
ORD004584,CUS000175,2026-01-26T15:28:00+07:00,completed,Hue,web,5790000.00,seed,2026-01-26T15:28:00+07:00,2026-01-27T19:28:00+07:00
ORD004585,CUS000793,2026-02-02T22:59:00+07:00,shipped,Nha Trang,mobile_app,7047000.00,seed,2026-02-02T22:59:00+07:00,2026-02-03T11:59:00+07:00
ORD004586,CUS000950,2026-04-06T22:40:00+07:00,completed,Hue,mobile_app,399500.00,seed,2026-04-06T22:40:00+07:00,2026-04-07T12:40:00+07:00
ORD004587,CUS000705,2026-05-12T08:40:00+07:00,completed,Hue,mobile_app,15593500.00,seed,2026-05-12T08:40:00+07:00,2026-05-12T17:40:00+07:00
ORD004588,CUS000434,2026-05-07T18:23:00+07:00,completed,Ho Chi Minh City,web,16371000.00,seed,2026-05-07T18:23:00+07:00,2026-05-07T23:23:00+07:00
ORD004589,CUS000545,2026-04-14T18:51:00+07:00,completed,Can Tho,mobile_app,3033000.00,seed,2026-04-14T18:51:00+07:00,2026-04-15T15:51:00+07:00
ORD004590,CUS000398,2026-01-23T09:49:00+07:00,completed,Ho Chi Minh City,mobile_app,5494500.00,seed,2026-01-23T09:49:00+07:00,2026-01-24T05:49:00+07:00
ORD004591,CUS000711,2026-06-29T14:30:00+07:00,confirmed,Can Tho,mobile_app,8243000.00,seed,2026-06-29T14:30:00+07:00,2026-07-01T05:30:00+07:00
ORD004592,CUS000869,2026-03-07T17:58:00+07:00,completed,Quang Ninh,mobile_app,18113000.00,seed,2026-03-07T17:58:00+07:00,2026-03-08T20:58:00+07:00
ORD004593,CUS000277,2026-01-21T22:05:00+07:00,completed,Bac Ninh,mobile_app,5807000.00,seed,2026-01-21T22:05:00+07:00,2026-01-22T05:05:00+07:00
ORD004594,CUS000524,2026-03-20T12:36:00+07:00,completed,Hai Phong,mobile_app,11607000.00,seed,2026-03-20T12:36:00+07:00,2026-03-21T06:36:00+07:00
ORD004595,CUS000502,2026-05-16T08:25:00+07:00,completed,Nha Trang,mobile_app,5355000.00,seed,2026-05-16T08:25:00+07:00,2026-05-17T21:25:00+07:00
ORD004596,CUS000421,2026-06-28T11:42:00+07:00,completed,Can Tho,social,27663500.00,seed,2026-06-28T11:42:00+07:00,2026-06-30T00:42:00+07:00
ORD004597,CUS000447,2026-02-08T12:19:00+07:00,completed,Hai Phong,web,41483000.00,seed,2026-02-08T12:19:00+07:00,2026-02-08T12:19:00+07:00
ORD004598,CUS000023,2026-06-06T10:27:00+07:00,shipped,Quang Ninh,web,22917000.00,seed,2026-06-06T10:27:00+07:00,2026-06-07T15:27:00+07:00
ORD004599,CUS000452,2026-03-08T20:12:00+07:00,completed,Bac Ninh,social,905500.00,seed,2026-03-08T20:12:00+07:00,2026-03-10T05:12:00+07:00
ORD004600,CUS000176,2026-01-05T21:50:00+07:00,completed,Bac Ninh,web,399500.00,seed,2026-01-05T21:50:00+07:00,2026-01-07T13:50:00+07:00
ORD004601,CUS000399,2026-05-18T20:02:00+07:00,completed,Nha Trang,web,14618500.00,seed,2026-05-18T20:02:00+07:00,2026-05-20T01:02:00+07:00
ORD004602,CUS000820,2026-01-28T21:42:00+07:00,shipped,Vinh,web,17887000.00,seed,2026-01-28T21:42:00+07:00,2026-01-30T08:42:00+07:00
ORD004603,CUS000587,2026-02-27T14:27:00+07:00,completed,Da Nang,web,15764000.00,seed,2026-02-27T14:27:00+07:00,2026-02-28T10:27:00+07:00
ORD004604,CUS000247,2026-04-11T21:17:00+07:00,completed,Hai Phong,mobile_app,2281500.00,seed,2026-04-11T21:17:00+07:00,2026-04-12T03:17:00+07:00
ORD004605,CUS000622,2026-01-02T22:23:00+07:00,completed,Quang Ninh,mobile_app,11989500.00,seed,2026-01-02T22:23:00+07:00,2026-01-03T16:23:00+07:00
ORD004606,CUS000459,2026-05-06T12:18:00+07:00,completed,Nha Trang,social,22208500.00,seed,2026-05-06T12:18:00+07:00,2026-05-08T06:18:00+07:00
ORD004607,CUS000001,2026-05-23T17:25:00+07:00,completed,Ho Chi Minh City,mobile_app,17347000.00,seed,2026-05-23T17:25:00+07:00,2026-05-25T12:25:00+07:00
ORD004608,CUS000920,2026-04-08T08:18:00+07:00,completed,Quang Ninh,mobile_app,22371500.00,seed,2026-04-08T08:18:00+07:00,2026-04-09T12:18:00+07:00
ORD004609,CUS000293,2026-04-16T08:13:00+07:00,completed,Can Tho,mobile_app,15478000.00,seed,2026-04-16T08:13:00+07:00,2026-04-17T21:13:00+07:00
ORD004610,CUS000124,2026-06-12T20:50:00+07:00,completed,Hue,web,6165500.00,seed,2026-06-12T20:50:00+07:00,2026-06-12T22:50:00+07:00
ORD004611,CUS000902,2026-04-06T21:44:00+07:00,completed,Nha Trang,web,6336000.00,seed,2026-04-06T21:44:00+07:00,2026-04-06T21:44:00+07:00
ORD004612,CUS000941,2026-04-23T12:50:00+07:00,completed,Vinh,mobile_app,9618500.00,seed,2026-04-23T12:50:00+07:00,2026-04-24T03:50:00+07:00
ORD004613,CUS000366,2026-03-27T11:37:00+07:00,completed,Da Nang,mobile_app,2583000.00,seed,2026-03-27T11:37:00+07:00,2026-03-27T16:37:00+07:00
ORD004614,CUS000948,2026-03-19T21:45:00+07:00,shipped,Vinh,social,14286500.00,seed,2026-03-19T21:45:00+07:00,2026-03-20T08:45:00+07:00
ORD004615,CUS000764,2026-05-10T09:41:00+07:00,completed,Nha Trang,web,6248000.00,seed,2026-05-10T09:41:00+07:00,2026-05-11T03:41:00+07:00
ORD004616,CUS000575,2026-04-18T17:38:00+07:00,completed,Vinh,web,14100000.00,seed,2026-04-18T17:38:00+07:00,2026-04-19T17:38:00+07:00
ORD004617,CUS000710,2026-01-31T11:34:00+07:00,completed,Ho Chi Minh City,mobile_app,15049000.00,seed,2026-01-31T11:34:00+07:00,2026-02-01T02:34:00+07:00
ORD004618,CUS000796,2026-05-16T11:52:00+07:00,completed,Hanoi,mobile_app,6861000.00,seed,2026-05-16T11:52:00+07:00,2026-05-18T01:52:00+07:00
ORD004619,CUS000889,2026-03-23T08:32:00+07:00,completed,Hai Phong,mobile_app,6293000.00,seed,2026-03-23T08:32:00+07:00,2026-03-24T04:32:00+07:00
ORD004620,CUS000566,2026-04-30T22:07:00+07:00,completed,Vinh,social,5380000.00,seed,2026-04-30T22:07:00+07:00,2026-05-02T05:07:00+07:00
ORD004621,CUS000495,2026-02-20T12:06:00+07:00,confirmed,Da Nang,web,19559000.00,seed,2026-02-20T12:06:00+07:00,2026-02-21T06:06:00+07:00
ORD004622,CUS000670,2026-02-05T15:58:00+07:00,cancelled,Quang Ninh,mobile_app,13040000.00,seed,2026-02-05T15:58:00+07:00,2026-02-07T11:58:00+07:00
ORD004623,CUS000385,2026-02-17T20:51:00+07:00,completed,Da Nang,web,1292000.00,seed,2026-02-17T20:51:00+07:00,2026-02-19T05:51:00+07:00
ORD004624,CUS000414,2026-03-28T18:11:00+07:00,completed,Nha Trang,mobile_app,6097500.00,seed,2026-03-28T18:11:00+07:00,2026-03-29T14:11:00+07:00
ORD004625,CUS000043,2026-01-09T21:28:00+07:00,cancelled,Da Nang,social,17868500.00,seed,2026-01-09T21:28:00+07:00,2026-01-10T18:28:00+07:00
ORD004626,CUS000153,2026-03-09T11:40:00+07:00,completed,Can Tho,web,20019500.00,seed,2026-03-09T11:40:00+07:00,2026-03-11T06:40:00+07:00
ORD004627,CUS000044,2026-03-18T15:23:00+07:00,pending,Bac Ninh,mobile_app,5560000.00,seed,2026-03-18T15:23:00+07:00,2026-03-19T16:23:00+07:00
ORD004628,CUS000364,2026-02-06T20:55:00+07:00,completed,Hue,mobile_app,16095000.00,seed,2026-02-06T20:55:00+07:00,2026-02-07T15:55:00+07:00
ORD004629,CUS000245,2026-06-04T18:13:00+07:00,completed,Hai Phong,mobile_app,11117000.00,seed,2026-06-04T18:13:00+07:00,2026-06-06T04:13:00+07:00
ORD004630,CUS000822,2026-01-20T17:36:00+07:00,completed,Hanoi,mobile_app,15674500.00,seed,2026-01-20T17:36:00+07:00,2026-01-22T08:36:00+07:00
ORD004631,CUS000116,2026-05-04T19:59:00+07:00,completed,Bac Ninh,web,8980000.00,seed,2026-05-04T19:59:00+07:00,2026-05-06T11:59:00+07:00
ORD004632,CUS000112,2026-01-12T20:33:00+07:00,completed,Da Nang,mobile_app,18952500.00,seed,2026-01-12T20:33:00+07:00,2026-01-13T13:33:00+07:00
ORD004633,CUS000412,2026-04-26T22:24:00+07:00,completed,Hue,mobile_app,6840000.00,seed,2026-04-26T22:24:00+07:00,2026-04-28T18:24:00+07:00
ORD004634,CUS000028,2026-04-12T17:46:00+07:00,shipped,Hanoi,web,12441000.00,seed,2026-04-12T17:46:00+07:00,2026-04-14T00:46:00+07:00
ORD004635,CUS000464,2026-04-10T21:36:00+07:00,pending,Hanoi,web,12510000.00,seed,2026-04-10T21:36:00+07:00,2026-04-11T03:36:00+07:00
ORD004636,CUS000511,2026-02-10T18:51:00+07:00,cancelled,Ho Chi Minh City,web,4830000.00,seed,2026-02-10T18:51:00+07:00,2026-02-12T14:51:00+07:00
ORD004637,CUS000379,2026-06-13T14:54:00+07:00,cancelled,Hanoi,web,20107500.00,seed,2026-06-13T14:54:00+07:00,2026-06-14T18:54:00+07:00
ORD004638,CUS000906,2026-01-18T15:51:00+07:00,completed,Da Nang,web,26315000.00,seed,2026-01-18T15:51:00+07:00,2026-01-19T04:51:00+07:00
ORD004639,CUS000324,2026-06-22T08:47:00+07:00,completed,Quang Ninh,web,7860500.00,seed,2026-06-22T08:47:00+07:00,2026-06-22T08:47:00+07:00
ORD004640,CUS000657,2026-03-04T21:23:00+07:00,completed,Vinh,social,13309000.00,seed,2026-03-04T21:23:00+07:00,2026-03-06T11:23:00+07:00
ORD004641,CUS000132,2026-05-26T20:44:00+07:00,completed,Quang Ninh,mobile_app,2790000.00,seed,2026-05-26T20:44:00+07:00,2026-05-27T20:44:00+07:00
ORD004642,CUS000737,2026-03-19T10:08:00+07:00,completed,Bac Ninh,mobile_app,1674000.00,seed,2026-03-19T10:08:00+07:00,2026-03-19T20:08:00+07:00
ORD004643,CUS000353,2026-03-02T09:40:00+07:00,completed,Hai Phong,web,10630500.00,seed,2026-03-02T09:40:00+07:00,2026-03-03T02:40:00+07:00
ORD004644,CUS000327,2026-06-20T11:46:00+07:00,completed,Hanoi,web,20240000.00,seed,2026-06-20T11:46:00+07:00,2026-06-22T08:46:00+07:00
ORD004645,CUS000028,2026-03-26T19:59:00+07:00,completed,Can Tho,social,17142000.00,seed,2026-03-26T19:59:00+07:00,2026-03-28T07:59:00+07:00
ORD004646,CUS000527,2026-01-03T22:05:00+07:00,confirmed,Ho Chi Minh City,web,5712500.00,seed,2026-01-03T22:05:00+07:00,2026-01-04T16:05:00+07:00
ORD004647,CUS000334,2026-03-21T21:54:00+07:00,completed,Da Nang,web,5544000.00,seed,2026-03-21T21:54:00+07:00,2026-03-22T08:54:00+07:00
ORD004648,CUS000704,2026-03-03T22:41:00+07:00,completed,Hue,mobile_app,22482000.00,seed,2026-03-03T22:41:00+07:00,2026-03-05T15:41:00+07:00
ORD004649,CUS000749,2026-03-28T18:51:00+07:00,completed,Hanoi,web,2940000.00,seed,2026-03-28T18:51:00+07:00,2026-03-29T20:51:00+07:00
ORD004650,CUS000292,2026-01-28T19:03:00+07:00,confirmed,Hai Phong,social,7760500.00,seed,2026-01-28T19:03:00+07:00,2026-01-30T00:03:00+07:00
ORD004651,CUS000517,2026-04-21T12:33:00+07:00,completed,Hue,mobile_app,24306000.00,seed,2026-04-21T12:33:00+07:00,2026-04-22T02:33:00+07:00
ORD004652,CUS000575,2026-05-05T14:13:00+07:00,completed,Ho Chi Minh City,mobile_app,9610000.00,seed,2026-05-05T14:13:00+07:00,2026-05-06T18:13:00+07:00
ORD004653,CUS000721,2026-03-01T18:08:00+07:00,completed,Da Nang,web,1296000.00,seed,2026-03-01T18:08:00+07:00,2026-03-02T01:08:00+07:00
ORD004654,CUS000780,2026-02-20T22:05:00+07:00,completed,Hue,web,9471500.00,seed,2026-02-20T22:05:00+07:00,2026-02-21T02:05:00+07:00
ORD004655,CUS000915,2026-03-30T21:56:00+07:00,completed,Bac Ninh,mobile_app,12400000.00,seed,2026-03-30T21:56:00+07:00,2026-03-31T15:56:00+07:00
ORD004656,CUS000979,2026-01-26T10:27:00+07:00,completed,Quang Ninh,web,2540000.00,seed,2026-01-26T10:27:00+07:00,2026-01-27T03:27:00+07:00
ORD004657,CUS000696,2026-06-01T20:26:00+07:00,completed,Bac Ninh,mobile_app,22573000.00,seed,2026-06-01T20:26:00+07:00,2026-06-01T21:26:00+07:00
ORD004658,CUS000107,2026-02-15T16:01:00+07:00,confirmed,Vinh,mobile_app,7700000.00,seed,2026-02-15T16:01:00+07:00,2026-02-16T22:01:00+07:00
ORD004659,CUS000464,2026-06-03T17:32:00+07:00,completed,Vinh,social,20355500.00,seed,2026-06-03T17:32:00+07:00,2026-06-04T15:32:00+07:00
ORD004660,CUS000558,2026-03-31T09:17:00+07:00,shipped,Can Tho,mobile_app,15391500.00,seed,2026-03-31T09:17:00+07:00,2026-04-02T01:17:00+07:00
ORD004661,CUS000342,2026-02-19T10:38:00+07:00,completed,Bac Ninh,web,8208000.00,seed,2026-02-19T10:38:00+07:00,2026-02-20T23:38:00+07:00
ORD004662,CUS000169,2026-05-28T09:57:00+07:00,completed,Quang Ninh,mobile_app,11050000.00,seed,2026-05-28T09:57:00+07:00,2026-05-28T14:57:00+07:00
ORD004663,CUS000341,2026-03-21T13:02:00+07:00,completed,Quang Ninh,web,7638000.00,seed,2026-03-21T13:02:00+07:00,2026-03-21T22:02:00+07:00
ORD004664,CUS000962,2026-04-28T08:29:00+07:00,shipped,Hue,web,10550000.00,seed,2026-04-28T08:29:00+07:00,2026-04-29T13:29:00+07:00
ORD004665,CUS000423,2026-05-19T08:18:00+07:00,completed,Da Nang,social,7571500.00,seed,2026-05-19T08:18:00+07:00,2026-05-21T06:18:00+07:00
ORD004666,CUS000407,2026-05-29T12:41:00+07:00,cancelled,Quang Ninh,web,6966500.00,seed,2026-05-29T12:41:00+07:00,2026-05-30T05:41:00+07:00
ORD004667,CUS000464,2026-05-20T09:38:00+07:00,shipped,Hanoi,mobile_app,5992500.00,seed,2026-05-20T09:38:00+07:00,2026-05-20T13:38:00+07:00
ORD004668,CUS000488,2026-05-20T18:08:00+07:00,completed,Vinh,web,3669000.00,seed,2026-05-20T18:08:00+07:00,2026-05-21T10:08:00+07:00
ORD004669,CUS000716,2026-02-24T17:13:00+07:00,completed,Da Nang,web,9870000.00,seed,2026-02-24T17:13:00+07:00,2026-02-25T03:13:00+07:00
ORD004670,CUS000589,2026-05-06T20:36:00+07:00,completed,Nha Trang,web,675000.00,seed,2026-05-06T20:36:00+07:00,2026-05-07T15:36:00+07:00
ORD004671,CUS000452,2026-01-07T19:27:00+07:00,completed,Hanoi,mobile_app,6857000.00,seed,2026-01-07T19:27:00+07:00,2026-01-07T20:27:00+07:00
ORD004672,CUS000750,2026-04-22T12:28:00+07:00,completed,Can Tho,web,5786000.00,seed,2026-04-22T12:28:00+07:00,2026-04-24T10:28:00+07:00
ORD004673,CUS000252,2026-06-17T14:46:00+07:00,confirmed,Da Nang,web,22112000.00,seed,2026-06-17T14:46:00+07:00,2026-06-17T15:46:00+07:00
ORD004674,CUS000936,2026-01-06T08:20:00+07:00,completed,Nha Trang,web,9136000.00,seed,2026-01-06T08:20:00+07:00,2026-01-07T12:20:00+07:00
ORD004675,CUS000288,2026-01-25T08:17:00+07:00,confirmed,Ho Chi Minh City,mobile_app,6417000.00,seed,2026-01-25T08:17:00+07:00,2026-01-26T05:17:00+07:00
ORD004676,CUS000161,2026-01-18T20:34:00+07:00,shipped,Hai Phong,mobile_app,27224000.00,seed,2026-01-18T20:34:00+07:00,2026-01-20T19:34:00+07:00
ORD004677,CUS000095,2026-05-03T10:57:00+07:00,completed,Hai Phong,mobile_app,6761500.00,seed,2026-05-03T10:57:00+07:00,2026-05-03T19:57:00+07:00
ORD004678,CUS000506,2026-01-04T17:06:00+07:00,completed,Quang Ninh,mobile_app,7033000.00,seed,2026-01-04T17:06:00+07:00,2026-01-04T17:06:00+07:00
ORD004679,CUS000924,2026-01-31T15:47:00+07:00,completed,Hanoi,mobile_app,14656000.00,seed,2026-01-31T15:47:00+07:00,2026-02-01T01:47:00+07:00
ORD004680,CUS000771,2026-04-06T08:09:00+07:00,shipped,Hue,mobile_app,1908000.00,seed,2026-04-06T08:09:00+07:00,2026-04-07T19:09:00+07:00
ORD004681,CUS000899,2026-02-17T18:45:00+07:00,completed,Hanoi,mobile_app,7579000.00,seed,2026-02-17T18:45:00+07:00,2026-02-19T12:45:00+07:00
ORD004682,CUS000875,2026-04-12T19:51:00+07:00,completed,Vinh,mobile_app,5829500.00,seed,2026-04-12T19:51:00+07:00,2026-04-13T22:51:00+07:00
ORD004683,CUS000838,2026-03-03T08:47:00+07:00,completed,Can Tho,mobile_app,29099500.00,seed,2026-03-03T08:47:00+07:00,2026-03-04T09:47:00+07:00
ORD004684,CUS000587,2026-06-18T18:16:00+07:00,confirmed,Hai Phong,mobile_app,4785500.00,seed,2026-06-18T18:16:00+07:00,2026-06-20T10:16:00+07:00
ORD004685,CUS000871,2026-06-28T16:49:00+07:00,completed,Bac Ninh,web,14290500.00,seed,2026-06-28T16:49:00+07:00,2026-06-30T01:49:00+07:00
ORD004686,CUS000602,2026-03-11T19:23:00+07:00,completed,Da Nang,mobile_app,3648000.00,seed,2026-03-11T19:23:00+07:00,2026-03-13T04:23:00+07:00
ORD004687,CUS000418,2026-01-12T08:14:00+07:00,completed,Bac Ninh,web,17080000.00,seed,2026-01-12T08:14:00+07:00,2026-01-13T17:14:00+07:00
ORD004688,CUS000629,2026-06-12T10:54:00+07:00,completed,Nha Trang,web,10604000.00,seed,2026-06-12T10:54:00+07:00,2026-06-12T10:54:00+07:00
ORD004689,CUS000682,2026-05-26T15:34:00+07:00,completed,Quang Ninh,web,8096000.00,seed,2026-05-26T15:34:00+07:00,2026-05-27T03:34:00+07:00
ORD004690,CUS000705,2026-01-11T21:07:00+07:00,shipped,Nha Trang,mobile_app,7898500.00,seed,2026-01-11T21:07:00+07:00,2026-01-13T08:07:00+07:00
ORD004691,CUS000083,2026-05-02T17:28:00+07:00,shipped,Da Nang,mobile_app,1900000.00,seed,2026-05-02T17:28:00+07:00,2026-05-04T00:28:00+07:00
ORD004692,CUS000038,2026-02-05T18:54:00+07:00,completed,Bac Ninh,mobile_app,8160000.00,seed,2026-02-05T18:54:00+07:00,2026-02-07T00:54:00+07:00
ORD004693,CUS000914,2026-01-20T19:38:00+07:00,completed,Vinh,mobile_app,5886000.00,seed,2026-01-20T19:38:00+07:00,2026-01-22T06:38:00+07:00
ORD004694,CUS000988,2026-03-17T10:27:00+07:00,completed,Da Nang,web,6679500.00,seed,2026-03-17T10:27:00+07:00,2026-03-19T05:27:00+07:00
ORD004695,CUS000646,2026-02-12T17:28:00+07:00,completed,Hai Phong,mobile_app,15839500.00,seed,2026-02-12T17:28:00+07:00,2026-02-12T17:28:00+07:00
ORD004696,CUS000386,2026-06-18T10:54:00+07:00,completed,Bac Ninh,mobile_app,798000.00,seed,2026-06-18T10:54:00+07:00,2026-06-19T22:54:00+07:00
ORD004697,CUS000849,2026-01-17T22:36:00+07:00,shipped,Can Tho,web,13022000.00,seed,2026-01-17T22:36:00+07:00,2026-01-18T07:36:00+07:00
ORD004698,CUS000618,2026-02-03T16:15:00+07:00,cancelled,Quang Ninh,mobile_app,12782000.00,seed,2026-02-03T16:15:00+07:00,2026-02-04T20:15:00+07:00
ORD004699,CUS000029,2026-02-05T10:19:00+07:00,completed,Ho Chi Minh City,mobile_app,3470000.00,seed,2026-02-05T10:19:00+07:00,2026-02-07T09:19:00+07:00
ORD004700,CUS000557,2026-04-12T09:56:00+07:00,pending,Da Nang,web,16160000.00,seed,2026-04-12T09:56:00+07:00,2026-04-13T13:56:00+07:00
ORD004701,CUS000978,2026-05-11T09:54:00+07:00,completed,Can Tho,mobile_app,8631000.00,seed,2026-05-11T09:54:00+07:00,2026-05-12T13:54:00+07:00
ORD004702,CUS000083,2026-02-14T22:35:00+07:00,completed,Da Nang,mobile_app,13119000.00,seed,2026-02-14T22:35:00+07:00,2026-02-16T20:35:00+07:00
ORD004703,CUS000575,2026-01-15T18:28:00+07:00,completed,Bac Ninh,web,7552500.00,seed,2026-01-15T18:28:00+07:00,2026-01-17T13:28:00+07:00
ORD004704,CUS000268,2026-01-29T18:06:00+07:00,completed,Da Nang,mobile_app,8781000.00,seed,2026-01-29T18:06:00+07:00,2026-01-30T21:06:00+07:00
ORD004705,CUS000262,2026-06-29T22:24:00+07:00,completed,Bac Ninh,mobile_app,1790000.00,seed,2026-06-29T22:24:00+07:00,2026-06-30T19:24:00+07:00
ORD004706,CUS000384,2026-03-17T15:31:00+07:00,shipped,Hue,web,11770000.00,seed,2026-03-17T15:31:00+07:00,2026-03-17T15:31:00+07:00
ORD004707,CUS000710,2026-01-04T11:48:00+07:00,completed,Can Tho,web,7200000.00,seed,2026-01-04T11:48:00+07:00,2026-01-06T02:48:00+07:00
ORD004708,CUS000067,2026-03-20T16:21:00+07:00,completed,Hai Phong,mobile_app,6655000.00,seed,2026-03-20T16:21:00+07:00,2026-03-21T12:21:00+07:00
ORD004709,CUS000416,2026-03-21T17:15:00+07:00,completed,Vinh,mobile_app,11301000.00,seed,2026-03-21T17:15:00+07:00,2026-03-21T20:15:00+07:00
ORD004710,CUS000792,2026-01-02T21:25:00+07:00,completed,Hanoi,mobile_app,5018000.00,seed,2026-01-02T21:25:00+07:00,2026-01-04T00:25:00+07:00
ORD004711,CUS000260,2026-02-10T19:46:00+07:00,shipped,Hai Phong,web,5995000.00,seed,2026-02-10T19:46:00+07:00,2026-02-11T14:46:00+07:00
ORD004712,CUS000304,2026-04-27T22:11:00+07:00,completed,Da Nang,mobile_app,26208000.00,seed,2026-04-27T22:11:00+07:00,2026-04-28T15:11:00+07:00
ORD004713,CUS000027,2026-03-26T22:09:00+07:00,completed,Da Nang,web,5893500.00,seed,2026-03-26T22:09:00+07:00,2026-03-28T22:09:00+07:00
ORD004714,CUS000148,2026-02-10T16:30:00+07:00,confirmed,Vinh,web,3272000.00,seed,2026-02-10T16:30:00+07:00,2026-02-12T16:30:00+07:00
ORD004715,CUS000041,2026-06-25T12:56:00+07:00,completed,Hanoi,mobile_app,4720000.00,seed,2026-06-25T12:56:00+07:00,2026-06-25T17:56:00+07:00
ORD004716,CUS000783,2026-03-26T15:06:00+07:00,completed,Da Nang,mobile_app,23180500.00,seed,2026-03-26T15:06:00+07:00,2026-03-26T20:06:00+07:00
ORD004717,CUS000539,2026-04-18T13:33:00+07:00,completed,Hanoi,web,19946000.00,seed,2026-04-18T13:33:00+07:00,2026-04-20T13:33:00+07:00
ORD004718,CUS000651,2026-02-14T18:11:00+07:00,completed,Can Tho,web,2060000.00,seed,2026-02-14T18:11:00+07:00,2026-02-15T22:11:00+07:00
ORD004719,CUS000252,2026-01-27T20:37:00+07:00,cancelled,Hanoi,mobile_app,9088000.00,seed,2026-01-27T20:37:00+07:00,2026-01-27T23:37:00+07:00
ORD004720,CUS000855,2026-05-13T11:59:00+07:00,completed,Hai Phong,web,14738000.00,seed,2026-05-13T11:59:00+07:00,2026-05-14T09:59:00+07:00
ORD004721,CUS000242,2026-03-30T17:14:00+07:00,completed,Bac Ninh,web,5559000.00,seed,2026-03-30T17:14:00+07:00,2026-04-01T00:14:00+07:00
ORD004722,CUS000136,2026-05-23T21:35:00+07:00,completed,Da Nang,web,13763000.00,seed,2026-05-23T21:35:00+07:00,2026-05-24T23:35:00+07:00
ORD004723,CUS000369,2026-03-10T18:03:00+07:00,completed,Quang Ninh,web,14145000.00,seed,2026-03-10T18:03:00+07:00,2026-03-10T18:03:00+07:00
ORD004724,CUS000142,2026-03-18T13:06:00+07:00,pending,Vinh,social,3816000.00,seed,2026-03-18T13:06:00+07:00,2026-03-19T08:06:00+07:00
ORD004725,CUS000261,2026-02-02T19:53:00+07:00,cancelled,Can Tho,web,11184000.00,seed,2026-02-02T19:53:00+07:00,2026-02-03T10:53:00+07:00
ORD004726,CUS000976,2026-02-23T12:34:00+07:00,confirmed,Quang Ninh,mobile_app,9856000.00,seed,2026-02-23T12:34:00+07:00,2026-02-23T14:34:00+07:00
ORD004727,CUS000076,2026-01-04T18:10:00+07:00,shipped,Bac Ninh,mobile_app,8506000.00,seed,2026-01-04T18:10:00+07:00,2026-01-05T03:10:00+07:00
ORD004728,CUS000571,2026-02-17T09:36:00+07:00,completed,Hai Phong,mobile_app,6917000.00,seed,2026-02-17T09:36:00+07:00,2026-02-17T19:36:00+07:00
ORD004729,CUS000052,2026-04-27T15:21:00+07:00,shipped,Ho Chi Minh City,web,12047500.00,seed,2026-04-27T15:21:00+07:00,2026-04-27T17:21:00+07:00
ORD004730,CUS000541,2026-03-04T22:13:00+07:00,completed,Ho Chi Minh City,web,3294000.00,seed,2026-03-04T22:13:00+07:00,2026-03-05T00:13:00+07:00
ORD004731,CUS000342,2026-01-27T20:34:00+07:00,completed,Vinh,web,13238500.00,seed,2026-01-27T20:34:00+07:00,2026-01-28T22:34:00+07:00
ORD004732,CUS000451,2026-05-04T17:01:00+07:00,shipped,Hue,social,17940500.00,seed,2026-05-04T17:01:00+07:00,2026-05-05T22:01:00+07:00
ORD004733,CUS000184,2026-06-12T14:09:00+07:00,pending,Can Tho,web,6451500.00,seed,2026-06-12T14:09:00+07:00,2026-06-13T15:09:00+07:00
ORD004734,CUS000441,2026-01-21T13:43:00+07:00,completed,Nha Trang,web,11937500.00,seed,2026-01-21T13:43:00+07:00,2026-01-22T16:43:00+07:00
ORD004735,CUS000124,2026-02-02T15:15:00+07:00,completed,Hue,web,7324000.00,seed,2026-02-02T15:15:00+07:00,2026-02-03T08:15:00+07:00
ORD004736,CUS000229,2026-02-16T14:37:00+07:00,completed,Hanoi,mobile_app,14669000.00,seed,2026-02-16T14:37:00+07:00,2026-02-17T22:37:00+07:00
ORD004737,CUS000570,2026-01-27T18:15:00+07:00,pending,Quang Ninh,mobile_app,1597000.00,seed,2026-01-27T18:15:00+07:00,2026-01-27T23:15:00+07:00
ORD004738,CUS000753,2026-02-21T08:51:00+07:00,completed,Can Tho,mobile_app,6317500.00,seed,2026-02-21T08:51:00+07:00,2026-02-21T14:51:00+07:00
ORD004739,CUS000429,2026-02-06T10:32:00+07:00,completed,Hanoi,web,12134000.00,seed,2026-02-06T10:32:00+07:00,2026-02-06T21:32:00+07:00
ORD004740,CUS000185,2026-05-05T15:36:00+07:00,completed,Hai Phong,social,10891500.00,seed,2026-05-05T15:36:00+07:00,2026-05-06T21:36:00+07:00
ORD004741,CUS000261,2026-03-19T14:20:00+07:00,completed,Hue,mobile_app,8145000.00,seed,2026-03-19T14:20:00+07:00,2026-03-20T09:20:00+07:00
ORD004742,CUS000921,2026-03-29T14:00:00+07:00,shipped,Vinh,web,10940000.00,seed,2026-03-29T14:00:00+07:00,2026-03-30T15:00:00+07:00
ORD004743,CUS000098,2026-01-14T12:48:00+07:00,completed,Nha Trang,social,7837000.00,seed,2026-01-14T12:48:00+07:00,2026-01-16T09:48:00+07:00
ORD004744,CUS000402,2026-05-25T22:21:00+07:00,shipped,Quang Ninh,web,7433500.00,seed,2026-05-25T22:21:00+07:00,2026-05-26T13:21:00+07:00
ORD004745,CUS000991,2026-06-18T21:21:00+07:00,completed,Ho Chi Minh City,web,9061000.00,seed,2026-06-18T21:21:00+07:00,2026-06-19T04:21:00+07:00
ORD004746,CUS000820,2026-04-24T14:09:00+07:00,completed,Hue,web,6160000.00,seed,2026-04-24T14:09:00+07:00,2026-04-25T04:09:00+07:00
ORD004747,CUS000181,2026-04-09T15:54:00+07:00,shipped,Nha Trang,web,11560500.00,seed,2026-04-09T15:54:00+07:00,2026-04-09T22:54:00+07:00
ORD004748,CUS000363,2026-06-07T22:04:00+07:00,completed,Vinh,mobile_app,9481000.00,seed,2026-06-07T22:04:00+07:00,2026-06-09T17:04:00+07:00
ORD004749,CUS000036,2026-06-12T18:23:00+07:00,completed,Hanoi,mobile_app,11331500.00,seed,2026-06-12T18:23:00+07:00,2026-06-13T14:23:00+07:00
ORD004750,CUS000331,2026-06-28T15:11:00+07:00,completed,Ho Chi Minh City,web,3706500.00,seed,2026-06-28T15:11:00+07:00,2026-06-29T06:11:00+07:00
ORD004751,CUS000110,2026-01-04T17:46:00+07:00,confirmed,Hai Phong,mobile_app,9557000.00,seed,2026-01-04T17:46:00+07:00,2026-01-05T17:46:00+07:00
ORD004752,CUS000522,2026-04-20T21:38:00+07:00,cancelled,Hue,social,391000.00,seed,2026-04-20T21:38:00+07:00,2026-04-22T13:38:00+07:00
ORD004753,CUS000111,2026-01-18T09:37:00+07:00,confirmed,Can Tho,web,1120000.00,seed,2026-01-18T09:37:00+07:00,2026-01-18T14:37:00+07:00
ORD004754,CUS000024,2026-05-01T11:37:00+07:00,completed,Da Nang,mobile_app,9497500.00,seed,2026-05-01T11:37:00+07:00,2026-05-03T07:37:00+07:00
ORD004755,CUS000580,2026-04-23T16:53:00+07:00,completed,Hue,web,5348500.00,seed,2026-04-23T16:53:00+07:00,2026-04-25T13:53:00+07:00
ORD004756,CUS000961,2026-06-09T08:37:00+07:00,cancelled,Quang Ninh,web,19510000.00,seed,2026-06-09T08:37:00+07:00,2026-06-09T12:37:00+07:00
ORD004757,CUS000079,2026-03-30T20:08:00+07:00,completed,Hue,web,11531500.00,seed,2026-03-30T20:08:00+07:00,2026-04-01T14:08:00+07:00
ORD004758,CUS000354,2026-05-09T18:15:00+07:00,completed,Vinh,web,18943000.00,seed,2026-05-09T18:15:00+07:00,2026-05-09T20:15:00+07:00
ORD004759,CUS000186,2026-01-11T20:00:00+07:00,pending,Da Nang,mobile_app,15238000.00,seed,2026-01-11T20:00:00+07:00,2026-01-12T16:00:00+07:00
ORD004760,CUS000332,2026-06-02T17:09:00+07:00,completed,Hue,web,9780000.00,seed,2026-06-02T17:09:00+07:00,2026-06-03T14:09:00+07:00
ORD004761,CUS000938,2026-06-07T20:22:00+07:00,cancelled,Hanoi,web,15088500.00,seed,2026-06-07T20:22:00+07:00,2026-06-07T22:22:00+07:00
ORD004762,CUS000378,2026-04-09T22:58:00+07:00,completed,Bac Ninh,mobile_app,1910000.00,seed,2026-04-09T22:58:00+07:00,2026-04-10T23:58:00+07:00
ORD004763,CUS000463,2026-02-13T16:52:00+07:00,completed,Nha Trang,mobile_app,8355000.00,seed,2026-02-13T16:52:00+07:00,2026-02-15T06:52:00+07:00
ORD004764,CUS000150,2026-03-09T21:16:00+07:00,confirmed,Nha Trang,web,7043000.00,seed,2026-03-09T21:16:00+07:00,2026-03-10T03:16:00+07:00
ORD004765,CUS000689,2026-05-22T18:09:00+07:00,completed,Quang Ninh,social,3612500.00,seed,2026-05-22T18:09:00+07:00,2026-05-23T12:09:00+07:00
ORD004766,CUS000052,2026-01-23T11:06:00+07:00,completed,Da Nang,social,7718000.00,seed,2026-01-23T11:06:00+07:00,2026-01-25T01:06:00+07:00
ORD004767,CUS000834,2026-06-18T20:49:00+07:00,completed,Bac Ninh,mobile_app,13223500.00,seed,2026-06-18T20:49:00+07:00,2026-06-20T16:49:00+07:00
ORD004768,CUS000607,2026-02-10T20:13:00+07:00,completed,Ho Chi Minh City,mobile_app,16884000.00,seed,2026-02-10T20:13:00+07:00,2026-02-11T08:13:00+07:00
ORD004769,CUS000823,2026-05-23T16:55:00+07:00,completed,Vinh,social,8120000.00,seed,2026-05-23T16:55:00+07:00,2026-05-23T17:55:00+07:00
ORD004770,CUS000764,2026-03-29T22:37:00+07:00,completed,Vinh,web,5686500.00,seed,2026-03-29T22:37:00+07:00,2026-03-30T20:37:00+07:00
ORD004771,CUS000016,2026-06-15T21:39:00+07:00,completed,Bac Ninh,web,6431500.00,seed,2026-06-15T21:39:00+07:00,2026-06-17T03:39:00+07:00
ORD004772,CUS000837,2026-02-23T13:57:00+07:00,completed,Ho Chi Minh City,mobile_app,30565000.00,seed,2026-02-23T13:57:00+07:00,2026-02-24T09:57:00+07:00
ORD004773,CUS000418,2026-02-05T17:57:00+07:00,completed,Da Nang,web,6309000.00,seed,2026-02-05T17:57:00+07:00,2026-02-07T14:57:00+07:00
ORD004774,CUS000113,2026-05-14T10:37:00+07:00,completed,Bac Ninh,social,19727000.00,seed,2026-05-14T10:37:00+07:00,2026-05-15T04:37:00+07:00
ORD004775,CUS000290,2026-04-29T15:10:00+07:00,completed,Hai Phong,mobile_app,30965500.00,seed,2026-04-29T15:10:00+07:00,2026-04-29T20:10:00+07:00
ORD004776,CUS000655,2026-05-06T13:09:00+07:00,completed,Da Nang,web,6770000.00,seed,2026-05-06T13:09:00+07:00,2026-05-07T11:09:00+07:00
ORD004777,CUS000358,2026-06-14T16:06:00+07:00,completed,Hanoi,web,15701000.00,seed,2026-06-14T16:06:00+07:00,2026-06-16T08:06:00+07:00
ORD004778,CUS000016,2026-03-09T08:55:00+07:00,completed,Ho Chi Minh City,web,27770000.00,seed,2026-03-09T08:55:00+07:00,2026-03-09T23:55:00+07:00
ORD004779,CUS000486,2026-04-30T21:13:00+07:00,confirmed,Quang Ninh,mobile_app,12031000.00,seed,2026-04-30T21:13:00+07:00,2026-05-01T07:13:00+07:00
ORD004780,CUS000183,2026-05-02T20:28:00+07:00,completed,Da Nang,web,16701500.00,seed,2026-05-02T20:28:00+07:00,2026-05-04T06:28:00+07:00
ORD004781,CUS000786,2026-01-03T19:59:00+07:00,completed,Can Tho,web,9382500.00,seed,2026-01-03T19:59:00+07:00,2026-01-04T01:59:00+07:00
ORD004782,CUS000322,2026-01-28T14:41:00+07:00,completed,Bac Ninh,social,24704500.00,seed,2026-01-28T14:41:00+07:00,2026-01-29T01:41:00+07:00
ORD004783,CUS000072,2026-01-30T20:00:00+07:00,completed,Ho Chi Minh City,web,3950000.00,seed,2026-01-30T20:00:00+07:00,2026-02-01T05:00:00+07:00
ORD004784,CUS000054,2026-02-28T20:07:00+07:00,completed,Quang Ninh,mobile_app,19870000.00,seed,2026-02-28T20:07:00+07:00,2026-03-01T13:07:00+07:00
ORD004785,CUS000005,2026-03-15T20:47:00+07:00,completed,Can Tho,mobile_app,25438500.00,seed,2026-03-15T20:47:00+07:00,2026-03-17T11:47:00+07:00
ORD004786,CUS000219,2026-01-13T14:39:00+07:00,completed,Nha Trang,mobile_app,13989500.00,seed,2026-01-13T14:39:00+07:00,2026-01-15T10:39:00+07:00
ORD004787,CUS000618,2026-03-05T13:12:00+07:00,completed,Bac Ninh,mobile_app,3240000.00,seed,2026-03-05T13:12:00+07:00,2026-03-06T08:12:00+07:00
ORD004788,CUS000615,2026-03-08T16:20:00+07:00,completed,Ho Chi Minh City,web,7353000.00,seed,2026-03-08T16:20:00+07:00,2026-03-09T11:20:00+07:00
ORD004789,CUS000138,2026-03-31T09:13:00+07:00,completed,Ho Chi Minh City,social,11410000.00,seed,2026-03-31T09:13:00+07:00,2026-04-01T22:13:00+07:00
ORD004790,CUS000143,2026-05-05T10:19:00+07:00,completed,Vinh,web,8919000.00,seed,2026-05-05T10:19:00+07:00,2026-05-05T22:19:00+07:00
ORD004791,CUS000031,2026-04-28T20:28:00+07:00,completed,Hue,mobile_app,11844000.00,seed,2026-04-28T20:28:00+07:00,2026-04-29T09:28:00+07:00
ORD004792,CUS000671,2026-05-29T09:58:00+07:00,completed,Quang Ninh,mobile_app,15156000.00,seed,2026-05-29T09:58:00+07:00,2026-05-30T17:58:00+07:00
ORD004793,CUS000252,2026-06-28T09:50:00+07:00,shipped,Ho Chi Minh City,web,1593000.00,seed,2026-06-28T09:50:00+07:00,2026-06-28T11:50:00+07:00
ORD004794,CUS000030,2026-06-16T23:00:00+07:00,completed,Nha Trang,mobile_app,18043000.00,seed,2026-06-16T23:00:00+07:00,2026-06-17T00:00:00+07:00
ORD004795,CUS000081,2026-05-06T15:28:00+07:00,completed,Vinh,web,3800000.00,seed,2026-05-06T15:28:00+07:00,2026-05-07T07:28:00+07:00
ORD004796,CUS000141,2026-06-25T08:54:00+07:00,completed,Vinh,mobile_app,9537000.00,seed,2026-06-25T08:54:00+07:00,2026-06-26T01:54:00+07:00
ORD004797,CUS000803,2026-03-05T15:39:00+07:00,shipped,Quang Ninh,web,332500.00,seed,2026-03-05T15:39:00+07:00,2026-03-06T17:39:00+07:00
ORD004798,CUS000408,2026-02-07T08:46:00+07:00,cancelled,Vinh,web,5582500.00,seed,2026-02-07T08:46:00+07:00,2026-02-08T12:46:00+07:00
ORD004799,CUS000718,2026-05-03T10:26:00+07:00,completed,Ho Chi Minh City,web,4533000.00,seed,2026-05-03T10:26:00+07:00,2026-05-04T21:26:00+07:00
ORD004800,CUS000646,2026-02-05T21:07:00+07:00,confirmed,Vinh,mobile_app,15640000.00,seed,2026-02-05T21:07:00+07:00,2026-02-05T23:07:00+07:00
ORD004801,CUS000525,2026-05-20T17:18:00+07:00,completed,Hanoi,mobile_app,16920000.00,seed,2026-05-20T17:18:00+07:00,2026-05-21T13:18:00+07:00
ORD004802,CUS000317,2026-02-12T14:46:00+07:00,completed,Can Tho,mobile_app,25403000.00,seed,2026-02-12T14:46:00+07:00,2026-02-12T15:46:00+07:00
ORD004803,CUS000751,2026-04-03T22:49:00+07:00,completed,Hanoi,mobile_app,25511000.00,seed,2026-04-03T22:49:00+07:00,2026-04-05T14:49:00+07:00
ORD004804,CUS000302,2026-01-04T09:39:00+07:00,completed,Bac Ninh,social,4221000.00,seed,2026-01-04T09:39:00+07:00,2026-01-04T23:39:00+07:00
ORD004805,CUS000506,2026-04-24T12:32:00+07:00,completed,Hue,web,12118500.00,seed,2026-04-24T12:32:00+07:00,2026-04-26T06:32:00+07:00
ORD004806,CUS000569,2026-03-18T15:30:00+07:00,pending,Nha Trang,web,11222500.00,seed,2026-03-18T15:30:00+07:00,2026-03-19T19:30:00+07:00
ORD004807,CUS000806,2026-02-07T14:04:00+07:00,completed,Hai Phong,social,26607000.00,seed,2026-02-07T14:04:00+07:00,2026-02-09T03:04:00+07:00
ORD004808,CUS000687,2026-02-18T17:47:00+07:00,completed,Bac Ninh,social,7250000.00,seed,2026-02-18T17:47:00+07:00,2026-02-20T16:47:00+07:00
ORD004809,CUS000183,2026-01-29T21:00:00+07:00,shipped,Da Nang,mobile_app,13347000.00,seed,2026-01-29T21:00:00+07:00,2026-01-30T14:00:00+07:00
ORD004810,CUS000370,2026-06-04T21:25:00+07:00,completed,Ho Chi Minh City,web,25368500.00,seed,2026-06-04T21:25:00+07:00,2026-06-05T05:25:00+07:00
ORD004811,CUS000247,2026-06-28T12:36:00+07:00,completed,Can Tho,web,33297000.00,seed,2026-06-28T12:36:00+07:00,2026-06-30T01:36:00+07:00
ORD004812,CUS000468,2026-06-01T14:14:00+07:00,completed,Vinh,web,18909500.00,seed,2026-06-01T14:14:00+07:00,2026-06-01T17:14:00+07:00
ORD004813,CUS000299,2026-02-14T09:08:00+07:00,completed,Vinh,mobile_app,9653000.00,seed,2026-02-14T09:08:00+07:00,2026-02-16T07:08:00+07:00
ORD004814,CUS000182,2026-01-04T19:23:00+07:00,completed,Quang Ninh,web,10500000.00,seed,2026-01-04T19:23:00+07:00,2026-01-06T13:23:00+07:00
ORD004815,CUS000398,2026-06-20T18:40:00+07:00,confirmed,Quang Ninh,mobile_app,19136000.00,seed,2026-06-20T18:40:00+07:00,2026-06-21T02:40:00+07:00
ORD004816,CUS000158,2026-05-07T08:26:00+07:00,completed,Ho Chi Minh City,web,780000.00,seed,2026-05-07T08:26:00+07:00,2026-05-09T05:26:00+07:00
ORD004817,CUS000858,2026-06-17T08:38:00+07:00,cancelled,Nha Trang,mobile_app,24440000.00,seed,2026-06-17T08:38:00+07:00,2026-06-19T07:38:00+07:00
ORD004818,CUS000612,2026-02-21T13:27:00+07:00,completed,Vinh,mobile_app,2761000.00,seed,2026-02-21T13:27:00+07:00,2026-02-22T14:27:00+07:00
ORD004819,CUS000681,2026-01-15T12:39:00+07:00,completed,Vinh,social,6885000.00,seed,2026-01-15T12:39:00+07:00,2026-01-15T20:39:00+07:00
ORD004820,CUS000801,2026-04-21T11:59:00+07:00,cancelled,Nha Trang,mobile_app,4785000.00,seed,2026-04-21T11:59:00+07:00,2026-04-23T07:59:00+07:00
ORD004821,CUS000442,2026-02-07T18:23:00+07:00,completed,Ho Chi Minh City,web,7305500.00,seed,2026-02-07T18:23:00+07:00,2026-02-08T07:23:00+07:00
ORD004822,CUS000398,2026-03-28T08:16:00+07:00,completed,Quang Ninh,mobile_app,7966000.00,seed,2026-03-28T08:16:00+07:00,2026-03-29T11:16:00+07:00
ORD004823,CUS000542,2026-04-27T11:53:00+07:00,completed,Hai Phong,web,10758000.00,seed,2026-04-27T11:53:00+07:00,2026-04-29T10:53:00+07:00
ORD004824,CUS000751,2026-04-05T22:54:00+07:00,completed,Ho Chi Minh City,social,8903000.00,seed,2026-04-05T22:54:00+07:00,2026-04-07T18:54:00+07:00
ORD004825,CUS000308,2026-05-23T13:20:00+07:00,shipped,Hanoi,mobile_app,4860000.00,seed,2026-05-23T13:20:00+07:00,2026-05-23T13:20:00+07:00
ORD004826,CUS000250,2026-03-08T17:43:00+07:00,completed,Quang Ninh,web,11490500.00,seed,2026-03-08T17:43:00+07:00,2026-03-10T11:43:00+07:00
ORD004827,CUS000640,2026-06-08T19:42:00+07:00,completed,Bac Ninh,web,28505000.00,seed,2026-06-08T19:42:00+07:00,2026-06-10T16:42:00+07:00
ORD004828,CUS000654,2026-01-20T18:05:00+07:00,completed,Hanoi,mobile_app,425000.00,seed,2026-01-20T18:05:00+07:00,2026-01-21T13:05:00+07:00
ORD004829,CUS000422,2026-03-02T16:38:00+07:00,completed,Nha Trang,web,23196500.00,seed,2026-03-02T16:38:00+07:00,2026-03-04T11:38:00+07:00
ORD004830,CUS000220,2026-04-10T16:48:00+07:00,completed,Can Tho,mobile_app,7796500.00,seed,2026-04-10T16:48:00+07:00,2026-04-12T10:48:00+07:00
ORD004831,CUS000859,2026-02-09T12:53:00+07:00,completed,Da Nang,web,14860000.00,seed,2026-02-09T12:53:00+07:00,2026-02-09T21:53:00+07:00
ORD004832,CUS000982,2026-04-10T19:11:00+07:00,completed,Nha Trang,web,14548000.00,seed,2026-04-10T19:11:00+07:00,2026-04-12T11:11:00+07:00
ORD004833,CUS000567,2026-02-26T14:52:00+07:00,confirmed,Hai Phong,mobile_app,2745500.00,seed,2026-02-26T14:52:00+07:00,2026-02-27T08:52:00+07:00
ORD004834,CUS000609,2026-01-30T10:36:00+07:00,completed,Ho Chi Minh City,mobile_app,18995000.00,seed,2026-01-30T10:36:00+07:00,2026-02-01T09:36:00+07:00
ORD004835,CUS000365,2026-05-14T10:45:00+07:00,completed,Hue,web,17294000.00,seed,2026-05-14T10:45:00+07:00,2026-05-16T07:45:00+07:00
ORD004836,CUS000390,2026-02-22T13:09:00+07:00,completed,Da Nang,web,5393500.00,seed,2026-02-22T13:09:00+07:00,2026-02-22T16:09:00+07:00
ORD004837,CUS000654,2026-06-02T10:45:00+07:00,completed,Ho Chi Minh City,web,17545000.00,seed,2026-06-02T10:45:00+07:00,2026-06-03T04:45:00+07:00
ORD004838,CUS000365,2026-04-10T16:49:00+07:00,completed,Can Tho,social,25411000.00,seed,2026-04-10T16:49:00+07:00,2026-04-12T14:49:00+07:00
ORD004839,CUS000988,2026-04-09T21:41:00+07:00,completed,Quang Ninh,web,11404000.00,seed,2026-04-09T21:41:00+07:00,2026-04-10T23:41:00+07:00
ORD004840,CUS000429,2026-06-14T20:53:00+07:00,shipped,Hai Phong,mobile_app,4120000.00,seed,2026-06-14T20:53:00+07:00,2026-06-16T14:53:00+07:00
ORD004841,CUS000095,2026-05-29T09:11:00+07:00,completed,Quang Ninh,mobile_app,25411500.00,seed,2026-05-29T09:11:00+07:00,2026-05-30T00:11:00+07:00
ORD004842,CUS000554,2026-03-10T15:25:00+07:00,completed,Ho Chi Minh City,mobile_app,5790000.00,seed,2026-03-10T15:25:00+07:00,2026-03-12T13:25:00+07:00
ORD004843,CUS000849,2026-06-28T16:10:00+07:00,completed,Can Tho,mobile_app,5182500.00,seed,2026-06-28T16:10:00+07:00,2026-06-30T04:10:00+07:00
ORD004844,CUS000777,2026-02-21T13:19:00+07:00,confirmed,Can Tho,mobile_app,5214000.00,seed,2026-02-21T13:19:00+07:00,2026-02-22T05:19:00+07:00
ORD004845,CUS000322,2026-03-30T20:26:00+07:00,completed,Can Tho,mobile_app,21306000.00,seed,2026-03-30T20:26:00+07:00,2026-04-01T04:26:00+07:00
ORD004846,CUS000040,2026-04-03T09:27:00+07:00,completed,Bac Ninh,web,6383000.00,seed,2026-04-03T09:27:00+07:00,2026-04-03T17:27:00+07:00
ORD004847,CUS000196,2026-06-20T13:09:00+07:00,shipped,Quang Ninh,web,12877000.00,seed,2026-06-20T13:09:00+07:00,2026-06-21T22:09:00+07:00
ORD004848,CUS000412,2026-01-07T21:44:00+07:00,completed,Nha Trang,web,1990000.00,seed,2026-01-07T21:44:00+07:00,2026-01-08T18:44:00+07:00
ORD004849,CUS000812,2026-01-03T10:54:00+07:00,completed,Da Nang,mobile_app,27027500.00,seed,2026-01-03T10:54:00+07:00,2026-01-03T14:54:00+07:00
ORD004850,CUS000279,2026-02-09T17:47:00+07:00,completed,Bac Ninh,mobile_app,7631000.00,seed,2026-02-09T17:47:00+07:00,2026-02-11T06:47:00+07:00
ORD004851,CUS000475,2026-01-11T17:37:00+07:00,completed,Bac Ninh,mobile_app,40732500.00,seed,2026-01-11T17:37:00+07:00,2026-01-13T06:37:00+07:00
ORD004852,CUS000675,2026-01-23T10:44:00+07:00,completed,Ho Chi Minh City,mobile_app,14098500.00,seed,2026-01-23T10:44:00+07:00,2026-01-25T06:44:00+07:00
ORD004853,CUS000422,2026-02-10T18:18:00+07:00,completed,Hue,mobile_app,6462000.00,seed,2026-02-10T18:18:00+07:00,2026-02-10T19:18:00+07:00
ORD004854,CUS000874,2026-01-05T12:48:00+07:00,completed,Quang Ninh,web,15810000.00,seed,2026-01-05T12:48:00+07:00,2026-01-06T14:48:00+07:00
ORD004855,CUS000178,2026-01-22T11:44:00+07:00,completed,Bac Ninh,web,20646500.00,seed,2026-01-22T11:44:00+07:00,2026-01-23T00:44:00+07:00
ORD004856,CUS000583,2026-06-22T14:42:00+07:00,completed,Quang Ninh,mobile_app,3771000.00,seed,2026-06-22T14:42:00+07:00,2026-06-23T09:42:00+07:00
ORD004857,CUS000187,2026-03-31T11:53:00+07:00,completed,Quang Ninh,mobile_app,27835000.00,seed,2026-03-31T11:53:00+07:00,2026-04-01T17:53:00+07:00
ORD004858,CUS000592,2026-06-17T14:26:00+07:00,completed,Can Tho,web,11841000.00,seed,2026-06-17T14:26:00+07:00,2026-06-17T21:26:00+07:00
ORD004859,CUS000334,2026-05-11T12:12:00+07:00,completed,Ho Chi Minh City,mobile_app,10871000.00,seed,2026-05-11T12:12:00+07:00,2026-05-13T07:12:00+07:00
ORD004860,CUS000377,2026-01-05T15:45:00+07:00,completed,Quang Ninh,mobile_app,8346000.00,seed,2026-01-05T15:45:00+07:00,2026-01-07T03:45:00+07:00
ORD004861,CUS000910,2026-03-11T16:01:00+07:00,completed,Can Tho,mobile_app,7739000.00,seed,2026-03-11T16:01:00+07:00,2026-03-13T05:01:00+07:00
ORD004862,CUS000443,2026-02-11T14:54:00+07:00,completed,Hanoi,web,25751000.00,seed,2026-02-11T14:54:00+07:00,2026-02-12T03:54:00+07:00
ORD004863,CUS000771,2026-02-13T17:55:00+07:00,pending,Hanoi,web,15048000.00,seed,2026-02-13T17:55:00+07:00,2026-02-14T17:55:00+07:00
ORD004864,CUS000679,2026-04-13T19:02:00+07:00,pending,Hai Phong,web,7981000.00,seed,2026-04-13T19:02:00+07:00,2026-04-15T15:02:00+07:00
ORD004865,CUS000285,2026-01-08T20:37:00+07:00,completed,Hue,mobile_app,37940000.00,seed,2026-01-08T20:37:00+07:00,2026-01-10T14:37:00+07:00
ORD004866,CUS000720,2026-06-10T08:24:00+07:00,completed,Bac Ninh,web,25000500.00,seed,2026-06-10T08:24:00+07:00,2026-06-10T09:24:00+07:00
ORD004867,CUS000140,2026-01-05T19:50:00+07:00,completed,Bac Ninh,mobile_app,11313500.00,seed,2026-01-05T19:50:00+07:00,2026-01-07T08:50:00+07:00
ORD004868,CUS000885,2026-03-10T19:43:00+07:00,shipped,Hue,web,14280000.00,seed,2026-03-10T19:43:00+07:00,2026-03-11T17:43:00+07:00
ORD004869,CUS000029,2026-02-17T12:42:00+07:00,completed,Can Tho,mobile_app,9680500.00,seed,2026-02-17T12:42:00+07:00,2026-02-19T05:42:00+07:00
ORD004870,CUS000978,2026-03-11T13:39:00+07:00,completed,Hai Phong,mobile_app,15970000.00,seed,2026-03-11T13:39:00+07:00,2026-03-12T05:39:00+07:00
ORD004871,CUS000782,2026-06-06T12:52:00+07:00,completed,Hai Phong,mobile_app,16926000.00,seed,2026-06-06T12:52:00+07:00,2026-06-08T04:52:00+07:00
ORD004872,CUS000218,2026-05-30T14:41:00+07:00,completed,Da Nang,web,15328500.00,seed,2026-05-30T14:41:00+07:00,2026-05-30T23:41:00+07:00
ORD004873,CUS000997,2026-05-05T12:14:00+07:00,completed,Da Nang,mobile_app,14981000.00,seed,2026-05-05T12:14:00+07:00,2026-05-06T20:14:00+07:00
ORD004874,CUS000626,2026-02-15T17:06:00+07:00,shipped,Can Tho,mobile_app,684000.00,seed,2026-02-15T17:06:00+07:00,2026-02-15T22:06:00+07:00
ORD004875,CUS000675,2026-05-06T21:48:00+07:00,completed,Hanoi,mobile_app,13423500.00,seed,2026-05-06T21:48:00+07:00,2026-05-08T16:48:00+07:00
ORD004876,CUS000176,2026-01-06T15:12:00+07:00,cancelled,Can Tho,web,23511000.00,seed,2026-01-06T15:12:00+07:00,2026-01-07T14:12:00+07:00
ORD004877,CUS000490,2026-06-23T19:40:00+07:00,completed,Hue,web,17247500.00,seed,2026-06-23T19:40:00+07:00,2026-06-24T16:40:00+07:00
ORD004878,CUS000525,2026-02-26T11:44:00+07:00,completed,Da Nang,mobile_app,12618000.00,seed,2026-02-26T11:44:00+07:00,2026-02-27T21:44:00+07:00
ORD004879,CUS000376,2026-02-26T10:33:00+07:00,completed,Quang Ninh,web,3937000.00,seed,2026-02-26T10:33:00+07:00,2026-02-28T02:33:00+07:00
ORD004880,CUS000835,2026-01-24T21:15:00+07:00,completed,Hue,mobile_app,5880000.00,seed,2026-01-24T21:15:00+07:00,2026-01-25T02:15:00+07:00
ORD004881,CUS000514,2026-06-13T22:24:00+07:00,completed,Vinh,web,25121500.00,seed,2026-06-13T22:24:00+07:00,2026-06-14T08:24:00+07:00
ORD004882,CUS000004,2026-02-25T15:16:00+07:00,completed,Nha Trang,mobile_app,11831000.00,seed,2026-02-25T15:16:00+07:00,2026-02-27T08:16:00+07:00
ORD004883,CUS000957,2026-01-01T10:19:00+07:00,completed,Hai Phong,web,10646500.00,seed,2026-01-01T10:19:00+07:00,2026-01-01T20:19:00+07:00
ORD004884,CUS000666,2026-05-30T13:04:00+07:00,completed,Da Nang,mobile_app,7792500.00,seed,2026-05-30T13:04:00+07:00,2026-06-01T11:04:00+07:00
ORD004885,CUS000574,2026-05-25T16:42:00+07:00,completed,Da Nang,mobile_app,10341000.00,seed,2026-05-25T16:42:00+07:00,2026-05-26T23:42:00+07:00
ORD004886,CUS000638,2026-04-14T16:15:00+07:00,completed,Ho Chi Minh City,web,16220000.00,seed,2026-04-14T16:15:00+07:00,2026-04-15T23:15:00+07:00
ORD004887,CUS000999,2026-02-07T21:37:00+07:00,completed,Ho Chi Minh City,mobile_app,9282000.00,seed,2026-02-07T21:37:00+07:00,2026-02-09T15:37:00+07:00
ORD004888,CUS000691,2026-06-04T22:13:00+07:00,completed,Hai Phong,web,2856000.00,seed,2026-06-04T22:13:00+07:00,2026-06-05T19:13:00+07:00
ORD004889,CUS000404,2026-04-28T20:56:00+07:00,completed,Hai Phong,web,11730000.00,seed,2026-04-28T20:56:00+07:00,2026-04-29T11:56:00+07:00
ORD004890,CUS000700,2026-06-10T16:46:00+07:00,completed,Hai Phong,mobile_app,6999500.00,seed,2026-06-10T16:46:00+07:00,2026-06-11T09:46:00+07:00
ORD004891,CUS000285,2026-03-11T21:09:00+07:00,completed,Bac Ninh,mobile_app,4113500.00,seed,2026-03-11T21:09:00+07:00,2026-03-12T12:09:00+07:00
ORD004892,CUS000108,2026-05-30T20:00:00+07:00,shipped,Hai Phong,mobile_app,8401500.00,seed,2026-05-30T20:00:00+07:00,2026-06-01T01:00:00+07:00
ORD004893,CUS000521,2026-02-24T19:50:00+07:00,shipped,Hue,mobile_app,15310000.00,seed,2026-02-24T19:50:00+07:00,2026-02-25T08:50:00+07:00
ORD004894,CUS000853,2026-01-23T17:27:00+07:00,confirmed,Hue,web,5913000.00,seed,2026-01-23T17:27:00+07:00,2026-01-23T23:27:00+07:00
ORD004895,CUS000545,2026-02-17T22:38:00+07:00,completed,Hanoi,web,25433500.00,seed,2026-02-17T22:38:00+07:00,2026-02-18T08:38:00+07:00
ORD004896,CUS000105,2026-06-25T17:05:00+07:00,completed,Hai Phong,web,13296000.00,seed,2026-06-25T17:05:00+07:00,2026-06-26T08:05:00+07:00
ORD004897,CUS000178,2026-02-11T13:08:00+07:00,pending,Vinh,web,27995000.00,seed,2026-02-11T13:08:00+07:00,2026-02-11T23:08:00+07:00
ORD004898,CUS000408,2026-06-17T22:55:00+07:00,shipped,Bac Ninh,mobile_app,22273000.00,seed,2026-06-17T22:55:00+07:00,2026-06-18T22:55:00+07:00
ORD004899,CUS000828,2026-03-06T11:43:00+07:00,completed,Bac Ninh,mobile_app,13860500.00,seed,2026-03-06T11:43:00+07:00,2026-03-07T14:43:00+07:00
ORD004900,CUS000055,2026-01-22T14:45:00+07:00,completed,Ho Chi Minh City,web,6323500.00,seed,2026-01-22T14:45:00+07:00,2026-01-23T13:45:00+07:00
ORD004901,CUS000712,2026-02-15T16:58:00+07:00,completed,Nha Trang,web,12026000.00,seed,2026-02-15T16:58:00+07:00,2026-02-16T01:58:00+07:00
ORD004902,CUS000952,2026-01-27T12:16:00+07:00,confirmed,Hai Phong,mobile_app,7879500.00,seed,2026-01-27T12:16:00+07:00,2026-01-29T11:16:00+07:00
ORD004903,CUS000298,2026-04-21T08:36:00+07:00,completed,Da Nang,mobile_app,32857000.00,seed,2026-04-21T08:36:00+07:00,2026-04-23T05:36:00+07:00
ORD004904,CUS000939,2026-05-30T11:37:00+07:00,completed,Vinh,web,5263000.00,seed,2026-05-30T11:37:00+07:00,2026-06-01T01:37:00+07:00
ORD004905,CUS000460,2026-02-06T20:58:00+07:00,completed,Ho Chi Minh City,social,14050500.00,seed,2026-02-06T20:58:00+07:00,2026-02-07T00:58:00+07:00
ORD004906,CUS000611,2026-06-06T19:12:00+07:00,confirmed,Hanoi,mobile_app,4809500.00,seed,2026-06-06T19:12:00+07:00,2026-06-07T09:12:00+07:00
ORD004907,CUS000740,2026-01-16T20:36:00+07:00,completed,Hai Phong,web,22620000.00,seed,2026-01-16T20:36:00+07:00,2026-01-18T19:36:00+07:00
ORD004908,CUS000525,2026-02-02T11:36:00+07:00,completed,Hanoi,web,290000.00,seed,2026-02-02T11:36:00+07:00,2026-02-03T17:36:00+07:00
ORD004909,CUS000922,2026-04-26T12:01:00+07:00,completed,Nha Trang,mobile_app,9540000.00,seed,2026-04-26T12:01:00+07:00,2026-04-26T21:01:00+07:00
ORD004910,CUS000784,2026-06-14T16:16:00+07:00,completed,Hanoi,web,2060000.00,seed,2026-06-14T16:16:00+07:00,2026-06-16T01:16:00+07:00
ORD004911,CUS000463,2026-05-20T08:01:00+07:00,completed,Hai Phong,web,17255000.00,seed,2026-05-20T08:01:00+07:00,2026-05-20T10:01:00+07:00
ORD004912,CUS000064,2026-01-10T15:58:00+07:00,confirmed,Hanoi,mobile_app,6380000.00,seed,2026-01-10T15:58:00+07:00,2026-01-10T19:58:00+07:00
ORD004913,CUS000169,2026-01-12T18:36:00+07:00,completed,Hanoi,web,19260000.00,seed,2026-01-12T18:36:00+07:00,2026-01-13T14:36:00+07:00
ORD004914,CUS000981,2026-03-25T17:22:00+07:00,completed,Bac Ninh,mobile_app,15400000.00,seed,2026-03-25T17:22:00+07:00,2026-03-27T15:22:00+07:00
ORD004915,CUS000627,2026-06-23T09:21:00+07:00,completed,Vinh,mobile_app,3502000.00,seed,2026-06-23T09:21:00+07:00,2026-06-24T05:21:00+07:00
ORD004916,CUS000834,2026-05-30T11:50:00+07:00,completed,Vinh,web,11641500.00,seed,2026-05-30T11:50:00+07:00,2026-05-31T06:50:00+07:00
ORD004917,CUS000495,2026-05-01T10:41:00+07:00,completed,Hanoi,mobile_app,15900000.00,seed,2026-05-01T10:41:00+07:00,2026-05-03T02:41:00+07:00
ORD004918,CUS000092,2026-03-27T09:46:00+07:00,pending,Hanoi,web,19830000.00,seed,2026-03-27T09:46:00+07:00,2026-03-29T02:46:00+07:00
ORD004919,CUS000730,2026-02-21T16:15:00+07:00,completed,Ho Chi Minh City,mobile_app,29270500.00,seed,2026-02-21T16:15:00+07:00,2026-02-22T02:15:00+07:00
ORD004920,CUS000534,2026-03-20T17:53:00+07:00,completed,Vinh,social,6011000.00,seed,2026-03-20T17:53:00+07:00,2026-03-21T05:53:00+07:00
ORD004921,CUS000529,2026-02-18T11:31:00+07:00,pending,Ho Chi Minh City,social,7560000.00,seed,2026-02-18T11:31:00+07:00,2026-02-19T08:31:00+07:00
ORD004922,CUS000764,2026-03-26T18:59:00+07:00,completed,Nha Trang,social,17652000.00,seed,2026-03-26T18:59:00+07:00,2026-03-27T07:59:00+07:00
ORD004923,CUS000615,2026-04-16T14:45:00+07:00,completed,Hue,mobile_app,15757500.00,seed,2026-04-16T14:45:00+07:00,2026-04-18T14:45:00+07:00
ORD004924,CUS000462,2026-02-11T20:45:00+07:00,completed,Ho Chi Minh City,web,4404000.00,seed,2026-02-11T20:45:00+07:00,2026-02-12T11:45:00+07:00
ORD004925,CUS000458,2026-05-22T22:41:00+07:00,completed,Vinh,web,19407000.00,seed,2026-05-22T22:41:00+07:00,2026-05-23T08:41:00+07:00
ORD004926,CUS000392,2026-01-09T19:48:00+07:00,completed,Da Nang,mobile_app,8206000.00,seed,2026-01-09T19:48:00+07:00,2026-01-11T00:48:00+07:00
ORD004927,CUS000736,2026-05-27T21:55:00+07:00,completed,Can Tho,mobile_app,13259000.00,seed,2026-05-27T21:55:00+07:00,2026-05-28T02:55:00+07:00
ORD004928,CUS000558,2026-01-07T16:09:00+07:00,completed,Hanoi,web,15543000.00,seed,2026-01-07T16:09:00+07:00,2026-01-09T03:09:00+07:00
ORD004929,CUS000210,2026-01-05T17:16:00+07:00,shipped,Hanoi,web,3730000.00,seed,2026-01-05T17:16:00+07:00,2026-01-05T17:16:00+07:00
ORD004930,CUS000655,2026-03-01T15:06:00+07:00,completed,Bac Ninh,mobile_app,41141500.00,seed,2026-03-01T15:06:00+07:00,2026-03-03T02:06:00+07:00
ORD004931,CUS000185,2026-02-03T15:40:00+07:00,completed,Vinh,mobile_app,12193000.00,seed,2026-02-03T15:40:00+07:00,2026-02-04T16:40:00+07:00
ORD004932,CUS000336,2026-01-16T17:59:00+07:00,completed,Bac Ninh,mobile_app,21215500.00,seed,2026-01-16T17:59:00+07:00,2026-01-17T02:59:00+07:00
ORD004933,CUS000157,2026-01-19T10:36:00+07:00,pending,Bac Ninh,mobile_app,26231000.00,seed,2026-01-19T10:36:00+07:00,2026-01-20T04:36:00+07:00
ORD004934,CUS000856,2026-04-13T11:46:00+07:00,completed,Quang Ninh,web,7416000.00,seed,2026-04-13T11:46:00+07:00,2026-04-14T14:46:00+07:00
ORD004935,CUS000669,2026-03-30T13:43:00+07:00,completed,Nha Trang,mobile_app,8113500.00,seed,2026-03-30T13:43:00+07:00,2026-03-31T06:43:00+07:00
ORD004936,CUS000387,2026-06-13T18:29:00+07:00,confirmed,Hai Phong,social,8727500.00,seed,2026-06-13T18:29:00+07:00,2026-06-15T17:29:00+07:00
ORD004937,CUS000912,2026-05-07T13:53:00+07:00,completed,Hai Phong,mobile_app,10192500.00,seed,2026-05-07T13:53:00+07:00,2026-05-08T05:53:00+07:00
ORD004938,CUS000656,2026-01-03T09:37:00+07:00,completed,Can Tho,mobile_app,920000.00,seed,2026-01-03T09:37:00+07:00,2026-01-04T15:37:00+07:00
ORD004939,CUS000450,2026-02-22T12:43:00+07:00,completed,Can Tho,mobile_app,12052500.00,seed,2026-02-22T12:43:00+07:00,2026-02-23T12:43:00+07:00
ORD004940,CUS000766,2026-03-20T21:22:00+07:00,shipped,Hanoi,mobile_app,41108000.00,seed,2026-03-20T21:22:00+07:00,2026-03-22T00:22:00+07:00
ORD004941,CUS000989,2026-04-06T21:34:00+07:00,completed,Bac Ninh,mobile_app,21856000.00,seed,2026-04-06T21:34:00+07:00,2026-04-07T01:34:00+07:00
ORD004942,CUS000387,2026-01-18T12:09:00+07:00,shipped,Bac Ninh,mobile_app,15492000.00,seed,2026-01-18T12:09:00+07:00,2026-01-18T21:09:00+07:00
ORD004943,CUS000159,2026-05-21T18:23:00+07:00,completed,Hue,mobile_app,19642500.00,seed,2026-05-21T18:23:00+07:00,2026-05-22T11:23:00+07:00
ORD004944,CUS000772,2026-01-16T12:14:00+07:00,completed,Ho Chi Minh City,web,4771000.00,seed,2026-01-16T12:14:00+07:00,2026-01-17T20:14:00+07:00
ORD004945,CUS000335,2026-01-16T20:25:00+07:00,completed,Bac Ninh,web,16200500.00,seed,2026-01-16T20:25:00+07:00,2026-01-18T01:25:00+07:00
ORD004946,CUS000404,2026-01-17T09:32:00+07:00,completed,Ho Chi Minh City,mobile_app,17152000.00,seed,2026-01-17T09:32:00+07:00,2026-01-17T18:32:00+07:00
ORD004947,CUS000344,2026-02-15T15:55:00+07:00,shipped,Vinh,web,6774500.00,seed,2026-02-15T15:55:00+07:00,2026-02-16T01:55:00+07:00
ORD004948,CUS000476,2026-03-24T21:39:00+07:00,completed,Hanoi,mobile_app,7794000.00,seed,2026-03-24T21:39:00+07:00,2026-03-26T15:39:00+07:00
ORD004949,CUS000695,2026-04-08T08:04:00+07:00,pending,Hue,mobile_app,7047000.00,seed,2026-04-08T08:04:00+07:00,2026-04-10T07:04:00+07:00
ORD004950,CUS000427,2026-03-17T10:53:00+07:00,completed,Hue,web,11040000.00,seed,2026-03-17T10:53:00+07:00,2026-03-17T11:53:00+07:00
ORD004951,CUS000284,2026-06-18T15:40:00+07:00,completed,Bac Ninh,web,7258000.00,seed,2026-06-18T15:40:00+07:00,2026-06-20T05:40:00+07:00
ORD004952,CUS000578,2026-03-19T14:34:00+07:00,completed,Da Nang,mobile_app,14922000.00,seed,2026-03-19T14:34:00+07:00,2026-03-19T17:34:00+07:00
ORD004953,CUS000006,2026-06-06T17:21:00+07:00,completed,Hai Phong,social,9964000.00,seed,2026-06-06T17:21:00+07:00,2026-06-07T11:21:00+07:00
ORD004954,CUS000589,2026-01-28T21:33:00+07:00,completed,Ho Chi Minh City,web,18224500.00,seed,2026-01-28T21:33:00+07:00,2026-01-29T09:33:00+07:00
ORD004955,CUS000294,2026-02-19T12:46:00+07:00,completed,Quang Ninh,web,10142000.00,seed,2026-02-19T12:46:00+07:00,2026-02-20T12:46:00+07:00
ORD004956,CUS000588,2026-05-08T13:26:00+07:00,completed,Ho Chi Minh City,web,7708000.00,seed,2026-05-08T13:26:00+07:00,2026-05-08T13:26:00+07:00
ORD004957,CUS000417,2026-01-20T08:06:00+07:00,completed,Hai Phong,mobile_app,25437000.00,seed,2026-01-20T08:06:00+07:00,2026-01-20T17:06:00+07:00
ORD004958,CUS000374,2026-06-02T20:59:00+07:00,completed,Nha Trang,mobile_app,12789000.00,seed,2026-06-02T20:59:00+07:00,2026-06-03T10:59:00+07:00
ORD004959,CUS000693,2026-04-08T18:54:00+07:00,completed,Can Tho,web,950000.00,seed,2026-04-08T18:54:00+07:00,2026-04-09T11:54:00+07:00
ORD004960,CUS000836,2026-02-11T14:28:00+07:00,completed,Hanoi,web,19689000.00,seed,2026-02-11T14:28:00+07:00,2026-02-13T00:28:00+07:00
ORD004961,CUS000681,2026-03-09T10:46:00+07:00,completed,Vinh,social,14460000.00,seed,2026-03-09T10:46:00+07:00,2026-03-10T09:46:00+07:00
ORD004962,CUS000844,2026-01-12T20:44:00+07:00,completed,Vinh,web,23290000.00,seed,2026-01-12T20:44:00+07:00,2026-01-14T02:44:00+07:00
ORD004963,CUS000020,2026-05-16T19:49:00+07:00,completed,Quang Ninh,social,11803500.00,seed,2026-05-16T19:49:00+07:00,2026-05-17T23:49:00+07:00
ORD004964,CUS000928,2026-03-13T17:37:00+07:00,completed,Hanoi,web,1504500.00,seed,2026-03-13T17:37:00+07:00,2026-03-14T16:37:00+07:00
ORD004965,CUS000478,2026-06-21T19:04:00+07:00,completed,Da Nang,web,17632000.00,seed,2026-06-21T19:04:00+07:00,2026-06-22T10:04:00+07:00
ORD004966,CUS000798,2026-03-11T22:02:00+07:00,completed,Quang Ninh,web,5439500.00,seed,2026-03-11T22:02:00+07:00,2026-03-12T06:02:00+07:00
ORD004967,CUS000673,2026-04-28T16:23:00+07:00,completed,Can Tho,mobile_app,14949000.00,seed,2026-04-28T16:23:00+07:00,2026-04-30T13:23:00+07:00
ORD004968,CUS000718,2026-01-25T15:49:00+07:00,completed,Quang Ninh,social,26684500.00,seed,2026-01-25T15:49:00+07:00,2026-01-26T10:49:00+07:00
ORD004969,CUS000436,2026-05-08T20:15:00+07:00,confirmed,Nha Trang,mobile_app,7182000.00,seed,2026-05-08T20:15:00+07:00,2026-05-10T11:15:00+07:00
ORD004970,CUS000878,2026-01-05T20:09:00+07:00,completed,Vinh,social,6180000.00,seed,2026-01-05T20:09:00+07:00,2026-01-06T10:09:00+07:00
ORD004971,CUS000257,2026-05-15T09:21:00+07:00,shipped,Hue,web,17912000.00,seed,2026-05-15T09:21:00+07:00,2026-05-15T22:21:00+07:00
ORD004972,CUS000771,2026-03-31T15:38:00+07:00,completed,Vinh,web,27298000.00,seed,2026-03-31T15:38:00+07:00,2026-04-02T14:38:00+07:00
ORD004973,CUS000410,2026-04-18T08:15:00+07:00,completed,Can Tho,mobile_app,10147500.00,seed,2026-04-18T08:15:00+07:00,2026-04-18T11:15:00+07:00
ORD004974,CUS000085,2026-02-14T13:54:00+07:00,completed,Quang Ninh,mobile_app,6868500.00,seed,2026-02-14T13:54:00+07:00,2026-02-15T18:54:00+07:00
ORD004975,CUS000292,2026-02-06T14:41:00+07:00,completed,Nha Trang,social,6349500.00,seed,2026-02-06T14:41:00+07:00,2026-02-06T18:41:00+07:00
ORD004976,CUS000258,2026-03-04T20:27:00+07:00,confirmed,Nha Trang,mobile_app,3620000.00,seed,2026-03-04T20:27:00+07:00,2026-03-06T12:27:00+07:00
ORD004977,CUS000645,2026-05-25T20:31:00+07:00,completed,Bac Ninh,mobile_app,14587000.00,seed,2026-05-25T20:31:00+07:00,2026-05-26T10:31:00+07:00
ORD004978,CUS000372,2026-02-21T20:56:00+07:00,completed,Nha Trang,mobile_app,14677000.00,seed,2026-02-21T20:56:00+07:00,2026-02-22T00:56:00+07:00
ORD004979,CUS000733,2026-01-28T17:11:00+07:00,completed,Can Tho,mobile_app,22738000.00,seed,2026-01-28T17:11:00+07:00,2026-01-29T06:11:00+07:00
ORD004980,CUS000321,2026-01-09T09:37:00+07:00,completed,Da Nang,mobile_app,433500.00,seed,2026-01-09T09:37:00+07:00,2026-01-10T20:37:00+07:00
ORD004981,CUS000025,2026-05-26T20:07:00+07:00,completed,Nha Trang,social,8046500.00,seed,2026-05-26T20:07:00+07:00,2026-05-28T14:07:00+07:00
ORD004982,CUS000231,2026-06-28T21:21:00+07:00,completed,Hue,mobile_app,7333500.00,seed,2026-06-28T21:21:00+07:00,2026-06-29T00:21:00+07:00
ORD004983,CUS000488,2026-01-31T22:24:00+07:00,completed,Hanoi,web,15046000.00,seed,2026-01-31T22:24:00+07:00,2026-02-02T13:24:00+07:00
ORD004984,CUS000174,2026-02-26T14:12:00+07:00,completed,Hai Phong,web,9998500.00,seed,2026-02-26T14:12:00+07:00,2026-02-26T18:12:00+07:00
ORD004985,CUS000189,2026-02-28T20:34:00+07:00,completed,Da Nang,web,1444000.00,seed,2026-02-28T20:34:00+07:00,2026-03-02T20:34:00+07:00
ORD004986,CUS000550,2026-03-21T21:47:00+07:00,completed,Nha Trang,mobile_app,29478000.00,seed,2026-03-21T21:47:00+07:00,2026-03-22T02:47:00+07:00
ORD004987,CUS000244,2026-04-05T17:19:00+07:00,completed,Hai Phong,web,16942500.00,seed,2026-04-05T17:19:00+07:00,2026-04-06T18:19:00+07:00
ORD004988,CUS000849,2026-02-28T14:33:00+07:00,completed,Quang Ninh,mobile_app,22369000.00,seed,2026-02-28T14:33:00+07:00,2026-03-02T01:33:00+07:00
ORD004989,CUS000037,2026-06-03T11:11:00+07:00,completed,Quang Ninh,web,3760500.00,seed,2026-06-03T11:11:00+07:00,2026-06-03T14:11:00+07:00
ORD004990,CUS000028,2026-06-19T10:38:00+07:00,completed,Vinh,social,4240000.00,seed,2026-06-19T10:38:00+07:00,2026-06-20T13:38:00+07:00
ORD004991,CUS000906,2026-02-07T12:48:00+07:00,confirmed,Can Tho,social,9254000.00,seed,2026-02-07T12:48:00+07:00,2026-02-08T19:48:00+07:00
ORD004992,CUS000736,2026-03-20T10:07:00+07:00,completed,Can Tho,social,18602500.00,seed,2026-03-20T10:07:00+07:00,2026-03-21T00:07:00+07:00
ORD004993,CUS000583,2026-02-02T19:04:00+07:00,pending,Can Tho,web,17095500.00,seed,2026-02-02T19:04:00+07:00,2026-02-03T22:04:00+07:00
ORD004994,CUS000071,2026-05-28T19:07:00+07:00,completed,Ho Chi Minh City,mobile_app,12347500.00,seed,2026-05-28T19:07:00+07:00,2026-05-30T11:07:00+07:00
ORD004995,CUS000212,2026-01-15T15:02:00+07:00,shipped,Bac Ninh,mobile_app,7456000.00,seed,2026-01-15T15:02:00+07:00,2026-01-16T15:02:00+07:00
ORD004996,CUS000413,2026-02-10T19:28:00+07:00,completed,Bac Ninh,web,18350000.00,seed,2026-02-10T19:28:00+07:00,2026-02-11T15:28:00+07:00
ORD004997,CUS000727,2026-04-21T10:40:00+07:00,completed,Vinh,web,15625000.00,seed,2026-04-21T10:40:00+07:00,2026-04-22T05:40:00+07:00
ORD004998,CUS000377,2026-01-10T09:02:00+07:00,completed,Bac Ninh,mobile_app,11717500.00,seed,2026-01-10T09:02:00+07:00,2026-01-12T06:02:00+07:00
ORD004999,CUS000593,2026-01-27T14:47:00+07:00,completed,Da Nang,web,10882000.00,seed,2026-01-27T14:47:00+07:00,2026-01-29T06:47:00+07:00
ORD005000,CUS000704,2026-04-28T17:25:00+07:00,shipped,Hue,mobile_app,6697500.00,seed,2026-04-28T17:25:00+07:00,2026-04-30T06:25:00+07:00
