payment_id,order_id,payment_date,payment_method,payment_status,amount,source_system,created_at,updated_at
PAY000001,ORD000001,2026-06-12T15:03:00+07:00,card,pending,700000.00,seed,2026-06-12T15:03:00+07:00,2026-06-12T15:03:00+07:00
PAY000002,ORD000002,2026-03-08T00:28:00+07:00,cash,success,2669000.00,seed,2026-03-08T00:28:00+07:00,2026-03-08T00:28:00+07:00
PAY000003,ORD000003,2026-03-16T18:37:00+07:00,card,success,10240000.00,seed,2026-03-16T18:37:00+07:00,2026-03-16T18:37:00+07:00
PAY000004,ORD000004,2026-01-02T16:55:00+07:00,card,success,978000.00,seed,2026-01-02T16:55:00+07:00,2026-01-02T16:55:00+07:00
PAY000005,ORD000005,2026-02-24T14:56:00+07:00,card,success,13361000.00,seed,2026-02-24T14:56:00+07:00,2026-02-24T14:56:00+07:00
PAY000006,ORD000006,2026-03-03T00:38:00+07:00,e_wallet,success,11477500.00,seed,2026-03-03T00:38:00+07:00,2026-03-03T00:38:00+07:00
PAY000007,ORD000007,2026-03-11T10:31:00+07:00,e_wallet,failed,15210000.00,seed,2026-03-11T10:31:00+07:00,2026-03-11T10:31:00+07:00
PAY000008,ORD000008,2026-01-08T03:34:00+07:00,card,success,8254500.00,seed,2026-01-08T03:34:00+07:00,2026-01-08T03:34:00+07:00
PAY000009,ORD000009,2026-03-27T16:38:00+07:00,card,success,25430000.00,seed,2026-03-27T16:38:00+07:00,2026-03-27T16:38:00+07:00
PAY000010,ORD000010,2026-05-30T22:45:00+07:00,bank_transfer,success,8073500.00,seed,2026-05-30T22:45:00+07:00,2026-05-30T22:45:00+07:00
PAY000011,ORD000011,2026-01-31T00:17:00+07:00,bank_transfer,success,7720000.00,seed,2026-01-31T00:17:00+07:00,2026-01-31T00:17:00+07:00
PAY000012,ORD000012,2026-03-18T05:02:00+07:00,cash,success,7191500.00,seed,2026-03-18T05:02:00+07:00,2026-03-18T05:02:00+07:00
PAY000013,ORD000013,2026-01-30T14:56:00+07:00,cash,success,11305000.00,seed,2026-01-30T14:56:00+07:00,2026-01-30T14:56:00+07:00
PAY000014,ORD000014,2026-01-24T19:51:00+07:00,cash,success,21364500.00,seed,2026-01-24T19:51:00+07:00,2026-01-24T19:51:00+07:00
PAY000015,ORD000015,2026-06-17T20:58:00+07:00,bank_transfer,success,19958500.00,seed,2026-06-17T20:58:00+07:00,2026-06-17T20:58:00+07:00
PAY000016,ORD000016,2026-04-17T14:37:00+07:00,bank_transfer,success,6330000.00,seed,2026-04-17T14:37:00+07:00,2026-04-17T14:37:00+07:00
PAY000017,ORD000017,2026-06-01T07:14:00+07:00,e_wallet,success,16711000.00,seed,2026-06-01T07:14:00+07:00,2026-06-01T07:14:00+07:00
PAY000018,ORD000018,2026-04-20T07:48:00+07:00,card,success,5326000.00,seed,2026-04-20T07:48:00+07:00,2026-04-20T07:48:00+07:00
PAY000019,ORD000019,2026-01-01T12:25:00+07:00,card,success,26691000.00,seed,2026-01-01T12:25:00+07:00,2026-01-01T12:25:00+07:00
PAY000020,ORD000022,2026-02-23T13:03:00+07:00,cash,success,6660000.00,seed,2026-02-23T13:03:00+07:00,2026-02-23T13:03:00+07:00
PAY000021,ORD000023,2026-03-10T15:08:00+07:00,cash,success,2650500.00,seed,2026-03-10T15:08:00+07:00,2026-03-10T15:08:00+07:00
PAY000022,ORD000024,2026-03-24T14:56:00+07:00,cash,success,1611000.00,seed,2026-03-24T14:56:00+07:00,2026-03-24T14:56:00+07:00
PAY000023,ORD000025,2026-03-02T22:09:00+07:00,cash,success,12997000.00,seed,2026-03-02T22:09:00+07:00,2026-03-02T22:09:00+07:00
PAY000024,ORD000026,2026-05-28T09:09:00+07:00,cash,success,7627000.00,seed,2026-05-28T09:09:00+07:00,2026-05-28T09:09:00+07:00
PAY000025,ORD000027,2026-06-05T19:52:00+07:00,cash,success,33726000.00,seed,2026-06-05T19:52:00+07:00,2026-06-05T19:52:00+07:00
PAY000026,ORD000028,2026-02-13T15:42:00+07:00,cash,failed,4940000.00,seed,2026-02-13T15:42:00+07:00,2026-02-13T15:42:00+07:00
PAY000027,ORD000029,2026-03-25T15:11:00+07:00,card,success,3773500.00,seed,2026-03-25T15:11:00+07:00,2026-03-25T15:11:00+07:00
PAY000028,ORD000030,2026-06-28T20:30:00+07:00,e_wallet,success,17103500.00,seed,2026-06-28T20:30:00+07:00,2026-06-28T20:30:00+07:00
PAY000029,ORD000031,2026-06-20T00:55:00+07:00,bank_transfer,success,11732000.00,seed,2026-06-20T00:55:00+07:00,2026-06-20T00:55:00+07:00
PAY000030,ORD000032,2026-03-25T19:13:00+07:00,cash,success,22150000.00,seed,2026-03-25T19:13:00+07:00,2026-03-25T19:13:00+07:00
PAY000031,ORD000034,2026-02-18T21:52:00+07:00,card,success,9152500.00,seed,2026-02-18T21:52:00+07:00,2026-02-18T21:52:00+07:00
PAY000032,ORD000035,2026-05-23T05:59:00+07:00,bank_transfer,failed,6020000.00,seed,2026-05-23T05:59:00+07:00,2026-05-23T05:59:00+07:00
PAY000033,ORD000036,2026-02-05T06:36:00+07:00,card,success,13831500.00,seed,2026-02-05T06:36:00+07:00,2026-02-05T06:36:00+07:00
PAY000034,ORD000037,2026-05-06T22:54:00+07:00,card,success,30985000.00,seed,2026-05-06T22:54:00+07:00,2026-05-06T22:54:00+07:00
PAY000035,ORD000038,2026-02-21T05:04:00+07:00,card,pending,4643500.00,seed,2026-02-21T05:04:00+07:00,2026-02-21T05:04:00+07:00
PAY000036,ORD000039,2026-04-05T18:45:00+07:00,cash,success,3220000.00,seed,2026-04-05T18:45:00+07:00,2026-04-05T18:45:00+07:00
PAY000037,ORD000040,2026-04-23T20:17:00+07:00,e_wallet,success,884000.00,seed,2026-04-23T20:17:00+07:00,2026-04-23T20:17:00+07:00
PAY000038,ORD000042,2026-02-03T18:09:00+07:00,card,success,13050000.00,seed,2026-02-03T18:09:00+07:00,2026-02-03T18:09:00+07:00
PAY000039,ORD000043,2026-05-31T03:17:00+07:00,card,success,27431000.00,seed,2026-05-31T03:17:00+07:00,2026-05-31T03:17:00+07:00
PAY000040,ORD000044,2026-05-08T04:32:00+07:00,e_wallet,failed,11044500.00,seed,2026-05-08T04:32:00+07:00,2026-05-08T04:32:00+07:00
PAY000041,ORD000045,2026-05-10T08:11:00+07:00,bank_transfer,success,5931000.00,seed,2026-05-10T08:11:00+07:00,2026-05-10T08:11:00+07:00
PAY000042,ORD000046,2026-01-26T22:42:00+07:00,cash,success,14620000.00,seed,2026-01-26T22:42:00+07:00,2026-01-26T22:42:00+07:00
PAY000043,ORD000047,2026-04-26T22:40:00+07:00,bank_transfer,success,27621500.00,seed,2026-04-26T22:40:00+07:00,2026-04-26T22:40:00+07:00
PAY000044,ORD000048,2026-06-13T00:07:00+07:00,e_wallet,success,769500.00,seed,2026-06-13T00:07:00+07:00,2026-06-13T00:07:00+07:00
PAY000045,ORD000050,2026-01-13T16:16:00+07:00,bank_transfer,success,9088000.00,seed,2026-01-13T16:16:00+07:00,2026-01-13T16:16:00+07:00
PAY000046,ORD000051,2026-06-14T02:04:00+07:00,card,success,9775500.00,seed,2026-06-14T02:04:00+07:00,2026-06-14T02:04:00+07:00
PAY000047,ORD000052,2026-04-18T23:27:00+07:00,bank_transfer,success,44280000.00,seed,2026-04-18T23:27:00+07:00,2026-04-18T23:27:00+07:00
PAY000048,ORD000053,2026-03-11T20:48:00+07:00,e_wallet,failed,19953000.00,seed,2026-03-11T20:48:00+07:00,2026-03-11T20:48:00+07:00
PAY000049,ORD000054,2026-04-21T22:19:00+07:00,cash,success,16224000.00,seed,2026-04-21T22:19:00+07:00,2026-04-21T22:19:00+07:00
PAY000050,ORD000055,2026-05-14T02:40:00+07:00,cash,success,17320000.00,seed,2026-05-14T02:40:00+07:00,2026-05-14T02:40:00+07:00
PAY000051,ORD000056,2026-03-18T21:51:00+07:00,e_wallet,success,1660000.00,seed,2026-03-18T21:51:00+07:00,2026-03-18T21:51:00+07:00
PAY000052,ORD000057,2026-05-12T00:32:00+07:00,e_wallet,success,14087000.00,seed,2026-05-12T00:32:00+07:00,2026-05-12T00:32:00+07:00
PAY000053,ORD000058,2026-01-28T02:35:00+07:00,e_wallet,success,28625500.00,seed,2026-01-28T02:35:00+07:00,2026-01-28T02:35:00+07:00
PAY000054,ORD000059,2026-06-21T01:28:00+07:00,card,success,5180000.00,seed,2026-06-21T01:28:00+07:00,2026-06-21T01:28:00+07:00
PAY000055,ORD000060,2026-01-03T12:10:00+07:00,cash,success,10953500.00,seed,2026-01-03T12:10:00+07:00,2026-01-03T12:10:00+07:00
PAY000056,ORD000061,2026-03-29T21:49:00+07:00,bank_transfer,success,12880000.00,seed,2026-03-29T21:49:00+07:00,2026-03-29T21:49:00+07:00
PAY000057,ORD000062,2026-03-13T17:47:00+07:00,bank_transfer,success,10090500.00,seed,2026-03-13T17:47:00+07:00,2026-03-13T17:47:00+07:00
PAY000058,ORD000063,2026-05-23T15:50:00+07:00,cash,success,9678000.00,seed,2026-05-23T15:50:00+07:00,2026-05-23T15:50:00+07:00
PAY000059,ORD000064,2026-06-02T03:57:00+07:00,cash,success,10943500.00,seed,2026-06-02T03:57:00+07:00,2026-06-02T03:57:00+07:00
PAY000060,ORD000065,2026-06-06T20:16:00+07:00,cash,success,14131500.00,seed,2026-06-06T20:16:00+07:00,2026-06-06T20:16:00+07:00
PAY000061,ORD000066,2026-01-10T20:26:00+07:00,e_wallet,success,2930000.00,seed,2026-01-10T20:26:00+07:00,2026-01-10T20:26:00+07:00
PAY000062,ORD000067,2026-02-13T22:54:00+07:00,e_wallet,pending,16345000.00,seed,2026-02-13T22:54:00+07:00,2026-02-13T22:54:00+07:00
PAY000063,ORD000068,2026-03-13T17:50:00+07:00,card,success,24965000.00,seed,2026-03-13T17:50:00+07:00,2026-03-13T17:50:00+07:00
PAY000064,ORD000069,2026-01-28T00:04:00+07:00,bank_transfer,success,31758000.00,seed,2026-01-28T00:04:00+07:00,2026-01-28T00:04:00+07:00
PAY000065,ORD000070,2026-05-26T20:13:00+07:00,bank_transfer,failed,30578000.00,seed,2026-05-26T20:13:00+07:00,2026-05-26T20:13:00+07:00
PAY000066,ORD000071,2026-03-16T19:27:00+07:00,bank_transfer,success,8900000.00,seed,2026-03-16T19:27:00+07:00,2026-03-16T19:27:00+07:00
PAY000067,ORD000072,2026-02-27T20:08:00+07:00,cash,success,5330000.00,seed,2026-02-27T20:08:00+07:00,2026-02-27T20:08:00+07:00
PAY000068,ORD000073,2026-01-29T13:46:00+07:00,e_wallet,success,8021000.00,seed,2026-01-29T13:46:00+07:00,2026-01-29T13:46:00+07:00
PAY000069,ORD000074,2026-05-22T02:47:00+07:00,bank_transfer,success,5688000.00,seed,2026-05-22T02:47:00+07:00,2026-05-22T02:47:00+07:00
PAY000070,ORD000076,2026-04-07T14:10:00+07:00,cash,success,14179500.00,seed,2026-04-07T14:10:00+07:00,2026-04-07T14:10:00+07:00
PAY000071,ORD000077,2026-03-29T13:04:00+07:00,e_wallet,pending,6360000.00,seed,2026-03-29T13:04:00+07:00,2026-03-29T13:04:00+07:00
PAY000072,ORD000078,2026-01-26T18:03:00+07:00,e_wallet,success,20440000.00,seed,2026-01-26T18:03:00+07:00,2026-01-26T18:03:00+07:00
PAY000073,ORD000079,2026-04-21T02:45:00+07:00,card,success,4200500.00,seed,2026-04-21T02:45:00+07:00,2026-04-21T02:45:00+07:00
PAY000074,ORD000080,2026-02-07T23:08:00+07:00,card,success,4407500.00,seed,2026-02-07T23:08:00+07:00,2026-02-07T23:08:00+07:00
PAY000075,ORD000081,2026-02-26T21:30:00+07:00,cash,success,18031000.00,seed,2026-02-26T21:30:00+07:00,2026-02-26T21:30:00+07:00
PAY000076,ORD000082,2026-04-16T01:43:00+07:00,cash,success,16002500.00,seed,2026-04-16T01:43:00+07:00,2026-04-16T01:43:00+07:00
PAY000077,ORD000083,2026-02-07T21:20:00+07:00,card,success,15383000.00,seed,2026-02-07T21:20:00+07:00,2026-02-07T21:20:00+07:00
PAY000078,ORD000084,2026-03-21T21:29:00+07:00,bank_transfer,success,7130000.00,seed,2026-03-21T21:29:00+07:00,2026-03-21T21:29:00+07:00
PAY000079,ORD000085,2026-06-04T23:01:00+07:00,bank_transfer,success,16580500.00,seed,2026-06-04T23:01:00+07:00,2026-06-04T23:01:00+07:00
PAY000080,ORD000086,2026-06-22T23:03:00+07:00,cash,success,15643500.00,seed,2026-06-22T23:03:00+07:00,2026-06-22T23:03:00+07:00
PAY000081,ORD000087,2026-03-18T01:45:00+07:00,e_wallet,success,7522000.00,seed,2026-03-18T01:45:00+07:00,2026-03-18T01:45:00+07:00
PAY000082,ORD000088,2026-06-17T02:02:00+07:00,card,success,3609000.00,seed,2026-06-17T02:02:00+07:00,2026-06-17T02:02:00+07:00
PAY000083,ORD000089,2026-06-13T21:24:00+07:00,cash,success,4607000.00,seed,2026-06-13T21:24:00+07:00,2026-06-13T21:24:00+07:00
PAY000084,ORD000090,2026-01-23T23:25:00+07:00,cash,success,11981000.00,seed,2026-01-23T23:25:00+07:00,2026-01-23T23:25:00+07:00
PAY000085,ORD000091,2026-02-21T21:46:00+07:00,bank_transfer,success,12093500.00,seed,2026-02-21T21:46:00+07:00,2026-02-21T21:46:00+07:00
PAY000086,ORD000094,2026-06-11T12:53:00+07:00,cash,success,15330000.00,seed,2026-06-11T12:53:00+07:00,2026-06-11T12:53:00+07:00
PAY000087,ORD000095,2026-01-20T13:25:00+07:00,cash,success,21229500.00,seed,2026-01-20T13:25:00+07:00,2026-01-20T13:25:00+07:00
PAY000088,ORD000096,2026-04-30T18:14:00+07:00,card,success,17679500.00,seed,2026-04-30T18:14:00+07:00,2026-04-30T18:14:00+07:00
PAY000089,ORD000097,2026-06-26T13:47:00+07:00,bank_transfer,success,15502500.00,seed,2026-06-26T13:47:00+07:00,2026-06-26T13:47:00+07:00
PAY000090,ORD000098,2026-06-12T12:19:00+07:00,cash,success,19635000.00,seed,2026-06-12T12:19:00+07:00,2026-06-12T12:19:00+07:00
PAY000091,ORD000099,2026-02-26T00:15:00+07:00,e_wallet,success,5950000.00,seed,2026-02-26T00:15:00+07:00,2026-02-26T00:15:00+07:00
PAY000092,ORD000101,2026-06-20T04:27:00+07:00,card,pending,9270000.00,seed,2026-06-20T04:27:00+07:00,2026-06-20T04:27:00+07:00
PAY000093,ORD000102,2026-03-03T13:54:00+07:00,cash,success,11662000.00,seed,2026-03-03T13:54:00+07:00,2026-03-03T13:54:00+07:00
PAY000094,ORD000103,2026-05-19T19:40:00+07:00,bank_transfer,success,8080000.00,seed,2026-05-19T19:40:00+07:00,2026-05-19T19:40:00+07:00
PAY000095,ORD000104,2026-05-31T13:09:00+07:00,card,success,20338000.00,seed,2026-05-31T13:09:00+07:00,2026-05-31T13:09:00+07:00
PAY000096,ORD000105,2026-04-07T17:06:00+07:00,card,success,5737500.00,seed,2026-04-07T17:06:00+07:00,2026-04-07T17:06:00+07:00
PAY000097,ORD000106,2026-03-11T20:43:00+07:00,e_wallet,success,9844000.00,seed,2026-03-11T20:43:00+07:00,2026-03-11T20:43:00+07:00
PAY000098,ORD000107,2026-01-18T15:08:00+07:00,e_wallet,success,14295500.00,seed,2026-01-18T15:08:00+07:00,2026-01-18T15:08:00+07:00
PAY000099,ORD000108,2026-05-26T15:30:00+07:00,e_wallet,success,9824000.00,seed,2026-05-26T15:30:00+07:00,2026-05-26T15:30:00+07:00
PAY000100,ORD000110,2026-03-25T19:18:00+07:00,bank_transfer,success,5179000.00,seed,2026-03-25T19:18:00+07:00,2026-03-25T19:18:00+07:00
PAY000101,ORD000111,2026-01-04T22:14:00+07:00,card,success,19099500.00,seed,2026-01-04T22:14:00+07:00,2026-01-04T22:14:00+07:00
PAY000102,ORD000112,2026-04-13T16:48:00+07:00,cash,success,6020000.00,seed,2026-04-13T16:48:00+07:00,2026-04-13T16:48:00+07:00
PAY000103,ORD000113,2026-05-29T20:17:00+07:00,bank_transfer,success,4562000.00,seed,2026-05-29T20:17:00+07:00,2026-05-29T20:17:00+07:00
PAY000104,ORD000114,2026-06-05T00:02:00+07:00,bank_transfer,success,28780000.00,seed,2026-06-05T00:02:00+07:00,2026-06-05T00:02:00+07:00
PAY000105,ORD000115,2026-02-22T17:56:00+07:00,cash,success,24825500.00,seed,2026-02-22T17:56:00+07:00,2026-02-22T17:56:00+07:00
PAY000106,ORD000116,2026-03-28T21:22:00+07:00,cash,success,4372000.00,seed,2026-03-28T21:22:00+07:00,2026-03-28T21:22:00+07:00
PAY000107,ORD000117,2026-03-14T02:23:00+07:00,card,success,8719500.00,seed,2026-03-14T02:23:00+07:00,2026-03-14T02:23:00+07:00
PAY000108,ORD000118,2026-03-13T16:51:00+07:00,bank_transfer,success,8190000.00,seed,2026-03-13T16:51:00+07:00,2026-03-13T16:51:00+07:00
PAY000109,ORD000119,2026-03-05T18:54:00+07:00,bank_transfer,success,13897500.00,seed,2026-03-05T18:54:00+07:00,2026-03-05T18:54:00+07:00
PAY000110,ORD000120,2026-04-12T21:49:00+07:00,e_wallet,failed,25320000.00,seed,2026-04-12T21:49:00+07:00,2026-04-12T21:49:00+07:00
PAY000111,ORD000121,2026-06-13T06:12:00+07:00,e_wallet,success,9861000.00,seed,2026-06-13T06:12:00+07:00,2026-06-13T06:12:00+07:00
PAY000112,ORD000122,2026-01-03T21:07:00+07:00,e_wallet,success,12603000.00,seed,2026-01-03T21:07:00+07:00,2026-01-03T21:07:00+07:00
PAY000113,ORD000123,2026-05-18T14:53:00+07:00,card,success,17049000.00,seed,2026-05-18T14:53:00+07:00,2026-05-18T14:53:00+07:00
PAY000114,ORD000124,2026-03-10T15:08:00+07:00,card,success,10544000.00,seed,2026-03-10T15:08:00+07:00,2026-03-10T15:08:00+07:00
PAY000115,ORD000126,2026-06-01T18:06:00+07:00,card,success,35922000.00,seed,2026-06-01T18:06:00+07:00,2026-06-01T18:06:00+07:00
PAY000116,ORD000127,2026-01-20T15:52:00+07:00,bank_transfer,failed,11548500.00,seed,2026-01-20T15:52:00+07:00,2026-01-20T15:52:00+07:00
PAY000117,ORD000128,2026-03-18T18:56:00+07:00,e_wallet,success,19573000.00,seed,2026-03-18T18:56:00+07:00,2026-03-18T18:56:00+07:00
PAY000118,ORD000129,2026-05-23T22:10:00+07:00,card,success,9911000.00,seed,2026-05-23T22:10:00+07:00,2026-05-23T22:10:00+07:00
PAY000119,ORD000130,2026-01-08T10:32:00+07:00,cash,success,14245000.00,seed,2026-01-08T10:32:00+07:00,2026-01-08T10:32:00+07:00
PAY000120,ORD000131,2026-02-26T07:29:00+07:00,cash,success,14304000.00,seed,2026-02-26T07:29:00+07:00,2026-02-26T07:29:00+07:00
PAY000121,ORD000132,2026-03-12T17:02:00+07:00,e_wallet,success,12386000.00,seed,2026-03-12T17:02:00+07:00,2026-03-12T17:02:00+07:00
PAY000122,ORD000133,2026-06-24T03:48:00+07:00,bank_transfer,success,20349000.00,seed,2026-06-24T03:48:00+07:00,2026-06-24T03:48:00+07:00
PAY000123,ORD000134,2026-02-19T22:56:00+07:00,card,success,9306000.00,seed,2026-02-19T22:56:00+07:00,2026-02-19T22:56:00+07:00
PAY000124,ORD000135,2026-06-20T19:51:00+07:00,bank_transfer,success,17310000.00,seed,2026-06-20T19:51:00+07:00,2026-06-20T19:51:00+07:00
PAY000125,ORD000136,2026-01-07T23:59:00+07:00,cash,success,3901000.00,seed,2026-01-07T23:59:00+07:00,2026-01-07T23:59:00+07:00
PAY000126,ORD000138,2026-04-10T07:25:00+07:00,card,success,9086500.00,seed,2026-04-10T07:25:00+07:00,2026-04-10T07:25:00+07:00
PAY000127,ORD000140,2026-04-03T01:07:00+07:00,card,success,6980000.00,seed,2026-04-03T01:07:00+07:00,2026-04-03T01:07:00+07:00
PAY000128,ORD000141,2026-06-15T20:24:00+07:00,bank_transfer,success,6317500.00,seed,2026-06-15T20:24:00+07:00,2026-06-15T20:24:00+07:00
PAY000129,ORD000144,2026-05-15T04:25:00+07:00,bank_transfer,success,6320000.00,seed,2026-05-15T04:25:00+07:00,2026-05-15T04:25:00+07:00
PAY000130,ORD000145,2026-04-19T20:34:00+07:00,e_wallet,success,6349500.00,seed,2026-04-19T20:34:00+07:00,2026-04-19T20:34:00+07:00
PAY000131,ORD000146,2026-01-13T07:25:00+07:00,cash,success,8932000.00,seed,2026-01-13T07:25:00+07:00,2026-01-13T07:25:00+07:00
PAY000132,ORD000147,2026-05-28T07:33:00+07:00,cash,success,8813000.00,seed,2026-05-28T07:33:00+07:00,2026-05-28T07:33:00+07:00
PAY000133,ORD000148,2026-02-03T12:47:00+07:00,card,success,14214000.00,seed,2026-02-03T12:47:00+07:00,2026-02-03T12:47:00+07:00
PAY000134,ORD000149,2026-05-04T14:09:00+07:00,cash,pending,9415500.00,seed,2026-05-04T14:09:00+07:00,2026-05-04T14:09:00+07:00
PAY000135,ORD000150,2026-04-15T22:23:00+07:00,cash,success,9895500.00,seed,2026-04-15T22:23:00+07:00,2026-04-15T22:23:00+07:00
PAY000136,ORD000152,2026-02-17T22:07:00+07:00,bank_transfer,refunded,6400000.00,seed,2026-02-17T22:07:00+07:00,2026-02-17T22:07:00+07:00
PAY000137,ORD000153,2026-04-08T05:19:00+07:00,e_wallet,success,15784000.00,seed,2026-04-08T05:19:00+07:00,2026-04-08T05:19:00+07:00
PAY000138,ORD000154,2026-06-27T19:07:00+07:00,cash,success,5330000.00,seed,2026-06-27T19:07:00+07:00,2026-06-27T19:07:00+07:00
PAY000139,ORD000155,2026-01-09T19:29:00+07:00,bank_transfer,success,19913000.00,seed,2026-01-09T19:29:00+07:00,2026-01-09T19:29:00+07:00
PAY000140,ORD000156,2026-04-25T15:10:00+07:00,card,success,24580000.00,seed,2026-04-25T15:10:00+07:00,2026-04-25T15:10:00+07:00
PAY000141,ORD000157,2026-04-25T09:16:00+07:00,card,failed,7742000.00,seed,2026-04-25T09:16:00+07:00,2026-04-25T09:16:00+07:00
PAY000142,ORD000158,2026-03-25T05:00:00+07:00,bank_transfer,success,2711500.00,seed,2026-03-25T05:00:00+07:00,2026-03-25T05:00:00+07:00
PAY000143,ORD000159,2026-05-09T06:31:00+07:00,e_wallet,success,6940000.00,seed,2026-05-09T06:31:00+07:00,2026-05-09T06:31:00+07:00
PAY000144,ORD000160,2026-04-22T02:12:00+07:00,bank_transfer,success,14857500.00,seed,2026-04-22T02:12:00+07:00,2026-04-22T02:12:00+07:00
PAY000145,ORD000161,2026-01-16T18:59:00+07:00,bank_transfer,success,8822500.00,seed,2026-01-16T18:59:00+07:00,2026-01-16T18:59:00+07:00
PAY000146,ORD000162,2026-06-03T16:56:00+07:00,card,success,6570000.00,seed,2026-06-03T16:56:00+07:00,2026-06-03T16:56:00+07:00
PAY000147,ORD000163,2026-04-14T20:25:00+07:00,bank_transfer,success,27741000.00,seed,2026-04-14T20:25:00+07:00,2026-04-14T20:25:00+07:00
PAY000148,ORD000166,2026-06-24T00:57:00+07:00,e_wallet,success,5815500.00,seed,2026-06-24T00:57:00+07:00,2026-06-24T00:57:00+07:00
PAY000149,ORD000167,2026-03-19T21:25:00+07:00,bank_transfer,success,187000.00,seed,2026-03-19T21:25:00+07:00,2026-03-19T21:25:00+07:00
PAY000150,ORD000168,2026-01-22T00:07:00+07:00,card,success,22641500.00,seed,2026-01-22T00:07:00+07:00,2026-01-22T00:07:00+07:00
PAY000151,ORD000169,2026-05-06T14:09:00+07:00,e_wallet,success,24896000.00,seed,2026-05-06T14:09:00+07:00,2026-05-06T14:09:00+07:00
PAY000152,ORD000170,2026-03-20T15:48:00+07:00,bank_transfer,success,11474000.00,seed,2026-03-20T15:48:00+07:00,2026-03-20T15:48:00+07:00
PAY000153,ORD000171,2026-04-19T03:39:00+07:00,cash,failed,11407500.00,seed,2026-04-19T03:39:00+07:00,2026-04-19T03:39:00+07:00
PAY000154,ORD000172,2026-05-26T20:43:00+07:00,e_wallet,success,440000.00,seed,2026-05-26T20:43:00+07:00,2026-05-26T20:43:00+07:00
PAY000155,ORD000173,2026-06-28T05:34:00+07:00,card,success,21414500.00,seed,2026-06-28T05:34:00+07:00,2026-06-28T05:34:00+07:00
PAY000156,ORD000174,2026-02-19T13:40:00+07:00,e_wallet,success,6596000.00,seed,2026-02-19T13:40:00+07:00,2026-02-19T13:40:00+07:00
PAY000157,ORD000175,2026-04-23T16:23:00+07:00,cash,pending,8681000.00,seed,2026-04-23T16:23:00+07:00,2026-04-23T16:23:00+07:00
PAY000158,ORD000176,2026-06-26T20:23:00+07:00,bank_transfer,success,23013500.00,seed,2026-06-26T20:23:00+07:00,2026-06-26T20:23:00+07:00
PAY000159,ORD000177,2026-06-17T15:08:00+07:00,card,success,4588500.00,seed,2026-06-17T15:08:00+07:00,2026-06-17T15:08:00+07:00
PAY000160,ORD000178,2026-02-26T22:47:00+07:00,bank_transfer,pending,15773000.00,seed,2026-02-26T22:47:00+07:00,2026-02-26T22:47:00+07:00
PAY000161,ORD000180,2026-02-16T12:01:00+07:00,cash,success,7782000.00,seed,2026-02-16T12:01:00+07:00,2026-02-16T12:01:00+07:00
PAY000162,ORD000181,2026-01-23T12:56:00+07:00,bank_transfer,success,2363000.00,seed,2026-01-23T12:56:00+07:00,2026-01-23T12:56:00+07:00
PAY000163,ORD000182,2026-06-04T04:41:00+07:00,e_wallet,success,17977500.00,seed,2026-06-04T04:41:00+07:00,2026-06-04T04:41:00+07:00
PAY000164,ORD000183,2026-02-20T22:24:00+07:00,cash,success,1062000.00,seed,2026-02-20T22:24:00+07:00,2026-02-20T22:24:00+07:00
PAY000165,ORD000185,2026-05-29T10:09:00+07:00,cash,success,16591000.00,seed,2026-05-29T10:09:00+07:00,2026-05-29T10:09:00+07:00
PAY000166,ORD000186,2026-03-18T19:14:00+07:00,bank_transfer,success,17337500.00,seed,2026-03-18T19:14:00+07:00,2026-03-18T19:14:00+07:00
PAY000167,ORD000187,2026-05-19T20:04:00+07:00,bank_transfer,success,11297000.00,seed,2026-05-19T20:04:00+07:00,2026-05-19T20:04:00+07:00
PAY000168,ORD000188,2026-02-12T20:55:00+07:00,bank_transfer,success,5240000.00,seed,2026-02-12T20:55:00+07:00,2026-02-12T20:55:00+07:00
PAY000169,ORD000189,2026-02-11T20:30:00+07:00,card,success,10533000.00,seed,2026-02-11T20:30:00+07:00,2026-02-11T20:30:00+07:00
PAY000170,ORD000190,2026-05-16T16:20:00+07:00,card,success,15124000.00,seed,2026-05-16T16:20:00+07:00,2026-05-16T16:20:00+07:00
PAY000171,ORD000191,2026-02-24T03:08:00+07:00,bank_transfer,success,11639000.00,seed,2026-02-24T03:08:00+07:00,2026-02-24T03:08:00+07:00
PAY000172,ORD000192,2026-06-20T16:07:00+07:00,bank_transfer,success,4804000.00,seed,2026-06-20T16:07:00+07:00,2026-06-20T16:07:00+07:00
PAY000173,ORD000193,2026-03-08T07:53:00+07:00,bank_transfer,success,19176000.00,seed,2026-03-08T07:53:00+07:00,2026-03-08T07:53:00+07:00
PAY000174,ORD000194,2026-03-24T02:04:00+07:00,card,success,6540000.00,seed,2026-03-24T02:04:00+07:00,2026-03-24T02:04:00+07:00
PAY000175,ORD000195,2026-01-30T03:23:00+07:00,cash,pending,17282000.00,seed,2026-01-30T03:23:00+07:00,2026-01-30T03:23:00+07:00
PAY000176,ORD000196,2026-01-16T04:55:00+07:00,bank_transfer,success,20584500.00,seed,2026-01-16T04:55:00+07:00,2026-01-16T04:55:00+07:00
PAY000177,ORD000197,2026-06-28T23:28:00+07:00,cash,success,5465500.00,seed,2026-06-28T23:28:00+07:00,2026-06-28T23:28:00+07:00
PAY000178,ORD000198,2026-06-02T23:49:00+07:00,card,success,5976000.00,seed,2026-06-02T23:49:00+07:00,2026-06-02T23:49:00+07:00
PAY000179,ORD000200,2026-05-24T02:43:00+07:00,bank_transfer,success,8147000.00,seed,2026-05-24T02:43:00+07:00,2026-05-24T02:43:00+07:00
PAY000180,ORD000201,2026-04-29T21:35:00+07:00,e_wallet,pending,27445000.00,seed,2026-04-29T21:35:00+07:00,2026-04-29T21:35:00+07:00
PAY000181,ORD000202,2026-03-14T16:45:00+07:00,card,success,7677000.00,seed,2026-03-14T16:45:00+07:00,2026-03-14T16:45:00+07:00
PAY000182,ORD000203,2026-01-07T07:02:00+07:00,bank_transfer,success,15859500.00,seed,2026-01-07T07:02:00+07:00,2026-01-07T07:02:00+07:00
PAY000183,ORD000204,2026-01-27T06:53:00+07:00,bank_transfer,success,3502000.00,seed,2026-01-27T06:53:00+07:00,2026-01-27T06:53:00+07:00
PAY000184,ORD000205,2026-03-03T19:30:00+07:00,cash,success,13910000.00,seed,2026-03-03T19:30:00+07:00,2026-03-03T19:30:00+07:00
PAY000185,ORD000206,2026-05-29T03:09:00+07:00,card,success,24194000.00,seed,2026-05-29T03:09:00+07:00,2026-05-29T03:09:00+07:00
PAY000186,ORD000208,2026-01-16T15:30:00+07:00,e_wallet,success,17466000.00,seed,2026-01-16T15:30:00+07:00,2026-01-16T15:30:00+07:00
PAY000187,ORD000209,2026-02-05T19:10:00+07:00,e_wallet,success,13983000.00,seed,2026-02-05T19:10:00+07:00,2026-02-05T19:10:00+07:00
PAY000188,ORD000210,2026-04-18T23:52:00+07:00,e_wallet,success,10783000.00,seed,2026-04-18T23:52:00+07:00,2026-04-18T23:52:00+07:00
PAY000189,ORD000211,2026-04-16T00:54:00+07:00,cash,failed,2660500.00,seed,2026-04-16T00:54:00+07:00,2026-04-16T00:54:00+07:00
PAY000190,ORD000213,2026-03-24T00:43:00+07:00,e_wallet,success,6697500.00,seed,2026-03-24T00:43:00+07:00,2026-03-24T00:43:00+07:00
PAY000191,ORD000214,2026-03-18T18:39:00+07:00,cash,success,25262000.00,seed,2026-03-18T18:39:00+07:00,2026-03-18T18:39:00+07:00
PAY000192,ORD000215,2026-01-22T18:18:00+07:00,e_wallet,success,9081000.00,seed,2026-01-22T18:18:00+07:00,2026-01-22T18:18:00+07:00
PAY000193,ORD000216,2026-01-16T17:11:00+07:00,bank_transfer,success,5299000.00,seed,2026-01-16T17:11:00+07:00,2026-01-16T17:11:00+07:00
PAY000194,ORD000217,2026-02-01T21:52:00+07:00,bank_transfer,success,6870000.00,seed,2026-02-01T21:52:00+07:00,2026-02-01T21:52:00+07:00
PAY000195,ORD000218,2026-04-15T06:58:00+07:00,cash,success,17550000.00,seed,2026-04-15T06:58:00+07:00,2026-04-15T06:58:00+07:00
PAY000196,ORD000219,2026-04-22T18:26:00+07:00,cash,success,18330000.00,seed,2026-04-22T18:26:00+07:00,2026-04-22T18:26:00+07:00
PAY000197,ORD000220,2026-02-06T08:43:00+07:00,e_wallet,success,18210000.00,seed,2026-02-06T08:43:00+07:00,2026-02-06T08:43:00+07:00
PAY000198,ORD000222,2026-01-27T02:56:00+07:00,bank_transfer,success,6350000.00,seed,2026-01-27T02:56:00+07:00,2026-01-27T02:56:00+07:00
PAY000199,ORD000223,2026-01-17T05:34:00+07:00,bank_transfer,success,15216500.00,seed,2026-01-17T05:34:00+07:00,2026-01-17T05:34:00+07:00
PAY000200,ORD000224,2026-01-24T15:10:00+07:00,e_wallet,pending,3526500.00,seed,2026-01-24T15:10:00+07:00,2026-01-24T15:10:00+07:00
PAY000201,ORD000225,2026-01-16T04:54:00+07:00,cash,success,7680000.00,seed,2026-01-16T04:54:00+07:00,2026-01-16T04:54:00+07:00
PAY000202,ORD000226,2026-04-30T15:28:00+07:00,cash,success,39692000.00,seed,2026-04-30T15:28:00+07:00,2026-04-30T15:28:00+07:00
PAY000203,ORD000227,2026-04-17T02:26:00+07:00,cash,success,17755500.00,seed,2026-04-17T02:26:00+07:00,2026-04-17T02:26:00+07:00
PAY000204,ORD000228,2026-02-27T14:08:00+07:00,cash,success,8751500.00,seed,2026-02-27T14:08:00+07:00,2026-02-27T14:08:00+07:00
PAY000205,ORD000229,2026-04-15T03:02:00+07:00,e_wallet,success,24042000.00,seed,2026-04-15T03:02:00+07:00,2026-04-15T03:02:00+07:00
PAY000206,ORD000230,2026-03-04T23:40:00+07:00,cash,success,4841500.00,seed,2026-03-04T23:40:00+07:00,2026-03-04T23:40:00+07:00
PAY000207,ORD000232,2026-04-01T23:51:00+07:00,cash,success,7835500.00,seed,2026-04-01T23:51:00+07:00,2026-04-01T23:51:00+07:00
PAY000208,ORD000233,2026-03-17T02:49:00+07:00,cash,success,6899000.00,seed,2026-03-17T02:49:00+07:00,2026-03-17T02:49:00+07:00
PAY000209,ORD000234,2026-03-15T21:23:00+07:00,card,refunded,22937500.00,seed,2026-03-15T21:23:00+07:00,2026-03-15T21:23:00+07:00
PAY000210,ORD000235,2026-06-20T05:04:00+07:00,cash,success,16454500.00,seed,2026-06-20T05:04:00+07:00,2026-06-20T05:04:00+07:00
PAY000211,ORD000236,2026-02-11T12:52:00+07:00,card,failed,9582500.00,seed,2026-02-11T12:52:00+07:00,2026-02-11T12:52:00+07:00
PAY000212,ORD000238,2026-05-28T00:15:00+07:00,card,success,12939000.00,seed,2026-05-28T00:15:00+07:00,2026-05-28T00:15:00+07:00
PAY000213,ORD000239,2026-05-20T04:13:00+07:00,bank_transfer,success,5310000.00,seed,2026-05-20T04:13:00+07:00,2026-05-20T04:13:00+07:00
PAY000214,ORD000240,2026-02-09T17:34:00+07:00,cash,success,1330000.00,seed,2026-02-09T17:34:00+07:00,2026-02-09T17:34:00+07:00
PAY000215,ORD000241,2026-03-27T15:13:00+07:00,bank_transfer,success,7200000.00,seed,2026-03-27T15:13:00+07:00,2026-03-27T15:13:00+07:00
PAY000216,ORD000242,2026-05-24T15:06:00+07:00,bank_transfer,success,10248500.00,seed,2026-05-24T15:06:00+07:00,2026-05-24T15:06:00+07:00
PAY000217,ORD000244,2026-02-12T20:39:00+07:00,cash,success,24543500.00,seed,2026-02-12T20:39:00+07:00,2026-02-12T20:39:00+07:00
PAY000218,ORD000245,2026-04-09T01:48:00+07:00,e_wallet,success,117000.00,seed,2026-04-09T01:48:00+07:00,2026-04-09T01:48:00+07:00
PAY000219,ORD000246,2026-01-22T04:46:00+07:00,cash,success,18489000.00,seed,2026-01-22T04:46:00+07:00,2026-01-22T04:46:00+07:00
PAY000220,ORD000247,2026-06-18T23:09:00+07:00,cash,success,6030000.00,seed,2026-06-18T23:09:00+07:00,2026-06-18T23:09:00+07:00
PAY000221,ORD000248,2026-01-07T20:05:00+07:00,e_wallet,success,10676000.00,seed,2026-01-07T20:05:00+07:00,2026-01-07T20:05:00+07:00
PAY000222,ORD000249,2026-06-17T08:02:00+07:00,bank_transfer,success,11969500.00,seed,2026-06-17T08:02:00+07:00,2026-06-17T08:02:00+07:00
PAY000223,ORD000250,2026-04-24T14:08:00+07:00,card,success,11474000.00,seed,2026-04-24T14:08:00+07:00,2026-04-24T14:08:00+07:00
PAY000224,ORD000251,2026-05-12T16:53:00+07:00,e_wallet,success,7550500.00,seed,2026-05-12T16:53:00+07:00,2026-05-12T16:53:00+07:00
PAY000225,ORD000252,2026-03-12T09:55:00+07:00,card,success,22016000.00,seed,2026-03-12T09:55:00+07:00,2026-03-12T09:55:00+07:00
PAY000226,ORD000253,2026-04-10T15:13:00+07:00,bank_transfer,success,9780000.00,seed,2026-04-10T15:13:00+07:00,2026-04-10T15:13:00+07:00
PAY000227,ORD000254,2026-05-25T00:27:00+07:00,e_wallet,success,14020000.00,seed,2026-05-25T00:27:00+07:00,2026-05-25T00:27:00+07:00
PAY000228,ORD000255,2026-06-28T21:58:00+07:00,bank_transfer,success,6187500.00,seed,2026-06-28T21:58:00+07:00,2026-06-28T21:58:00+07:00
PAY000229,ORD000256,2026-06-18T18:12:00+07:00,bank_transfer,success,16015000.00,seed,2026-06-18T18:12:00+07:00,2026-06-18T18:12:00+07:00
PAY000230,ORD000258,2026-04-25T12:48:00+07:00,card,success,11701000.00,seed,2026-04-25T12:48:00+07:00,2026-04-25T12:48:00+07:00
PAY000231,ORD000259,2026-05-20T13:00:00+07:00,bank_transfer,success,6818500.00,seed,2026-05-20T13:00:00+07:00,2026-05-20T13:00:00+07:00
PAY000232,ORD000260,2026-05-06T13:58:00+07:00,cash,success,27499500.00,seed,2026-05-06T13:58:00+07:00,2026-05-06T13:58:00+07:00
PAY000233,ORD000262,2026-03-25T19:20:00+07:00,cash,success,26109500.00,seed,2026-03-25T19:20:00+07:00,2026-03-25T19:20:00+07:00
PAY000234,ORD000263,2026-02-22T21:41:00+07:00,e_wallet,success,191000.00,seed,2026-02-22T21:41:00+07:00,2026-02-22T21:41:00+07:00
PAY000235,ORD000264,2026-05-10T00:44:00+07:00,card,failed,6821500.00,seed,2026-05-10T00:44:00+07:00,2026-05-10T00:44:00+07:00
PAY000236,ORD000265,2026-06-22T22:42:00+07:00,card,success,2686000.00,seed,2026-06-22T22:42:00+07:00,2026-06-22T22:42:00+07:00
PAY000237,ORD000266,2026-03-22T23:28:00+07:00,cash,success,5875000.00,seed,2026-03-22T23:28:00+07:00,2026-03-22T23:28:00+07:00
PAY000238,ORD000267,2026-05-24T19:16:00+07:00,bank_transfer,success,33059500.00,seed,2026-05-24T19:16:00+07:00,2026-05-24T19:16:00+07:00
PAY000239,ORD000269,2026-06-07T22:20:00+07:00,e_wallet,success,1555500.00,seed,2026-06-07T22:20:00+07:00,2026-06-07T22:20:00+07:00
PAY000240,ORD000270,2026-06-24T16:12:00+07:00,cash,success,16803500.00,seed,2026-06-24T16:12:00+07:00,2026-06-24T16:12:00+07:00
PAY000241,ORD000271,2026-02-04T03:45:00+07:00,cash,success,18414000.00,seed,2026-02-04T03:45:00+07:00,2026-02-04T03:45:00+07:00
PAY000242,ORD000273,2026-02-19T02:11:00+07:00,card,success,12239500.00,seed,2026-02-19T02:11:00+07:00,2026-02-19T02:11:00+07:00
PAY000243,ORD000274,2026-03-25T03:55:00+07:00,e_wallet,success,8915500.00,seed,2026-03-25T03:55:00+07:00,2026-03-25T03:55:00+07:00
PAY000244,ORD000275,2026-04-18T05:26:00+07:00,card,success,2765000.00,seed,2026-04-18T05:26:00+07:00,2026-04-18T05:26:00+07:00
PAY000245,ORD000276,2026-06-22T15:29:00+07:00,bank_transfer,failed,12879000.00,seed,2026-06-22T15:29:00+07:00,2026-06-22T15:29:00+07:00
PAY000246,ORD000277,2026-05-28T00:36:00+07:00,cash,success,4998000.00,seed,2026-05-28T00:36:00+07:00,2026-05-28T00:36:00+07:00
PAY000247,ORD000278,2026-06-13T13:44:00+07:00,bank_transfer,success,34979000.00,seed,2026-06-13T13:44:00+07:00,2026-06-13T13:44:00+07:00
PAY000248,ORD000279,2026-04-27T04:46:00+07:00,e_wallet,success,12030500.00,seed,2026-04-27T04:46:00+07:00,2026-04-27T04:46:00+07:00
PAY000249,ORD000280,2026-01-22T21:05:00+07:00,e_wallet,success,29231000.00,seed,2026-01-22T21:05:00+07:00,2026-01-22T21:05:00+07:00
PAY000250,ORD000281,2026-06-21T07:22:00+07:00,bank_transfer,failed,8242000.00,seed,2026-06-21T07:22:00+07:00,2026-06-21T07:22:00+07:00
PAY000251,ORD000283,2026-01-18T01:16:00+07:00,bank_transfer,success,20966500.00,seed,2026-01-18T01:16:00+07:00,2026-01-18T01:16:00+07:00
PAY000252,ORD000285,2026-03-08T17:00:00+07:00,cash,success,5652500.00,seed,2026-03-08T17:00:00+07:00,2026-03-08T17:00:00+07:00
PAY000253,ORD000286,2026-06-28T17:56:00+07:00,card,success,1310000.00,seed,2026-06-28T17:56:00+07:00,2026-06-28T17:56:00+07:00
PAY000254,ORD000289,2026-03-26T04:35:00+07:00,cash,success,16438000.00,seed,2026-03-26T04:35:00+07:00,2026-03-26T04:35:00+07:00
PAY000255,ORD000290,2026-04-11T08:55:00+07:00,cash,success,549000.00,seed,2026-04-11T08:55:00+07:00,2026-04-11T08:55:00+07:00
PAY000256,ORD000292,2026-01-29T01:23:00+07:00,bank_transfer,success,23395500.00,seed,2026-01-29T01:23:00+07:00,2026-01-29T01:23:00+07:00
PAY000257,ORD000293,2026-04-12T07:35:00+07:00,bank_transfer,success,9705000.00,seed,2026-04-12T07:35:00+07:00,2026-04-12T07:35:00+07:00
PAY000258,ORD000294,2026-03-15T11:20:00+07:00,e_wallet,success,7961000.00,seed,2026-03-15T11:20:00+07:00,2026-03-15T11:20:00+07:00
PAY000259,ORD000295,2026-04-24T17:07:00+07:00,bank_transfer,success,5826500.00,seed,2026-04-24T17:07:00+07:00,2026-04-24T17:07:00+07:00
PAY000260,ORD000296,2026-01-10T07:02:00+07:00,cash,success,12030000.00,seed,2026-01-10T07:02:00+07:00,2026-01-10T07:02:00+07:00
PAY000261,ORD000297,2026-01-10T20:45:00+07:00,cash,success,16569000.00,seed,2026-01-10T20:45:00+07:00,2026-01-10T20:45:00+07:00
PAY000262,ORD000298,2026-04-27T19:47:00+07:00,e_wallet,success,17321000.00,seed,2026-04-27T19:47:00+07:00,2026-04-27T19:47:00+07:00
PAY000263,ORD000299,2026-06-23T02:39:00+07:00,cash,success,9401000.00,seed,2026-06-23T02:39:00+07:00,2026-06-23T02:39:00+07:00
PAY000264,ORD000300,2026-03-16T19:55:00+07:00,cash,success,6108000.00,seed,2026-03-16T19:55:00+07:00,2026-03-16T19:55:00+07:00
PAY000265,ORD000301,2026-04-30T04:15:00+07:00,e_wallet,success,3986500.00,seed,2026-04-30T04:15:00+07:00,2026-04-30T04:15:00+07:00
PAY000266,ORD000302,2026-06-07T18:52:00+07:00,e_wallet,success,16969500.00,seed,2026-06-07T18:52:00+07:00,2026-06-07T18:52:00+07:00
PAY000267,ORD000303,2026-01-06T14:32:00+07:00,cash,success,5460000.00,seed,2026-01-06T14:32:00+07:00,2026-01-06T14:32:00+07:00
PAY000268,ORD000304,2026-03-23T03:55:00+07:00,bank_transfer,success,4320000.00,seed,2026-03-23T03:55:00+07:00,2026-03-23T03:55:00+07:00
PAY000269,ORD000305,2026-06-13T15:23:00+07:00,cash,success,2626500.00,seed,2026-06-13T15:23:00+07:00,2026-06-13T15:23:00+07:00
PAY000270,ORD000306,2026-05-05T23:24:00+07:00,card,success,10534000.00,seed,2026-05-05T23:24:00+07:00,2026-05-05T23:24:00+07:00
PAY000271,ORD000307,2026-04-16T14:22:00+07:00,card,success,7050000.00,seed,2026-04-16T14:22:00+07:00,2026-04-16T14:22:00+07:00
PAY000272,ORD000309,2026-06-15T23:08:00+07:00,card,success,24561500.00,seed,2026-06-15T23:08:00+07:00,2026-06-15T23:08:00+07:00
PAY000273,ORD000310,2026-06-17T03:35:00+07:00,bank_transfer,failed,10238500.00,seed,2026-06-17T03:35:00+07:00,2026-06-17T03:35:00+07:00
PAY000274,ORD000312,2026-04-12T22:35:00+07:00,bank_transfer,success,9784500.00,seed,2026-04-12T22:35:00+07:00,2026-04-12T22:35:00+07:00
PAY000275,ORD000313,2026-02-11T21:32:00+07:00,cash,success,5805500.00,seed,2026-02-11T21:32:00+07:00,2026-02-11T21:32:00+07:00
PAY000276,ORD000314,2026-03-15T07:35:00+07:00,cash,success,11358000.00,seed,2026-03-15T07:35:00+07:00,2026-03-15T07:35:00+07:00
PAY000277,ORD000315,2026-05-14T15:07:00+07:00,e_wallet,success,1000000.00,seed,2026-05-14T15:07:00+07:00,2026-05-14T15:07:00+07:00
PAY000278,ORD000316,2026-01-02T07:13:00+07:00,card,success,7380000.00,seed,2026-01-02T07:13:00+07:00,2026-01-02T07:13:00+07:00
PAY000279,ORD000317,2026-01-08T16:25:00+07:00,cash,success,10910000.00,seed,2026-01-08T16:25:00+07:00,2026-01-08T16:25:00+07:00
PAY000280,ORD000318,2026-03-28T03:03:00+07:00,card,failed,13952500.00,seed,2026-03-28T03:03:00+07:00,2026-03-28T03:03:00+07:00
PAY000281,ORD000319,2026-05-28T19:54:00+07:00,card,success,16280000.00,seed,2026-05-28T19:54:00+07:00,2026-05-28T19:54:00+07:00
PAY000282,ORD000320,2026-01-13T00:37:00+07:00,card,success,770000.00,seed,2026-01-13T00:37:00+07:00,2026-01-13T00:37:00+07:00
PAY000283,ORD000321,2026-04-11T05:35:00+07:00,bank_transfer,success,15982500.00,seed,2026-04-11T05:35:00+07:00,2026-04-11T05:35:00+07:00
PAY000284,ORD000322,2026-03-13T18:38:00+07:00,bank_transfer,success,17179500.00,seed,2026-03-13T18:38:00+07:00,2026-03-13T18:38:00+07:00
PAY000285,ORD000323,2026-01-31T02:12:00+07:00,e_wallet,success,40962000.00,seed,2026-01-31T02:12:00+07:00,2026-01-31T02:12:00+07:00
PAY000286,ORD000324,2026-03-05T23:50:00+07:00,bank_transfer,success,16563000.00,seed,2026-03-05T23:50:00+07:00,2026-03-05T23:50:00+07:00
PAY000287,ORD000325,2026-05-26T15:08:00+07:00,bank_transfer,success,6406500.00,seed,2026-05-26T15:08:00+07:00,2026-05-26T15:08:00+07:00
PAY000288,ORD000326,2026-06-03T09:35:00+07:00,bank_transfer,success,9211500.00,seed,2026-06-03T09:35:00+07:00,2026-06-03T09:35:00+07:00
PAY000289,ORD000327,2026-01-22T14:23:00+07:00,cash,success,720000.00,seed,2026-01-22T14:23:00+07:00,2026-01-22T14:23:00+07:00
PAY000290,ORD000328,2026-03-01T12:54:00+07:00,card,success,10779500.00,seed,2026-03-01T12:54:00+07:00,2026-03-01T12:54:00+07:00
PAY000291,ORD000329,2026-06-11T16:40:00+07:00,cash,success,15254500.00,seed,2026-06-11T16:40:00+07:00,2026-06-11T16:40:00+07:00
PAY000292,ORD000330,2026-06-18T01:20:00+07:00,card,failed,675000.00,seed,2026-06-18T01:20:00+07:00,2026-06-18T01:20:00+07:00
PAY000293,ORD000331,2026-01-11T23:34:00+07:00,e_wallet,success,12983500.00,seed,2026-01-11T23:34:00+07:00,2026-01-11T23:34:00+07:00
PAY000294,ORD000332,2026-03-24T22:29:00+07:00,card,success,5770000.00,seed,2026-03-24T22:29:00+07:00,2026-03-24T22:29:00+07:00
PAY000295,ORD000333,2026-06-25T20:48:00+07:00,card,success,8243000.00,seed,2026-06-25T20:48:00+07:00,2026-06-25T20:48:00+07:00
PAY000296,ORD000334,2026-02-02T01:34:00+07:00,e_wallet,success,18433500.00,seed,2026-02-02T01:34:00+07:00,2026-02-02T01:34:00+07:00
PAY000297,ORD000335,2026-05-01T07:05:00+07:00,bank_transfer,success,22640000.00,seed,2026-05-01T07:05:00+07:00,2026-05-01T07:05:00+07:00
PAY000298,ORD000336,2026-02-25T22:51:00+07:00,card,success,7630000.00,seed,2026-02-25T22:51:00+07:00,2026-02-25T22:51:00+07:00
PAY000299,ORD000337,2026-04-20T16:26:00+07:00,e_wallet,success,32474000.00,seed,2026-04-20T16:26:00+07:00,2026-04-20T16:26:00+07:00
PAY000300,ORD000338,2026-05-22T01:26:00+07:00,bank_transfer,success,3980000.00,seed,2026-05-22T01:26:00+07:00,2026-05-22T01:26:00+07:00
PAY000301,ORD000340,2026-04-27T14:28:00+07:00,cash,success,18831500.00,seed,2026-04-27T14:28:00+07:00,2026-04-27T14:28:00+07:00
PAY000302,ORD000341,2026-03-26T20:35:00+07:00,e_wallet,success,8363000.00,seed,2026-03-26T20:35:00+07:00,2026-03-26T20:35:00+07:00
PAY000303,ORD000342,2026-03-11T18:17:00+07:00,cash,success,20909000.00,seed,2026-03-11T18:17:00+07:00,2026-03-11T18:17:00+07:00
PAY000304,ORD000343,2026-04-12T01:16:00+07:00,bank_transfer,success,13569000.00,seed,2026-04-12T01:16:00+07:00,2026-04-12T01:16:00+07:00
PAY000305,ORD000345,2026-01-16T05:34:00+07:00,bank_transfer,success,6685500.00,seed,2026-01-16T05:34:00+07:00,2026-01-16T05:34:00+07:00
PAY000306,ORD000346,2026-05-06T02:31:00+07:00,card,success,2812000.00,seed,2026-05-06T02:31:00+07:00,2026-05-06T02:31:00+07:00
PAY000307,ORD000347,2026-06-23T19:44:00+07:00,card,success,13591000.00,seed,2026-06-23T19:44:00+07:00,2026-06-23T19:44:00+07:00
PAY000308,ORD000348,2026-04-27T17:59:00+07:00,card,success,13315000.00,seed,2026-04-27T17:59:00+07:00,2026-04-27T17:59:00+07:00
PAY000309,ORD000349,2026-01-05T14:05:00+07:00,bank_transfer,success,843500.00,seed,2026-01-05T14:05:00+07:00,2026-01-05T14:05:00+07:00
PAY000310,ORD000350,2026-06-11T22:50:00+07:00,bank_transfer,success,6849500.00,seed,2026-06-11T22:50:00+07:00,2026-06-11T22:50:00+07:00
PAY000311,ORD000351,2026-05-12T18:36:00+07:00,e_wallet,success,13335000.00,seed,2026-05-12T18:36:00+07:00,2026-05-12T18:36:00+07:00
PAY000312,ORD000352,2026-02-06T19:16:00+07:00,card,failed,13120000.00,seed,2026-02-06T19:16:00+07:00,2026-02-06T19:16:00+07:00
PAY000313,ORD000353,2026-06-25T19:10:00+07:00,card,success,23796500.00,seed,2026-06-25T19:10:00+07:00,2026-06-25T19:10:00+07:00
PAY000314,ORD000354,2026-03-07T19:38:00+07:00,cash,success,4560000.00,seed,2026-03-07T19:38:00+07:00,2026-03-07T19:38:00+07:00
PAY000315,ORD000355,2026-05-04T16:56:00+07:00,bank_transfer,success,13744000.00,seed,2026-05-04T16:56:00+07:00,2026-05-04T16:56:00+07:00
PAY000316,ORD000356,2026-04-04T00:46:00+07:00,card,success,32504500.00,seed,2026-04-04T00:46:00+07:00,2026-04-04T00:46:00+07:00
PAY000317,ORD000357,2026-02-16T11:54:00+07:00,e_wallet,success,17815000.00,seed,2026-02-16T11:54:00+07:00,2026-02-16T11:54:00+07:00
PAY000318,ORD000358,2026-05-13T02:33:00+07:00,cash,success,7640500.00,seed,2026-05-13T02:33:00+07:00,2026-05-13T02:33:00+07:00
PAY000319,ORD000359,2026-01-31T10:59:00+07:00,card,success,11247000.00,seed,2026-01-31T10:59:00+07:00,2026-01-31T10:59:00+07:00
PAY000320,ORD000360,2026-05-04T04:40:00+07:00,bank_transfer,success,5440000.00,seed,2026-05-04T04:40:00+07:00,2026-05-04T04:40:00+07:00
PAY000321,ORD000361,2026-01-08T21:56:00+07:00,card,success,16509000.00,seed,2026-01-08T21:56:00+07:00,2026-01-08T21:56:00+07:00
PAY000322,ORD000362,2026-03-14T22:00:00+07:00,cash,success,16965500.00,seed,2026-03-14T22:00:00+07:00,2026-03-14T22:00:00+07:00
PAY000323,ORD000363,2026-02-03T21:55:00+07:00,bank_transfer,failed,4712000.00,seed,2026-02-03T21:55:00+07:00,2026-02-03T21:55:00+07:00
PAY000324,ORD000366,2026-05-08T16:52:00+07:00,card,success,21830000.00,seed,2026-05-08T16:52:00+07:00,2026-05-08T16:52:00+07:00
PAY000325,ORD000368,2026-04-13T19:52:00+07:00,e_wallet,success,13529000.00,seed,2026-04-13T19:52:00+07:00,2026-04-13T19:52:00+07:00
PAY000326,ORD000369,2026-04-29T20:40:00+07:00,card,success,17072500.00,seed,2026-04-29T20:40:00+07:00,2026-04-29T20:40:00+07:00
PAY000327,ORD000370,2026-02-06T06:11:00+07:00,bank_transfer,success,30425000.00,seed,2026-02-06T06:11:00+07:00,2026-02-06T06:11:00+07:00
PAY000328,ORD000371,2026-05-07T20:00:00+07:00,bank_transfer,success,6240000.00,seed,2026-05-07T20:00:00+07:00,2026-05-07T20:00:00+07:00
PAY000329,ORD000373,2026-02-25T18:44:00+07:00,e_wallet,success,12373500.00,seed,2026-02-25T18:44:00+07:00,2026-02-25T18:44:00+07:00
PAY000330,ORD000374,2026-02-17T15:24:00+07:00,e_wallet,success,17136000.00,seed,2026-02-17T15:24:00+07:00,2026-02-17T15:24:00+07:00
PAY000331,ORD000375,2026-04-19T05:55:00+07:00,card,success,14022000.00,seed,2026-04-19T05:55:00+07:00,2026-04-19T05:55:00+07:00
PAY000332,ORD000376,2026-03-15T05:59:00+07:00,card,success,3563500.00,seed,2026-03-15T05:59:00+07:00,2026-03-15T05:59:00+07:00
PAY000333,ORD000377,2026-01-07T00:49:00+07:00,cash,failed,19890000.00,seed,2026-01-07T00:49:00+07:00,2026-01-07T00:49:00+07:00
PAY000334,ORD000378,2026-06-05T08:59:00+07:00,card,success,29002500.00,seed,2026-06-05T08:59:00+07:00,2026-06-05T08:59:00+07:00
PAY000335,ORD000379,2026-03-30T14:05:00+07:00,bank_transfer,success,7786000.00,seed,2026-03-30T14:05:00+07:00,2026-03-30T14:05:00+07:00
PAY000336,ORD000380,2026-02-25T02:44:00+07:00,cash,success,7531000.00,seed,2026-02-25T02:44:00+07:00,2026-02-25T02:44:00+07:00
PAY000337,ORD000381,2026-01-06T17:55:00+07:00,e_wallet,success,26272500.00,seed,2026-01-06T17:55:00+07:00,2026-01-06T17:55:00+07:00
PAY000338,ORD000382,2026-06-24T03:56:00+07:00,cash,failed,11220000.00,seed,2026-06-24T03:56:00+07:00,2026-06-24T03:56:00+07:00
PAY000339,ORD000383,2026-06-05T22:42:00+07:00,e_wallet,failed,8276000.00,seed,2026-06-05T22:42:00+07:00,2026-06-05T22:42:00+07:00
PAY000340,ORD000385,2026-05-05T06:45:00+07:00,card,success,8067000.00,seed,2026-05-05T06:45:00+07:00,2026-05-05T06:45:00+07:00
PAY000341,ORD000386,2026-05-17T20:11:00+07:00,e_wallet,success,14600000.00,seed,2026-05-17T20:11:00+07:00,2026-05-17T20:11:00+07:00
PAY000342,ORD000387,2026-05-02T20:14:00+07:00,bank_transfer,success,12018500.00,seed,2026-05-02T20:14:00+07:00,2026-05-02T20:14:00+07:00
PAY000343,ORD000388,2026-06-04T22:08:00+07:00,bank_transfer,success,4380000.00,seed,2026-06-04T22:08:00+07:00,2026-06-04T22:08:00+07:00
PAY000344,ORD000389,2026-06-02T21:46:00+07:00,e_wallet,success,44243500.00,seed,2026-06-02T21:46:00+07:00,2026-06-02T21:46:00+07:00
PAY000345,ORD000390,2026-05-14T11:24:00+07:00,bank_transfer,success,21724000.00,seed,2026-05-14T11:24:00+07:00,2026-05-14T11:24:00+07:00
PAY000346,ORD000391,2026-04-22T02:27:00+07:00,bank_transfer,success,11617000.00,seed,2026-04-22T02:27:00+07:00,2026-04-22T02:27:00+07:00
PAY000347,ORD000392,2026-01-02T19:51:00+07:00,cash,success,19989000.00,seed,2026-01-02T19:51:00+07:00,2026-01-02T19:51:00+07:00
PAY000348,ORD000393,2026-04-21T19:02:00+07:00,card,success,10915000.00,seed,2026-04-21T19:02:00+07:00,2026-04-21T19:02:00+07:00
PAY000349,ORD000394,2026-05-17T00:20:00+07:00,cash,success,14092500.00,seed,2026-05-17T00:20:00+07:00,2026-05-17T00:20:00+07:00
PAY000350,ORD000396,2026-04-04T13:06:00+07:00,bank_transfer,success,10970000.00,seed,2026-04-04T13:06:00+07:00,2026-04-04T13:06:00+07:00
PAY000351,ORD000397,2026-04-18T22:21:00+07:00,bank_transfer,success,23541500.00,seed,2026-04-18T22:21:00+07:00,2026-04-18T22:21:00+07:00
PAY000352,ORD000398,2026-05-20T08:10:00+07:00,card,success,5562000.00,seed,2026-05-20T08:10:00+07:00,2026-05-20T08:10:00+07:00
PAY000353,ORD000399,2026-06-02T17:04:00+07:00,card,failed,10870500.00,seed,2026-06-02T17:04:00+07:00,2026-06-02T17:04:00+07:00
PAY000354,ORD000400,2026-02-21T00:22:00+07:00,bank_transfer,success,6100000.00,seed,2026-02-21T00:22:00+07:00,2026-02-21T00:22:00+07:00
PAY000355,ORD000401,2026-01-24T20:26:00+07:00,cash,success,11605000.00,seed,2026-01-24T20:26:00+07:00,2026-01-24T20:26:00+07:00
PAY000356,ORD000402,2026-06-29T22:27:00+07:00,bank_transfer,success,3450000.00,seed,2026-06-29T22:27:00+07:00,2026-06-29T22:27:00+07:00
PAY000357,ORD000403,2026-06-08T17:32:00+07:00,card,success,12987500.00,seed,2026-06-08T17:32:00+07:00,2026-06-08T17:32:00+07:00
PAY000358,ORD000404,2026-04-30T22:03:00+07:00,cash,success,10392000.00,seed,2026-04-30T22:03:00+07:00,2026-04-30T22:03:00+07:00
PAY000359,ORD000405,2026-05-26T21:06:00+07:00,cash,success,10540000.00,seed,2026-05-26T21:06:00+07:00,2026-05-26T21:06:00+07:00
PAY000360,ORD000406,2026-03-13T21:11:00+07:00,bank_transfer,success,5006500.00,seed,2026-03-13T21:11:00+07:00,2026-03-13T21:11:00+07:00
PAY000361,ORD000407,2026-03-04T23:58:00+07:00,bank_transfer,success,1287000.00,seed,2026-03-04T23:58:00+07:00,2026-03-04T23:58:00+07:00
PAY000362,ORD000408,2026-05-26T19:22:00+07:00,cash,success,14094500.00,seed,2026-05-26T19:22:00+07:00,2026-05-26T19:22:00+07:00
PAY000363,ORD000409,2026-02-14T20:25:00+07:00,e_wallet,success,27323500.00,seed,2026-02-14T20:25:00+07:00,2026-02-14T20:25:00+07:00
PAY000364,ORD000410,2026-01-16T22:02:00+07:00,cash,success,15702500.00,seed,2026-01-16T22:02:00+07:00,2026-01-16T22:02:00+07:00
PAY000365,ORD000411,2026-02-08T21:37:00+07:00,cash,success,13180000.00,seed,2026-02-08T21:37:00+07:00,2026-02-08T21:37:00+07:00
PAY000366,ORD000412,2026-06-30T07:15:00+07:00,card,success,11847000.00,seed,2026-06-30T07:15:00+07:00,2026-06-30T07:15:00+07:00
PAY000367,ORD000413,2026-03-06T12:23:00+07:00,cash,failed,7106000.00,seed,2026-03-06T12:23:00+07:00,2026-03-06T12:23:00+07:00
PAY000368,ORD000414,2026-02-15T05:08:00+07:00,card,success,8723000.00,seed,2026-02-15T05:08:00+07:00,2026-02-15T05:08:00+07:00
PAY000369,ORD000416,2026-01-12T17:50:00+07:00,e_wallet,success,6039000.00,seed,2026-01-12T17:50:00+07:00,2026-01-12T17:50:00+07:00
PAY000370,ORD000417,2026-06-30T07:41:00+07:00,bank_transfer,success,20886000.00,seed,2026-06-30T07:41:00+07:00,2026-06-30T07:41:00+07:00
PAY000371,ORD000418,2026-06-03T21:13:00+07:00,e_wallet,success,18443500.00,seed,2026-06-03T21:13:00+07:00,2026-06-03T21:13:00+07:00
PAY000372,ORD000419,2026-01-17T15:49:00+07:00,cash,success,21226000.00,seed,2026-01-17T15:49:00+07:00,2026-01-17T15:49:00+07:00
PAY000373,ORD000421,2026-03-03T13:17:00+07:00,bank_transfer,success,4720000.00,seed,2026-03-03T13:17:00+07:00,2026-03-03T13:17:00+07:00
PAY000374,ORD000423,2026-04-20T00:20:00+07:00,bank_transfer,success,18255000.00,seed,2026-04-20T00:20:00+07:00,2026-04-20T00:20:00+07:00
PAY000375,ORD000424,2026-02-27T20:04:00+07:00,cash,success,9740000.00,seed,2026-02-27T20:04:00+07:00,2026-02-27T20:04:00+07:00
PAY000376,ORD000425,2026-02-28T12:56:00+07:00,bank_transfer,success,5685000.00,seed,2026-02-28T12:56:00+07:00,2026-02-28T12:56:00+07:00
PAY000377,ORD000426,2026-06-15T21:22:00+07:00,card,success,22661500.00,seed,2026-06-15T21:22:00+07:00,2026-06-15T21:22:00+07:00
PAY000378,ORD000427,2026-06-12T23:01:00+07:00,bank_transfer,success,13884000.00,seed,2026-06-12T23:01:00+07:00,2026-06-12T23:01:00+07:00
PAY000379,ORD000428,2026-05-10T18:55:00+07:00,card,success,25553000.00,seed,2026-05-10T18:55:00+07:00,2026-05-10T18:55:00+07:00
PAY000380,ORD000429,2026-02-05T03:13:00+07:00,bank_transfer,success,6290000.00,seed,2026-02-05T03:13:00+07:00,2026-02-05T03:13:00+07:00
PAY000381,ORD000430,2026-01-14T03:19:00+07:00,card,success,8394500.00,seed,2026-01-14T03:19:00+07:00,2026-01-14T03:19:00+07:00
PAY000382,ORD000431,2026-01-15T03:15:00+07:00,bank_transfer,success,17848000.00,seed,2026-01-15T03:15:00+07:00,2026-01-15T03:15:00+07:00
PAY000383,ORD000432,2026-02-07T06:48:00+07:00,e_wallet,success,32462000.00,seed,2026-02-07T06:48:00+07:00,2026-02-07T06:48:00+07:00
PAY000384,ORD000434,2026-01-25T15:45:00+07:00,card,success,11892000.00,seed,2026-01-25T15:45:00+07:00,2026-01-25T15:45:00+07:00
PAY000385,ORD000435,2026-05-11T00:57:00+07:00,e_wallet,success,33288000.00,seed,2026-05-11T00:57:00+07:00,2026-05-11T00:57:00+07:00
PAY000386,ORD000436,2026-01-22T02:28:00+07:00,cash,success,20086000.00,seed,2026-01-22T02:28:00+07:00,2026-01-22T02:28:00+07:00
PAY000387,ORD000437,2026-03-27T19:46:00+07:00,cash,failed,7810000.00,seed,2026-03-27T19:46:00+07:00,2026-03-27T19:46:00+07:00
PAY000388,ORD000438,2026-01-21T17:38:00+07:00,cash,success,7030000.00,seed,2026-01-21T17:38:00+07:00,2026-01-21T17:38:00+07:00
PAY000389,ORD000439,2026-03-14T05:51:00+07:00,cash,success,8390000.00,seed,2026-03-14T05:51:00+07:00,2026-03-14T05:51:00+07:00
PAY000390,ORD000440,2026-05-18T17:35:00+07:00,cash,success,8530000.00,seed,2026-05-18T17:35:00+07:00,2026-05-18T17:35:00+07:00
PAY000391,ORD000441,2026-06-02T18:59:00+07:00,cash,failed,13761000.00,seed,2026-06-02T18:59:00+07:00,2026-06-02T18:59:00+07:00
PAY000392,ORD000442,2026-06-11T21:01:00+07:00,card,success,15180000.00,seed,2026-06-11T21:01:00+07:00,2026-06-11T21:01:00+07:00
PAY000393,ORD000443,2026-03-12T23:45:00+07:00,e_wallet,failed,16102000.00,seed,2026-03-12T23:45:00+07:00,2026-03-12T23:45:00+07:00
PAY000394,ORD000446,2026-05-23T06:23:00+07:00,cash,success,21850500.00,seed,2026-05-23T06:23:00+07:00,2026-05-23T06:23:00+07:00
PAY000395,ORD000447,2026-05-24T03:33:00+07:00,e_wallet,success,21012000.00,seed,2026-05-24T03:33:00+07:00,2026-05-24T03:33:00+07:00
PAY000396,ORD000448,2026-04-05T01:42:00+07:00,e_wallet,success,1833500.00,seed,2026-04-05T01:42:00+07:00,2026-04-05T01:42:00+07:00
PAY000397,ORD000449,2026-05-13T00:04:00+07:00,cash,success,5608000.00,seed,2026-05-13T00:04:00+07:00,2026-05-13T00:04:00+07:00
PAY000398,ORD000450,2026-06-09T02:43:00+07:00,e_wallet,success,12608000.00,seed,2026-06-09T02:43:00+07:00,2026-06-09T02:43:00+07:00
PAY000399,ORD000451,2026-05-09T20:00:00+07:00,e_wallet,success,15095500.00,seed,2026-05-09T20:00:00+07:00,2026-05-09T20:00:00+07:00
PAY000400,ORD000452,2026-03-12T21:46:00+07:00,e_wallet,success,21066500.00,seed,2026-03-12T21:46:00+07:00,2026-03-12T21:46:00+07:00
PAY000401,ORD000453,2026-01-02T04:46:00+07:00,bank_transfer,success,11703000.00,seed,2026-01-02T04:46:00+07:00,2026-01-02T04:46:00+07:00
PAY000402,ORD000454,2026-03-14T05:10:00+07:00,card,success,27603500.00,seed,2026-03-14T05:10:00+07:00,2026-03-14T05:10:00+07:00
PAY000403,ORD000455,2026-04-03T17:58:00+07:00,cash,success,12849000.00,seed,2026-04-03T17:58:00+07:00,2026-04-03T17:58:00+07:00
PAY000404,ORD000456,2026-04-26T17:27:00+07:00,e_wallet,success,14507500.00,seed,2026-04-26T17:27:00+07:00,2026-04-26T17:27:00+07:00
PAY000405,ORD000458,2026-04-13T08:20:00+07:00,cash,success,17155500.00,seed,2026-04-13T08:20:00+07:00,2026-04-13T08:20:00+07:00
PAY000406,ORD000459,2026-03-04T23:44:00+07:00,e_wallet,success,7921000.00,seed,2026-03-04T23:44:00+07:00,2026-03-04T23:44:00+07:00
PAY000407,ORD000460,2026-06-18T12:06:00+07:00,card,success,19904000.00,seed,2026-06-18T12:06:00+07:00,2026-06-18T12:06:00+07:00
PAY000408,ORD000461,2026-04-04T02:09:00+07:00,card,success,8647500.00,seed,2026-04-04T02:09:00+07:00,2026-04-04T02:09:00+07:00
PAY000409,ORD000462,2026-03-06T01:50:00+07:00,card,success,16647000.00,seed,2026-03-06T01:50:00+07:00,2026-03-06T01:50:00+07:00
PAY000410,ORD000463,2026-03-08T21:10:00+07:00,bank_transfer,success,6972500.00,seed,2026-03-08T21:10:00+07:00,2026-03-08T21:10:00+07:00
PAY000411,ORD000464,2026-02-01T13:47:00+07:00,bank_transfer,success,12510000.00,seed,2026-02-01T13:47:00+07:00,2026-02-01T13:47:00+07:00
PAY000412,ORD000465,2026-01-03T17:52:00+07:00,e_wallet,success,11619000.00,seed,2026-01-03T17:52:00+07:00,2026-01-03T17:52:00+07:00
PAY000413,ORD000466,2026-05-08T16:00:00+07:00,e_wallet,success,15545000.00,seed,2026-05-08T16:00:00+07:00,2026-05-08T16:00:00+07:00
PAY000414,ORD000467,2026-06-23T19:26:00+07:00,e_wallet,success,16183500.00,seed,2026-06-23T19:26:00+07:00,2026-06-23T19:26:00+07:00
PAY000415,ORD000468,2026-01-25T02:50:00+07:00,card,success,11435000.00,seed,2026-01-25T02:50:00+07:00,2026-01-25T02:50:00+07:00
PAY000416,ORD000469,2026-04-28T08:02:00+07:00,bank_transfer,success,11233000.00,seed,2026-04-28T08:02:00+07:00,2026-04-28T08:02:00+07:00
PAY000417,ORD000470,2026-04-11T01:34:00+07:00,bank_transfer,success,28882000.00,seed,2026-04-11T01:34:00+07:00,2026-04-11T01:34:00+07:00
PAY000418,ORD000471,2026-03-22T22:27:00+07:00,bank_transfer,failed,12189000.00,seed,2026-03-22T22:27:00+07:00,2026-03-22T22:27:00+07:00
PAY000419,ORD000472,2026-04-16T19:25:00+07:00,e_wallet,success,19424000.00,seed,2026-04-16T19:25:00+07:00,2026-04-16T19:25:00+07:00
PAY000420,ORD000473,2026-06-02T21:17:00+07:00,e_wallet,success,7983000.00,seed,2026-06-02T21:17:00+07:00,2026-06-02T21:17:00+07:00
PAY000421,ORD000474,2026-01-08T23:39:00+07:00,card,success,24655500.00,seed,2026-01-08T23:39:00+07:00,2026-01-08T23:39:00+07:00
PAY000422,ORD000476,2026-05-13T20:41:00+07:00,e_wallet,success,19532500.00,seed,2026-05-13T20:41:00+07:00,2026-05-13T20:41:00+07:00
PAY000423,ORD000477,2026-04-24T04:59:00+07:00,bank_transfer,success,16289500.00,seed,2026-04-24T04:59:00+07:00,2026-04-24T04:59:00+07:00
PAY000424,ORD000478,2026-03-26T22:12:00+07:00,cash,success,14595500.00,seed,2026-03-26T22:12:00+07:00,2026-03-26T22:12:00+07:00
PAY000425,ORD000479,2026-05-25T15:57:00+07:00,e_wallet,success,19920000.00,seed,2026-05-25T15:57:00+07:00,2026-05-25T15:57:00+07:00
PAY000426,ORD000480,2026-05-26T20:36:00+07:00,cash,success,25087500.00,seed,2026-05-26T20:36:00+07:00,2026-05-26T20:36:00+07:00
PAY000427,ORD000481,2026-04-26T00:19:00+07:00,cash,success,3626000.00,seed,2026-04-26T00:19:00+07:00,2026-04-26T00:19:00+07:00
PAY000428,ORD000482,2026-01-30T17:30:00+07:00,card,success,10158000.00,seed,2026-01-30T17:30:00+07:00,2026-01-30T17:30:00+07:00
PAY000429,ORD000483,2026-03-20T23:24:00+07:00,cash,failed,29398500.00,seed,2026-03-20T23:24:00+07:00,2026-03-20T23:24:00+07:00
PAY000430,ORD000484,2026-06-13T22:19:00+07:00,e_wallet,success,1256000.00,seed,2026-06-13T22:19:00+07:00,2026-06-13T22:19:00+07:00
PAY000431,ORD000485,2026-02-14T23:19:00+07:00,cash,success,4180000.00,seed,2026-02-14T23:19:00+07:00,2026-02-14T23:19:00+07:00
PAY000432,ORD000486,2026-06-13T19:04:00+07:00,card,success,16844000.00,seed,2026-06-13T19:04:00+07:00,2026-06-13T19:04:00+07:00
PAY000433,ORD000487,2026-03-14T17:41:00+07:00,e_wallet,success,3570000.00,seed,2026-03-14T17:41:00+07:00,2026-03-14T17:41:00+07:00
PAY000434,ORD000488,2026-01-26T06:10:00+07:00,card,success,4410000.00,seed,2026-01-26T06:10:00+07:00,2026-01-26T06:10:00+07:00
PAY000435,ORD000489,2026-01-05T15:43:00+07:00,cash,success,12886500.00,seed,2026-01-05T15:43:00+07:00,2026-01-05T15:43:00+07:00
PAY000436,ORD000490,2026-03-25T21:01:00+07:00,card,success,29884000.00,seed,2026-03-25T21:01:00+07:00,2026-03-25T21:01:00+07:00
PAY000437,ORD000491,2026-03-20T20:34:00+07:00,card,success,20912500.00,seed,2026-03-20T20:34:00+07:00,2026-03-20T20:34:00+07:00
PAY000438,ORD000492,2026-04-12T15:36:00+07:00,e_wallet,success,8880500.00,seed,2026-04-12T15:36:00+07:00,2026-04-12T15:36:00+07:00
PAY000439,ORD000493,2026-03-11T16:52:00+07:00,e_wallet,success,9505000.00,seed,2026-03-11T16:52:00+07:00,2026-03-11T16:52:00+07:00
PAY000440,ORD000494,2026-05-04T14:11:00+07:00,e_wallet,success,14300000.00,seed,2026-05-04T14:11:00+07:00,2026-05-04T14:11:00+07:00
PAY000441,ORD000495,2026-01-21T00:32:00+07:00,bank_transfer,success,13599000.00,seed,2026-01-21T00:32:00+07:00,2026-01-21T00:32:00+07:00
PAY000442,ORD000496,2026-06-23T05:54:00+07:00,bank_transfer,success,9339000.00,seed,2026-06-23T05:54:00+07:00,2026-06-23T05:54:00+07:00
PAY000443,ORD000497,2026-03-17T13:05:00+07:00,cash,success,7183000.00,seed,2026-03-17T13:05:00+07:00,2026-03-17T13:05:00+07:00
PAY000444,ORD000498,2026-02-07T22:49:00+07:00,e_wallet,pending,15710000.00,seed,2026-02-07T22:49:00+07:00,2026-02-07T22:49:00+07:00
PAY000445,ORD000499,2026-05-10T07:01:00+07:00,bank_transfer,success,13800000.00,seed,2026-05-10T07:01:00+07:00,2026-05-10T07:01:00+07:00
PAY000446,ORD000500,2026-04-04T03:41:00+07:00,cash,success,2992500.00,seed,2026-04-04T03:41:00+07:00,2026-04-04T03:41:00+07:00
PAY000447,ORD000502,2026-02-12T02:58:00+07:00,cash,success,14814000.00,seed,2026-02-12T02:58:00+07:00,2026-02-12T02:58:00+07:00
PAY000448,ORD000503,2026-02-08T20:50:00+07:00,e_wallet,success,37178000.00,seed,2026-02-08T20:50:00+07:00,2026-02-08T20:50:00+07:00
PAY000449,ORD000504,2026-06-19T13:47:00+07:00,cash,failed,7446000.00,seed,2026-06-19T13:47:00+07:00,2026-06-19T13:47:00+07:00
PAY000450,ORD000505,2026-03-03T09:12:00+07:00,bank_transfer,success,14866000.00,seed,2026-03-03T09:12:00+07:00,2026-03-03T09:12:00+07:00
PAY000451,ORD000506,2026-05-30T03:49:00+07:00,bank_transfer,success,2125000.00,seed,2026-05-30T03:49:00+07:00,2026-05-30T03:49:00+07:00
PAY000452,ORD000508,2026-04-23T20:14:00+07:00,bank_transfer,failed,1647000.00,seed,2026-04-23T20:14:00+07:00,2026-04-23T20:14:00+07:00
PAY000453,ORD000509,2026-01-03T20:34:00+07:00,e_wallet,success,4217000.00,seed,2026-01-03T20:34:00+07:00,2026-01-03T20:34:00+07:00
PAY000454,ORD000510,2026-06-17T11:57:00+07:00,cash,success,8237500.00,seed,2026-06-17T11:57:00+07:00,2026-06-17T11:57:00+07:00
PAY000455,ORD000511,2026-05-16T15:35:00+07:00,card,pending,12214000.00,seed,2026-05-16T15:35:00+07:00,2026-05-16T15:35:00+07:00
PAY000456,ORD000512,2026-06-01T22:10:00+07:00,bank_transfer,success,25371000.00,seed,2026-06-01T22:10:00+07:00,2026-06-01T22:10:00+07:00
PAY000457,ORD000513,2026-06-15T02:14:00+07:00,bank_transfer,success,8580000.00,seed,2026-06-15T02:14:00+07:00,2026-06-15T02:14:00+07:00
PAY000458,ORD000514,2026-02-17T01:49:00+07:00,cash,success,32271000.00,seed,2026-02-17T01:49:00+07:00,2026-02-17T01:49:00+07:00
PAY000459,ORD000515,2026-01-30T23:01:00+07:00,bank_transfer,success,14225000.00,seed,2026-01-30T23:01:00+07:00,2026-01-30T23:01:00+07:00
PAY000460,ORD000516,2026-04-03T18:21:00+07:00,e_wallet,success,17418000.00,seed,2026-04-03T18:21:00+07:00,2026-04-03T18:21:00+07:00
PAY000461,ORD000517,2026-04-20T00:30:00+07:00,bank_transfer,success,34142000.00,seed,2026-04-20T00:30:00+07:00,2026-04-20T00:30:00+07:00
PAY000462,ORD000518,2026-01-23T21:13:00+07:00,cash,success,2835000.00,seed,2026-01-23T21:13:00+07:00,2026-01-23T21:13:00+07:00
PAY000463,ORD000519,2026-03-11T15:37:00+07:00,cash,pending,24768500.00,seed,2026-03-11T15:37:00+07:00,2026-03-11T15:37:00+07:00
PAY000464,ORD000520,2026-05-19T00:53:00+07:00,bank_transfer,success,11650000.00,seed,2026-05-19T00:53:00+07:00,2026-05-19T00:53:00+07:00
PAY000465,ORD000521,2026-03-07T20:00:00+07:00,card,success,19743000.00,seed,2026-03-07T20:00:00+07:00,2026-03-07T20:00:00+07:00
PAY000466,ORD000522,2026-03-14T17:52:00+07:00,e_wallet,success,2896500.00,seed,2026-03-14T17:52:00+07:00,2026-03-14T17:52:00+07:00
PAY000467,ORD000523,2026-06-25T13:55:00+07:00,bank_transfer,success,23354000.00,seed,2026-06-25T13:55:00+07:00,2026-06-25T13:55:00+07:00
PAY000468,ORD000524,2026-01-22T21:10:00+07:00,e_wallet,success,4960000.00,seed,2026-01-22T21:10:00+07:00,2026-01-22T21:10:00+07:00
PAY000469,ORD000525,2026-05-26T23:17:00+07:00,bank_transfer,success,6966000.00,seed,2026-05-26T23:17:00+07:00,2026-05-26T23:17:00+07:00
PAY000470,ORD000526,2026-05-06T22:42:00+07:00,bank_transfer,success,8255500.00,seed,2026-05-06T22:42:00+07:00,2026-05-06T22:42:00+07:00
PAY000471,ORD000527,2026-05-23T21:06:00+07:00,card,success,950000.00,seed,2026-05-23T21:06:00+07:00,2026-05-23T21:06:00+07:00
PAY000472,ORD000528,2026-02-26T08:56:00+07:00,card,success,5475000.00,seed,2026-02-26T08:56:00+07:00,2026-02-26T08:56:00+07:00
PAY000473,ORD000529,2026-04-19T22:41:00+07:00,bank_transfer,success,17173500.00,seed,2026-04-19T22:41:00+07:00,2026-04-19T22:41:00+07:00
PAY000474,ORD000530,2026-01-10T18:53:00+07:00,e_wallet,success,3190000.00,seed,2026-01-10T18:53:00+07:00,2026-01-10T18:53:00+07:00
PAY000475,ORD000531,2026-01-13T00:48:00+07:00,bank_transfer,success,7159000.00,seed,2026-01-13T00:48:00+07:00,2026-01-13T00:48:00+07:00
PAY000476,ORD000532,2026-02-16T16:38:00+07:00,cash,success,4550000.00,seed,2026-02-16T16:38:00+07:00,2026-02-16T16:38:00+07:00
PAY000477,ORD000533,2026-02-14T03:12:00+07:00,e_wallet,success,15704500.00,seed,2026-02-14T03:12:00+07:00,2026-02-14T03:12:00+07:00
PAY000478,ORD000534,2026-03-18T00:39:00+07:00,cash,success,14374000.00,seed,2026-03-18T00:39:00+07:00,2026-03-18T00:39:00+07:00
PAY000479,ORD000535,2026-05-03T05:38:00+07:00,e_wallet,success,1380000.00,seed,2026-05-03T05:38:00+07:00,2026-05-03T05:38:00+07:00
PAY000480,ORD000536,2026-05-20T06:49:00+07:00,e_wallet,success,9933000.00,seed,2026-05-20T06:49:00+07:00,2026-05-20T06:49:00+07:00
PAY000481,ORD000537,2026-06-13T05:43:00+07:00,bank_transfer,success,8186500.00,seed,2026-06-13T05:43:00+07:00,2026-06-13T05:43:00+07:00
PAY000482,ORD000538,2026-04-01T15:56:00+07:00,bank_transfer,failed,28966000.00,seed,2026-04-01T15:56:00+07:00,2026-04-01T15:56:00+07:00
PAY000483,ORD000539,2026-01-09T01:58:00+07:00,e_wallet,success,9885000.00,seed,2026-01-09T01:58:00+07:00,2026-01-09T01:58:00+07:00
PAY000484,ORD000540,2026-02-05T13:08:00+07:00,bank_transfer,success,5672500.00,seed,2026-02-05T13:08:00+07:00,2026-02-05T13:08:00+07:00
PAY000485,ORD000541,2026-01-07T15:51:00+07:00,e_wallet,success,18428000.00,seed,2026-01-07T15:51:00+07:00,2026-01-07T15:51:00+07:00
PAY000486,ORD000542,2026-02-01T00:41:00+07:00,cash,success,14218000.00,seed,2026-02-01T00:41:00+07:00,2026-02-01T00:41:00+07:00
PAY000487,ORD000543,2026-02-18T01:49:00+07:00,e_wallet,failed,31684000.00,seed,2026-02-18T01:49:00+07:00,2026-02-18T01:49:00+07:00
PAY000488,ORD000544,2026-05-06T01:08:00+07:00,card,success,14802000.00,seed,2026-05-06T01:08:00+07:00,2026-05-06T01:08:00+07:00
PAY000489,ORD000545,2026-03-02T13:35:00+07:00,card,success,20013500.00,seed,2026-03-02T13:35:00+07:00,2026-03-02T13:35:00+07:00
PAY000490,ORD000548,2026-04-16T21:11:00+07:00,bank_transfer,failed,9040000.00,seed,2026-04-16T21:11:00+07:00,2026-04-16T21:11:00+07:00
PAY000491,ORD000549,2026-06-26T21:23:00+07:00,bank_transfer,success,9625500.00,seed,2026-06-26T21:23:00+07:00,2026-06-26T21:23:00+07:00
PAY000492,ORD000551,2026-02-26T20:29:00+07:00,e_wallet,success,17479000.00,seed,2026-02-26T20:29:00+07:00,2026-02-26T20:29:00+07:00
PAY000493,ORD000552,2026-03-25T21:35:00+07:00,bank_transfer,success,14418000.00,seed,2026-03-25T21:35:00+07:00,2026-03-25T21:35:00+07:00
PAY000494,ORD000553,2026-02-25T19:48:00+07:00,bank_transfer,success,14047500.00,seed,2026-02-25T19:48:00+07:00,2026-02-25T19:48:00+07:00
PAY000495,ORD000555,2026-06-20T06:18:00+07:00,e_wallet,success,7930000.00,seed,2026-06-20T06:18:00+07:00,2026-06-20T06:18:00+07:00
PAY000496,ORD000557,2026-06-12T04:56:00+07:00,bank_transfer,success,10878000.00,seed,2026-06-12T04:56:00+07:00,2026-06-12T04:56:00+07:00
PAY000497,ORD000558,2026-06-04T01:58:00+07:00,cash,success,18231000.00,seed,2026-06-04T01:58:00+07:00,2026-06-04T01:58:00+07:00
PAY000498,ORD000559,2026-06-07T23:39:00+07:00,e_wallet,success,22810000.00,seed,2026-06-07T23:39:00+07:00,2026-06-07T23:39:00+07:00
PAY000499,ORD000560,2026-05-08T21:09:00+07:00,card,refunded,7136500.00,seed,2026-05-08T21:09:00+07:00,2026-05-08T21:09:00+07:00
PAY000500,ORD000561,2026-01-13T19:39:00+07:00,card,success,30361000.00,seed,2026-01-13T19:39:00+07:00,2026-01-13T19:39:00+07:00
PAY000501,ORD000562,2026-03-23T20:53:00+07:00,bank_transfer,success,5660000.00,seed,2026-03-23T20:53:00+07:00,2026-03-23T20:53:00+07:00
PAY000502,ORD000563,2026-02-09T22:42:00+07:00,cash,success,981000.00,seed,2026-02-09T22:42:00+07:00,2026-02-09T22:42:00+07:00
PAY000503,ORD000565,2026-06-11T01:07:00+07:00,bank_transfer,success,5462500.00,seed,2026-06-11T01:07:00+07:00,2026-06-11T01:07:00+07:00
PAY000504,ORD000567,2026-01-27T14:33:00+07:00,bank_transfer,success,18323000.00,seed,2026-01-27T14:33:00+07:00,2026-01-27T14:33:00+07:00
PAY000505,ORD000568,2026-04-27T14:34:00+07:00,card,success,6886500.00,seed,2026-04-27T14:34:00+07:00,2026-04-27T14:34:00+07:00
PAY000506,ORD000569,2026-03-03T16:44:00+07:00,e_wallet,success,10340000.00,seed,2026-03-03T16:44:00+07:00,2026-03-03T16:44:00+07:00
PAY000507,ORD000570,2026-03-25T07:06:00+07:00,card,success,6441000.00,seed,2026-03-25T07:06:00+07:00,2026-03-25T07:06:00+07:00
PAY000508,ORD000571,2026-06-25T23:55:00+07:00,cash,success,22460500.00,seed,2026-06-25T23:55:00+07:00,2026-06-25T23:55:00+07:00
PAY000509,ORD000573,2026-02-11T20:46:00+07:00,cash,success,6498000.00,seed,2026-02-11T20:46:00+07:00,2026-02-11T20:46:00+07:00
PAY000510,ORD000574,2026-05-04T23:15:00+07:00,card,success,17616000.00,seed,2026-05-04T23:15:00+07:00,2026-05-04T23:15:00+07:00
PAY000511,ORD000575,2026-02-21T00:14:00+07:00,cash,success,30334000.00,seed,2026-02-21T00:14:00+07:00,2026-02-21T00:14:00+07:00
PAY000512,ORD000577,2026-03-27T03:14:00+07:00,e_wallet,success,20100000.00,seed,2026-03-27T03:14:00+07:00,2026-03-27T03:14:00+07:00
PAY000513,ORD000578,2026-03-13T05:48:00+07:00,bank_transfer,failed,10746000.00,seed,2026-03-13T05:48:00+07:00,2026-03-13T05:48:00+07:00
PAY000514,ORD000579,2026-02-25T06:24:00+07:00,cash,failed,7239000.00,seed,2026-02-25T06:24:00+07:00,2026-02-25T06:24:00+07:00
PAY000515,ORD000580,2026-02-02T20:53:00+07:00,e_wallet,success,6344500.00,seed,2026-02-02T20:53:00+07:00,2026-02-02T20:53:00+07:00
PAY000516,ORD000581,2026-05-01T06:45:00+07:00,cash,refunded,4906000.00,seed,2026-05-01T06:45:00+07:00,2026-05-01T06:45:00+07:00
PAY000517,ORD000582,2026-03-07T03:14:00+07:00,bank_transfer,success,13930500.00,seed,2026-03-07T03:14:00+07:00,2026-03-07T03:14:00+07:00
PAY000518,ORD000583,2026-04-18T12:32:00+07:00,cash,success,22539500.00,seed,2026-04-18T12:32:00+07:00,2026-04-18T12:32:00+07:00
PAY000519,ORD000585,2026-03-06T14:27:00+07:00,e_wallet,success,4520000.00,seed,2026-03-06T14:27:00+07:00,2026-03-06T14:27:00+07:00
PAY000520,ORD000586,2026-03-18T18:16:00+07:00,bank_transfer,failed,823500.00,seed,2026-03-18T18:16:00+07:00,2026-03-18T18:16:00+07:00
PAY000521,ORD000587,2026-06-04T19:06:00+07:00,e_wallet,refunded,240000.00,seed,2026-06-04T19:06:00+07:00,2026-06-04T19:06:00+07:00
PAY000522,ORD000588,2026-03-14T02:11:00+07:00,bank_transfer,success,23776000.00,seed,2026-03-14T02:11:00+07:00,2026-03-14T02:11:00+07:00
PAY000523,ORD000589,2026-01-14T23:59:00+07:00,card,success,2062000.00,seed,2026-01-14T23:59:00+07:00,2026-01-14T23:59:00+07:00
PAY000524,ORD000590,2026-04-19T00:14:00+07:00,bank_transfer,success,9420000.00,seed,2026-04-19T00:14:00+07:00,2026-04-19T00:14:00+07:00
PAY000525,ORD000591,2026-01-04T14:56:00+07:00,cash,failed,14161500.00,seed,2026-01-04T14:56:00+07:00,2026-01-04T14:56:00+07:00
PAY000526,ORD000592,2026-02-15T14:01:00+07:00,bank_transfer,success,8660000.00,seed,2026-02-15T14:01:00+07:00,2026-02-15T14:01:00+07:00
PAY000527,ORD000593,2026-01-25T18:52:00+07:00,cash,success,9223500.00,seed,2026-01-25T18:52:00+07:00,2026-01-25T18:52:00+07:00
PAY000528,ORD000594,2026-05-25T21:36:00+07:00,card,success,7850000.00,seed,2026-05-25T21:36:00+07:00,2026-05-25T21:36:00+07:00
PAY000529,ORD000595,2026-06-17T18:21:00+07:00,e_wallet,success,22737000.00,seed,2026-06-17T18:21:00+07:00,2026-06-17T18:21:00+07:00
PAY000530,ORD000596,2026-03-04T18:14:00+07:00,card,success,14140000.00,seed,2026-03-04T18:14:00+07:00,2026-03-04T18:14:00+07:00
PAY000531,ORD000597,2026-04-02T02:41:00+07:00,card,success,7380000.00,seed,2026-04-02T02:41:00+07:00,2026-04-02T02:41:00+07:00
PAY000532,ORD000598,2026-03-25T05:36:00+07:00,cash,success,4768500.00,seed,2026-03-25T05:36:00+07:00,2026-03-25T05:36:00+07:00
PAY000533,ORD000599,2026-02-16T21:00:00+07:00,bank_transfer,success,4012000.00,seed,2026-02-16T21:00:00+07:00,2026-02-16T21:00:00+07:00
PAY000534,ORD000600,2026-01-12T08:41:00+07:00,cash,pending,12530000.00,seed,2026-01-12T08:41:00+07:00,2026-01-12T08:41:00+07:00
PAY000535,ORD000601,2026-01-20T14:03:00+07:00,e_wallet,success,6080000.00,seed,2026-01-20T14:03:00+07:00,2026-01-20T14:03:00+07:00
PAY000536,ORD000602,2026-05-20T23:31:00+07:00,cash,success,7622000.00,seed,2026-05-20T23:31:00+07:00,2026-05-20T23:31:00+07:00
PAY000537,ORD000603,2026-05-08T05:20:00+07:00,card,success,17071000.00,seed,2026-05-08T05:20:00+07:00,2026-05-08T05:20:00+07:00
PAY000538,ORD000604,2026-04-01T15:34:00+07:00,card,success,2940000.00,seed,2026-04-01T15:34:00+07:00,2026-04-01T15:34:00+07:00
PAY000539,ORD000605,2026-02-14T19:45:00+07:00,cash,success,16337500.00,seed,2026-02-14T19:45:00+07:00,2026-02-14T19:45:00+07:00
PAY000540,ORD000606,2026-02-11T13:47:00+07:00,card,pending,14711000.00,seed,2026-02-11T13:47:00+07:00,2026-02-11T13:47:00+07:00
PAY000541,ORD000607,2026-06-13T23:40:00+07:00,e_wallet,success,19348000.00,seed,2026-06-13T23:40:00+07:00,2026-06-13T23:40:00+07:00
PAY000542,ORD000608,2026-05-18T04:24:00+07:00,e_wallet,success,24942000.00,seed,2026-05-18T04:24:00+07:00,2026-05-18T04:24:00+07:00
PAY000543,ORD000610,2026-05-14T12:40:00+07:00,e_wallet,success,6453000.00,seed,2026-05-14T12:40:00+07:00,2026-05-14T12:40:00+07:00
PAY000544,ORD000612,2026-03-05T20:58:00+07:00,card,success,15595000.00,seed,2026-03-05T20:58:00+07:00,2026-03-05T20:58:00+07:00
PAY000545,ORD000613,2026-06-24T01:29:00+07:00,e_wallet,success,7301500.00,seed,2026-06-24T01:29:00+07:00,2026-06-24T01:29:00+07:00
PAY000546,ORD000614,2026-05-13T01:44:00+07:00,bank_transfer,success,4167000.00,seed,2026-05-13T01:44:00+07:00,2026-05-13T01:44:00+07:00
PAY000547,ORD000615,2026-01-08T04:01:00+07:00,bank_transfer,success,19278500.00,seed,2026-01-08T04:01:00+07:00,2026-01-08T04:01:00+07:00
PAY000548,ORD000616,2026-01-03T18:06:00+07:00,cash,success,8790000.00,seed,2026-01-03T18:06:00+07:00,2026-01-03T18:06:00+07:00
PAY000549,ORD000617,2026-03-05T04:10:00+07:00,card,success,26785000.00,seed,2026-03-05T04:10:00+07:00,2026-03-05T04:10:00+07:00
PAY000550,ORD000618,2026-05-22T02:16:00+07:00,bank_transfer,success,6748500.00,seed,2026-05-22T02:16:00+07:00,2026-05-22T02:16:00+07:00
PAY000551,ORD000619,2026-01-05T00:34:00+07:00,bank_transfer,success,4210000.00,seed,2026-01-05T00:34:00+07:00,2026-01-05T00:34:00+07:00
PAY000552,ORD000620,2026-03-21T19:27:00+07:00,bank_transfer,success,8338500.00,seed,2026-03-21T19:27:00+07:00,2026-03-21T19:27:00+07:00
PAY000553,ORD000621,2026-02-13T21:38:00+07:00,cash,success,23999000.00,seed,2026-02-13T21:38:00+07:00,2026-02-13T21:38:00+07:00
PAY000554,ORD000622,2026-02-16T00:52:00+07:00,bank_transfer,success,29795500.00,seed,2026-02-16T00:52:00+07:00,2026-02-16T00:52:00+07:00
PAY000555,ORD000623,2026-01-07T01:19:00+07:00,bank_transfer,success,5346000.00,seed,2026-01-07T01:19:00+07:00,2026-01-07T01:19:00+07:00
PAY000556,ORD000624,2026-06-10T13:52:00+07:00,card,failed,6612500.00,seed,2026-06-10T13:52:00+07:00,2026-06-10T13:52:00+07:00
PAY000557,ORD000625,2026-05-18T02:01:00+07:00,e_wallet,success,14056000.00,seed,2026-05-18T02:01:00+07:00,2026-05-18T02:01:00+07:00
PAY000558,ORD000626,2026-04-03T19:59:00+07:00,cash,success,29680000.00,seed,2026-04-03T19:59:00+07:00,2026-04-03T19:59:00+07:00
PAY000559,ORD000627,2026-01-27T11:25:00+07:00,card,success,15640000.00,seed,2026-01-27T11:25:00+07:00,2026-01-27T11:25:00+07:00
PAY000560,ORD000628,2026-03-24T04:37:00+07:00,bank_transfer,success,1460000.00,seed,2026-03-24T04:37:00+07:00,2026-03-24T04:37:00+07:00
PAY000561,ORD000629,2026-01-07T03:11:00+07:00,bank_transfer,success,10044500.00,seed,2026-01-07T03:11:00+07:00,2026-01-07T03:11:00+07:00
PAY000562,ORD000630,2026-02-17T18:10:00+07:00,bank_transfer,success,2305000.00,seed,2026-02-17T18:10:00+07:00,2026-02-17T18:10:00+07:00
PAY000563,ORD000631,2026-01-15T23:19:00+07:00,cash,success,10467000.00,seed,2026-01-15T23:19:00+07:00,2026-01-15T23:19:00+07:00
PAY000564,ORD000632,2026-04-13T11:58:00+07:00,e_wallet,success,11830000.00,seed,2026-04-13T11:58:00+07:00,2026-04-13T11:58:00+07:00
PAY000565,ORD000633,2026-06-06T11:47:00+07:00,cash,pending,4303500.00,seed,2026-06-06T11:47:00+07:00,2026-06-06T11:47:00+07:00
PAY000566,ORD000634,2026-05-11T20:16:00+07:00,card,success,18125000.00,seed,2026-05-11T20:16:00+07:00,2026-05-11T20:16:00+07:00
PAY000567,ORD000635,2026-05-30T21:19:00+07:00,bank_transfer,success,9090000.00,seed,2026-05-30T21:19:00+07:00,2026-05-30T21:19:00+07:00
PAY000568,ORD000636,2026-06-26T22:36:00+07:00,bank_transfer,success,33903500.00,seed,2026-06-26T22:36:00+07:00,2026-06-26T22:36:00+07:00
PAY000569,ORD000637,2026-04-15T15:26:00+07:00,e_wallet,success,21738000.00,seed,2026-04-15T15:26:00+07:00,2026-04-15T15:26:00+07:00
PAY000570,ORD000638,2026-06-19T02:14:00+07:00,bank_transfer,success,28605000.00,seed,2026-06-19T02:14:00+07:00,2026-06-19T02:14:00+07:00
PAY000571,ORD000639,2026-03-24T08:27:00+07:00,e_wallet,success,16402000.00,seed,2026-03-24T08:27:00+07:00,2026-03-24T08:27:00+07:00
PAY000572,ORD000640,2026-05-27T17:51:00+07:00,bank_transfer,success,10075000.00,seed,2026-05-27T17:51:00+07:00,2026-05-27T17:51:00+07:00
PAY000573,ORD000641,2026-01-10T00:49:00+07:00,e_wallet,success,17943500.00,seed,2026-01-10T00:49:00+07:00,2026-01-10T00:49:00+07:00
PAY000574,ORD000642,2026-04-01T19:07:00+07:00,card,success,26037000.00,seed,2026-04-01T19:07:00+07:00,2026-04-01T19:07:00+07:00
PAY000575,ORD000643,2026-01-14T07:22:00+07:00,bank_transfer,pending,18495000.00,seed,2026-01-14T07:22:00+07:00,2026-01-14T07:22:00+07:00
PAY000576,ORD000644,2026-06-26T14:19:00+07:00,e_wallet,failed,15427500.00,seed,2026-06-26T14:19:00+07:00,2026-06-26T14:19:00+07:00
PAY000577,ORD000645,2026-06-04T17:59:00+07:00,bank_transfer,success,25150000.00,seed,2026-06-04T17:59:00+07:00,2026-06-04T17:59:00+07:00
PAY000578,ORD000646,2026-02-27T02:15:00+07:00,cash,success,14959000.00,seed,2026-02-27T02:15:00+07:00,2026-02-27T02:15:00+07:00
PAY000579,ORD000647,2026-02-23T21:11:00+07:00,cash,success,10009000.00,seed,2026-02-23T21:11:00+07:00,2026-02-23T21:11:00+07:00
PAY000580,ORD000648,2026-03-10T20:10:00+07:00,e_wallet,success,21391000.00,seed,2026-03-10T20:10:00+07:00,2026-03-10T20:10:00+07:00
PAY000581,ORD000649,2026-06-29T19:36:00+07:00,e_wallet,success,2204000.00,seed,2026-06-29T19:36:00+07:00,2026-06-29T19:36:00+07:00
PAY000582,ORD000650,2026-06-10T20:39:00+07:00,e_wallet,success,31967500.00,seed,2026-06-10T20:39:00+07:00,2026-06-10T20:39:00+07:00
PAY000583,ORD000651,2026-04-07T22:52:00+07:00,e_wallet,success,10782000.00,seed,2026-04-07T22:52:00+07:00,2026-04-07T22:52:00+07:00
PAY000584,ORD000652,2026-03-11T15:43:00+07:00,e_wallet,failed,27013000.00,seed,2026-03-11T15:43:00+07:00,2026-03-11T15:43:00+07:00
PAY000585,ORD000653,2026-03-28T07:15:00+07:00,e_wallet,success,11664000.00,seed,2026-03-28T07:15:00+07:00,2026-03-28T07:15:00+07:00
PAY000586,ORD000654,2026-04-27T21:17:00+07:00,card,success,23603000.00,seed,2026-04-27T21:17:00+07:00,2026-04-27T21:17:00+07:00
PAY000587,ORD000656,2026-03-17T22:52:00+07:00,e_wallet,success,4858500.00,seed,2026-03-17T22:52:00+07:00,2026-03-17T22:52:00+07:00
PAY000588,ORD000657,2026-03-26T07:04:00+07:00,bank_transfer,failed,9426000.00,seed,2026-03-26T07:04:00+07:00,2026-03-26T07:04:00+07:00
PAY000589,ORD000658,2026-05-30T10:49:00+07:00,e_wallet,success,27442000.00,seed,2026-05-30T10:49:00+07:00,2026-05-30T10:49:00+07:00
PAY000590,ORD000659,2026-06-08T02:01:00+07:00,bank_transfer,success,5909000.00,seed,2026-06-08T02:01:00+07:00,2026-06-08T02:01:00+07:00
PAY000591,ORD000660,2026-03-05T14:32:00+07:00,cash,success,21106500.00,seed,2026-03-05T14:32:00+07:00,2026-03-05T14:32:00+07:00
PAY000592,ORD000661,2026-03-04T15:06:00+07:00,cash,success,15593500.00,seed,2026-03-04T15:06:00+07:00,2026-03-04T15:06:00+07:00
PAY000593,ORD000662,2026-03-06T21:49:00+07:00,cash,success,17881000.00,seed,2026-03-06T21:49:00+07:00,2026-03-06T21:49:00+07:00
PAY000594,ORD000663,2026-06-14T01:56:00+07:00,bank_transfer,success,27996000.00,seed,2026-06-14T01:56:00+07:00,2026-06-14T01:56:00+07:00
PAY000595,ORD000665,2026-05-18T07:39:00+07:00,card,success,18943000.00,seed,2026-05-18T07:39:00+07:00,2026-05-18T07:39:00+07:00
PAY000596,ORD000666,2026-01-04T00:46:00+07:00,bank_transfer,failed,6704000.00,seed,2026-01-04T00:46:00+07:00,2026-01-04T00:46:00+07:00
PAY000597,ORD000667,2026-01-16T21:53:00+07:00,e_wallet,success,13763000.00,seed,2026-01-16T21:53:00+07:00,2026-01-16T21:53:00+07:00
PAY000598,ORD000668,2026-02-14T18:37:00+07:00,e_wallet,success,14230000.00,seed,2026-02-14T18:37:00+07:00,2026-02-14T18:37:00+07:00
PAY000599,ORD000669,2026-06-25T21:50:00+07:00,e_wallet,success,10218000.00,seed,2026-06-25T21:50:00+07:00,2026-06-25T21:50:00+07:00
PAY000600,ORD000670,2026-04-10T16:11:00+07:00,cash,success,11046000.00,seed,2026-04-10T16:11:00+07:00,2026-04-10T16:11:00+07:00
PAY000601,ORD000671,2026-01-05T20:44:00+07:00,bank_transfer,success,4815500.00,seed,2026-01-05T20:44:00+07:00,2026-01-05T20:44:00+07:00
PAY000602,ORD000672,2026-06-28T17:16:00+07:00,cash,failed,7882000.00,seed,2026-06-28T17:16:00+07:00,2026-06-28T17:16:00+07:00
PAY000603,ORD000673,2026-02-24T20:38:00+07:00,e_wallet,success,7410000.00,seed,2026-02-24T20:38:00+07:00,2026-02-24T20:38:00+07:00
PAY000604,ORD000675,2026-04-26T07:02:00+07:00,card,success,7065000.00,seed,2026-04-26T07:02:00+07:00,2026-04-26T07:02:00+07:00
PAY000605,ORD000676,2026-03-15T12:30:00+07:00,bank_transfer,success,4280000.00,seed,2026-03-15T12:30:00+07:00,2026-03-15T12:30:00+07:00
PAY000606,ORD000677,2026-04-16T12:56:00+07:00,card,pending,2489000.00,seed,2026-04-16T12:56:00+07:00,2026-04-16T12:56:00+07:00
PAY000607,ORD000678,2026-01-16T17:00:00+07:00,card,failed,6507000.00,seed,2026-01-16T17:00:00+07:00,2026-01-16T17:00:00+07:00
PAY000608,ORD000679,2026-01-18T02:40:00+07:00,cash,success,32968500.00,seed,2026-01-18T02:40:00+07:00,2026-01-18T02:40:00+07:00
PAY000609,ORD000680,2026-06-12T00:35:00+07:00,bank_transfer,success,3978000.00,seed,2026-06-12T00:35:00+07:00,2026-06-12T00:35:00+07:00
PAY000610,ORD000682,2026-03-16T02:06:00+07:00,card,success,33828000.00,seed,2026-03-16T02:06:00+07:00,2026-03-16T02:06:00+07:00
PAY000611,ORD000683,2026-04-24T11:15:00+07:00,bank_transfer,failed,8898000.00,seed,2026-04-24T11:15:00+07:00,2026-04-24T11:15:00+07:00
PAY000612,ORD000684,2026-01-29T06:30:00+07:00,card,success,18430500.00,seed,2026-01-29T06:30:00+07:00,2026-01-29T06:30:00+07:00
PAY000613,ORD000685,2026-04-09T21:33:00+07:00,bank_transfer,success,3408500.00,seed,2026-04-09T21:33:00+07:00,2026-04-09T21:33:00+07:00
PAY000614,ORD000686,2026-04-05T01:59:00+07:00,e_wallet,failed,1858000.00,seed,2026-04-05T01:59:00+07:00,2026-04-05T01:59:00+07:00
PAY000615,ORD000687,2026-03-25T06:03:00+07:00,cash,success,21324000.00,seed,2026-03-25T06:03:00+07:00,2026-03-25T06:03:00+07:00
PAY000616,ORD000689,2026-05-06T17:33:00+07:00,card,success,980000.00,seed,2026-05-06T17:33:00+07:00,2026-05-06T17:33:00+07:00
PAY000617,ORD000690,2026-02-05T20:21:00+07:00,bank_transfer,success,34580000.00,seed,2026-02-05T20:21:00+07:00,2026-02-05T20:21:00+07:00
PAY000618,ORD000691,2026-03-15T16:14:00+07:00,cash,success,12985500.00,seed,2026-03-15T16:14:00+07:00,2026-03-15T16:14:00+07:00
PAY000619,ORD000692,2026-01-17T22:23:00+07:00,card,success,8822500.00,seed,2026-01-17T22:23:00+07:00,2026-01-17T22:23:00+07:00
PAY000620,ORD000693,2026-04-08T14:40:00+07:00,bank_transfer,success,11152500.00,seed,2026-04-08T14:40:00+07:00,2026-04-08T14:40:00+07:00
PAY000621,ORD000694,2026-06-26T00:40:00+07:00,bank_transfer,success,6536500.00,seed,2026-06-26T00:40:00+07:00,2026-06-26T00:40:00+07:00
PAY000622,ORD000696,2026-03-08T20:04:00+07:00,e_wallet,success,9782000.00,seed,2026-03-08T20:04:00+07:00,2026-03-08T20:04:00+07:00
PAY000623,ORD000697,2026-02-03T22:45:00+07:00,card,success,22402000.00,seed,2026-02-03T22:45:00+07:00,2026-02-03T22:45:00+07:00
PAY000624,ORD000698,2026-02-14T21:28:00+07:00,e_wallet,success,12351000.00,seed,2026-02-14T21:28:00+07:00,2026-02-14T21:28:00+07:00
PAY000625,ORD000699,2026-05-10T22:00:00+07:00,cash,success,4424000.00,seed,2026-05-10T22:00:00+07:00,2026-05-10T22:00:00+07:00
PAY000626,ORD000700,2026-03-16T20:36:00+07:00,e_wallet,success,10787000.00,seed,2026-03-16T20:36:00+07:00,2026-03-16T20:36:00+07:00
PAY000627,ORD000701,2026-04-08T16:37:00+07:00,e_wallet,success,13579000.00,seed,2026-04-08T16:37:00+07:00,2026-04-08T16:37:00+07:00
PAY000628,ORD000702,2026-04-27T06:37:00+07:00,bank_transfer,success,4383000.00,seed,2026-04-27T06:37:00+07:00,2026-04-27T06:37:00+07:00
PAY000629,ORD000703,2026-04-22T01:19:00+07:00,e_wallet,success,3687500.00,seed,2026-04-22T01:19:00+07:00,2026-04-22T01:19:00+07:00
PAY000630,ORD000704,2026-02-20T23:19:00+07:00,bank_transfer,success,26910000.00,seed,2026-02-20T23:19:00+07:00,2026-02-20T23:19:00+07:00
PAY000631,ORD000705,2026-03-31T15:49:00+07:00,card,success,15468000.00,seed,2026-03-31T15:49:00+07:00,2026-03-31T15:49:00+07:00
PAY000632,ORD000706,2026-06-07T08:24:00+07:00,bank_transfer,success,11730000.00,seed,2026-06-07T08:24:00+07:00,2026-06-07T08:24:00+07:00
PAY000633,ORD000707,2026-02-23T04:34:00+07:00,e_wallet,success,9299000.00,seed,2026-02-23T04:34:00+07:00,2026-02-23T04:34:00+07:00
PAY000634,ORD000708,2026-06-13T18:59:00+07:00,card,success,4522000.00,seed,2026-06-13T18:59:00+07:00,2026-06-13T18:59:00+07:00
PAY000635,ORD000709,2026-03-29T13:22:00+07:00,bank_transfer,success,13556000.00,seed,2026-03-29T13:22:00+07:00,2026-03-29T13:22:00+07:00
PAY000636,ORD000710,2026-06-21T18:28:00+07:00,cash,success,16982000.00,seed,2026-06-21T18:28:00+07:00,2026-06-21T18:28:00+07:00
PAY000637,ORD000711,2026-04-26T23:21:00+07:00,card,success,12151500.00,seed,2026-04-26T23:21:00+07:00,2026-04-26T23:21:00+07:00
PAY000638,ORD000712,2026-02-27T03:40:00+07:00,cash,success,35535000.00,seed,2026-02-27T03:40:00+07:00,2026-02-27T03:40:00+07:00
PAY000639,ORD000713,2026-02-16T17:58:00+07:00,card,success,15294000.00,seed,2026-02-16T17:58:00+07:00,2026-02-16T17:58:00+07:00
PAY000640,ORD000714,2026-02-27T04:57:00+07:00,bank_transfer,success,11658500.00,seed,2026-02-27T04:57:00+07:00,2026-02-27T04:57:00+07:00
PAY000641,ORD000715,2026-05-20T20:35:00+07:00,card,success,4914000.00,seed,2026-05-20T20:35:00+07:00,2026-05-20T20:35:00+07:00
PAY000642,ORD000716,2026-03-30T00:36:00+07:00,e_wallet,success,20514000.00,seed,2026-03-30T00:36:00+07:00,2026-03-30T00:36:00+07:00
PAY000643,ORD000717,2026-05-21T04:25:00+07:00,e_wallet,success,7635000.00,seed,2026-05-21T04:25:00+07:00,2026-05-21T04:25:00+07:00
PAY000644,ORD000718,2026-05-30T19:37:00+07:00,e_wallet,failed,14696500.00,seed,2026-05-30T19:37:00+07:00,2026-05-30T19:37:00+07:00
PAY000645,ORD000719,2026-06-06T18:04:00+07:00,e_wallet,success,15924500.00,seed,2026-06-06T18:04:00+07:00,2026-06-06T18:04:00+07:00
PAY000646,ORD000720,2026-03-29T04:26:00+07:00,card,success,3150000.00,seed,2026-03-29T04:26:00+07:00,2026-03-29T04:26:00+07:00
PAY000647,ORD000721,2026-06-23T21:14:00+07:00,cash,success,38061500.00,seed,2026-06-23T21:14:00+07:00,2026-06-23T21:14:00+07:00
PAY000648,ORD000722,2026-02-03T22:21:00+07:00,cash,success,3204500.00,seed,2026-02-03T22:21:00+07:00,2026-02-03T22:21:00+07:00
PAY000649,ORD000723,2026-05-27T16:36:00+07:00,card,success,22603500.00,seed,2026-05-27T16:36:00+07:00,2026-05-27T16:36:00+07:00
PAY000650,ORD000724,2026-05-07T20:16:00+07:00,card,success,10053500.00,seed,2026-05-07T20:16:00+07:00,2026-05-07T20:16:00+07:00
PAY000651,ORD000725,2026-06-17T21:06:00+07:00,card,success,15600000.00,seed,2026-06-17T21:06:00+07:00,2026-06-17T21:06:00+07:00
PAY000652,ORD000726,2026-06-18T16:07:00+07:00,bank_transfer,success,8814000.00,seed,2026-06-18T16:07:00+07:00,2026-06-18T16:07:00+07:00
PAY000653,ORD000728,2026-04-08T12:53:00+07:00,e_wallet,success,17423000.00,seed,2026-04-08T12:53:00+07:00,2026-04-08T12:53:00+07:00
PAY000654,ORD000729,2026-06-12T08:09:00+07:00,card,success,15395000.00,seed,2026-06-12T08:09:00+07:00,2026-06-12T08:09:00+07:00
PAY000655,ORD000730,2026-02-10T05:53:00+07:00,cash,success,10263500.00,seed,2026-02-10T05:53:00+07:00,2026-02-10T05:53:00+07:00
PAY000656,ORD000731,2026-02-25T19:15:00+07:00,card,success,5220000.00,seed,2026-02-25T19:15:00+07:00,2026-02-25T19:15:00+07:00
PAY000657,ORD000732,2026-03-25T05:47:00+07:00,bank_transfer,failed,9917000.00,seed,2026-03-25T05:47:00+07:00,2026-03-25T05:47:00+07:00
PAY000658,ORD000733,2026-01-10T09:58:00+07:00,bank_transfer,success,30325000.00,seed,2026-01-10T09:58:00+07:00,2026-01-10T09:58:00+07:00
PAY000659,ORD000734,2026-06-08T17:39:00+07:00,card,success,8835000.00,seed,2026-06-08T17:39:00+07:00,2026-06-08T17:39:00+07:00
PAY000660,ORD000735,2026-04-22T03:00:00+07:00,card,success,26979500.00,seed,2026-04-22T03:00:00+07:00,2026-04-22T03:00:00+07:00
PAY000661,ORD000736,2026-02-13T08:42:00+07:00,bank_transfer,failed,18499000.00,seed,2026-02-13T08:42:00+07:00,2026-02-13T08:42:00+07:00
PAY000662,ORD000737,2026-01-09T17:33:00+07:00,cash,success,14424500.00,seed,2026-01-09T17:33:00+07:00,2026-01-09T17:33:00+07:00
PAY000663,ORD000738,2026-02-02T21:48:00+07:00,cash,success,14281500.00,seed,2026-02-02T21:48:00+07:00,2026-02-02T21:48:00+07:00
PAY000664,ORD000739,2026-01-19T01:23:00+07:00,cash,success,43258500.00,seed,2026-01-19T01:23:00+07:00,2026-01-19T01:23:00+07:00
PAY000665,ORD000740,2026-05-18T11:18:00+07:00,card,success,10501000.00,seed,2026-05-18T11:18:00+07:00,2026-05-18T11:18:00+07:00
PAY000666,ORD000741,2026-03-13T22:01:00+07:00,bank_transfer,success,22322000.00,seed,2026-03-13T22:01:00+07:00,2026-03-13T22:01:00+07:00
PAY000667,ORD000742,2026-01-09T23:18:00+07:00,bank_transfer,success,1440000.00,seed,2026-01-09T23:18:00+07:00,2026-01-09T23:18:00+07:00
PAY000668,ORD000743,2026-05-30T11:25:00+07:00,cash,success,24540000.00,seed,2026-05-30T11:25:00+07:00,2026-05-30T11:25:00+07:00
PAY000669,ORD000744,2026-06-10T04:47:00+07:00,e_wallet,failed,12297000.00,seed,2026-06-10T04:47:00+07:00,2026-06-10T04:47:00+07:00
PAY000670,ORD000745,2026-05-08T20:40:00+07:00,card,success,2390000.00,seed,2026-05-08T20:40:00+07:00,2026-05-08T20:40:00+07:00
PAY000671,ORD000746,2026-05-27T15:31:00+07:00,cash,success,6562000.00,seed,2026-05-27T15:31:00+07:00,2026-05-27T15:31:00+07:00
PAY000672,ORD000747,2026-04-14T20:14:00+07:00,cash,success,13000000.00,seed,2026-04-14T20:14:00+07:00,2026-04-14T20:14:00+07:00
PAY000673,ORD000748,2026-06-04T16:50:00+07:00,card,success,10759000.00,seed,2026-06-04T16:50:00+07:00,2026-06-04T16:50:00+07:00
PAY000674,ORD000749,2026-01-08T09:09:00+07:00,bank_transfer,pending,16003000.00,seed,2026-01-08T09:09:00+07:00,2026-01-08T09:09:00+07:00
PAY000675,ORD000750,2026-06-07T18:48:00+07:00,cash,success,3204500.00,seed,2026-06-07T18:48:00+07:00,2026-06-07T18:48:00+07:00
PAY000676,ORD000751,2026-05-06T15:21:00+07:00,card,success,12750500.00,seed,2026-05-06T15:21:00+07:00,2026-05-06T15:21:00+07:00
PAY000677,ORD000752,2026-04-27T05:15:00+07:00,cash,pending,17210000.00,seed,2026-04-27T05:15:00+07:00,2026-04-27T05:15:00+07:00
PAY000678,ORD000754,2026-01-31T18:10:00+07:00,bank_transfer,success,13357000.00,seed,2026-01-31T18:10:00+07:00,2026-01-31T18:10:00+07:00
PAY000679,ORD000755,2026-06-14T23:35:00+07:00,e_wallet,success,5035500.00,seed,2026-06-14T23:35:00+07:00,2026-06-14T23:35:00+07:00
PAY000680,ORD000756,2026-05-29T23:35:00+07:00,e_wallet,success,5499500.00,seed,2026-05-29T23:35:00+07:00,2026-05-29T23:35:00+07:00
PAY000681,ORD000758,2026-01-02T18:24:00+07:00,e_wallet,success,19771500.00,seed,2026-01-02T18:24:00+07:00,2026-01-02T18:24:00+07:00
PAY000682,ORD000759,2026-06-03T14:21:00+07:00,card,success,5310000.00,seed,2026-06-03T14:21:00+07:00,2026-06-03T14:21:00+07:00
PAY000683,ORD000760,2026-01-10T23:59:00+07:00,bank_transfer,success,2310000.00,seed,2026-01-10T23:59:00+07:00,2026-01-10T23:59:00+07:00
PAY000684,ORD000761,2026-06-24T23:20:00+07:00,cash,success,2451000.00,seed,2026-06-24T23:20:00+07:00,2026-06-24T23:20:00+07:00
PAY000685,ORD000762,2026-05-12T16:43:00+07:00,card,success,36891500.00,seed,2026-05-12T16:43:00+07:00,2026-05-12T16:43:00+07:00
PAY000686,ORD000763,2026-05-19T21:01:00+07:00,card,failed,13408000.00,seed,2026-05-19T21:01:00+07:00,2026-05-19T21:01:00+07:00
PAY000687,ORD000764,2026-02-19T04:05:00+07:00,card,success,8371000.00,seed,2026-02-19T04:05:00+07:00,2026-02-19T04:05:00+07:00
PAY000688,ORD000765,2026-06-16T18:53:00+07:00,cash,success,6669000.00,seed,2026-06-16T18:53:00+07:00,2026-06-16T18:53:00+07:00
PAY000689,ORD000766,2026-06-12T23:13:00+07:00,cash,success,8290000.00,seed,2026-06-12T23:13:00+07:00,2026-06-12T23:13:00+07:00
PAY000690,ORD000767,2026-04-03T18:23:00+07:00,cash,success,26950500.00,seed,2026-04-03T18:23:00+07:00,2026-04-03T18:23:00+07:00
PAY000691,ORD000768,2026-06-23T18:18:00+07:00,card,success,11399500.00,seed,2026-06-23T18:18:00+07:00,2026-06-23T18:18:00+07:00
PAY000692,ORD000769,2026-06-24T23:32:00+07:00,e_wallet,success,19896000.00,seed,2026-06-24T23:32:00+07:00,2026-06-24T23:32:00+07:00
PAY000693,ORD000770,2026-02-08T11:04:00+07:00,e_wallet,failed,11220000.00,seed,2026-02-08T11:04:00+07:00,2026-02-08T11:04:00+07:00
PAY000694,ORD000771,2026-05-03T10:40:00+07:00,card,success,10174500.00,seed,2026-05-03T10:40:00+07:00,2026-05-03T10:40:00+07:00
PAY000695,ORD000772,2026-06-11T11:58:00+07:00,bank_transfer,success,3090000.00,seed,2026-06-11T11:58:00+07:00,2026-06-11T11:58:00+07:00
PAY000696,ORD000773,2026-04-12T15:42:00+07:00,bank_transfer,success,14320000.00,seed,2026-04-12T15:42:00+07:00,2026-04-12T15:42:00+07:00
PAY000697,ORD000774,2026-01-13T07:10:00+07:00,bank_transfer,success,13284500.00,seed,2026-01-13T07:10:00+07:00,2026-01-13T07:10:00+07:00
PAY000698,ORD000775,2026-02-03T01:19:00+07:00,card,success,5886000.00,seed,2026-02-03T01:19:00+07:00,2026-02-03T01:19:00+07:00
PAY000699,ORD000776,2026-03-11T19:18:00+07:00,card,success,391000.00,seed,2026-03-11T19:18:00+07:00,2026-03-11T19:18:00+07:00
PAY000700,ORD000777,2026-05-06T05:11:00+07:00,card,success,8283000.00,seed,2026-05-06T05:11:00+07:00,2026-05-06T05:11:00+07:00
PAY000701,ORD000778,2026-05-18T02:17:00+07:00,cash,success,4380000.00,seed,2026-05-18T02:17:00+07:00,2026-05-18T02:17:00+07:00
PAY000702,ORD000779,2026-03-04T18:15:00+07:00,card,success,5395500.00,seed,2026-03-04T18:15:00+07:00,2026-03-04T18:15:00+07:00
PAY000703,ORD000780,2026-06-16T01:18:00+07:00,card,success,12315000.00,seed,2026-06-16T01:18:00+07:00,2026-06-16T01:18:00+07:00
PAY000704,ORD000781,2026-01-11T18:43:00+07:00,cash,success,17615000.00,seed,2026-01-11T18:43:00+07:00,2026-01-11T18:43:00+07:00
PAY000705,ORD000782,2026-03-05T20:22:00+07:00,bank_transfer,failed,15441000.00,seed,2026-03-05T20:22:00+07:00,2026-03-05T20:22:00+07:00
PAY000706,ORD000783,2026-04-10T22:56:00+07:00,e_wallet,success,6423000.00,seed,2026-04-10T22:56:00+07:00,2026-04-10T22:56:00+07:00
PAY000707,ORD000784,2026-03-27T22:18:00+07:00,e_wallet,success,18989000.00,seed,2026-03-27T22:18:00+07:00,2026-03-27T22:18:00+07:00
PAY000708,ORD000785,2026-05-30T16:58:00+07:00,e_wallet,success,3842000.00,seed,2026-05-30T16:58:00+07:00,2026-05-30T16:58:00+07:00
PAY000709,ORD000786,2026-04-24T21:31:00+07:00,bank_transfer,success,4187500.00,seed,2026-04-24T21:31:00+07:00,2026-04-24T21:31:00+07:00
PAY000710,ORD000787,2026-06-12T20:02:00+07:00,cash,success,11698000.00,seed,2026-06-12T20:02:00+07:00,2026-06-12T20:02:00+07:00
PAY000711,ORD000788,2026-01-09T15:58:00+07:00,bank_transfer,pending,6184500.00,seed,2026-01-09T15:58:00+07:00,2026-01-09T15:58:00+07:00
PAY000712,ORD000789,2026-05-19T02:51:00+07:00,e_wallet,success,19023000.00,seed,2026-05-19T02:51:00+07:00,2026-05-19T02:51:00+07:00
PAY000713,ORD000790,2026-03-10T18:42:00+07:00,cash,success,7016000.00,seed,2026-03-10T18:42:00+07:00,2026-03-10T18:42:00+07:00
PAY000714,ORD000791,2026-02-15T16:52:00+07:00,bank_transfer,success,8938500.00,seed,2026-02-15T16:52:00+07:00,2026-02-15T16:52:00+07:00
PAY000715,ORD000792,2026-05-26T19:10:00+07:00,e_wallet,success,3321000.00,seed,2026-05-26T19:10:00+07:00,2026-05-26T19:10:00+07:00
PAY000716,ORD000793,2026-04-28T15:05:00+07:00,card,success,8647500.00,seed,2026-04-28T15:05:00+07:00,2026-04-28T15:05:00+07:00
PAY000717,ORD000794,2026-04-06T03:15:00+07:00,bank_transfer,success,16879500.00,seed,2026-04-06T03:15:00+07:00,2026-04-06T03:15:00+07:00
PAY000718,ORD000795,2026-06-12T20:30:00+07:00,bank_transfer,success,11225000.00,seed,2026-06-12T20:30:00+07:00,2026-06-12T20:30:00+07:00
PAY000719,ORD000796,2026-01-28T17:13:00+07:00,cash,success,10372500.00,seed,2026-01-28T17:13:00+07:00,2026-01-28T17:13:00+07:00
PAY000720,ORD000797,2026-04-10T02:17:00+07:00,bank_transfer,success,5418000.00,seed,2026-04-10T02:17:00+07:00,2026-04-10T02:17:00+07:00
PAY000721,ORD000798,2026-06-26T03:04:00+07:00,card,success,8868000.00,seed,2026-06-26T03:04:00+07:00,2026-06-26T03:04:00+07:00
PAY000722,ORD000799,2026-03-08T01:14:00+07:00,e_wallet,success,7185000.00,seed,2026-03-08T01:14:00+07:00,2026-03-08T01:14:00+07:00
PAY000723,ORD000800,2026-06-12T20:56:00+07:00,e_wallet,success,9081000.00,seed,2026-06-12T20:56:00+07:00,2026-06-12T20:56:00+07:00
PAY000724,ORD000801,2026-04-16T01:05:00+07:00,bank_transfer,success,4394500.00,seed,2026-04-16T01:05:00+07:00,2026-04-16T01:05:00+07:00
PAY000725,ORD000802,2026-01-27T07:38:00+07:00,card,success,12220000.00,seed,2026-01-27T07:38:00+07:00,2026-01-27T07:38:00+07:00
PAY000726,ORD000803,2026-01-15T00:03:00+07:00,cash,success,8962500.00,seed,2026-01-15T00:03:00+07:00,2026-01-15T00:03:00+07:00
PAY000727,ORD000804,2026-03-23T20:24:00+07:00,card,success,7398000.00,seed,2026-03-23T20:24:00+07:00,2026-03-23T20:24:00+07:00
PAY000728,ORD000805,2026-04-06T17:50:00+07:00,e_wallet,success,7150000.00,seed,2026-04-06T17:50:00+07:00,2026-04-06T17:50:00+07:00
PAY000729,ORD000806,2026-01-29T03:44:00+07:00,bank_transfer,success,6189500.00,seed,2026-01-29T03:44:00+07:00,2026-01-29T03:44:00+07:00
PAY000730,ORD000808,2026-06-25T17:08:00+07:00,e_wallet,success,1092500.00,seed,2026-06-25T17:08:00+07:00,2026-06-25T17:08:00+07:00
PAY000731,ORD000809,2026-05-30T02:19:00+07:00,bank_transfer,success,816000.00,seed,2026-05-30T02:19:00+07:00,2026-05-30T02:19:00+07:00
PAY000732,ORD000810,2026-03-09T20:16:00+07:00,bank_transfer,success,4326500.00,seed,2026-03-09T20:16:00+07:00,2026-03-09T20:16:00+07:00
PAY000733,ORD000811,2026-03-11T14:53:00+07:00,card,success,6793000.00,seed,2026-03-11T14:53:00+07:00,2026-03-11T14:53:00+07:00
PAY000734,ORD000813,2026-02-16T05:55:00+07:00,cash,success,18779000.00,seed,2026-02-16T05:55:00+07:00,2026-02-16T05:55:00+07:00
PAY000735,ORD000814,2026-04-16T19:22:00+07:00,e_wallet,success,5899000.00,seed,2026-04-16T19:22:00+07:00,2026-04-16T19:22:00+07:00
PAY000736,ORD000815,2026-02-21T16:17:00+07:00,cash,success,11815000.00,seed,2026-02-21T16:17:00+07:00,2026-02-21T16:17:00+07:00
PAY000737,ORD000816,2026-05-22T04:11:00+07:00,card,success,6341000.00,seed,2026-05-22T04:11:00+07:00,2026-05-22T04:11:00+07:00
PAY000738,ORD000817,2026-04-26T18:18:00+07:00,card,success,6258000.00,seed,2026-04-26T18:18:00+07:00,2026-04-26T18:18:00+07:00
PAY000739,ORD000818,2026-03-04T17:13:00+07:00,e_wallet,success,7680000.00,seed,2026-03-04T17:13:00+07:00,2026-03-04T17:13:00+07:00
PAY000740,ORD000819,2026-02-13T20:58:00+07:00,cash,success,8835000.00,seed,2026-02-13T20:58:00+07:00,2026-02-13T20:58:00+07:00
PAY000741,ORD000820,2026-04-27T11:59:00+07:00,card,success,6977500.00,seed,2026-04-27T11:59:00+07:00,2026-04-27T11:59:00+07:00
PAY000742,ORD000821,2026-04-09T23:45:00+07:00,card,pending,15680000.00,seed,2026-04-09T23:45:00+07:00,2026-04-09T23:45:00+07:00
PAY000743,ORD000822,2026-04-24T15:46:00+07:00,bank_transfer,failed,28350000.00,seed,2026-04-24T15:46:00+07:00,2026-04-24T15:46:00+07:00
PAY000744,ORD000823,2026-05-11T22:21:00+07:00,e_wallet,success,18951000.00,seed,2026-05-11T22:21:00+07:00,2026-05-11T22:21:00+07:00
PAY000745,ORD000824,2026-02-08T23:28:00+07:00,card,success,19748000.00,seed,2026-02-08T23:28:00+07:00,2026-02-08T23:28:00+07:00
PAY000746,ORD000825,2026-05-15T22:53:00+07:00,cash,failed,15137000.00,seed,2026-05-15T22:53:00+07:00,2026-05-15T22:53:00+07:00
PAY000747,ORD000826,2026-06-22T03:58:00+07:00,e_wallet,success,8960500.00,seed,2026-06-22T03:58:00+07:00,2026-06-22T03:58:00+07:00
PAY000748,ORD000827,2026-04-20T00:56:00+07:00,bank_transfer,success,8623000.00,seed,2026-04-20T00:56:00+07:00,2026-04-20T00:56:00+07:00
PAY000749,ORD000829,2026-01-23T21:35:00+07:00,card,success,2943000.00,seed,2026-01-23T21:35:00+07:00,2026-01-23T21:35:00+07:00
PAY000750,ORD000830,2026-03-13T11:56:00+07:00,card,success,10129000.00,seed,2026-03-13T11:56:00+07:00,2026-03-13T11:56:00+07:00
PAY000751,ORD000832,2026-06-20T19:32:00+07:00,card,success,19660000.00,seed,2026-06-20T19:32:00+07:00,2026-06-20T19:32:00+07:00
PAY000752,ORD000833,2026-02-15T11:31:00+07:00,e_wallet,success,6188000.00,seed,2026-02-15T11:31:00+07:00,2026-02-15T11:31:00+07:00
PAY000753,ORD000834,2026-06-10T23:35:00+07:00,e_wallet,success,8170000.00,seed,2026-06-10T23:35:00+07:00,2026-06-10T23:35:00+07:00
PAY000754,ORD000835,2026-01-30T20:01:00+07:00,card,success,4794500.00,seed,2026-01-30T20:01:00+07:00,2026-01-30T20:01:00+07:00
PAY000755,ORD000836,2026-02-08T20:37:00+07:00,bank_transfer,success,3523000.00,seed,2026-02-08T20:37:00+07:00,2026-02-08T20:37:00+07:00
PAY000756,ORD000837,2026-02-24T13:31:00+07:00,cash,success,11007000.00,seed,2026-02-24T13:31:00+07:00,2026-02-24T13:31:00+07:00
PAY000757,ORD000838,2026-01-23T23:55:00+07:00,e_wallet,success,5661000.00,seed,2026-01-23T23:55:00+07:00,2026-01-23T23:55:00+07:00
PAY000758,ORD000839,2026-02-11T17:22:00+07:00,cash,success,10233500.00,seed,2026-02-11T17:22:00+07:00,2026-02-11T17:22:00+07:00
PAY000759,ORD000841,2026-01-10T09:59:00+07:00,cash,success,39385000.00,seed,2026-01-10T09:59:00+07:00,2026-01-10T09:59:00+07:00
PAY000760,ORD000842,2026-06-09T13:18:00+07:00,bank_transfer,success,4794000.00,seed,2026-06-09T13:18:00+07:00,2026-06-09T13:18:00+07:00
PAY000761,ORD000843,2026-03-17T16:42:00+07:00,e_wallet,success,10110000.00,seed,2026-03-17T16:42:00+07:00,2026-03-17T16:42:00+07:00
PAY000762,ORD000844,2026-02-12T02:18:00+07:00,e_wallet,failed,9028500.00,seed,2026-02-12T02:18:00+07:00,2026-02-12T02:18:00+07:00
PAY000763,ORD000845,2026-03-05T04:07:00+07:00,card,success,4420000.00,seed,2026-03-05T04:07:00+07:00,2026-03-05T04:07:00+07:00
PAY000764,ORD000846,2026-04-19T23:14:00+07:00,card,success,19383500.00,seed,2026-04-19T23:14:00+07:00,2026-04-19T23:14:00+07:00
PAY000765,ORD000847,2026-03-17T16:47:00+07:00,cash,success,12504000.00,seed,2026-03-17T16:47:00+07:00,2026-03-17T16:47:00+07:00
PAY000766,ORD000848,2026-03-26T03:19:00+07:00,card,success,9001500.00,seed,2026-03-26T03:19:00+07:00,2026-03-26T03:19:00+07:00
PAY000767,ORD000849,2026-05-10T04:59:00+07:00,e_wallet,success,7493000.00,seed,2026-05-10T04:59:00+07:00,2026-05-10T04:59:00+07:00
PAY000768,ORD000850,2026-01-30T23:09:00+07:00,bank_transfer,failed,5435500.00,seed,2026-01-30T23:09:00+07:00,2026-01-30T23:09:00+07:00
PAY000769,ORD000851,2026-01-15T22:58:00+07:00,card,success,26797500.00,seed,2026-01-15T22:58:00+07:00,2026-01-15T22:58:00+07:00
PAY000770,ORD000852,2026-02-21T02:18:00+07:00,e_wallet,success,5740000.00,seed,2026-02-21T02:18:00+07:00,2026-02-21T02:18:00+07:00
PAY000771,ORD000853,2026-06-05T22:42:00+07:00,bank_transfer,success,8578000.00,seed,2026-06-05T22:42:00+07:00,2026-06-05T22:42:00+07:00
PAY000772,ORD000854,2026-03-19T22:06:00+07:00,card,success,23965500.00,seed,2026-03-19T22:06:00+07:00,2026-03-19T22:06:00+07:00
PAY000773,ORD000855,2026-04-26T01:48:00+07:00,bank_transfer,success,14524000.00,seed,2026-04-26T01:48:00+07:00,2026-04-26T01:48:00+07:00
PAY000774,ORD000856,2026-02-10T11:07:00+07:00,cash,success,20651000.00,seed,2026-02-10T11:07:00+07:00,2026-02-10T11:07:00+07:00
PAY000775,ORD000857,2026-05-04T03:12:00+07:00,cash,success,7170000.00,seed,2026-05-04T03:12:00+07:00,2026-05-04T03:12:00+07:00
PAY000776,ORD000859,2026-01-16T17:39:00+07:00,bank_transfer,success,12115000.00,seed,2026-01-16T17:39:00+07:00,2026-01-16T17:39:00+07:00
PAY000777,ORD000860,2026-06-07T20:23:00+07:00,e_wallet,success,7140000.00,seed,2026-06-07T20:23:00+07:00,2026-06-07T20:23:00+07:00
PAY000778,ORD000861,2026-03-02T17:18:00+07:00,bank_transfer,success,14220000.00,seed,2026-03-02T17:18:00+07:00,2026-03-02T17:18:00+07:00
PAY000779,ORD000863,2026-02-27T23:40:00+07:00,card,success,4900000.00,seed,2026-02-27T23:40:00+07:00,2026-02-27T23:40:00+07:00
PAY000780,ORD000864,2026-03-24T17:27:00+07:00,bank_transfer,success,7444000.00,seed,2026-03-24T17:27:00+07:00,2026-03-24T17:27:00+07:00
PAY000781,ORD000865,2026-05-25T15:31:00+07:00,card,success,21238000.00,seed,2026-05-25T15:31:00+07:00,2026-05-25T15:31:00+07:00
PAY000782,ORD000866,2026-06-01T03:37:00+07:00,e_wallet,success,11461000.00,seed,2026-06-01T03:37:00+07:00,2026-06-01T03:37:00+07:00
PAY000783,ORD000867,2026-03-04T17:36:00+07:00,cash,success,684000.00,seed,2026-03-04T17:36:00+07:00,2026-03-04T17:36:00+07:00
PAY000784,ORD000869,2026-05-13T23:29:00+07:00,bank_transfer,success,19280000.00,seed,2026-05-13T23:29:00+07:00,2026-05-13T23:29:00+07:00
PAY000785,ORD000870,2026-04-02T20:41:00+07:00,e_wallet,success,9153500.00,seed,2026-04-02T20:41:00+07:00,2026-04-02T20:41:00+07:00
PAY000786,ORD000871,2026-04-06T23:30:00+07:00,cash,success,15981500.00,seed,2026-04-06T23:30:00+07:00,2026-04-06T23:30:00+07:00
PAY000787,ORD000872,2026-04-23T23:13:00+07:00,e_wallet,success,29485000.00,seed,2026-04-23T23:13:00+07:00,2026-04-23T23:13:00+07:00
PAY000788,ORD000873,2026-03-23T19:07:00+07:00,e_wallet,success,38998000.00,seed,2026-03-23T19:07:00+07:00,2026-03-23T19:07:00+07:00
PAY000789,ORD000874,2026-01-09T01:43:00+07:00,card,success,19542000.00,seed,2026-01-09T01:43:00+07:00,2026-01-09T01:43:00+07:00
PAY000790,ORD000875,2026-02-25T17:32:00+07:00,cash,success,16074000.00,seed,2026-02-25T17:32:00+07:00,2026-02-25T17:32:00+07:00
PAY000791,ORD000876,2026-03-25T20:16:00+07:00,e_wallet,pending,4759500.00,seed,2026-03-25T20:16:00+07:00,2026-03-25T20:16:00+07:00
PAY000792,ORD000877,2026-04-04T16:39:00+07:00,e_wallet,success,7046000.00,seed,2026-04-04T16:39:00+07:00,2026-04-04T16:39:00+07:00
PAY000793,ORD000878,2026-04-05T20:26:00+07:00,bank_transfer,success,7249000.00,seed,2026-04-05T20:26:00+07:00,2026-04-05T20:26:00+07:00
PAY000794,ORD000879,2026-04-07T23:26:00+07:00,e_wallet,success,4410000.00,seed,2026-04-07T23:26:00+07:00,2026-04-07T23:26:00+07:00
PAY000795,ORD000880,2026-04-09T14:56:00+07:00,cash,success,15990000.00,seed,2026-04-09T14:56:00+07:00,2026-04-09T14:56:00+07:00
PAY000796,ORD000881,2026-01-31T01:57:00+07:00,bank_transfer,success,12898500.00,seed,2026-01-31T01:57:00+07:00,2026-01-31T01:57:00+07:00
PAY000797,ORD000882,2026-06-17T18:49:00+07:00,e_wallet,success,17166000.00,seed,2026-06-17T18:49:00+07:00,2026-06-17T18:49:00+07:00
PAY000798,ORD000883,2026-01-16T11:59:00+07:00,e_wallet,success,4414000.00,seed,2026-01-16T11:59:00+07:00,2026-01-16T11:59:00+07:00
PAY000799,ORD000884,2026-03-03T23:41:00+07:00,bank_transfer,success,20284500.00,seed,2026-03-03T23:41:00+07:00,2026-03-03T23:41:00+07:00
PAY000800,ORD000885,2026-02-01T01:49:00+07:00,e_wallet,success,3660000.00,seed,2026-02-01T01:49:00+07:00,2026-02-01T01:49:00+07:00
PAY000801,ORD000886,2026-03-26T23:20:00+07:00,e_wallet,failed,14604000.00,seed,2026-03-26T23:20:00+07:00,2026-03-26T23:20:00+07:00
PAY000802,ORD000887,2026-05-29T21:33:00+07:00,card,success,32690000.00,seed,2026-05-29T21:33:00+07:00,2026-05-29T21:33:00+07:00
PAY000803,ORD000888,2026-03-27T21:00:00+07:00,cash,success,20720500.00,seed,2026-03-27T21:00:00+07:00,2026-03-27T21:00:00+07:00
PAY000804,ORD000889,2026-04-30T01:15:00+07:00,card,success,13345000.00,seed,2026-04-30T01:15:00+07:00,2026-04-30T01:15:00+07:00
PAY000805,ORD000891,2026-05-26T18:41:00+07:00,e_wallet,pending,6972000.00,seed,2026-05-26T18:41:00+07:00,2026-05-26T18:41:00+07:00
PAY000806,ORD000892,2026-02-08T19:42:00+07:00,e_wallet,success,6630000.00,seed,2026-02-08T19:42:00+07:00,2026-02-08T19:42:00+07:00
PAY000807,ORD000893,2026-05-03T23:23:00+07:00,bank_transfer,success,19066000.00,seed,2026-05-03T23:23:00+07:00,2026-05-03T23:23:00+07:00
PAY000808,ORD000894,2026-02-27T18:35:00+07:00,bank_transfer,success,6210000.00,seed,2026-02-27T18:35:00+07:00,2026-02-27T18:35:00+07:00
PAY000809,ORD000895,2026-04-15T17:21:00+07:00,e_wallet,success,9700000.00,seed,2026-04-15T17:21:00+07:00,2026-04-15T17:21:00+07:00
PAY000810,ORD000897,2026-02-20T04:49:00+07:00,cash,success,5318000.00,seed,2026-02-20T04:49:00+07:00,2026-02-20T04:49:00+07:00
PAY000811,ORD000898,2026-02-28T22:39:00+07:00,e_wallet,refunded,19234000.00,seed,2026-02-28T22:39:00+07:00,2026-02-28T22:39:00+07:00
PAY000812,ORD000899,2026-01-06T13:40:00+07:00,card,success,5975500.00,seed,2026-01-06T13:40:00+07:00,2026-01-06T13:40:00+07:00
PAY000813,ORD000900,2026-01-08T19:16:00+07:00,cash,failed,6122000.00,seed,2026-01-08T19:16:00+07:00,2026-01-08T19:16:00+07:00
PAY000814,ORD000901,2026-03-29T02:58:00+07:00,cash,success,18485000.00,seed,2026-03-29T02:58:00+07:00,2026-03-29T02:58:00+07:00
PAY000815,ORD000902,2026-06-25T14:10:00+07:00,cash,success,4521000.00,seed,2026-06-25T14:10:00+07:00,2026-06-25T14:10:00+07:00
PAY000816,ORD000903,2026-06-12T14:26:00+07:00,cash,success,8325000.00,seed,2026-06-12T14:26:00+07:00,2026-06-12T14:26:00+07:00
PAY000817,ORD000904,2026-04-24T03:25:00+07:00,e_wallet,success,7532000.00,seed,2026-04-24T03:25:00+07:00,2026-04-24T03:25:00+07:00
PAY000818,ORD000905,2026-03-06T01:28:00+07:00,e_wallet,success,5332500.00,seed,2026-03-06T01:28:00+07:00,2026-03-06T01:28:00+07:00
PAY000819,ORD000906,2026-05-15T01:58:00+07:00,bank_transfer,success,1092500.00,seed,2026-05-15T01:58:00+07:00,2026-05-15T01:58:00+07:00
PAY000820,ORD000908,2026-04-10T22:39:00+07:00,card,success,5521500.00,seed,2026-04-10T22:39:00+07:00,2026-04-10T22:39:00+07:00
PAY000821,ORD000909,2026-01-08T09:12:00+07:00,card,success,6117000.00,seed,2026-01-08T09:12:00+07:00,2026-01-08T09:12:00+07:00
PAY000822,ORD000910,2026-01-19T02:23:00+07:00,card,success,14718000.00,seed,2026-01-19T02:23:00+07:00,2026-01-19T02:23:00+07:00
PAY000823,ORD000911,2026-03-21T14:44:00+07:00,card,success,7630000.00,seed,2026-03-21T14:44:00+07:00,2026-03-21T14:44:00+07:00
PAY000824,ORD000912,2026-03-04T19:58:00+07:00,card,success,41562000.00,seed,2026-03-04T19:58:00+07:00,2026-03-04T19:58:00+07:00
PAY000825,ORD000913,2026-04-11T21:13:00+07:00,bank_transfer,success,8984500.00,seed,2026-04-11T21:13:00+07:00,2026-04-11T21:13:00+07:00
PAY000826,ORD000914,2026-02-11T03:19:00+07:00,e_wallet,success,15610000.00,seed,2026-02-11T03:19:00+07:00,2026-02-11T03:19:00+07:00
PAY000827,ORD000915,2026-04-29T02:47:00+07:00,e_wallet,success,9563000.00,seed,2026-04-29T02:47:00+07:00,2026-04-29T02:47:00+07:00
PAY000828,ORD000916,2026-01-20T23:42:00+07:00,card,failed,6722000.00,seed,2026-01-20T23:42:00+07:00,2026-01-20T23:42:00+07:00
PAY000829,ORD000917,2026-01-24T10:00:00+07:00,cash,success,13048500.00,seed,2026-01-24T10:00:00+07:00,2026-01-24T10:00:00+07:00
PAY000830,ORD000918,2026-06-22T12:14:00+07:00,card,success,22311000.00,seed,2026-06-22T12:14:00+07:00,2026-06-22T12:14:00+07:00
PAY000831,ORD000920,2026-06-21T05:11:00+07:00,cash,success,14108000.00,seed,2026-06-21T05:11:00+07:00,2026-06-21T05:11:00+07:00
PAY000832,ORD000921,2026-05-14T22:08:00+07:00,card,success,8450000.00,seed,2026-05-14T22:08:00+07:00,2026-05-14T22:08:00+07:00
PAY000833,ORD000922,2026-02-08T18:58:00+07:00,card,success,5618500.00,seed,2026-02-08T18:58:00+07:00,2026-02-08T18:58:00+07:00
PAY000834,ORD000924,2026-06-26T17:34:00+07:00,e_wallet,success,19040500.00,seed,2026-06-26T17:34:00+07:00,2026-06-26T17:34:00+07:00
PAY000835,ORD000925,2026-01-07T21:26:00+07:00,e_wallet,failed,8744500.00,seed,2026-01-07T21:26:00+07:00,2026-01-07T21:26:00+07:00
PAY000836,ORD000926,2026-05-30T01:50:00+07:00,e_wallet,success,19560500.00,seed,2026-05-30T01:50:00+07:00,2026-05-30T01:50:00+07:00
PAY000837,ORD000927,2026-06-09T16:42:00+07:00,card,success,18640000.00,seed,2026-06-09T16:42:00+07:00,2026-06-09T16:42:00+07:00
PAY000838,ORD000928,2026-05-21T04:04:00+07:00,e_wallet,success,32132000.00,seed,2026-05-21T04:04:00+07:00,2026-05-21T04:04:00+07:00
PAY000839,ORD000929,2026-04-03T17:27:00+07:00,bank_transfer,success,12488000.00,seed,2026-04-03T17:27:00+07:00,2026-04-03T17:27:00+07:00
PAY000840,ORD000931,2026-06-07T20:53:00+07:00,card,success,15242500.00,seed,2026-06-07T20:53:00+07:00,2026-06-07T20:53:00+07:00
PAY000841,ORD000932,2026-03-22T22:44:00+07:00,cash,success,9867500.00,seed,2026-03-22T22:44:00+07:00,2026-03-22T22:44:00+07:00
PAY000842,ORD000933,2026-01-05T20:57:00+07:00,e_wallet,success,17867000.00,seed,2026-01-05T20:57:00+07:00,2026-01-05T20:57:00+07:00
PAY000843,ORD000934,2026-01-24T17:03:00+07:00,card,success,4075500.00,seed,2026-01-24T17:03:00+07:00,2026-01-24T17:03:00+07:00
PAY000844,ORD000935,2026-04-15T13:26:00+07:00,cash,success,7410000.00,seed,2026-04-15T13:26:00+07:00,2026-04-15T13:26:00+07:00
PAY000845,ORD000936,2026-05-11T14:31:00+07:00,e_wallet,success,3867500.00,seed,2026-05-11T14:31:00+07:00,2026-05-11T14:31:00+07:00
PAY000846,ORD000937,2026-06-01T21:05:00+07:00,e_wallet,failed,17807000.00,seed,2026-06-01T21:05:00+07:00,2026-06-01T21:05:00+07:00
PAY000847,ORD000938,2026-04-30T19:59:00+07:00,cash,success,23449000.00,seed,2026-04-30T19:59:00+07:00,2026-04-30T19:59:00+07:00
PAY000848,ORD000939,2026-03-31T06:58:00+07:00,card,success,8490000.00,seed,2026-03-31T06:58:00+07:00,2026-03-31T06:58:00+07:00
PAY000849,ORD000940,2026-05-10T16:52:00+07:00,cash,failed,18599500.00,seed,2026-05-10T16:52:00+07:00,2026-05-10T16:52:00+07:00
PAY000850,ORD000941,2026-01-15T01:16:00+07:00,card,success,13067500.00,seed,2026-01-15T01:16:00+07:00,2026-01-15T01:16:00+07:00
PAY000851,ORD000942,2026-06-29T09:08:00+07:00,card,success,20578500.00,seed,2026-06-29T09:08:00+07:00,2026-06-29T09:08:00+07:00
PAY000852,ORD000943,2026-03-28T04:49:00+07:00,bank_transfer,success,14946000.00,seed,2026-03-28T04:49:00+07:00,2026-03-28T04:49:00+07:00
PAY000853,ORD000945,2026-03-15T14:24:00+07:00,bank_transfer,failed,9710500.00,seed,2026-03-15T14:24:00+07:00,2026-03-15T14:24:00+07:00
PAY000854,ORD000946,2026-06-04T06:19:00+07:00,cash,success,10854500.00,seed,2026-06-04T06:19:00+07:00,2026-06-04T06:19:00+07:00
PAY000855,ORD000947,2026-02-28T05:58:00+07:00,bank_transfer,success,1990000.00,seed,2026-02-28T05:58:00+07:00,2026-02-28T05:58:00+07:00
PAY000856,ORD000948,2026-06-15T03:23:00+07:00,e_wallet,success,28051500.00,seed,2026-06-15T03:23:00+07:00,2026-06-15T03:23:00+07:00
PAY000857,ORD000949,2026-01-17T23:01:00+07:00,e_wallet,success,5740000.00,seed,2026-01-17T23:01:00+07:00,2026-01-17T23:01:00+07:00
PAY000858,ORD000950,2026-03-05T17:13:00+07:00,card,success,16067000.00,seed,2026-03-05T17:13:00+07:00,2026-03-05T17:13:00+07:00
PAY000859,ORD000951,2026-01-18T08:07:00+07:00,bank_transfer,success,357000.00,seed,2026-01-18T08:07:00+07:00,2026-01-18T08:07:00+07:00
PAY000860,ORD000952,2026-03-01T01:26:00+07:00,cash,success,24927000.00,seed,2026-03-01T01:26:00+07:00,2026-03-01T01:26:00+07:00
PAY000861,ORD000953,2026-06-22T22:02:00+07:00,card,success,20039000.00,seed,2026-06-22T22:02:00+07:00,2026-06-22T22:02:00+07:00
PAY000862,ORD000955,2026-01-23T01:27:00+07:00,card,success,1260000.00,seed,2026-01-23T01:27:00+07:00,2026-01-23T01:27:00+07:00
PAY000863,ORD000957,2026-03-24T21:03:00+07:00,card,success,14794000.00,seed,2026-03-24T21:03:00+07:00,2026-03-24T21:03:00+07:00
PAY000864,ORD000958,2026-06-21T20:09:00+07:00,e_wallet,success,11022000.00,seed,2026-06-21T20:09:00+07:00,2026-06-21T20:09:00+07:00
PAY000865,ORD000959,2026-04-04T01:07:00+07:00,e_wallet,success,10515500.00,seed,2026-04-04T01:07:00+07:00,2026-04-04T01:07:00+07:00
PAY000866,ORD000960,2026-01-07T16:22:00+07:00,cash,success,12250000.00,seed,2026-01-07T16:22:00+07:00,2026-01-07T16:22:00+07:00
PAY000867,ORD000961,2026-06-10T13:26:00+07:00,bank_transfer,success,6746000.00,seed,2026-06-10T13:26:00+07:00,2026-06-10T13:26:00+07:00
PAY000868,ORD000962,2026-01-02T02:40:00+07:00,e_wallet,success,12558500.00,seed,2026-01-02T02:40:00+07:00,2026-01-02T02:40:00+07:00
PAY000869,ORD000963,2026-06-16T14:10:00+07:00,cash,success,21092000.00,seed,2026-06-16T14:10:00+07:00,2026-06-16T14:10:00+07:00
PAY000870,ORD000964,2026-02-06T02:05:00+07:00,card,success,9722500.00,seed,2026-02-06T02:05:00+07:00,2026-02-06T02:05:00+07:00
PAY000871,ORD000965,2026-04-27T19:17:00+07:00,bank_transfer,success,20481000.00,seed,2026-04-27T19:17:00+07:00,2026-04-27T19:17:00+07:00
PAY000872,ORD000966,2026-05-10T16:14:00+07:00,bank_transfer,success,8780000.00,seed,2026-05-10T16:14:00+07:00,2026-05-10T16:14:00+07:00
PAY000873,ORD000967,2026-03-23T19:46:00+07:00,cash,success,15900000.00,seed,2026-03-23T19:46:00+07:00,2026-03-23T19:46:00+07:00
PAY000874,ORD000968,2026-01-06T16:21:00+07:00,bank_transfer,success,30980500.00,seed,2026-01-06T16:21:00+07:00,2026-01-06T16:21:00+07:00
PAY000875,ORD000969,2026-01-23T23:12:00+07:00,e_wallet,success,585000.00,seed,2026-01-23T23:12:00+07:00,2026-01-23T23:12:00+07:00
PAY000876,ORD000970,2026-06-20T22:45:00+07:00,card,success,12081000.00,seed,2026-06-20T22:45:00+07:00,2026-06-20T22:45:00+07:00
PAY000877,ORD000971,2026-04-08T19:53:00+07:00,e_wallet,success,24974500.00,seed,2026-04-08T19:53:00+07:00,2026-04-08T19:53:00+07:00
PAY000878,ORD000972,2026-03-23T05:50:00+07:00,bank_transfer,success,21023000.00,seed,2026-03-23T05:50:00+07:00,2026-03-23T05:50:00+07:00
PAY000879,ORD000973,2026-04-02T19:26:00+07:00,card,success,8368500.00,seed,2026-04-02T19:26:00+07:00,2026-04-02T19:26:00+07:00
PAY000880,ORD000974,2026-06-16T09:21:00+07:00,cash,success,13098000.00,seed,2026-06-16T09:21:00+07:00,2026-06-16T09:21:00+07:00
PAY000881,ORD000975,2026-06-08T16:48:00+07:00,bank_transfer,success,7133500.00,seed,2026-06-08T16:48:00+07:00,2026-06-08T16:48:00+07:00
PAY000882,ORD000976,2026-05-18T21:54:00+07:00,cash,success,3469500.00,seed,2026-05-18T21:54:00+07:00,2026-05-18T21:54:00+07:00
PAY000883,ORD000977,2026-06-24T05:01:00+07:00,bank_transfer,failed,11087500.00,seed,2026-06-24T05:01:00+07:00,2026-06-24T05:01:00+07:00
PAY000884,ORD000978,2026-05-03T14:46:00+07:00,cash,success,1120000.00,seed,2026-05-03T14:46:00+07:00,2026-05-03T14:46:00+07:00
PAY000885,ORD000979,2026-02-21T05:53:00+07:00,bank_transfer,success,26724000.00,seed,2026-02-21T05:53:00+07:00,2026-02-21T05:53:00+07:00
PAY000886,ORD000980,2026-04-12T08:11:00+07:00,cash,success,3714500.00,seed,2026-04-12T08:11:00+07:00,2026-04-12T08:11:00+07:00
PAY000887,ORD000981,2026-03-08T16:50:00+07:00,cash,success,4860000.00,seed,2026-03-08T16:50:00+07:00,2026-03-08T16:50:00+07:00
PAY000888,ORD000982,2026-02-10T01:54:00+07:00,e_wallet,success,22048000.00,seed,2026-02-10T01:54:00+07:00,2026-02-10T01:54:00+07:00
PAY000889,ORD000983,2026-06-25T21:36:00+07:00,bank_transfer,success,8020000.00,seed,2026-06-25T21:36:00+07:00,2026-06-25T21:36:00+07:00
PAY000890,ORD000984,2026-05-04T20:17:00+07:00,card,success,22815000.00,seed,2026-05-04T20:17:00+07:00,2026-05-04T20:17:00+07:00
PAY000891,ORD000985,2026-01-11T06:59:00+07:00,e_wallet,success,5292000.00,seed,2026-01-11T06:59:00+07:00,2026-01-11T06:59:00+07:00
PAY000892,ORD000986,2026-06-17T23:39:00+07:00,card,success,9135500.00,seed,2026-06-17T23:39:00+07:00,2026-06-17T23:39:00+07:00
PAY000893,ORD000987,2026-02-19T03:51:00+07:00,card,success,5625000.00,seed,2026-02-19T03:51:00+07:00,2026-02-19T03:51:00+07:00
PAY000894,ORD000988,2026-04-30T22:01:00+07:00,e_wallet,success,20283500.00,seed,2026-04-30T22:01:00+07:00,2026-04-30T22:01:00+07:00
PAY000895,ORD000989,2026-05-23T03:53:00+07:00,cash,success,16940500.00,seed,2026-05-23T03:53:00+07:00,2026-05-23T03:53:00+07:00
PAY000896,ORD000991,2026-02-20T16:23:00+07:00,bank_transfer,success,10051000.00,seed,2026-02-20T16:23:00+07:00,2026-02-20T16:23:00+07:00
PAY000897,ORD000992,2026-01-06T21:34:00+07:00,card,success,21037500.00,seed,2026-01-06T21:34:00+07:00,2026-01-06T21:34:00+07:00
PAY000898,ORD000993,2026-03-02T05:46:00+07:00,e_wallet,success,13585000.00,seed,2026-03-02T05:46:00+07:00,2026-03-02T05:46:00+07:00
PAY000899,ORD000994,2026-06-20T05:17:00+07:00,card,success,12980000.00,seed,2026-06-20T05:17:00+07:00,2026-06-20T05:17:00+07:00
PAY000900,ORD000995,2026-01-09T03:22:00+07:00,cash,success,32151000.00,seed,2026-01-09T03:22:00+07:00,2026-01-09T03:22:00+07:00
PAY000901,ORD000996,2026-02-16T19:49:00+07:00,bank_transfer,success,10854000.00,seed,2026-02-16T19:49:00+07:00,2026-02-16T19:49:00+07:00
PAY000902,ORD000999,2026-04-01T19:35:00+07:00,bank_transfer,success,2637000.00,seed,2026-04-01T19:35:00+07:00,2026-04-01T19:35:00+07:00
PAY000903,ORD001000,2026-03-12T03:29:00+07:00,e_wallet,success,14663000.00,seed,2026-03-12T03:29:00+07:00,2026-03-12T03:29:00+07:00
PAY000904,ORD001001,2026-05-21T14:17:00+07:00,card,success,5750000.00,seed,2026-05-21T14:17:00+07:00,2026-05-21T14:17:00+07:00
PAY000905,ORD001002,2026-05-22T01:19:00+07:00,cash,success,1810500.00,seed,2026-05-22T01:19:00+07:00,2026-05-22T01:19:00+07:00
PAY000906,ORD001003,2026-03-05T19:32:00+07:00,bank_transfer,success,3030500.00,seed,2026-03-05T19:32:00+07:00,2026-03-05T19:32:00+07:00
PAY000907,ORD001004,2026-02-22T06:41:00+07:00,bank_transfer,success,5196000.00,seed,2026-02-22T06:41:00+07:00,2026-02-22T06:41:00+07:00
PAY000908,ORD001005,2026-02-16T22:12:00+07:00,bank_transfer,success,2783500.00,seed,2026-02-16T22:12:00+07:00,2026-02-16T22:12:00+07:00
PAY000909,ORD001006,2026-06-25T21:13:00+07:00,e_wallet,success,6753000.00,seed,2026-06-25T21:13:00+07:00,2026-06-25T21:13:00+07:00
PAY000910,ORD001007,2026-05-06T06:11:00+07:00,e_wallet,success,22890000.00,seed,2026-05-06T06:11:00+07:00,2026-05-06T06:11:00+07:00
PAY000911,ORD001008,2026-01-04T22:11:00+07:00,e_wallet,success,18975000.00,seed,2026-01-04T22:11:00+07:00,2026-01-04T22:11:00+07:00
PAY000912,ORD001009,2026-02-10T23:34:00+07:00,bank_transfer,success,7020000.00,seed,2026-02-10T23:34:00+07:00,2026-02-10T23:34:00+07:00
PAY000913,ORD001010,2026-04-16T15:19:00+07:00,cash,pending,23717500.00,seed,2026-04-16T15:19:00+07:00,2026-04-16T15:19:00+07:00
PAY000914,ORD001011,2026-03-17T14:54:00+07:00,bank_transfer,success,15095500.00,seed,2026-03-17T14:54:00+07:00,2026-03-17T14:54:00+07:00
PAY000915,ORD001012,2026-05-01T07:25:00+07:00,cash,success,3140000.00,seed,2026-05-01T07:25:00+07:00,2026-05-01T07:25:00+07:00
PAY000916,ORD001013,2026-03-26T18:24:00+07:00,cash,success,10869000.00,seed,2026-03-26T18:24:00+07:00,2026-03-26T18:24:00+07:00
PAY000917,ORD001014,2026-05-27T23:48:00+07:00,bank_transfer,success,7247000.00,seed,2026-05-27T23:48:00+07:00,2026-05-27T23:48:00+07:00
PAY000918,ORD001015,2026-01-04T19:24:00+07:00,cash,failed,11394000.00,seed,2026-01-04T19:24:00+07:00,2026-01-04T19:24:00+07:00
PAY000919,ORD001016,2026-02-24T02:10:00+07:00,e_wallet,pending,4580000.00,seed,2026-02-24T02:10:00+07:00,2026-02-24T02:10:00+07:00
PAY000920,ORD001017,2026-04-01T08:08:00+07:00,cash,success,3455000.00,seed,2026-04-01T08:08:00+07:00,2026-04-01T08:08:00+07:00
PAY000921,ORD001018,2026-03-20T08:34:00+07:00,card,success,22432000.00,seed,2026-03-20T08:34:00+07:00,2026-03-20T08:34:00+07:00
PAY000922,ORD001019,2026-05-27T13:25:00+07:00,bank_transfer,success,16060000.00,seed,2026-05-27T13:25:00+07:00,2026-05-27T13:25:00+07:00
PAY000923,ORD001020,2026-06-27T19:25:00+07:00,bank_transfer,success,15297000.00,seed,2026-06-27T19:25:00+07:00,2026-06-27T19:25:00+07:00
PAY000924,ORD001021,2026-03-08T06:14:00+07:00,e_wallet,success,7752000.00,seed,2026-03-08T06:14:00+07:00,2026-03-08T06:14:00+07:00
PAY000925,ORD001022,2026-01-10T22:06:00+07:00,bank_transfer,success,21737000.00,seed,2026-01-10T22:06:00+07:00,2026-01-10T22:06:00+07:00
PAY000926,ORD001023,2026-06-19T00:02:00+07:00,card,success,9435500.00,seed,2026-06-19T00:02:00+07:00,2026-06-19T00:02:00+07:00
PAY000927,ORD001024,2026-06-24T06:11:00+07:00,cash,success,20458000.00,seed,2026-06-24T06:11:00+07:00,2026-06-24T06:11:00+07:00
PAY000928,ORD001025,2026-03-02T21:50:00+07:00,card,success,24782500.00,seed,2026-03-02T21:50:00+07:00,2026-03-02T21:50:00+07:00
PAY000929,ORD001026,2026-02-13T16:59:00+07:00,card,success,5728500.00,seed,2026-02-13T16:59:00+07:00,2026-02-13T16:59:00+07:00
PAY000930,ORD001027,2026-02-10T14:40:00+07:00,cash,success,180000.00,seed,2026-02-10T14:40:00+07:00,2026-02-10T14:40:00+07:00
PAY000931,ORD001028,2026-01-22T03:03:00+07:00,card,success,7751000.00,seed,2026-01-22T03:03:00+07:00,2026-01-22T03:03:00+07:00
PAY000932,ORD001029,2026-04-07T03:14:00+07:00,cash,success,15680000.00,seed,2026-04-07T03:14:00+07:00,2026-04-07T03:14:00+07:00
PAY000933,ORD001030,2026-02-23T12:04:00+07:00,e_wallet,success,24195500.00,seed,2026-02-23T12:04:00+07:00,2026-02-23T12:04:00+07:00
PAY000934,ORD001032,2026-04-03T18:10:00+07:00,e_wallet,success,12106000.00,seed,2026-04-03T18:10:00+07:00,2026-04-03T18:10:00+07:00
PAY000935,ORD001033,2026-01-06T21:10:00+07:00,card,success,8759000.00,seed,2026-01-06T21:10:00+07:00,2026-01-06T21:10:00+07:00
PAY000936,ORD001035,2026-01-27T19:16:00+07:00,e_wallet,success,32435000.00,seed,2026-01-27T19:16:00+07:00,2026-01-27T19:16:00+07:00
PAY000937,ORD001036,2026-02-09T19:50:00+07:00,bank_transfer,success,16905500.00,seed,2026-02-09T19:50:00+07:00,2026-02-09T19:50:00+07:00
PAY000938,ORD001038,2026-03-15T16:17:00+07:00,card,success,11675000.00,seed,2026-03-15T16:17:00+07:00,2026-03-15T16:17:00+07:00
PAY000939,ORD001039,2026-04-05T02:19:00+07:00,card,success,8580000.00,seed,2026-04-05T02:19:00+07:00,2026-04-05T02:19:00+07:00
PAY000940,ORD001040,2026-02-10T17:18:00+07:00,bank_transfer,success,24908000.00,seed,2026-02-10T17:18:00+07:00,2026-02-10T17:18:00+07:00
PAY000941,ORD001041,2026-05-12T19:14:00+07:00,bank_transfer,success,10659000.00,seed,2026-05-12T19:14:00+07:00,2026-05-12T19:14:00+07:00
PAY000942,ORD001042,2026-06-11T15:06:00+07:00,e_wallet,success,3068500.00,seed,2026-06-11T15:06:00+07:00,2026-06-11T15:06:00+07:00
PAY000943,ORD001043,2026-01-21T14:53:00+07:00,bank_transfer,success,10194000.00,seed,2026-01-21T14:53:00+07:00,2026-01-21T14:53:00+07:00
PAY000944,ORD001044,2026-03-01T03:52:00+07:00,e_wallet,success,5510000.00,seed,2026-03-01T03:52:00+07:00,2026-03-01T03:52:00+07:00
PAY000945,ORD001045,2026-05-11T17:23:00+07:00,cash,success,10573500.00,seed,2026-05-11T17:23:00+07:00,2026-05-11T17:23:00+07:00
PAY000946,ORD001046,2026-05-28T14:27:00+07:00,card,success,12500000.00,seed,2026-05-28T14:27:00+07:00,2026-05-28T14:27:00+07:00
PAY000947,ORD001047,2026-05-05T06:21:00+07:00,e_wallet,success,5301000.00,seed,2026-05-05T06:21:00+07:00,2026-05-05T06:21:00+07:00
PAY000948,ORD001048,2026-06-03T00:35:00+07:00,e_wallet,refunded,28190000.00,seed,2026-06-03T00:35:00+07:00,2026-06-03T00:35:00+07:00
PAY000949,ORD001049,2026-06-30T10:37:00+07:00,bank_transfer,success,17109000.00,seed,2026-06-30T10:37:00+07:00,2026-06-30T10:37:00+07:00
PAY000950,ORD001050,2026-06-16T20:54:00+07:00,cash,success,13608000.00,seed,2026-06-16T20:54:00+07:00,2026-06-16T20:54:00+07:00
PAY000951,ORD001051,2026-03-04T09:03:00+07:00,bank_transfer,success,22550000.00,seed,2026-03-04T09:03:00+07:00,2026-03-04T09:03:00+07:00
PAY000952,ORD001052,2026-04-15T17:35:00+07:00,cash,success,14427500.00,seed,2026-04-15T17:35:00+07:00,2026-04-15T17:35:00+07:00
PAY000953,ORD001053,2026-02-26T20:11:00+07:00,card,refunded,816000.00,seed,2026-02-26T20:11:00+07:00,2026-02-26T20:11:00+07:00
PAY000954,ORD001056,2026-02-17T01:25:00+07:00,bank_transfer,success,12166000.00,seed,2026-02-17T01:25:00+07:00,2026-02-17T01:25:00+07:00
PAY000955,ORD001057,2026-05-09T12:21:00+07:00,bank_transfer,success,17467000.00,seed,2026-05-09T12:21:00+07:00,2026-05-09T12:21:00+07:00
PAY000956,ORD001058,2026-03-03T11:31:00+07:00,bank_transfer,success,7740000.00,seed,2026-03-03T11:31:00+07:00,2026-03-03T11:31:00+07:00
PAY000957,ORD001059,2026-02-27T19:11:00+07:00,e_wallet,success,9018000.00,seed,2026-02-27T19:11:00+07:00,2026-02-27T19:11:00+07:00
PAY000958,ORD001060,2026-03-06T23:51:00+07:00,e_wallet,success,18095500.00,seed,2026-03-06T23:51:00+07:00,2026-03-06T23:51:00+07:00
PAY000959,ORD001061,2026-04-09T15:24:00+07:00,bank_transfer,success,6816500.00,seed,2026-04-09T15:24:00+07:00,2026-04-09T15:24:00+07:00
PAY000960,ORD001062,2026-03-10T21:19:00+07:00,card,success,23415000.00,seed,2026-03-10T21:19:00+07:00,2026-03-10T21:19:00+07:00
PAY000961,ORD001063,2026-06-28T00:13:00+07:00,cash,success,9464000.00,seed,2026-06-28T00:13:00+07:00,2026-06-28T00:13:00+07:00
PAY000962,ORD001064,2026-03-07T18:14:00+07:00,card,success,22657500.00,seed,2026-03-07T18:14:00+07:00,2026-03-07T18:14:00+07:00
PAY000963,ORD001065,2026-03-24T17:51:00+07:00,bank_transfer,success,15453500.00,seed,2026-03-24T17:51:00+07:00,2026-03-24T17:51:00+07:00
PAY000964,ORD001066,2026-01-27T17:55:00+07:00,e_wallet,success,1750000.00,seed,2026-01-27T17:55:00+07:00,2026-01-27T17:55:00+07:00
PAY000965,ORD001068,2026-02-08T17:13:00+07:00,bank_transfer,success,25105000.00,seed,2026-02-08T17:13:00+07:00,2026-02-08T17:13:00+07:00
PAY000966,ORD001069,2026-05-13T03:48:00+07:00,e_wallet,pending,24155000.00,seed,2026-05-13T03:48:00+07:00,2026-05-13T03:48:00+07:00
PAY000967,ORD001070,2026-05-25T15:58:00+07:00,bank_transfer,success,29531500.00,seed,2026-05-25T15:58:00+07:00,2026-05-25T15:58:00+07:00
PAY000968,ORD001071,2026-02-20T21:15:00+07:00,e_wallet,success,2449000.00,seed,2026-02-20T21:15:00+07:00,2026-02-20T21:15:00+07:00
PAY000969,ORD001072,2026-06-14T21:06:00+07:00,bank_transfer,success,19559000.00,seed,2026-06-14T21:06:00+07:00,2026-06-14T21:06:00+07:00
PAY000970,ORD001073,2026-06-12T02:52:00+07:00,cash,success,16852000.00,seed,2026-06-12T02:52:00+07:00,2026-06-12T02:52:00+07:00
PAY000971,ORD001074,2026-05-15T01:38:00+07:00,card,success,14117500.00,seed,2026-05-15T01:38:00+07:00,2026-05-15T01:38:00+07:00
PAY000972,ORD001075,2026-05-08T14:04:00+07:00,e_wallet,success,13630000.00,seed,2026-05-08T14:04:00+07:00,2026-05-08T14:04:00+07:00
PAY000973,ORD001076,2026-02-19T15:47:00+07:00,cash,success,1249500.00,seed,2026-02-19T15:47:00+07:00,2026-02-19T15:47:00+07:00
PAY000974,ORD001079,2026-04-17T19:54:00+07:00,bank_transfer,success,17682500.00,seed,2026-04-17T19:54:00+07:00,2026-04-17T19:54:00+07:00
PAY000975,ORD001081,2026-04-06T15:27:00+07:00,card,success,7275500.00,seed,2026-04-06T15:27:00+07:00,2026-04-06T15:27:00+07:00
PAY000976,ORD001082,2026-01-21T03:04:00+07:00,card,success,21842500.00,seed,2026-01-21T03:04:00+07:00,2026-01-21T03:04:00+07:00
PAY000977,ORD001083,2026-03-01T18:52:00+07:00,bank_transfer,success,13702000.00,seed,2026-03-01T18:52:00+07:00,2026-03-01T18:52:00+07:00
PAY000978,ORD001085,2026-06-02T18:51:00+07:00,e_wallet,success,29283000.00,seed,2026-06-02T18:51:00+07:00,2026-06-02T18:51:00+07:00
PAY000979,ORD001086,2026-05-09T08:05:00+07:00,bank_transfer,success,6060000.00,seed,2026-05-09T08:05:00+07:00,2026-05-09T08:05:00+07:00
PAY000980,ORD001087,2026-02-19T22:49:00+07:00,e_wallet,success,19090000.00,seed,2026-02-19T22:49:00+07:00,2026-02-19T22:49:00+07:00
PAY000981,ORD001088,2026-02-22T03:17:00+07:00,e_wallet,success,7395000.00,seed,2026-02-22T03:17:00+07:00,2026-02-22T03:17:00+07:00
PAY000982,ORD001089,2026-03-17T18:34:00+07:00,bank_transfer,success,13220000.00,seed,2026-03-17T18:34:00+07:00,2026-03-17T18:34:00+07:00
PAY000983,ORD001090,2026-06-08T14:10:00+07:00,e_wallet,success,24444500.00,seed,2026-06-08T14:10:00+07:00,2026-06-08T14:10:00+07:00
PAY000984,ORD001091,2026-03-05T02:15:00+07:00,cash,success,11934000.00,seed,2026-03-05T02:15:00+07:00,2026-03-05T02:15:00+07:00
PAY000985,ORD001093,2026-05-20T23:32:00+07:00,cash,success,8380000.00,seed,2026-05-20T23:32:00+07:00,2026-05-20T23:32:00+07:00
PAY000986,ORD001094,2026-06-16T12:51:00+07:00,card,success,7242000.00,seed,2026-06-16T12:51:00+07:00,2026-06-16T12:51:00+07:00
PAY000987,ORD001095,2026-03-21T16:13:00+07:00,cash,success,12305000.00,seed,2026-03-21T16:13:00+07:00,2026-03-21T16:13:00+07:00
PAY000988,ORD001096,2026-05-15T04:09:00+07:00,cash,success,14145000.00,seed,2026-05-15T04:09:00+07:00,2026-05-15T04:09:00+07:00
PAY000989,ORD001097,2026-03-04T22:25:00+07:00,card,success,3277500.00,seed,2026-03-04T22:25:00+07:00,2026-03-04T22:25:00+07:00
PAY000990,ORD001098,2026-01-11T12:54:00+07:00,card,success,7909000.00,seed,2026-01-11T12:54:00+07:00,2026-01-11T12:54:00+07:00
PAY000991,ORD001099,2026-06-24T17:51:00+07:00,card,success,24877000.00,seed,2026-06-24T17:51:00+07:00,2026-06-24T17:51:00+07:00
PAY000992,ORD001100,2026-01-22T11:42:00+07:00,cash,failed,12729000.00,seed,2026-01-22T11:42:00+07:00,2026-01-22T11:42:00+07:00
PAY000993,ORD001102,2026-06-04T01:49:00+07:00,bank_transfer,success,10315000.00,seed,2026-06-04T01:49:00+07:00,2026-06-04T01:49:00+07:00
PAY000994,ORD001103,2026-01-20T09:27:00+07:00,e_wallet,success,25418000.00,seed,2026-01-20T09:27:00+07:00,2026-01-20T09:27:00+07:00
PAY000995,ORD001104,2026-01-06T03:35:00+07:00,bank_transfer,success,15280500.00,seed,2026-01-06T03:35:00+07:00,2026-01-06T03:35:00+07:00
PAY000996,ORD001105,2026-06-20T10:03:00+07:00,e_wallet,success,15247500.00,seed,2026-06-20T10:03:00+07:00,2026-06-20T10:03:00+07:00
PAY000997,ORD001106,2026-02-17T21:27:00+07:00,bank_transfer,success,24909000.00,seed,2026-02-17T21:27:00+07:00,2026-02-17T21:27:00+07:00
PAY000998,ORD001107,2026-02-02T12:19:00+07:00,card,success,12382000.00,seed,2026-02-02T12:19:00+07:00,2026-02-02T12:19:00+07:00
PAY000999,ORD001108,2026-01-18T04:55:00+07:00,cash,pending,1900000.00,seed,2026-01-18T04:55:00+07:00,2026-01-18T04:55:00+07:00
PAY001000,ORD001109,2026-01-08T01:27:00+07:00,card,success,16450000.00,seed,2026-01-08T01:27:00+07:00,2026-01-08T01:27:00+07:00
PAY001001,ORD001110,2026-06-17T13:33:00+07:00,e_wallet,success,9016500.00,seed,2026-06-17T13:33:00+07:00,2026-06-17T13:33:00+07:00
PAY001002,ORD001111,2026-05-29T01:37:00+07:00,card,success,6589500.00,seed,2026-05-29T01:37:00+07:00,2026-05-29T01:37:00+07:00
PAY001003,ORD001112,2026-01-28T00:46:00+07:00,bank_transfer,success,14829000.00,seed,2026-01-28T00:46:00+07:00,2026-01-28T00:46:00+07:00
PAY001004,ORD001113,2026-04-08T05:23:00+07:00,e_wallet,success,12578000.00,seed,2026-04-08T05:23:00+07:00,2026-04-08T05:23:00+07:00
PAY001005,ORD001114,2026-02-12T14:14:00+07:00,bank_transfer,success,970000.00,seed,2026-02-12T14:14:00+07:00,2026-02-12T14:14:00+07:00
PAY001006,ORD001115,2026-04-11T07:37:00+07:00,e_wallet,pending,11324000.00,seed,2026-04-11T07:37:00+07:00,2026-04-11T07:37:00+07:00
PAY001007,ORD001116,2026-02-22T05:51:00+07:00,e_wallet,success,25944500.00,seed,2026-02-22T05:51:00+07:00,2026-02-22T05:51:00+07:00
PAY001008,ORD001118,2026-02-19T21:11:00+07:00,e_wallet,success,17874500.00,seed,2026-02-19T21:11:00+07:00,2026-02-19T21:11:00+07:00
PAY001009,ORD001119,2026-05-14T01:05:00+07:00,bank_transfer,success,5443500.00,seed,2026-05-14T01:05:00+07:00,2026-05-14T01:05:00+07:00
PAY001010,ORD001120,2026-04-22T21:02:00+07:00,card,success,3519000.00,seed,2026-04-22T21:02:00+07:00,2026-04-22T21:02:00+07:00
PAY001011,ORD001121,2026-01-31T02:30:00+07:00,e_wallet,success,9871500.00,seed,2026-01-31T02:30:00+07:00,2026-01-31T02:30:00+07:00
PAY001012,ORD001122,2026-05-02T20:36:00+07:00,card,success,4814500.00,seed,2026-05-02T20:36:00+07:00,2026-05-02T20:36:00+07:00
PAY001013,ORD001123,2026-02-07T08:25:00+07:00,e_wallet,success,11584000.00,seed,2026-02-07T08:25:00+07:00,2026-02-07T08:25:00+07:00
PAY001014,ORD001124,2026-06-13T02:29:00+07:00,bank_transfer,success,6984000.00,seed,2026-06-13T02:29:00+07:00,2026-06-13T02:29:00+07:00
PAY001015,ORD001125,2026-06-07T10:10:00+07:00,e_wallet,success,8209500.00,seed,2026-06-07T10:10:00+07:00,2026-06-07T10:10:00+07:00
PAY001016,ORD001126,2026-02-24T16:37:00+07:00,bank_transfer,success,5743500.00,seed,2026-02-24T16:37:00+07:00,2026-02-24T16:37:00+07:00
PAY001017,ORD001127,2026-03-29T02:52:00+07:00,cash,success,5236000.00,seed,2026-03-29T02:52:00+07:00,2026-03-29T02:52:00+07:00
PAY001018,ORD001128,2026-06-13T19:27:00+07:00,bank_transfer,success,26479500.00,seed,2026-06-13T19:27:00+07:00,2026-06-13T19:27:00+07:00
PAY001019,ORD001129,2026-04-03T20:58:00+07:00,bank_transfer,failed,3844500.00,seed,2026-04-03T20:58:00+07:00,2026-04-03T20:58:00+07:00
PAY001020,ORD001130,2026-06-10T17:01:00+07:00,bank_transfer,success,11630000.00,seed,2026-06-10T17:01:00+07:00,2026-06-10T17:01:00+07:00
PAY001021,ORD001131,2026-05-17T11:47:00+07:00,card,success,5983000.00,seed,2026-05-17T11:47:00+07:00,2026-05-17T11:47:00+07:00
PAY001022,ORD001132,2026-03-09T22:03:00+07:00,e_wallet,success,16994000.00,seed,2026-03-09T22:03:00+07:00,2026-03-09T22:03:00+07:00
PAY001023,ORD001133,2026-04-02T04:49:00+07:00,bank_transfer,success,14333500.00,seed,2026-04-02T04:49:00+07:00,2026-04-02T04:49:00+07:00
PAY001024,ORD001134,2026-01-02T19:10:00+07:00,e_wallet,success,16264500.00,seed,2026-01-02T19:10:00+07:00,2026-01-02T19:10:00+07:00
PAY001025,ORD001136,2026-06-16T13:04:00+07:00,cash,success,5662000.00,seed,2026-06-16T13:04:00+07:00,2026-06-16T13:04:00+07:00
PAY001026,ORD001137,2026-02-14T21:39:00+07:00,cash,success,12866500.00,seed,2026-02-14T21:39:00+07:00,2026-02-14T21:39:00+07:00
PAY001027,ORD001138,2026-03-02T20:45:00+07:00,card,success,10600000.00,seed,2026-03-02T20:45:00+07:00,2026-03-02T20:45:00+07:00
PAY001028,ORD001139,2026-04-26T00:24:00+07:00,cash,success,8906000.00,seed,2026-04-26T00:24:00+07:00,2026-04-26T00:24:00+07:00
PAY001029,ORD001141,2026-03-04T21:21:00+07:00,e_wallet,failed,7090000.00,seed,2026-03-04T21:21:00+07:00,2026-03-04T21:21:00+07:00
PAY001030,ORD001142,2026-04-16T01:12:00+07:00,card,success,6811500.00,seed,2026-04-16T01:12:00+07:00,2026-04-16T01:12:00+07:00
PAY001031,ORD001143,2026-02-28T04:52:00+07:00,bank_transfer,success,3529500.00,seed,2026-02-28T04:52:00+07:00,2026-02-28T04:52:00+07:00
PAY001032,ORD001144,2026-03-03T19:14:00+07:00,cash,success,8847000.00,seed,2026-03-03T19:14:00+07:00,2026-03-03T19:14:00+07:00
PAY001033,ORD001145,2026-06-08T16:46:00+07:00,bank_transfer,success,1460000.00,seed,2026-06-08T16:46:00+07:00,2026-06-08T16:46:00+07:00
PAY001034,ORD001146,2026-05-12T19:47:00+07:00,e_wallet,success,13523000.00,seed,2026-05-12T19:47:00+07:00,2026-05-12T19:47:00+07:00
PAY001035,ORD001148,2026-01-24T19:48:00+07:00,card,success,15705500.00,seed,2026-01-24T19:48:00+07:00,2026-01-24T19:48:00+07:00
PAY001036,ORD001149,2026-05-20T05:48:00+07:00,bank_transfer,success,1260000.00,seed,2026-05-20T05:48:00+07:00,2026-05-20T05:48:00+07:00
PAY001037,ORD001150,2026-03-27T23:55:00+07:00,cash,success,6610000.00,seed,2026-03-27T23:55:00+07:00,2026-03-27T23:55:00+07:00
PAY001038,ORD001151,2026-01-17T23:17:00+07:00,bank_transfer,success,14176000.00,seed,2026-01-17T23:17:00+07:00,2026-01-17T23:17:00+07:00
PAY001039,ORD001152,2026-04-18T00:23:00+07:00,bank_transfer,success,6760000.00,seed,2026-04-18T00:23:00+07:00,2026-04-18T00:23:00+07:00
PAY001040,ORD001154,2026-06-24T01:34:00+07:00,card,success,31496500.00,seed,2026-06-24T01:34:00+07:00,2026-06-24T01:34:00+07:00
PAY001041,ORD001155,2026-02-27T18:44:00+07:00,card,pending,7234000.00,seed,2026-02-27T18:44:00+07:00,2026-02-27T18:44:00+07:00
PAY001042,ORD001156,2026-01-01T22:58:00+07:00,bank_transfer,success,16230000.00,seed,2026-01-01T22:58:00+07:00,2026-01-01T22:58:00+07:00
PAY001043,ORD001158,2026-02-15T21:44:00+07:00,cash,success,23814000.00,seed,2026-02-15T21:44:00+07:00,2026-02-15T21:44:00+07:00
PAY001044,ORD001159,2026-04-03T01:04:00+07:00,bank_transfer,success,20663500.00,seed,2026-04-03T01:04:00+07:00,2026-04-03T01:04:00+07:00
PAY001045,ORD001160,2026-02-17T20:14:00+07:00,cash,success,2361000.00,seed,2026-02-17T20:14:00+07:00,2026-02-17T20:14:00+07:00
PAY001046,ORD001161,2026-06-21T21:06:00+07:00,bank_transfer,success,4339500.00,seed,2026-06-21T21:06:00+07:00,2026-06-21T21:06:00+07:00
PAY001047,ORD001162,2026-06-26T21:30:00+07:00,e_wallet,success,20801000.00,seed,2026-06-26T21:30:00+07:00,2026-06-26T21:30:00+07:00
PAY001048,ORD001163,2026-02-11T05:39:00+07:00,cash,success,5661500.00,seed,2026-02-11T05:39:00+07:00,2026-02-11T05:39:00+07:00
PAY001049,ORD001164,2026-04-12T04:33:00+07:00,e_wallet,success,9746500.00,seed,2026-04-12T04:33:00+07:00,2026-04-12T04:33:00+07:00
PAY001050,ORD001165,2026-05-11T18:28:00+07:00,bank_transfer,success,9641000.00,seed,2026-05-11T18:28:00+07:00,2026-05-11T18:28:00+07:00
PAY001051,ORD001166,2026-05-16T22:43:00+07:00,e_wallet,pending,2534000.00,seed,2026-05-16T22:43:00+07:00,2026-05-16T22:43:00+07:00
PAY001052,ORD001167,2026-06-06T23:54:00+07:00,bank_transfer,failed,9281000.00,seed,2026-06-06T23:54:00+07:00,2026-06-06T23:54:00+07:00
PAY001053,ORD001168,2026-02-13T16:38:00+07:00,cash,success,16580500.00,seed,2026-02-13T16:38:00+07:00,2026-02-13T16:38:00+07:00
PAY001054,ORD001169,2026-04-04T01:26:00+07:00,card,success,8509000.00,seed,2026-04-04T01:26:00+07:00,2026-04-04T01:26:00+07:00
PAY001055,ORD001170,2026-04-17T18:13:00+07:00,bank_transfer,success,14144000.00,seed,2026-04-17T18:13:00+07:00,2026-04-17T18:13:00+07:00
PAY001056,ORD001171,2026-02-28T07:36:00+07:00,card,success,12362500.00,seed,2026-02-28T07:36:00+07:00,2026-02-28T07:36:00+07:00
PAY001057,ORD001172,2026-01-27T00:20:00+07:00,card,success,17293000.00,seed,2026-01-27T00:20:00+07:00,2026-01-27T00:20:00+07:00
PAY001058,ORD001173,2026-02-09T01:25:00+07:00,bank_transfer,success,29290500.00,seed,2026-02-09T01:25:00+07:00,2026-02-09T01:25:00+07:00
PAY001059,ORD001174,2026-03-10T10:52:00+07:00,bank_transfer,success,6984000.00,seed,2026-03-10T10:52:00+07:00,2026-03-10T10:52:00+07:00
PAY001060,ORD001175,2026-01-22T14:55:00+07:00,e_wallet,success,6180500.00,seed,2026-01-22T14:55:00+07:00,2026-01-22T14:55:00+07:00
PAY001061,ORD001176,2026-02-25T17:05:00+07:00,cash,success,17017000.00,seed,2026-02-25T17:05:00+07:00,2026-02-25T17:05:00+07:00
PAY001062,ORD001177,2026-01-14T18:48:00+07:00,cash,success,22476000.00,seed,2026-01-14T18:48:00+07:00,2026-01-14T18:48:00+07:00
PAY001063,ORD001178,2026-03-09T18:44:00+07:00,card,success,16023500.00,seed,2026-03-09T18:44:00+07:00,2026-03-09T18:44:00+07:00
PAY001064,ORD001179,2026-02-22T21:39:00+07:00,e_wallet,success,4910500.00,seed,2026-02-22T21:39:00+07:00,2026-02-22T21:39:00+07:00
PAY001065,ORD001180,2026-05-13T21:50:00+07:00,e_wallet,success,3570000.00,seed,2026-05-13T21:50:00+07:00,2026-05-13T21:50:00+07:00
PAY001066,ORD001182,2026-03-10T00:50:00+07:00,bank_transfer,success,23679000.00,seed,2026-03-10T00:50:00+07:00,2026-03-10T00:50:00+07:00
PAY001067,ORD001183,2026-05-24T01:32:00+07:00,cash,success,3880000.00,seed,2026-05-24T01:32:00+07:00,2026-05-24T01:32:00+07:00
PAY001068,ORD001184,2026-06-28T03:18:00+07:00,card,success,21292000.00,seed,2026-06-28T03:18:00+07:00,2026-06-28T03:18:00+07:00
PAY001069,ORD001185,2026-06-07T19:57:00+07:00,card,success,1273000.00,seed,2026-06-07T19:57:00+07:00,2026-06-07T19:57:00+07:00
PAY001070,ORD001186,2026-05-27T15:38:00+07:00,card,success,1340000.00,seed,2026-05-27T15:38:00+07:00,2026-05-27T15:38:00+07:00
PAY001071,ORD001187,2026-06-16T22:05:00+07:00,e_wallet,success,9567500.00,seed,2026-06-16T22:05:00+07:00,2026-06-16T22:05:00+07:00
PAY001072,ORD001188,2026-01-11T01:05:00+07:00,card,success,1368000.00,seed,2026-01-11T01:05:00+07:00,2026-01-11T01:05:00+07:00
PAY001073,ORD001189,2026-01-18T22:28:00+07:00,card,failed,26665000.00,seed,2026-01-18T22:28:00+07:00,2026-01-18T22:28:00+07:00
PAY001074,ORD001190,2026-04-04T08:05:00+07:00,bank_transfer,success,18397000.00,seed,2026-04-04T08:05:00+07:00,2026-04-04T08:05:00+07:00
PAY001075,ORD001191,2026-01-31T00:56:00+07:00,e_wallet,success,14193000.00,seed,2026-01-31T00:56:00+07:00,2026-01-31T00:56:00+07:00
PAY001076,ORD001192,2026-03-17T20:01:00+07:00,e_wallet,success,9659000.00,seed,2026-03-17T20:01:00+07:00,2026-03-17T20:01:00+07:00
PAY001077,ORD001193,2026-01-22T22:24:00+07:00,cash,success,6672500.00,seed,2026-01-22T22:24:00+07:00,2026-01-22T22:24:00+07:00
PAY001078,ORD001194,2026-02-19T08:38:00+07:00,bank_transfer,success,5423000.00,seed,2026-02-19T08:38:00+07:00,2026-02-19T08:38:00+07:00
PAY001079,ORD001195,2026-05-05T02:57:00+07:00,bank_transfer,success,8968000.00,seed,2026-05-05T02:57:00+07:00,2026-05-05T02:57:00+07:00
PAY001080,ORD001196,2026-06-09T14:31:00+07:00,card,success,10367500.00,seed,2026-06-09T14:31:00+07:00,2026-06-09T14:31:00+07:00
PAY001081,ORD001197,2026-03-17T15:38:00+07:00,e_wallet,success,19633500.00,seed,2026-03-17T15:38:00+07:00,2026-03-17T15:38:00+07:00
PAY001082,ORD001198,2026-06-29T22:09:00+07:00,cash,success,13575500.00,seed,2026-06-29T22:09:00+07:00,2026-06-29T22:09:00+07:00
PAY001083,ORD001199,2026-01-02T18:56:00+07:00,bank_transfer,success,263500.00,seed,2026-01-02T18:56:00+07:00,2026-01-02T18:56:00+07:00
PAY001084,ORD001200,2026-04-29T19:53:00+07:00,e_wallet,success,20626000.00,seed,2026-04-29T19:53:00+07:00,2026-04-29T19:53:00+07:00
PAY001085,ORD001201,2026-02-08T14:26:00+07:00,cash,failed,18657500.00,seed,2026-02-08T14:26:00+07:00,2026-02-08T14:26:00+07:00
PAY001086,ORD001202,2026-01-03T16:54:00+07:00,cash,success,21814500.00,seed,2026-01-03T16:54:00+07:00,2026-01-03T16:54:00+07:00
PAY001087,ORD001204,2026-05-27T01:43:00+07:00,e_wallet,success,8670000.00,seed,2026-05-27T01:43:00+07:00,2026-05-27T01:43:00+07:00
PAY001088,ORD001205,2026-05-13T23:33:00+07:00,bank_transfer,success,10840000.00,seed,2026-05-13T23:33:00+07:00,2026-05-13T23:33:00+07:00
PAY001089,ORD001206,2026-03-04T19:50:00+07:00,card,success,13347500.00,seed,2026-03-04T19:50:00+07:00,2026-03-04T19:50:00+07:00
PAY001090,ORD001207,2026-04-18T03:34:00+07:00,bank_transfer,success,7031500.00,seed,2026-04-18T03:34:00+07:00,2026-04-18T03:34:00+07:00
PAY001091,ORD001208,2026-06-16T16:38:00+07:00,card,success,12900000.00,seed,2026-06-16T16:38:00+07:00,2026-06-16T16:38:00+07:00
PAY001092,ORD001209,2026-03-11T18:14:00+07:00,card,success,25405500.00,seed,2026-03-11T18:14:00+07:00,2026-03-11T18:14:00+07:00
PAY001093,ORD001210,2026-02-03T15:07:00+07:00,cash,success,17187500.00,seed,2026-02-03T15:07:00+07:00,2026-02-03T15:07:00+07:00
PAY001094,ORD001211,2026-02-27T17:23:00+07:00,cash,success,8258500.00,seed,2026-02-27T17:23:00+07:00,2026-02-27T17:23:00+07:00
PAY001095,ORD001212,2026-05-21T07:40:00+07:00,card,success,16226500.00,seed,2026-05-21T07:40:00+07:00,2026-05-21T07:40:00+07:00
PAY001096,ORD001213,2026-04-18T06:55:00+07:00,cash,success,10455500.00,seed,2026-04-18T06:55:00+07:00,2026-04-18T06:55:00+07:00
PAY001097,ORD001214,2026-03-20T18:17:00+07:00,bank_transfer,success,26868000.00,seed,2026-03-20T18:17:00+07:00,2026-03-20T18:17:00+07:00
PAY001098,ORD001215,2026-01-17T10:47:00+07:00,card,success,29801000.00,seed,2026-01-17T10:47:00+07:00,2026-01-17T10:47:00+07:00
PAY001099,ORD001216,2026-02-28T12:34:00+07:00,e_wallet,success,15605000.00,seed,2026-02-28T12:34:00+07:00,2026-02-28T12:34:00+07:00
PAY001100,ORD001217,2026-03-03T01:45:00+07:00,cash,success,23890000.00,seed,2026-03-03T01:45:00+07:00,2026-03-03T01:45:00+07:00
PAY001101,ORD001218,2026-01-29T18:08:00+07:00,card,success,20946000.00,seed,2026-01-29T18:08:00+07:00,2026-01-29T18:08:00+07:00
PAY001102,ORD001220,2026-03-07T19:29:00+07:00,cash,success,418000.00,seed,2026-03-07T19:29:00+07:00,2026-03-07T19:29:00+07:00
PAY001103,ORD001221,2026-04-17T22:15:00+07:00,cash,success,12040000.00,seed,2026-04-17T22:15:00+07:00,2026-04-17T22:15:00+07:00
PAY001104,ORD001222,2026-04-17T21:51:00+07:00,bank_transfer,success,16815000.00,seed,2026-04-17T21:51:00+07:00,2026-04-17T21:51:00+07:00
PAY001105,ORD001225,2026-01-25T18:04:00+07:00,bank_transfer,success,5206000.00,seed,2026-01-25T18:04:00+07:00,2026-01-25T18:04:00+07:00
PAY001106,ORD001226,2026-06-17T19:54:00+07:00,e_wallet,success,760000.00,seed,2026-06-17T19:54:00+07:00,2026-06-17T19:54:00+07:00
PAY001107,ORD001227,2026-05-27T03:45:00+07:00,e_wallet,success,7505000.00,seed,2026-05-27T03:45:00+07:00,2026-05-27T03:45:00+07:00
PAY001108,ORD001228,2026-01-11T14:46:00+07:00,bank_transfer,success,5670000.00,seed,2026-01-11T14:46:00+07:00,2026-01-11T14:46:00+07:00
PAY001109,ORD001229,2026-06-24T03:19:00+07:00,e_wallet,success,7461000.00,seed,2026-06-24T03:19:00+07:00,2026-06-24T03:19:00+07:00
PAY001110,ORD001230,2026-03-08T00:15:00+07:00,e_wallet,success,7992000.00,seed,2026-03-08T00:15:00+07:00,2026-03-08T00:15:00+07:00
PAY001111,ORD001231,2026-04-15T22:51:00+07:00,bank_transfer,success,21449500.00,seed,2026-04-15T22:51:00+07:00,2026-04-15T22:51:00+07:00
PAY001112,ORD001232,2026-06-03T03:33:00+07:00,e_wallet,success,5087500.00,seed,2026-06-03T03:33:00+07:00,2026-06-03T03:33:00+07:00
PAY001113,ORD001233,2026-01-10T22:26:00+07:00,e_wallet,success,7522500.00,seed,2026-01-10T22:26:00+07:00,2026-01-10T22:26:00+07:00
PAY001114,ORD001234,2026-01-16T17:09:00+07:00,card,success,15531000.00,seed,2026-01-16T17:09:00+07:00,2026-01-16T17:09:00+07:00
PAY001115,ORD001235,2026-03-07T04:49:00+07:00,e_wallet,success,5300000.00,seed,2026-03-07T04:49:00+07:00,2026-03-07T04:49:00+07:00
PAY001116,ORD001238,2026-03-26T22:20:00+07:00,card,success,10122000.00,seed,2026-03-26T22:20:00+07:00,2026-03-26T22:20:00+07:00
PAY001117,ORD001239,2026-03-07T17:09:00+07:00,cash,success,22657500.00,seed,2026-03-07T17:09:00+07:00,2026-03-07T17:09:00+07:00
PAY001118,ORD001240,2026-06-18T02:46:00+07:00,bank_transfer,success,23380000.00,seed,2026-06-18T02:46:00+07:00,2026-06-18T02:46:00+07:00
PAY001119,ORD001241,2026-05-09T05:42:00+07:00,bank_transfer,success,446500.00,seed,2026-05-09T05:42:00+07:00,2026-05-09T05:42:00+07:00
PAY001120,ORD001242,2026-04-19T18:38:00+07:00,card,success,9921500.00,seed,2026-04-19T18:38:00+07:00,2026-04-19T18:38:00+07:00
PAY001121,ORD001243,2026-04-01T23:37:00+07:00,card,success,11408000.00,seed,2026-04-01T23:37:00+07:00,2026-04-01T23:37:00+07:00
PAY001122,ORD001246,2026-02-11T13:24:00+07:00,e_wallet,success,18497500.00,seed,2026-02-11T13:24:00+07:00,2026-02-11T13:24:00+07:00
PAY001123,ORD001247,2026-05-02T14:44:00+07:00,bank_transfer,success,4590000.00,seed,2026-05-02T14:44:00+07:00,2026-05-02T14:44:00+07:00
PAY001124,ORD001248,2026-05-01T15:39:00+07:00,card,pending,12360000.00,seed,2026-05-01T15:39:00+07:00,2026-05-01T15:39:00+07:00
PAY001125,ORD001249,2026-05-16T20:42:00+07:00,cash,success,7980500.00,seed,2026-05-16T20:42:00+07:00,2026-05-16T20:42:00+07:00
PAY001126,ORD001250,2026-04-06T02:11:00+07:00,bank_transfer,success,19815000.00,seed,2026-04-06T02:11:00+07:00,2026-04-06T02:11:00+07:00
PAY001127,ORD001251,2026-02-03T14:32:00+07:00,e_wallet,success,31180000.00,seed,2026-02-03T14:32:00+07:00,2026-02-03T14:32:00+07:00
PAY001128,ORD001252,2026-01-16T14:14:00+07:00,card,success,33918000.00,seed,2026-01-16T14:14:00+07:00,2026-01-16T14:14:00+07:00
PAY001129,ORD001253,2026-05-21T02:23:00+07:00,bank_transfer,failed,10499000.00,seed,2026-05-21T02:23:00+07:00,2026-05-21T02:23:00+07:00
PAY001130,ORD001256,2026-02-25T22:04:00+07:00,cash,success,23263000.00,seed,2026-02-25T22:04:00+07:00,2026-02-25T22:04:00+07:00
PAY001131,ORD001257,2026-03-20T19:46:00+07:00,card,success,22083000.00,seed,2026-03-20T19:46:00+07:00,2026-03-20T19:46:00+07:00
PAY001132,ORD001258,2026-02-23T19:26:00+07:00,cash,success,26641500.00,seed,2026-02-23T19:26:00+07:00,2026-02-23T19:26:00+07:00
PAY001133,ORD001259,2026-03-03T22:52:00+07:00,cash,success,12280000.00,seed,2026-03-03T22:52:00+07:00,2026-03-03T22:52:00+07:00
PAY001134,ORD001260,2026-04-03T00:07:00+07:00,e_wallet,success,12330000.00,seed,2026-04-03T00:07:00+07:00,2026-04-03T00:07:00+07:00
PAY001135,ORD001261,2026-05-05T08:29:00+07:00,card,success,7671000.00,seed,2026-05-05T08:29:00+07:00,2026-05-05T08:29:00+07:00
PAY001136,ORD001262,2026-01-07T03:16:00+07:00,cash,failed,10506000.00,seed,2026-01-07T03:16:00+07:00,2026-01-07T03:16:00+07:00
PAY001137,ORD001263,2026-06-12T05:00:00+07:00,bank_transfer,success,7096500.00,seed,2026-06-12T05:00:00+07:00,2026-06-12T05:00:00+07:00
PAY001138,ORD001264,2026-02-23T01:34:00+07:00,bank_transfer,success,20138500.00,seed,2026-02-23T01:34:00+07:00,2026-02-23T01:34:00+07:00
PAY001139,ORD001265,2026-01-17T18:29:00+07:00,e_wallet,success,11595500.00,seed,2026-01-17T18:29:00+07:00,2026-01-17T18:29:00+07:00
PAY001140,ORD001266,2026-01-02T16:22:00+07:00,cash,success,2850000.00,seed,2026-01-02T16:22:00+07:00,2026-01-02T16:22:00+07:00
PAY001141,ORD001267,2026-06-19T23:08:00+07:00,cash,failed,19750000.00,seed,2026-06-19T23:08:00+07:00,2026-06-19T23:08:00+07:00
PAY001142,ORD001268,2026-06-07T03:18:00+07:00,card,success,4835000.00,seed,2026-06-07T03:18:00+07:00,2026-06-07T03:18:00+07:00
PAY001143,ORD001269,2026-02-19T00:55:00+07:00,card,success,4158000.00,seed,2026-02-19T00:55:00+07:00,2026-02-19T00:55:00+07:00
PAY001144,ORD001270,2026-01-22T20:39:00+07:00,cash,success,8447000.00,seed,2026-01-22T20:39:00+07:00,2026-01-22T20:39:00+07:00
PAY001145,ORD001271,2026-03-12T18:57:00+07:00,e_wallet,success,11474500.00,seed,2026-03-12T18:57:00+07:00,2026-03-12T18:57:00+07:00
PAY001146,ORD001272,2026-05-08T02:48:00+07:00,e_wallet,success,10453000.00,seed,2026-05-08T02:48:00+07:00,2026-05-08T02:48:00+07:00
PAY001147,ORD001273,2026-01-04T15:34:00+07:00,e_wallet,success,20819500.00,seed,2026-01-04T15:34:00+07:00,2026-01-04T15:34:00+07:00
PAY001148,ORD001274,2026-02-26T05:44:00+07:00,card,success,12810500.00,seed,2026-02-26T05:44:00+07:00,2026-02-26T05:44:00+07:00
PAY001149,ORD001275,2026-06-11T11:21:00+07:00,card,success,4984000.00,seed,2026-06-11T11:21:00+07:00,2026-06-11T11:21:00+07:00
PAY001150,ORD001276,2026-03-05T08:16:00+07:00,bank_transfer,success,4797500.00,seed,2026-03-05T08:16:00+07:00,2026-03-05T08:16:00+07:00
PAY001151,ORD001277,2026-05-16T07:37:00+07:00,cash,success,11133000.00,seed,2026-05-16T07:37:00+07:00,2026-05-16T07:37:00+07:00
PAY001152,ORD001278,2026-01-11T07:01:00+07:00,e_wallet,success,7792000.00,seed,2026-01-11T07:01:00+07:00,2026-01-11T07:01:00+07:00
PAY001153,ORD001279,2026-01-17T07:43:00+07:00,bank_transfer,success,6617000.00,seed,2026-01-17T07:43:00+07:00,2026-01-17T07:43:00+07:00
PAY001154,ORD001280,2026-03-11T22:13:00+07:00,cash,success,902500.00,seed,2026-03-11T22:13:00+07:00,2026-03-11T22:13:00+07:00
PAY001155,ORD001281,2026-03-21T04:50:00+07:00,e_wallet,success,19794000.00,seed,2026-03-21T04:50:00+07:00,2026-03-21T04:50:00+07:00
PAY001156,ORD001282,2026-06-08T20:08:00+07:00,card,success,8917000.00,seed,2026-06-08T20:08:00+07:00,2026-06-08T20:08:00+07:00
PAY001157,ORD001283,2026-03-21T08:04:00+07:00,bank_transfer,success,2360000.00,seed,2026-03-21T08:04:00+07:00,2026-03-21T08:04:00+07:00
PAY001158,ORD001284,2026-05-04T07:40:00+07:00,card,success,1159000.00,seed,2026-05-04T07:40:00+07:00,2026-05-04T07:40:00+07:00
PAY001159,ORD001285,2026-01-16T13:56:00+07:00,card,success,14467500.00,seed,2026-01-16T13:56:00+07:00,2026-01-16T13:56:00+07:00
PAY001160,ORD001286,2026-04-26T13:56:00+07:00,cash,pending,6137000.00,seed,2026-04-26T13:56:00+07:00,2026-04-26T13:56:00+07:00
PAY001161,ORD001287,2026-06-20T21:44:00+07:00,cash,success,7002000.00,seed,2026-06-20T21:44:00+07:00,2026-06-20T21:44:00+07:00
PAY001162,ORD001288,2026-05-13T20:19:00+07:00,cash,success,13532000.00,seed,2026-05-13T20:19:00+07:00,2026-05-13T20:19:00+07:00
PAY001163,ORD001289,2026-02-11T01:12:00+07:00,card,success,5589500.00,seed,2026-02-11T01:12:00+07:00,2026-02-11T01:12:00+07:00
PAY001164,ORD001290,2026-02-18T22:58:00+07:00,cash,success,6820000.00,seed,2026-02-18T22:58:00+07:00,2026-02-18T22:58:00+07:00
PAY001165,ORD001291,2026-05-23T14:19:00+07:00,card,success,15184500.00,seed,2026-05-23T14:19:00+07:00,2026-05-23T14:19:00+07:00
PAY001166,ORD001292,2026-06-16T07:11:00+07:00,e_wallet,success,10822000.00,seed,2026-06-16T07:11:00+07:00,2026-06-16T07:11:00+07:00
PAY001167,ORD001293,2026-01-22T15:46:00+07:00,card,success,30767500.00,seed,2026-01-22T15:46:00+07:00,2026-01-22T15:46:00+07:00
PAY001168,ORD001295,2026-06-29T18:10:00+07:00,cash,success,11920000.00,seed,2026-06-29T18:10:00+07:00,2026-06-29T18:10:00+07:00
PAY001169,ORD001297,2026-05-12T05:09:00+07:00,e_wallet,success,33615000.00,seed,2026-05-12T05:09:00+07:00,2026-05-12T05:09:00+07:00
PAY001170,ORD001298,2026-06-26T07:17:00+07:00,e_wallet,failed,6664000.00,seed,2026-06-26T07:17:00+07:00,2026-06-26T07:17:00+07:00
PAY001171,ORD001299,2026-02-12T21:43:00+07:00,cash,failed,4220000.00,seed,2026-02-12T21:43:00+07:00,2026-02-12T21:43:00+07:00
PAY001172,ORD001300,2026-06-28T05:28:00+07:00,e_wallet,success,10700500.00,seed,2026-06-28T05:28:00+07:00,2026-06-28T05:28:00+07:00
PAY001173,ORD001301,2026-04-13T10:14:00+07:00,card,success,6834000.00,seed,2026-04-13T10:14:00+07:00,2026-04-13T10:14:00+07:00
PAY001174,ORD001302,2026-04-21T18:40:00+07:00,e_wallet,success,5033000.00,seed,2026-04-21T18:40:00+07:00,2026-04-21T18:40:00+07:00
PAY001175,ORD001303,2026-02-18T16:15:00+07:00,card,success,11244000.00,seed,2026-02-18T16:15:00+07:00,2026-02-18T16:15:00+07:00
PAY001176,ORD001304,2026-05-05T14:40:00+07:00,card,success,13400000.00,seed,2026-05-05T14:40:00+07:00,2026-05-05T14:40:00+07:00
PAY001177,ORD001305,2026-04-04T06:51:00+07:00,card,success,19012000.00,seed,2026-04-04T06:51:00+07:00,2026-04-04T06:51:00+07:00
PAY001178,ORD001306,2026-06-07T00:37:00+07:00,card,success,2320000.00,seed,2026-06-07T00:37:00+07:00,2026-06-07T00:37:00+07:00
PAY001179,ORD001307,2026-03-19T05:34:00+07:00,cash,success,9557500.00,seed,2026-03-19T05:34:00+07:00,2026-03-19T05:34:00+07:00
PAY001180,ORD001308,2026-06-16T20:26:00+07:00,e_wallet,success,950000.00,seed,2026-06-16T20:26:00+07:00,2026-06-16T20:26:00+07:00
PAY001181,ORD001310,2026-05-25T01:14:00+07:00,card,success,10445000.00,seed,2026-05-25T01:14:00+07:00,2026-05-25T01:14:00+07:00
PAY001182,ORD001312,2026-05-24T01:14:00+07:00,cash,success,21703000.00,seed,2026-05-24T01:14:00+07:00,2026-05-24T01:14:00+07:00
PAY001183,ORD001313,2026-01-17T10:40:00+07:00,e_wallet,success,28690000.00,seed,2026-01-17T10:40:00+07:00,2026-01-17T10:40:00+07:00
PAY001184,ORD001314,2026-02-26T13:40:00+07:00,bank_transfer,success,15998000.00,seed,2026-02-26T13:40:00+07:00,2026-02-26T13:40:00+07:00
PAY001185,ORD001315,2026-03-18T22:49:00+07:00,bank_transfer,success,27780000.00,seed,2026-03-18T22:49:00+07:00,2026-03-18T22:49:00+07:00
PAY001186,ORD001316,2026-04-06T00:39:00+07:00,bank_transfer,success,10250500.00,seed,2026-04-06T00:39:00+07:00,2026-04-06T00:39:00+07:00
PAY001187,ORD001318,2026-03-13T16:03:00+07:00,card,failed,8147000.00,seed,2026-03-13T16:03:00+07:00,2026-03-13T16:03:00+07:00
PAY001188,ORD001319,2026-03-20T17:39:00+07:00,cash,success,2374000.00,seed,2026-03-20T17:39:00+07:00,2026-03-20T17:39:00+07:00
PAY001189,ORD001320,2026-03-01T13:49:00+07:00,card,success,5720000.00,seed,2026-03-01T13:49:00+07:00,2026-03-01T13:49:00+07:00
PAY001190,ORD001321,2026-04-02T04:26:00+07:00,card,success,712500.00,seed,2026-04-02T04:26:00+07:00,2026-04-02T04:26:00+07:00
PAY001191,ORD001322,2026-02-11T22:24:00+07:00,card,success,11396000.00,seed,2026-02-11T22:24:00+07:00,2026-02-11T22:24:00+07:00
PAY001192,ORD001323,2026-02-08T20:47:00+07:00,card,success,19710000.00,seed,2026-02-08T20:47:00+07:00,2026-02-08T20:47:00+07:00
PAY001193,ORD001324,2026-04-03T22:15:00+07:00,card,success,9831500.00,seed,2026-04-03T22:15:00+07:00,2026-04-03T22:15:00+07:00
PAY001194,ORD001326,2026-06-22T13:20:00+07:00,bank_transfer,success,19333500.00,seed,2026-06-22T13:20:00+07:00,2026-06-22T13:20:00+07:00
PAY001195,ORD001327,2026-03-30T03:45:00+07:00,cash,success,24504500.00,seed,2026-03-30T03:45:00+07:00,2026-03-30T03:45:00+07:00
PAY001196,ORD001328,2026-02-06T05:47:00+07:00,e_wallet,failed,4590000.00,seed,2026-02-06T05:47:00+07:00,2026-02-06T05:47:00+07:00
PAY001197,ORD001330,2026-01-15T02:59:00+07:00,card,success,7144000.00,seed,2026-01-15T02:59:00+07:00,2026-01-15T02:59:00+07:00
PAY001198,ORD001332,2026-05-11T02:39:00+07:00,card,pending,1300000.00,seed,2026-05-11T02:39:00+07:00,2026-05-11T02:39:00+07:00
PAY001199,ORD001333,2026-05-02T10:57:00+07:00,card,success,5272500.00,seed,2026-05-02T10:57:00+07:00,2026-05-02T10:57:00+07:00
PAY001200,ORD001334,2026-01-08T19:14:00+07:00,card,success,6370500.00,seed,2026-01-08T19:14:00+07:00,2026-01-08T19:14:00+07:00
PAY001201,ORD001335,2026-05-15T22:12:00+07:00,bank_transfer,success,12507000.00,seed,2026-05-15T22:12:00+07:00,2026-05-15T22:12:00+07:00
PAY001202,ORD001336,2026-01-24T17:08:00+07:00,e_wallet,success,2286500.00,seed,2026-01-24T17:08:00+07:00,2026-01-24T17:08:00+07:00
PAY001203,ORD001337,2026-01-01T21:07:00+07:00,e_wallet,success,15064500.00,seed,2026-01-01T21:07:00+07:00,2026-01-01T21:07:00+07:00
PAY001204,ORD001338,2026-06-29T15:44:00+07:00,cash,success,6306000.00,seed,2026-06-29T15:44:00+07:00,2026-06-29T15:44:00+07:00
PAY001205,ORD001339,2026-04-27T22:59:00+07:00,cash,success,14170000.00,seed,2026-04-27T22:59:00+07:00,2026-04-27T22:59:00+07:00
PAY001206,ORD001340,2026-05-04T10:24:00+07:00,card,success,15785500.00,seed,2026-05-04T10:24:00+07:00,2026-05-04T10:24:00+07:00
PAY001207,ORD001342,2026-03-12T01:22:00+07:00,bank_transfer,success,5219000.00,seed,2026-03-12T01:22:00+07:00,2026-03-12T01:22:00+07:00
PAY001208,ORD001343,2026-03-02T21:39:00+07:00,card,success,9240500.00,seed,2026-03-02T21:39:00+07:00,2026-03-02T21:39:00+07:00
PAY001209,ORD001344,2026-03-03T22:30:00+07:00,e_wallet,success,3748500.00,seed,2026-03-03T22:30:00+07:00,2026-03-03T22:30:00+07:00
PAY001210,ORD001345,2026-06-12T17:03:00+07:00,cash,success,5490000.00,seed,2026-06-12T17:03:00+07:00,2026-06-12T17:03:00+07:00
PAY001211,ORD001346,2026-02-03T01:30:00+07:00,cash,success,11485000.00,seed,2026-02-03T01:30:00+07:00,2026-02-03T01:30:00+07:00
PAY001212,ORD001349,2026-03-22T04:41:00+07:00,e_wallet,success,21092000.00,seed,2026-03-22T04:41:00+07:00,2026-03-22T04:41:00+07:00
PAY001213,ORD001350,2026-02-27T20:48:00+07:00,bank_transfer,success,2499000.00,seed,2026-02-27T20:48:00+07:00,2026-02-27T20:48:00+07:00
PAY001214,ORD001351,2026-01-27T10:25:00+07:00,e_wallet,success,9240500.00,seed,2026-01-27T10:25:00+07:00,2026-01-27T10:25:00+07:00
PAY001215,ORD001352,2026-05-02T03:40:00+07:00,card,success,14231000.00,seed,2026-05-02T03:40:00+07:00,2026-05-02T03:40:00+07:00
PAY001216,ORD001353,2026-02-04T00:30:00+07:00,cash,success,21549000.00,seed,2026-02-04T00:30:00+07:00,2026-02-04T00:30:00+07:00
PAY001217,ORD001354,2026-05-15T01:40:00+07:00,e_wallet,success,4139500.00,seed,2026-05-15T01:40:00+07:00,2026-05-15T01:40:00+07:00
PAY001218,ORD001355,2026-06-19T22:36:00+07:00,card,success,3591000.00,seed,2026-06-19T22:36:00+07:00,2026-06-19T22:36:00+07:00
PAY001219,ORD001356,2026-03-30T01:05:00+07:00,e_wallet,success,14171500.00,seed,2026-03-30T01:05:00+07:00,2026-03-30T01:05:00+07:00
PAY001220,ORD001358,2026-01-30T19:15:00+07:00,cash,success,17860000.00,seed,2026-01-30T19:15:00+07:00,2026-01-30T19:15:00+07:00
PAY001221,ORD001359,2026-01-06T15:08:00+07:00,bank_transfer,success,19318000.00,seed,2026-01-06T15:08:00+07:00,2026-01-06T15:08:00+07:00
PAY001222,ORD001360,2026-03-29T04:38:00+07:00,bank_transfer,success,4479500.00,seed,2026-03-29T04:38:00+07:00,2026-03-29T04:38:00+07:00
PAY001223,ORD001362,2026-04-24T09:18:00+07:00,cash,success,12269000.00,seed,2026-04-24T09:18:00+07:00,2026-04-24T09:18:00+07:00
PAY001224,ORD001363,2026-01-31T15:47:00+07:00,bank_transfer,success,13693500.00,seed,2026-01-31T15:47:00+07:00,2026-01-31T15:47:00+07:00
PAY001225,ORD001364,2026-06-11T19:57:00+07:00,card,success,6519500.00,seed,2026-06-11T19:57:00+07:00,2026-06-11T19:57:00+07:00
PAY001226,ORD001365,2026-04-09T18:41:00+07:00,bank_transfer,success,14040000.00,seed,2026-04-09T18:41:00+07:00,2026-04-09T18:41:00+07:00
PAY001227,ORD001366,2026-05-20T15:30:00+07:00,e_wallet,success,15215000.00,seed,2026-05-20T15:30:00+07:00,2026-05-20T15:30:00+07:00
PAY001228,ORD001367,2026-02-15T00:01:00+07:00,e_wallet,success,8494000.00,seed,2026-02-15T00:01:00+07:00,2026-02-15T00:01:00+07:00
PAY001229,ORD001368,2026-06-18T13:14:00+07:00,bank_transfer,refunded,1080000.00,seed,2026-06-18T13:14:00+07:00,2026-06-18T13:14:00+07:00
PAY001230,ORD001369,2026-04-15T12:33:00+07:00,card,success,16469500.00,seed,2026-04-15T12:33:00+07:00,2026-04-15T12:33:00+07:00
PAY001231,ORD001370,2026-04-17T21:17:00+07:00,card,success,6822000.00,seed,2026-04-17T21:17:00+07:00,2026-04-17T21:17:00+07:00
PAY001232,ORD001371,2026-05-23T17:57:00+07:00,bank_transfer,success,4980000.00,seed,2026-05-23T17:57:00+07:00,2026-05-23T17:57:00+07:00
PAY001233,ORD001372,2026-05-27T18:38:00+07:00,e_wallet,success,9780000.00,seed,2026-05-27T18:38:00+07:00,2026-05-27T18:38:00+07:00
PAY001234,ORD001373,2026-06-17T07:06:00+07:00,cash,success,8371000.00,seed,2026-06-17T07:06:00+07:00,2026-06-17T07:06:00+07:00
PAY001235,ORD001374,2026-03-18T04:23:00+07:00,bank_transfer,pending,14286000.00,seed,2026-03-18T04:23:00+07:00,2026-03-18T04:23:00+07:00
PAY001236,ORD001375,2026-05-29T12:09:00+07:00,bank_transfer,success,14324500.00,seed,2026-05-29T12:09:00+07:00,2026-05-29T12:09:00+07:00
PAY001237,ORD001376,2026-03-30T06:19:00+07:00,cash,success,11858000.00,seed,2026-03-30T06:19:00+07:00,2026-03-30T06:19:00+07:00
PAY001238,ORD001377,2026-06-08T06:38:00+07:00,cash,success,7173000.00,seed,2026-06-08T06:38:00+07:00,2026-06-08T06:38:00+07:00
PAY001239,ORD001378,2026-05-02T09:34:00+07:00,cash,success,3192000.00,seed,2026-05-02T09:34:00+07:00,2026-05-02T09:34:00+07:00
PAY001240,ORD001379,2026-05-23T06:37:00+07:00,cash,success,8502000.00,seed,2026-05-23T06:37:00+07:00,2026-05-23T06:37:00+07:00
PAY001241,ORD001380,2026-04-12T15:44:00+07:00,e_wallet,success,486000.00,seed,2026-04-12T15:44:00+07:00,2026-04-12T15:44:00+07:00
PAY001242,ORD001381,2026-01-02T21:33:00+07:00,bank_transfer,failed,5970000.00,seed,2026-01-02T21:33:00+07:00,2026-01-02T21:33:00+07:00
PAY001243,ORD001382,2026-01-06T03:45:00+07:00,card,success,2102500.00,seed,2026-01-06T03:45:00+07:00,2026-01-06T03:45:00+07:00
PAY001244,ORD001383,2026-01-03T01:35:00+07:00,bank_transfer,success,15323000.00,seed,2026-01-03T01:35:00+07:00,2026-01-03T01:35:00+07:00
PAY001245,ORD001384,2026-04-30T14:49:00+07:00,e_wallet,success,17770000.00,seed,2026-04-30T14:49:00+07:00,2026-04-30T14:49:00+07:00
PAY001246,ORD001385,2026-03-26T18:30:00+07:00,bank_transfer,success,14816000.00,seed,2026-03-26T18:30:00+07:00,2026-03-26T18:30:00+07:00
PAY001247,ORD001386,2026-05-26T22:23:00+07:00,bank_transfer,success,30272500.00,seed,2026-05-26T22:23:00+07:00,2026-05-26T22:23:00+07:00
PAY001248,ORD001387,2026-06-23T07:37:00+07:00,cash,success,11204000.00,seed,2026-06-23T07:37:00+07:00,2026-06-23T07:37:00+07:00
PAY001249,ORD001388,2026-04-24T01:08:00+07:00,card,success,5487000.00,seed,2026-04-24T01:08:00+07:00,2026-04-24T01:08:00+07:00
PAY001250,ORD001389,2026-01-16T23:41:00+07:00,card,success,14327000.00,seed,2026-01-16T23:41:00+07:00,2026-01-16T23:41:00+07:00
PAY001251,ORD001390,2026-05-06T15:31:00+07:00,bank_transfer,success,17679000.00,seed,2026-05-06T15:31:00+07:00,2026-05-06T15:31:00+07:00
PAY001252,ORD001391,2026-02-22T04:45:00+07:00,card,success,16073000.00,seed,2026-02-22T04:45:00+07:00,2026-02-22T04:45:00+07:00
PAY001253,ORD001392,2026-03-06T17:09:00+07:00,cash,success,26653000.00,seed,2026-03-06T17:09:00+07:00,2026-03-06T17:09:00+07:00
PAY001254,ORD001393,2026-03-06T03:52:00+07:00,cash,success,18813500.00,seed,2026-03-06T03:52:00+07:00,2026-03-06T03:52:00+07:00
PAY001255,ORD001394,2026-05-07T04:45:00+07:00,card,success,27802500.00,seed,2026-05-07T04:45:00+07:00,2026-05-07T04:45:00+07:00
PAY001256,ORD001396,2026-05-05T17:47:00+07:00,card,success,12289500.00,seed,2026-05-05T17:47:00+07:00,2026-05-05T17:47:00+07:00
PAY001257,ORD001397,2026-06-19T16:18:00+07:00,cash,success,3483000.00,seed,2026-06-19T16:18:00+07:00,2026-06-19T16:18:00+07:00
PAY001258,ORD001398,2026-06-29T18:50:00+07:00,bank_transfer,success,4199000.00,seed,2026-06-29T18:50:00+07:00,2026-06-29T18:50:00+07:00
PAY001259,ORD001400,2026-02-06T21:30:00+07:00,card,success,14332000.00,seed,2026-02-06T21:30:00+07:00,2026-02-06T21:30:00+07:00
PAY001260,ORD001401,2026-02-20T07:49:00+07:00,bank_transfer,success,8940000.00,seed,2026-02-20T07:49:00+07:00,2026-02-20T07:49:00+07:00
PAY001261,ORD001402,2026-03-23T14:57:00+07:00,card,success,8513000.00,seed,2026-03-23T14:57:00+07:00,2026-03-23T14:57:00+07:00
PAY001262,ORD001403,2026-01-18T22:12:00+07:00,bank_transfer,success,10404000.00,seed,2026-01-18T22:12:00+07:00,2026-01-18T22:12:00+07:00
PAY001263,ORD001404,2026-01-20T18:14:00+07:00,cash,failed,7290000.00,seed,2026-01-20T18:14:00+07:00,2026-01-20T18:14:00+07:00
PAY001264,ORD001405,2026-06-25T23:00:00+07:00,cash,success,20583000.00,seed,2026-06-25T23:00:00+07:00,2026-06-25T23:00:00+07:00
PAY001265,ORD001406,2026-04-10T22:51:00+07:00,e_wallet,success,17775500.00,seed,2026-04-10T22:51:00+07:00,2026-04-10T22:51:00+07:00
PAY001266,ORD001407,2026-05-23T12:55:00+07:00,e_wallet,failed,6160000.00,seed,2026-05-23T12:55:00+07:00,2026-05-23T12:55:00+07:00
PAY001267,ORD001408,2026-06-14T01:23:00+07:00,bank_transfer,success,4939000.00,seed,2026-06-14T01:23:00+07:00,2026-06-14T01:23:00+07:00
PAY001268,ORD001409,2026-02-10T09:29:00+07:00,card,success,23043000.00,seed,2026-02-10T09:29:00+07:00,2026-02-10T09:29:00+07:00
PAY001269,ORD001410,2026-04-05T23:35:00+07:00,cash,success,18924000.00,seed,2026-04-05T23:35:00+07:00,2026-04-05T23:35:00+07:00
PAY001270,ORD001411,2026-05-16T18:23:00+07:00,cash,success,4964000.00,seed,2026-05-16T18:23:00+07:00,2026-05-16T18:23:00+07:00
PAY001271,ORD001413,2026-04-05T00:04:00+07:00,e_wallet,failed,2360000.00,seed,2026-04-05T00:04:00+07:00,2026-04-05T00:04:00+07:00
PAY001272,ORD001414,2026-02-23T14:03:00+07:00,e_wallet,success,11490000.00,seed,2026-02-23T14:03:00+07:00,2026-02-23T14:03:00+07:00
PAY001273,ORD001415,2026-04-20T23:57:00+07:00,card,success,20891000.00,seed,2026-04-20T23:57:00+07:00,2026-04-20T23:57:00+07:00
PAY001274,ORD001416,2026-03-12T18:54:00+07:00,e_wallet,success,13039000.00,seed,2026-03-12T18:54:00+07:00,2026-03-12T18:54:00+07:00
PAY001275,ORD001418,2026-06-16T13:03:00+07:00,bank_transfer,success,7970000.00,seed,2026-06-16T13:03:00+07:00,2026-06-16T13:03:00+07:00
PAY001276,ORD001419,2026-06-24T23:50:00+07:00,cash,success,24338500.00,seed,2026-06-24T23:50:00+07:00,2026-06-24T23:50:00+07:00
PAY001277,ORD001420,2026-02-01T20:42:00+07:00,bank_transfer,success,3572500.00,seed,2026-02-01T20:42:00+07:00,2026-02-01T20:42:00+07:00
PAY001278,ORD001421,2026-06-07T21:22:00+07:00,e_wallet,success,9970000.00,seed,2026-06-07T21:22:00+07:00,2026-06-07T21:22:00+07:00
PAY001279,ORD001422,2026-03-18T03:33:00+07:00,bank_transfer,pending,4870000.00,seed,2026-03-18T03:33:00+07:00,2026-03-18T03:33:00+07:00
PAY001280,ORD001423,2026-06-03T08:53:00+07:00,bank_transfer,success,15859000.00,seed,2026-06-03T08:53:00+07:00,2026-06-03T08:53:00+07:00
PAY001281,ORD001424,2026-01-30T19:08:00+07:00,cash,success,22070000.00,seed,2026-01-30T19:08:00+07:00,2026-01-30T19:08:00+07:00
PAY001282,ORD001425,2026-05-31T19:02:00+07:00,e_wallet,success,16445000.00,seed,2026-05-31T19:02:00+07:00,2026-05-31T19:02:00+07:00
PAY001283,ORD001426,2026-05-16T14:36:00+07:00,cash,failed,5710000.00,seed,2026-05-16T14:36:00+07:00,2026-05-16T14:36:00+07:00
PAY001284,ORD001427,2026-05-28T18:35:00+07:00,e_wallet,success,9991500.00,seed,2026-05-28T18:35:00+07:00,2026-05-28T18:35:00+07:00
PAY001285,ORD001428,2026-01-29T20:29:00+07:00,bank_transfer,success,12123500.00,seed,2026-01-29T20:29:00+07:00,2026-01-29T20:29:00+07:00
PAY001286,ORD001429,2026-05-29T19:35:00+07:00,card,success,10910000.00,seed,2026-05-29T19:35:00+07:00,2026-05-29T19:35:00+07:00
PAY001287,ORD001430,2026-01-30T18:40:00+07:00,card,success,13735500.00,seed,2026-01-30T18:40:00+07:00,2026-01-30T18:40:00+07:00
PAY001288,ORD001431,2026-05-24T02:17:00+07:00,e_wallet,success,632000.00,seed,2026-05-24T02:17:00+07:00,2026-05-24T02:17:00+07:00
PAY001289,ORD001432,2026-02-20T16:45:00+07:00,card,success,6630000.00,seed,2026-02-20T16:45:00+07:00,2026-02-20T16:45:00+07:00
PAY001290,ORD001433,2026-05-13T04:56:00+07:00,card,success,9909500.00,seed,2026-05-13T04:56:00+07:00,2026-05-13T04:56:00+07:00
PAY001291,ORD001434,2026-03-26T20:54:00+07:00,e_wallet,success,28202000.00,seed,2026-03-26T20:54:00+07:00,2026-03-26T20:54:00+07:00
PAY001292,ORD001435,2026-03-27T09:08:00+07:00,card,success,21721000.00,seed,2026-03-27T09:08:00+07:00,2026-03-27T09:08:00+07:00
PAY001293,ORD001436,2026-04-09T21:35:00+07:00,card,pending,21039500.00,seed,2026-04-09T21:35:00+07:00,2026-04-09T21:35:00+07:00
PAY001294,ORD001437,2026-01-20T02:23:00+07:00,card,success,23445500.00,seed,2026-01-20T02:23:00+07:00,2026-01-20T02:23:00+07:00
PAY001295,ORD001438,2026-05-07T11:49:00+07:00,card,success,8452000.00,seed,2026-05-07T11:49:00+07:00,2026-05-07T11:49:00+07:00
PAY001296,ORD001439,2026-03-31T23:49:00+07:00,bank_transfer,success,14051500.00,seed,2026-03-31T23:49:00+07:00,2026-03-31T23:49:00+07:00
PAY001297,ORD001440,2026-04-26T03:31:00+07:00,cash,success,8364000.00,seed,2026-04-26T03:31:00+07:00,2026-04-26T03:31:00+07:00
PAY001298,ORD001441,2026-05-10T17:19:00+07:00,cash,success,2170500.00,seed,2026-05-10T17:19:00+07:00,2026-05-10T17:19:00+07:00
PAY001299,ORD001444,2026-05-10T22:00:00+07:00,card,failed,26603000.00,seed,2026-05-10T22:00:00+07:00,2026-05-10T22:00:00+07:00
PAY001300,ORD001445,2026-02-26T03:36:00+07:00,bank_transfer,success,3497000.00,seed,2026-02-26T03:36:00+07:00,2026-02-26T03:36:00+07:00
PAY001301,ORD001446,2026-06-15T18:49:00+07:00,card,success,17635500.00,seed,2026-06-15T18:49:00+07:00,2026-06-15T18:49:00+07:00
PAY001302,ORD001447,2026-06-29T14:10:00+07:00,cash,success,6690000.00,seed,2026-06-29T14:10:00+07:00,2026-06-29T14:10:00+07:00
PAY001303,ORD001448,2026-05-01T22:21:00+07:00,bank_transfer,success,23515000.00,seed,2026-05-01T22:21:00+07:00,2026-05-01T22:21:00+07:00
PAY001304,ORD001449,2026-05-31T21:27:00+07:00,cash,success,7660000.00,seed,2026-05-31T21:27:00+07:00,2026-05-31T21:27:00+07:00
PAY001305,ORD001450,2026-04-08T02:58:00+07:00,bank_transfer,success,6167000.00,seed,2026-04-08T02:58:00+07:00,2026-04-08T02:58:00+07:00
PAY001306,ORD001452,2026-03-26T18:17:00+07:00,card,success,9350000.00,seed,2026-03-26T18:17:00+07:00,2026-03-26T18:17:00+07:00
PAY001307,ORD001453,2026-01-02T07:04:00+07:00,e_wallet,success,6938000.00,seed,2026-01-02T07:04:00+07:00,2026-01-02T07:04:00+07:00
PAY001308,ORD001454,2026-01-22T00:41:00+07:00,cash,success,15050000.00,seed,2026-01-22T00:41:00+07:00,2026-01-22T00:41:00+07:00
PAY001309,ORD001455,2026-01-31T21:59:00+07:00,e_wallet,success,610000.00,seed,2026-01-31T21:59:00+07:00,2026-01-31T21:59:00+07:00
PAY001310,ORD001456,2026-04-11T02:38:00+07:00,cash,success,6186000.00,seed,2026-04-11T02:38:00+07:00,2026-04-11T02:38:00+07:00
PAY001311,ORD001457,2026-03-15T21:52:00+07:00,card,success,11283500.00,seed,2026-03-15T21:52:00+07:00,2026-03-15T21:52:00+07:00
PAY001312,ORD001458,2026-02-25T17:21:00+07:00,card,success,2268000.00,seed,2026-02-25T17:21:00+07:00,2026-02-25T17:21:00+07:00
PAY001313,ORD001459,2026-05-16T21:08:00+07:00,card,success,8928000.00,seed,2026-05-16T21:08:00+07:00,2026-05-16T21:08:00+07:00
PAY001314,ORD001460,2026-03-24T04:28:00+07:00,e_wallet,success,11602000.00,seed,2026-03-24T04:28:00+07:00,2026-03-24T04:28:00+07:00
PAY001315,ORD001461,2026-03-18T00:07:00+07:00,e_wallet,success,3006000.00,seed,2026-03-18T00:07:00+07:00,2026-03-18T00:07:00+07:00
PAY001316,ORD001462,2026-05-15T23:26:00+07:00,cash,success,21722000.00,seed,2026-05-15T23:26:00+07:00,2026-05-15T23:26:00+07:00
PAY001317,ORD001463,2026-04-04T05:06:00+07:00,card,success,6012000.00,seed,2026-04-04T05:06:00+07:00,2026-04-04T05:06:00+07:00
PAY001318,ORD001464,2026-05-15T02:14:00+07:00,cash,success,18069500.00,seed,2026-05-15T02:14:00+07:00,2026-05-15T02:14:00+07:00
PAY001319,ORD001465,2026-06-23T09:09:00+07:00,card,success,21988000.00,seed,2026-06-23T09:09:00+07:00,2026-06-23T09:09:00+07:00
PAY001320,ORD001466,2026-04-29T21:11:00+07:00,card,success,6689000.00,seed,2026-04-29T21:11:00+07:00,2026-04-29T21:11:00+07:00
PAY001321,ORD001467,2026-02-23T05:55:00+07:00,e_wallet,success,12602500.00,seed,2026-02-23T05:55:00+07:00,2026-02-23T05:55:00+07:00
PAY001322,ORD001468,2026-01-21T15:43:00+07:00,card,failed,23841500.00,seed,2026-01-21T15:43:00+07:00,2026-01-21T15:43:00+07:00
PAY001323,ORD001469,2026-05-16T21:46:00+07:00,e_wallet,success,8263000.00,seed,2026-05-16T21:46:00+07:00,2026-05-16T21:46:00+07:00
PAY001324,ORD001470,2026-06-02T15:02:00+07:00,card,success,4293500.00,seed,2026-06-02T15:02:00+07:00,2026-06-02T15:02:00+07:00
PAY001325,ORD001471,2026-02-24T06:17:00+07:00,bank_transfer,success,4513500.00,seed,2026-02-24T06:17:00+07:00,2026-02-24T06:17:00+07:00
PAY001326,ORD001472,2026-03-04T21:40:00+07:00,bank_transfer,success,14455500.00,seed,2026-03-04T21:40:00+07:00,2026-03-04T21:40:00+07:00
PAY001327,ORD001473,2026-06-23T02:48:00+07:00,card,failed,6625500.00,seed,2026-06-23T02:48:00+07:00,2026-06-23T02:48:00+07:00
PAY001328,ORD001474,2026-03-27T09:31:00+07:00,cash,success,31995500.00,seed,2026-03-27T09:31:00+07:00,2026-03-27T09:31:00+07:00
PAY001329,ORD001476,2026-03-27T13:28:00+07:00,card,success,9986500.00,seed,2026-03-27T13:28:00+07:00,2026-03-27T13:28:00+07:00
PAY001330,ORD001477,2026-05-30T19:29:00+07:00,cash,pending,21957000.00,seed,2026-05-30T19:29:00+07:00,2026-05-30T19:29:00+07:00
PAY001331,ORD001478,2026-03-14T18:24:00+07:00,cash,success,6379000.00,seed,2026-03-14T18:24:00+07:00,2026-03-14T18:24:00+07:00
PAY001332,ORD001479,2026-06-06T18:12:00+07:00,bank_transfer,success,10060000.00,seed,2026-06-06T18:12:00+07:00,2026-06-06T18:12:00+07:00
PAY001333,ORD001480,2026-05-22T22:08:00+07:00,cash,success,18800000.00,seed,2026-05-22T22:08:00+07:00,2026-05-22T22:08:00+07:00
PAY001334,ORD001481,2026-05-02T21:33:00+07:00,bank_transfer,success,8553000.00,seed,2026-05-02T21:33:00+07:00,2026-05-02T21:33:00+07:00
PAY001335,ORD001482,2026-02-20T16:19:00+07:00,bank_transfer,success,9480000.00,seed,2026-02-20T16:19:00+07:00,2026-02-20T16:19:00+07:00
PAY001336,ORD001483,2026-03-26T00:15:00+07:00,bank_transfer,refunded,7784000.00,seed,2026-03-26T00:15:00+07:00,2026-03-26T00:15:00+07:00
PAY001337,ORD001484,2026-03-21T03:49:00+07:00,card,success,4759500.00,seed,2026-03-21T03:49:00+07:00,2026-03-21T03:49:00+07:00
PAY001338,ORD001485,2026-05-08T09:05:00+07:00,e_wallet,success,5819500.00,seed,2026-05-08T09:05:00+07:00,2026-05-08T09:05:00+07:00
PAY001339,ORD001486,2026-05-06T04:42:00+07:00,bank_transfer,success,4830000.00,seed,2026-05-06T04:42:00+07:00,2026-05-06T04:42:00+07:00
PAY001340,ORD001487,2026-01-20T00:19:00+07:00,card,success,12173000.00,seed,2026-01-20T00:19:00+07:00,2026-01-20T00:19:00+07:00
PAY001341,ORD001488,2026-04-04T13:24:00+07:00,card,success,36079000.00,seed,2026-04-04T13:24:00+07:00,2026-04-04T13:24:00+07:00
PAY001342,ORD001489,2026-06-24T03:47:00+07:00,cash,success,1396500.00,seed,2026-06-24T03:47:00+07:00,2026-06-24T03:47:00+07:00
PAY001343,ORD001490,2026-03-23T21:18:00+07:00,e_wallet,success,6150000.00,seed,2026-03-23T21:18:00+07:00,2026-03-23T21:18:00+07:00
PAY001344,ORD001491,2026-02-10T17:35:00+07:00,cash,success,12240500.00,seed,2026-02-10T17:35:00+07:00,2026-02-10T17:35:00+07:00
PAY001345,ORD001492,2026-02-04T00:47:00+07:00,e_wallet,success,24997000.00,seed,2026-02-04T00:47:00+07:00,2026-02-04T00:47:00+07:00
PAY001346,ORD001493,2026-02-19T03:29:00+07:00,card,success,7505000.00,seed,2026-02-19T03:29:00+07:00,2026-02-19T03:29:00+07:00
PAY001347,ORD001494,2026-03-24T03:24:00+07:00,bank_transfer,success,17037000.00,seed,2026-03-24T03:24:00+07:00,2026-03-24T03:24:00+07:00
PAY001348,ORD001495,2026-06-27T16:56:00+07:00,e_wallet,success,16920000.00,seed,2026-06-27T16:56:00+07:00,2026-06-27T16:56:00+07:00
PAY001349,ORD001496,2026-05-05T12:17:00+07:00,e_wallet,success,3978000.00,seed,2026-05-05T12:17:00+07:00,2026-05-05T12:17:00+07:00
PAY001350,ORD001497,2026-02-26T13:40:00+07:00,cash,success,12803000.00,seed,2026-02-26T13:40:00+07:00,2026-02-26T13:40:00+07:00
PAY001351,ORD001500,2026-03-08T23:50:00+07:00,card,success,198000.00,seed,2026-03-08T23:50:00+07:00,2026-03-08T23:50:00+07:00
PAY001352,ORD001501,2026-03-25T18:32:00+07:00,bank_transfer,success,9252000.00,seed,2026-03-25T18:32:00+07:00,2026-03-25T18:32:00+07:00
PAY001353,ORD001502,2026-06-25T17:12:00+07:00,e_wallet,success,10014000.00,seed,2026-06-25T17:12:00+07:00,2026-06-25T17:12:00+07:00
PAY001354,ORD001503,2026-04-03T19:12:00+07:00,cash,success,6552000.00,seed,2026-04-03T19:12:00+07:00,2026-04-03T19:12:00+07:00
PAY001355,ORD001504,2026-02-20T19:59:00+07:00,bank_transfer,success,2479000.00,seed,2026-02-20T19:59:00+07:00,2026-02-20T19:59:00+07:00
PAY001356,ORD001505,2026-05-13T02:19:00+07:00,e_wallet,success,5133500.00,seed,2026-05-13T02:19:00+07:00,2026-05-13T02:19:00+07:00
PAY001357,ORD001506,2026-01-14T00:20:00+07:00,bank_transfer,success,17556000.00,seed,2026-01-14T00:20:00+07:00,2026-01-14T00:20:00+07:00
PAY001358,ORD001507,2026-01-22T23:00:00+07:00,e_wallet,success,14929500.00,seed,2026-01-22T23:00:00+07:00,2026-01-22T23:00:00+07:00
PAY001359,ORD001509,2026-03-26T19:17:00+07:00,card,success,15813500.00,seed,2026-03-26T19:17:00+07:00,2026-03-26T19:17:00+07:00
PAY001360,ORD001510,2026-03-11T14:38:00+07:00,bank_transfer,success,24139000.00,seed,2026-03-11T14:38:00+07:00,2026-03-11T14:38:00+07:00
PAY001361,ORD001511,2026-01-17T23:30:00+07:00,card,success,21012000.00,seed,2026-01-17T23:30:00+07:00,2026-01-17T23:30:00+07:00
PAY001362,ORD001512,2026-06-21T17:17:00+07:00,bank_transfer,success,9137000.00,seed,2026-06-21T17:17:00+07:00,2026-06-21T17:17:00+07:00
PAY001363,ORD001513,2026-01-18T07:23:00+07:00,cash,success,20236500.00,seed,2026-01-18T07:23:00+07:00,2026-01-18T07:23:00+07:00
PAY001364,ORD001514,2026-06-28T17:26:00+07:00,bank_transfer,success,17545000.00,seed,2026-06-28T17:26:00+07:00,2026-06-28T17:26:00+07:00
PAY001365,ORD001515,2026-03-25T19:37:00+07:00,bank_transfer,success,7960000.00,seed,2026-03-25T19:37:00+07:00,2026-03-25T19:37:00+07:00
PAY001366,ORD001516,2026-03-21T23:48:00+07:00,bank_transfer,success,15621000.00,seed,2026-03-21T23:48:00+07:00,2026-03-21T23:48:00+07:00
PAY001367,ORD001517,2026-03-18T03:03:00+07:00,cash,success,10780000.00,seed,2026-03-18T03:03:00+07:00,2026-03-18T03:03:00+07:00
PAY001368,ORD001518,2026-03-29T19:37:00+07:00,cash,success,9436000.00,seed,2026-03-29T19:37:00+07:00,2026-03-29T19:37:00+07:00
PAY001369,ORD001519,2026-04-28T01:47:00+07:00,bank_transfer,refunded,6915500.00,seed,2026-04-28T01:47:00+07:00,2026-04-28T01:47:00+07:00
PAY001370,ORD001521,2026-04-11T23:31:00+07:00,cash,success,3860000.00,seed,2026-04-11T23:31:00+07:00,2026-04-11T23:31:00+07:00
PAY001371,ORD001522,2026-03-01T18:11:00+07:00,bank_transfer,success,11628000.00,seed,2026-03-01T18:11:00+07:00,2026-03-01T18:11:00+07:00
PAY001372,ORD001524,2026-02-04T17:20:00+07:00,e_wallet,success,4766000.00,seed,2026-02-04T17:20:00+07:00,2026-02-04T17:20:00+07:00
PAY001373,ORD001525,2026-06-23T17:18:00+07:00,e_wallet,success,26924000.00,seed,2026-06-23T17:18:00+07:00,2026-06-23T17:18:00+07:00
PAY001374,ORD001526,2026-01-21T09:31:00+07:00,cash,success,14411500.00,seed,2026-01-21T09:31:00+07:00,2026-01-21T09:31:00+07:00
PAY001375,ORD001527,2026-03-09T00:16:00+07:00,bank_transfer,failed,11933000.00,seed,2026-03-09T00:16:00+07:00,2026-03-09T00:16:00+07:00
PAY001376,ORD001528,2026-06-17T19:02:00+07:00,bank_transfer,success,8890000.00,seed,2026-06-17T19:02:00+07:00,2026-06-17T19:02:00+07:00
PAY001377,ORD001529,2026-06-12T00:41:00+07:00,e_wallet,success,25146500.00,seed,2026-06-12T00:41:00+07:00,2026-06-12T00:41:00+07:00
PAY001378,ORD001530,2026-06-18T23:34:00+07:00,bank_transfer,success,17931000.00,seed,2026-06-18T23:34:00+07:00,2026-06-18T23:34:00+07:00
PAY001379,ORD001531,2026-05-06T16:36:00+07:00,cash,success,4710500.00,seed,2026-05-06T16:36:00+07:00,2026-05-06T16:36:00+07:00
PAY001380,ORD001533,2026-06-15T23:32:00+07:00,bank_transfer,success,31173000.00,seed,2026-06-15T23:32:00+07:00,2026-06-15T23:32:00+07:00
PAY001381,ORD001534,2026-03-18T17:08:00+07:00,card,success,4560000.00,seed,2026-03-18T17:08:00+07:00,2026-03-18T17:08:00+07:00
PAY001382,ORD001535,2026-05-12T23:03:00+07:00,bank_transfer,success,13553000.00,seed,2026-05-12T23:03:00+07:00,2026-05-12T23:03:00+07:00
PAY001383,ORD001536,2026-02-21T00:26:00+07:00,e_wallet,success,3000000.00,seed,2026-02-21T00:26:00+07:00,2026-02-21T00:26:00+07:00
PAY001384,ORD001537,2026-03-16T14:35:00+07:00,e_wallet,success,14358500.00,seed,2026-03-16T14:35:00+07:00,2026-03-16T14:35:00+07:00
PAY001385,ORD001538,2026-04-05T01:32:00+07:00,cash,success,13693000.00,seed,2026-04-05T01:32:00+07:00,2026-04-05T01:32:00+07:00
PAY001386,ORD001539,2026-03-22T23:20:00+07:00,cash,success,14819000.00,seed,2026-03-22T23:20:00+07:00,2026-03-22T23:20:00+07:00
PAY001387,ORD001540,2026-03-30T17:18:00+07:00,e_wallet,success,13089500.00,seed,2026-03-30T17:18:00+07:00,2026-03-30T17:18:00+07:00
PAY001388,ORD001541,2026-04-12T19:48:00+07:00,cash,success,9842000.00,seed,2026-04-12T19:48:00+07:00,2026-04-12T19:48:00+07:00
PAY001389,ORD001542,2026-05-03T17:45:00+07:00,e_wallet,success,4699000.00,seed,2026-05-03T17:45:00+07:00,2026-05-03T17:45:00+07:00
PAY001390,ORD001543,2026-06-01T22:37:00+07:00,cash,success,9626500.00,seed,2026-06-01T22:37:00+07:00,2026-06-01T22:37:00+07:00
PAY001391,ORD001544,2026-05-04T19:37:00+07:00,cash,pending,3173000.00,seed,2026-05-04T19:37:00+07:00,2026-05-04T19:37:00+07:00
PAY001392,ORD001545,2026-02-02T16:48:00+07:00,card,success,8689000.00,seed,2026-02-02T16:48:00+07:00,2026-02-02T16:48:00+07:00
PAY001393,ORD001546,2026-06-07T18:46:00+07:00,card,success,11438000.00,seed,2026-06-07T18:46:00+07:00,2026-06-07T18:46:00+07:00
PAY001394,ORD001547,2026-02-16T04:00:00+07:00,cash,success,2472000.00,seed,2026-02-16T04:00:00+07:00,2026-02-16T04:00:00+07:00
PAY001395,ORD001548,2026-05-09T20:03:00+07:00,bank_transfer,success,26106000.00,seed,2026-05-09T20:03:00+07:00,2026-05-09T20:03:00+07:00
PAY001396,ORD001549,2026-06-26T12:56:00+07:00,card,success,16556000.00,seed,2026-06-26T12:56:00+07:00,2026-06-26T12:56:00+07:00
PAY001397,ORD001550,2026-05-24T03:09:00+07:00,cash,success,13006500.00,seed,2026-05-24T03:09:00+07:00,2026-05-24T03:09:00+07:00
PAY001398,ORD001551,2026-03-13T01:59:00+07:00,card,success,26995000.00,seed,2026-03-13T01:59:00+07:00,2026-03-13T01:59:00+07:00
PAY001399,ORD001552,2026-02-20T11:04:00+07:00,card,success,13470000.00,seed,2026-02-20T11:04:00+07:00,2026-02-20T11:04:00+07:00
PAY001400,ORD001553,2026-01-04T16:17:00+07:00,cash,success,7365000.00,seed,2026-01-04T16:17:00+07:00,2026-01-04T16:17:00+07:00
PAY001401,ORD001554,2026-03-26T23:27:00+07:00,card,success,8405000.00,seed,2026-03-26T23:27:00+07:00,2026-03-26T23:27:00+07:00
PAY001402,ORD001555,2026-03-22T05:36:00+07:00,card,success,17095500.00,seed,2026-03-22T05:36:00+07:00,2026-03-22T05:36:00+07:00
PAY001403,ORD001556,2026-03-15T05:13:00+07:00,card,success,16421500.00,seed,2026-03-15T05:13:00+07:00,2026-03-15T05:13:00+07:00
PAY001404,ORD001557,2026-01-05T22:16:00+07:00,e_wallet,success,12220000.00,seed,2026-01-05T22:16:00+07:00,2026-01-05T22:16:00+07:00
PAY001405,ORD001558,2026-04-15T18:38:00+07:00,bank_transfer,success,27909000.00,seed,2026-04-15T18:38:00+07:00,2026-04-15T18:38:00+07:00
PAY001406,ORD001559,2026-02-13T13:22:00+07:00,card,pending,20075500.00,seed,2026-02-13T13:22:00+07:00,2026-02-13T13:22:00+07:00
PAY001407,ORD001560,2026-02-09T02:32:00+07:00,bank_transfer,success,16943000.00,seed,2026-02-09T02:32:00+07:00,2026-02-09T02:32:00+07:00
PAY001408,ORD001561,2026-06-26T03:13:00+07:00,card,success,12862500.00,seed,2026-06-26T03:13:00+07:00,2026-06-26T03:13:00+07:00
PAY001409,ORD001563,2026-05-23T18:58:00+07:00,cash,success,9580000.00,seed,2026-05-23T18:58:00+07:00,2026-05-23T18:58:00+07:00
PAY001410,ORD001564,2026-05-06T04:31:00+07:00,e_wallet,success,11437000.00,seed,2026-05-06T04:31:00+07:00,2026-05-06T04:31:00+07:00
PAY001411,ORD001565,2026-02-22T17:53:00+07:00,card,success,7720000.00,seed,2026-02-22T17:53:00+07:00,2026-02-22T17:53:00+07:00
PAY001412,ORD001566,2026-05-30T22:22:00+07:00,bank_transfer,success,1360000.00,seed,2026-05-30T22:22:00+07:00,2026-05-30T22:22:00+07:00
PAY001413,ORD001567,2026-03-01T22:20:00+07:00,card,success,6599000.00,seed,2026-03-01T22:20:00+07:00,2026-03-01T22:20:00+07:00
PAY001414,ORD001568,2026-01-01T20:57:00+07:00,bank_transfer,success,27313000.00,seed,2026-01-01T20:57:00+07:00,2026-01-01T20:57:00+07:00
PAY001415,ORD001569,2026-04-11T01:12:00+07:00,e_wallet,success,14372500.00,seed,2026-04-11T01:12:00+07:00,2026-04-11T01:12:00+07:00
PAY001416,ORD001570,2026-03-10T04:09:00+07:00,e_wallet,success,14100000.00,seed,2026-03-10T04:09:00+07:00,2026-03-10T04:09:00+07:00
PAY001417,ORD001572,2026-01-18T23:26:00+07:00,cash,success,10510000.00,seed,2026-01-18T23:26:00+07:00,2026-01-18T23:26:00+07:00
PAY001418,ORD001573,2026-03-16T21:46:00+07:00,e_wallet,success,40476000.00,seed,2026-03-16T21:46:00+07:00,2026-03-16T21:46:00+07:00
PAY001419,ORD001574,2026-06-22T00:33:00+07:00,cash,success,8508500.00,seed,2026-06-22T00:33:00+07:00,2026-06-22T00:33:00+07:00
PAY001420,ORD001575,2026-01-16T13:44:00+07:00,e_wallet,success,6528000.00,seed,2026-01-16T13:44:00+07:00,2026-01-16T13:44:00+07:00
PAY001421,ORD001577,2026-04-06T06:40:00+07:00,bank_transfer,success,6032500.00,seed,2026-04-06T06:40:00+07:00,2026-04-06T06:40:00+07:00
PAY001422,ORD001578,2026-01-06T02:27:00+07:00,e_wallet,success,11758500.00,seed,2026-01-06T02:27:00+07:00,2026-01-06T02:27:00+07:00
PAY001423,ORD001579,2026-06-17T19:16:00+07:00,bank_transfer,success,16900000.00,seed,2026-06-17T19:16:00+07:00,2026-06-17T19:16:00+07:00
PAY001424,ORD001581,2026-06-19T19:40:00+07:00,card,success,6276000.00,seed,2026-06-19T19:40:00+07:00,2026-06-19T19:40:00+07:00
PAY001425,ORD001582,2026-02-02T14:27:00+07:00,card,success,26878000.00,seed,2026-02-02T14:27:00+07:00,2026-02-02T14:27:00+07:00
PAY001426,ORD001583,2026-01-15T01:09:00+07:00,bank_transfer,success,17288000.00,seed,2026-01-15T01:09:00+07:00,2026-01-15T01:09:00+07:00
PAY001427,ORD001585,2026-05-23T19:03:00+07:00,card,success,19854000.00,seed,2026-05-23T19:03:00+07:00,2026-05-23T19:03:00+07:00
PAY001428,ORD001586,2026-06-09T18:21:00+07:00,e_wallet,refunded,3114000.00,seed,2026-06-09T18:21:00+07:00,2026-06-09T18:21:00+07:00
PAY001429,ORD001588,2026-02-05T14:33:00+07:00,cash,success,26426000.00,seed,2026-02-05T14:33:00+07:00,2026-02-05T14:33:00+07:00
PAY001430,ORD001590,2026-05-06T21:34:00+07:00,bank_transfer,success,6203500.00,seed,2026-05-06T21:34:00+07:00,2026-05-06T21:34:00+07:00
PAY001431,ORD001591,2026-05-25T04:18:00+07:00,e_wallet,success,17875500.00,seed,2026-05-25T04:18:00+07:00,2026-05-25T04:18:00+07:00
PAY001432,ORD001592,2026-02-16T20:11:00+07:00,cash,success,4380000.00,seed,2026-02-16T20:11:00+07:00,2026-02-16T20:11:00+07:00
PAY001433,ORD001593,2026-01-09T16:29:00+07:00,cash,success,5421000.00,seed,2026-01-09T16:29:00+07:00,2026-01-09T16:29:00+07:00
PAY001434,ORD001594,2026-04-21T01:19:00+07:00,bank_transfer,success,2079000.00,seed,2026-04-21T01:19:00+07:00,2026-04-21T01:19:00+07:00
PAY001435,ORD001595,2026-05-24T17:26:00+07:00,card,success,16950500.00,seed,2026-05-24T17:26:00+07:00,2026-05-24T17:26:00+07:00
PAY001436,ORD001596,2026-02-06T04:55:00+07:00,e_wallet,success,2327500.00,seed,2026-02-06T04:55:00+07:00,2026-02-06T04:55:00+07:00
PAY001437,ORD001597,2026-04-11T02:56:00+07:00,bank_transfer,success,9300000.00,seed,2026-04-11T02:56:00+07:00,2026-04-11T02:56:00+07:00
PAY001438,ORD001598,2026-05-28T12:06:00+07:00,cash,success,981000.00,seed,2026-05-28T12:06:00+07:00,2026-05-28T12:06:00+07:00
PAY001439,ORD001600,2026-04-02T04:25:00+07:00,cash,success,7656000.00,seed,2026-04-02T04:25:00+07:00,2026-04-02T04:25:00+07:00
PAY001440,ORD001602,2026-06-06T16:38:00+07:00,cash,failed,20853500.00,seed,2026-06-06T16:38:00+07:00,2026-06-06T16:38:00+07:00
PAY001441,ORD001603,2026-02-17T00:04:00+07:00,bank_transfer,success,26615500.00,seed,2026-02-17T00:04:00+07:00,2026-02-17T00:04:00+07:00
PAY001442,ORD001604,2026-06-07T00:33:00+07:00,bank_transfer,success,4400000.00,seed,2026-06-07T00:33:00+07:00,2026-06-07T00:33:00+07:00
PAY001443,ORD001606,2026-04-23T21:43:00+07:00,e_wallet,success,27253000.00,seed,2026-04-23T21:43:00+07:00,2026-04-23T21:43:00+07:00
PAY001444,ORD001607,2026-01-27T04:21:00+07:00,bank_transfer,success,5348500.00,seed,2026-01-27T04:21:00+07:00,2026-01-27T04:21:00+07:00
PAY001445,ORD001608,2026-02-09T21:58:00+07:00,e_wallet,success,14744000.00,seed,2026-02-09T21:58:00+07:00,2026-02-09T21:58:00+07:00
PAY001446,ORD001609,2026-03-07T17:10:00+07:00,card,success,22534000.00,seed,2026-03-07T17:10:00+07:00,2026-03-07T17:10:00+07:00
PAY001447,ORD001611,2026-03-25T11:26:00+07:00,e_wallet,success,8079500.00,seed,2026-03-25T11:26:00+07:00,2026-03-25T11:26:00+07:00
PAY001448,ORD001612,2026-05-31T21:15:00+07:00,e_wallet,success,13728500.00,seed,2026-05-31T21:15:00+07:00,2026-05-31T21:15:00+07:00
PAY001449,ORD001613,2026-06-13T23:59:00+07:00,cash,success,5973000.00,seed,2026-06-13T23:59:00+07:00,2026-06-13T23:59:00+07:00
PAY001450,ORD001614,2026-06-10T19:46:00+07:00,e_wallet,success,828000.00,seed,2026-06-10T19:46:00+07:00,2026-06-10T19:46:00+07:00
PAY001451,ORD001615,2026-03-31T05:01:00+07:00,card,success,3543500.00,seed,2026-03-31T05:01:00+07:00,2026-03-31T05:01:00+07:00
PAY001452,ORD001616,2026-03-07T14:21:00+07:00,card,success,6156000.00,seed,2026-03-07T14:21:00+07:00,2026-03-07T14:21:00+07:00
PAY001453,ORD001617,2026-02-17T13:53:00+07:00,card,success,4301000.00,seed,2026-02-17T13:53:00+07:00,2026-02-17T13:53:00+07:00
PAY001454,ORD001619,2026-05-20T19:05:00+07:00,e_wallet,refunded,730000.00,seed,2026-05-20T19:05:00+07:00,2026-05-20T19:05:00+07:00
PAY001455,ORD001620,2026-01-08T23:54:00+07:00,e_wallet,success,3420000.00,seed,2026-01-08T23:54:00+07:00,2026-01-08T23:54:00+07:00
PAY001456,ORD001621,2026-04-07T16:49:00+07:00,card,success,7470000.00,seed,2026-04-07T16:49:00+07:00,2026-04-07T16:49:00+07:00
PAY001457,ORD001622,2026-05-06T22:05:00+07:00,cash,success,9578000.00,seed,2026-05-06T22:05:00+07:00,2026-05-06T22:05:00+07:00
PAY001458,ORD001623,2026-06-14T23:39:00+07:00,bank_transfer,success,25457000.00,seed,2026-06-14T23:39:00+07:00,2026-06-14T23:39:00+07:00
PAY001459,ORD001624,2026-01-14T01:36:00+07:00,bank_transfer,success,30570000.00,seed,2026-01-14T01:36:00+07:00,2026-01-14T01:36:00+07:00
PAY001460,ORD001625,2026-02-09T05:26:00+07:00,e_wallet,success,17991000.00,seed,2026-02-09T05:26:00+07:00,2026-02-09T05:26:00+07:00
PAY001461,ORD001626,2026-06-20T05:40:00+07:00,card,success,13225500.00,seed,2026-06-20T05:40:00+07:00,2026-06-20T05:40:00+07:00
PAY001462,ORD001627,2026-06-10T19:00:00+07:00,cash,success,7257000.00,seed,2026-06-10T19:00:00+07:00,2026-06-10T19:00:00+07:00
PAY001463,ORD001629,2026-04-22T15:10:00+07:00,bank_transfer,success,18094000.00,seed,2026-04-22T15:10:00+07:00,2026-04-22T15:10:00+07:00
PAY001464,ORD001630,2026-05-25T20:48:00+07:00,card,success,18060000.00,seed,2026-05-25T20:48:00+07:00,2026-05-25T20:48:00+07:00
PAY001465,ORD001631,2026-05-23T15:36:00+07:00,cash,success,31173500.00,seed,2026-05-23T15:36:00+07:00,2026-05-23T15:36:00+07:00
PAY001466,ORD001633,2026-06-19T05:06:00+07:00,bank_transfer,failed,6250000.00,seed,2026-06-19T05:06:00+07:00,2026-06-19T05:06:00+07:00
PAY001467,ORD001634,2026-05-29T06:11:00+07:00,e_wallet,success,5326000.00,seed,2026-05-29T06:11:00+07:00,2026-05-29T06:11:00+07:00
PAY001468,ORD001635,2026-02-27T01:40:00+07:00,bank_transfer,success,24165500.00,seed,2026-02-27T01:40:00+07:00,2026-02-27T01:40:00+07:00
PAY001469,ORD001636,2026-03-14T15:24:00+07:00,card,success,11981000.00,seed,2026-03-14T15:24:00+07:00,2026-03-14T15:24:00+07:00
PAY001470,ORD001638,2026-03-01T13:11:00+07:00,card,success,18788500.00,seed,2026-03-01T13:11:00+07:00,2026-03-01T13:11:00+07:00
PAY001471,ORD001640,2026-03-03T04:08:00+07:00,e_wallet,failed,10820000.00,seed,2026-03-03T04:08:00+07:00,2026-03-03T04:08:00+07:00
PAY001472,ORD001641,2026-04-23T06:32:00+07:00,cash,success,10967000.00,seed,2026-04-23T06:32:00+07:00,2026-04-23T06:32:00+07:00
PAY001473,ORD001642,2026-03-08T16:33:00+07:00,bank_transfer,success,1743000.00,seed,2026-03-08T16:33:00+07:00,2026-03-08T16:33:00+07:00
PAY001474,ORD001643,2026-04-22T01:39:00+07:00,cash,success,5480000.00,seed,2026-04-22T01:39:00+07:00,2026-04-22T01:39:00+07:00
PAY001475,ORD001644,2026-04-20T06:34:00+07:00,card,success,13723500.00,seed,2026-04-20T06:34:00+07:00,2026-04-20T06:34:00+07:00
PAY001476,ORD001645,2026-03-12T03:25:00+07:00,e_wallet,success,2856000.00,seed,2026-03-12T03:25:00+07:00,2026-03-12T03:25:00+07:00
PAY001477,ORD001647,2026-01-10T05:34:00+07:00,card,success,6744000.00,seed,2026-01-10T05:34:00+07:00,2026-01-10T05:34:00+07:00
PAY001478,ORD001648,2026-06-18T10:02:00+07:00,card,success,31587000.00,seed,2026-06-18T10:02:00+07:00,2026-06-18T10:02:00+07:00
PAY001479,ORD001649,2026-01-20T13:27:00+07:00,cash,success,3136500.00,seed,2026-01-20T13:27:00+07:00,2026-01-20T13:27:00+07:00
PAY001480,ORD001650,2026-06-01T13:29:00+07:00,cash,success,2204000.00,seed,2026-06-01T13:29:00+07:00,2026-06-01T13:29:00+07:00
PAY001481,ORD001651,2026-04-17T08:55:00+07:00,cash,success,9840000.00,seed,2026-04-17T08:55:00+07:00,2026-04-17T08:55:00+07:00
PAY001482,ORD001652,2026-06-23T00:16:00+07:00,e_wallet,success,14229000.00,seed,2026-06-23T00:16:00+07:00,2026-06-23T00:16:00+07:00
PAY001483,ORD001653,2026-05-06T16:00:00+07:00,e_wallet,success,10063000.00,seed,2026-05-06T16:00:00+07:00,2026-05-06T16:00:00+07:00
PAY001484,ORD001654,2026-01-14T20:57:00+07:00,bank_transfer,success,17587500.00,seed,2026-01-14T20:57:00+07:00,2026-01-14T20:57:00+07:00
PAY001485,ORD001655,2026-04-10T20:21:00+07:00,card,success,8136000.00,seed,2026-04-10T20:21:00+07:00,2026-04-10T20:21:00+07:00
PAY001486,ORD001656,2026-04-25T06:55:00+07:00,cash,failed,9530000.00,seed,2026-04-25T06:55:00+07:00,2026-04-25T06:55:00+07:00
PAY001487,ORD001658,2026-01-25T00:17:00+07:00,card,success,7587000.00,seed,2026-01-25T00:17:00+07:00,2026-01-25T00:17:00+07:00
PAY001488,ORD001659,2026-04-21T19:19:00+07:00,cash,success,6360000.00,seed,2026-04-21T19:19:00+07:00,2026-04-21T19:19:00+07:00
PAY001489,ORD001660,2026-05-16T17:27:00+07:00,e_wallet,success,12605000.00,seed,2026-05-16T17:27:00+07:00,2026-05-16T17:27:00+07:00
PAY001490,ORD001662,2026-02-18T02:09:00+07:00,e_wallet,success,1930000.00,seed,2026-02-18T02:09:00+07:00,2026-02-18T02:09:00+07:00
PAY001491,ORD001663,2026-06-05T18:15:00+07:00,e_wallet,success,11470000.00,seed,2026-06-05T18:15:00+07:00,2026-06-05T18:15:00+07:00
PAY001492,ORD001665,2026-02-24T16:06:00+07:00,e_wallet,success,12493500.00,seed,2026-02-24T16:06:00+07:00,2026-02-24T16:06:00+07:00
PAY001493,ORD001666,2026-01-02T14:22:00+07:00,cash,success,3043000.00,seed,2026-01-02T14:22:00+07:00,2026-01-02T14:22:00+07:00
PAY001494,ORD001667,2026-05-07T12:44:00+07:00,card,success,5841500.00,seed,2026-05-07T12:44:00+07:00,2026-05-07T12:44:00+07:00
PAY001495,ORD001668,2026-01-30T00:48:00+07:00,bank_transfer,success,14940000.00,seed,2026-01-30T00:48:00+07:00,2026-01-30T00:48:00+07:00
PAY001496,ORD001669,2026-06-26T08:19:00+07:00,card,success,6250000.00,seed,2026-06-26T08:19:00+07:00,2026-06-26T08:19:00+07:00
PAY001497,ORD001670,2026-03-14T07:39:00+07:00,cash,refunded,8287000.00,seed,2026-03-14T07:39:00+07:00,2026-03-14T07:39:00+07:00
PAY001498,ORD001671,2026-04-16T14:54:00+07:00,card,pending,10580000.00,seed,2026-04-16T14:54:00+07:00,2026-04-16T14:54:00+07:00
PAY001499,ORD001672,2026-01-26T18:15:00+07:00,cash,success,10916000.00,seed,2026-01-26T18:15:00+07:00,2026-01-26T18:15:00+07:00
PAY001500,ORD001673,2026-02-03T21:04:00+07:00,e_wallet,success,13179500.00,seed,2026-02-03T21:04:00+07:00,2026-02-03T21:04:00+07:00
PAY001501,ORD001674,2026-01-01T17:57:00+07:00,e_wallet,success,12443000.00,seed,2026-01-01T17:57:00+07:00,2026-01-01T17:57:00+07:00
PAY001502,ORD001676,2026-03-22T00:51:00+07:00,bank_transfer,success,11342000.00,seed,2026-03-22T00:51:00+07:00,2026-03-22T00:51:00+07:00
PAY001503,ORD001677,2026-05-22T00:34:00+07:00,e_wallet,success,1316500.00,seed,2026-05-22T00:34:00+07:00,2026-05-22T00:34:00+07:00
PAY001504,ORD001678,2026-01-02T05:28:00+07:00,cash,success,7978500.00,seed,2026-01-02T05:28:00+07:00,2026-01-02T05:28:00+07:00
PAY001505,ORD001679,2026-05-08T21:30:00+07:00,e_wallet,pending,2390000.00,seed,2026-05-08T21:30:00+07:00,2026-05-08T21:30:00+07:00
PAY001506,ORD001680,2026-04-06T15:59:00+07:00,e_wallet,success,760000.00,seed,2026-04-06T15:59:00+07:00,2026-04-06T15:59:00+07:00
PAY001507,ORD001681,2026-02-25T14:27:00+07:00,cash,success,9248000.00,seed,2026-02-25T14:27:00+07:00,2026-02-25T14:27:00+07:00
PAY001508,ORD001682,2026-06-15T02:19:00+07:00,card,success,7770000.00,seed,2026-06-15T02:19:00+07:00,2026-06-15T02:19:00+07:00
PAY001509,ORD001683,2026-03-07T20:15:00+07:00,e_wallet,success,1140000.00,seed,2026-03-07T20:15:00+07:00,2026-03-07T20:15:00+07:00
PAY001510,ORD001684,2026-01-15T08:06:00+07:00,bank_transfer,failed,5200000.00,seed,2026-01-15T08:06:00+07:00,2026-01-15T08:06:00+07:00
PAY001511,ORD001685,2026-03-14T03:51:00+07:00,e_wallet,success,1963500.00,seed,2026-03-14T03:51:00+07:00,2026-03-14T03:51:00+07:00
PAY001512,ORD001686,2026-06-10T21:24:00+07:00,e_wallet,success,10726000.00,seed,2026-06-10T21:24:00+07:00,2026-06-10T21:24:00+07:00
PAY001513,ORD001687,2026-03-19T05:06:00+07:00,e_wallet,success,9286500.00,seed,2026-03-19T05:06:00+07:00,2026-03-19T05:06:00+07:00
PAY001514,ORD001688,2026-06-10T09:42:00+07:00,card,success,31690000.00,seed,2026-06-10T09:42:00+07:00,2026-06-10T09:42:00+07:00
PAY001515,ORD001689,2026-03-19T04:08:00+07:00,cash,success,7647500.00,seed,2026-03-19T04:08:00+07:00,2026-03-19T04:08:00+07:00
PAY001516,ORD001690,2026-01-29T01:48:00+07:00,cash,success,920000.00,seed,2026-01-29T01:48:00+07:00,2026-01-29T01:48:00+07:00
PAY001517,ORD001691,2026-04-24T02:43:00+07:00,bank_transfer,success,28897500.00,seed,2026-04-24T02:43:00+07:00,2026-04-24T02:43:00+07:00
PAY001518,ORD001693,2026-06-02T18:34:00+07:00,cash,success,7700000.00,seed,2026-06-02T18:34:00+07:00,2026-06-02T18:34:00+07:00
PAY001519,ORD001694,2026-05-19T20:15:00+07:00,e_wallet,success,12401000.00,seed,2026-05-19T20:15:00+07:00,2026-05-19T20:15:00+07:00
PAY001520,ORD001695,2026-01-10T22:00:00+07:00,e_wallet,success,6029000.00,seed,2026-01-10T22:00:00+07:00,2026-01-10T22:00:00+07:00
PAY001521,ORD001696,2026-01-01T21:26:00+07:00,cash,success,14380000.00,seed,2026-01-01T21:26:00+07:00,2026-01-01T21:26:00+07:00
PAY001522,ORD001697,2026-01-06T02:13:00+07:00,card,pending,4482000.00,seed,2026-01-06T02:13:00+07:00,2026-01-06T02:13:00+07:00
PAY001523,ORD001698,2026-01-24T23:20:00+07:00,cash,pending,4846500.00,seed,2026-01-24T23:20:00+07:00,2026-01-24T23:20:00+07:00
PAY001524,ORD001699,2026-01-03T21:54:00+07:00,e_wallet,success,11281500.00,seed,2026-01-03T21:54:00+07:00,2026-01-03T21:54:00+07:00
PAY001525,ORD001700,2026-03-31T21:06:00+07:00,e_wallet,success,19656000.00,seed,2026-03-31T21:06:00+07:00,2026-03-31T21:06:00+07:00
PAY001526,ORD001701,2026-04-03T18:30:00+07:00,e_wallet,success,10810000.00,seed,2026-04-03T18:30:00+07:00,2026-04-03T18:30:00+07:00
PAY001527,ORD001702,2026-01-13T09:05:00+07:00,bank_transfer,success,1238000.00,seed,2026-01-13T09:05:00+07:00,2026-01-13T09:05:00+07:00
PAY001528,ORD001703,2026-05-23T09:10:00+07:00,cash,success,9070000.00,seed,2026-05-23T09:10:00+07:00,2026-05-23T09:10:00+07:00
PAY001529,ORD001704,2026-01-06T17:53:00+07:00,bank_transfer,pending,33458000.00,seed,2026-01-06T17:53:00+07:00,2026-01-06T17:53:00+07:00
PAY001530,ORD001705,2026-02-01T02:52:00+07:00,e_wallet,success,14681500.00,seed,2026-02-01T02:52:00+07:00,2026-02-01T02:52:00+07:00
PAY001531,ORD001706,2026-01-22T16:38:00+07:00,e_wallet,success,21757000.00,seed,2026-01-22T16:38:00+07:00,2026-01-22T16:38:00+07:00
PAY001532,ORD001707,2026-03-23T21:09:00+07:00,bank_transfer,success,18151500.00,seed,2026-03-23T21:09:00+07:00,2026-03-23T21:09:00+07:00
PAY001533,ORD001708,2026-06-12T02:41:00+07:00,bank_transfer,success,22880000.00,seed,2026-06-12T02:41:00+07:00,2026-06-12T02:41:00+07:00
PAY001534,ORD001709,2026-05-08T14:45:00+07:00,cash,success,9690000.00,seed,2026-05-08T14:45:00+07:00,2026-05-08T14:45:00+07:00
PAY001535,ORD001710,2026-03-14T17:10:00+07:00,e_wallet,success,8897000.00,seed,2026-03-14T17:10:00+07:00,2026-03-14T17:10:00+07:00
PAY001536,ORD001711,2026-03-20T16:44:00+07:00,card,success,22939500.00,seed,2026-03-20T16:44:00+07:00,2026-03-20T16:44:00+07:00
PAY001537,ORD001712,2026-02-21T22:34:00+07:00,card,success,14495000.00,seed,2026-02-21T22:34:00+07:00,2026-02-21T22:34:00+07:00
PAY001538,ORD001713,2026-01-12T01:02:00+07:00,cash,success,17603500.00,seed,2026-01-12T01:02:00+07:00,2026-01-12T01:02:00+07:00
PAY001539,ORD001715,2026-06-02T19:43:00+07:00,e_wallet,success,11283500.00,seed,2026-06-02T19:43:00+07:00,2026-06-02T19:43:00+07:00
PAY001540,ORD001716,2026-02-18T13:14:00+07:00,e_wallet,success,8421500.00,seed,2026-02-18T13:14:00+07:00,2026-02-18T13:14:00+07:00
PAY001541,ORD001717,2026-02-19T23:01:00+07:00,cash,success,25960000.00,seed,2026-02-19T23:01:00+07:00,2026-02-19T23:01:00+07:00
PAY001542,ORD001718,2026-05-19T15:25:00+07:00,cash,success,4095000.00,seed,2026-05-19T15:25:00+07:00,2026-05-19T15:25:00+07:00
PAY001543,ORD001719,2026-04-15T15:36:00+07:00,e_wallet,success,20255500.00,seed,2026-04-15T15:36:00+07:00,2026-04-15T15:36:00+07:00
PAY001544,ORD001720,2026-02-13T19:42:00+07:00,card,success,33025000.00,seed,2026-02-13T19:42:00+07:00,2026-02-13T19:42:00+07:00
PAY001545,ORD001721,2026-02-26T01:28:00+07:00,card,success,18284000.00,seed,2026-02-26T01:28:00+07:00,2026-02-26T01:28:00+07:00
PAY001546,ORD001722,2026-02-07T18:28:00+07:00,e_wallet,success,10925500.00,seed,2026-02-07T18:28:00+07:00,2026-02-07T18:28:00+07:00
PAY001547,ORD001723,2026-02-02T09:49:00+07:00,cash,success,1982500.00,seed,2026-02-02T09:49:00+07:00,2026-02-02T09:49:00+07:00
PAY001548,ORD001724,2026-04-11T15:15:00+07:00,bank_transfer,success,5386500.00,seed,2026-04-11T15:15:00+07:00,2026-04-11T15:15:00+07:00
PAY001549,ORD001725,2026-05-20T23:19:00+07:00,bank_transfer,success,90000.00,seed,2026-05-20T23:19:00+07:00,2026-05-20T23:19:00+07:00
PAY001550,ORD001726,2026-02-09T18:53:00+07:00,cash,success,3420000.00,seed,2026-02-09T18:53:00+07:00,2026-02-09T18:53:00+07:00
PAY001551,ORD001728,2026-01-21T14:11:00+07:00,card,success,17856500.00,seed,2026-01-21T14:11:00+07:00,2026-01-21T14:11:00+07:00
PAY001552,ORD001729,2026-01-27T16:20:00+07:00,card,success,16269000.00,seed,2026-01-27T16:20:00+07:00,2026-01-27T16:20:00+07:00
PAY001553,ORD001730,2026-03-02T19:33:00+07:00,e_wallet,success,5910000.00,seed,2026-03-02T19:33:00+07:00,2026-03-02T19:33:00+07:00
PAY001554,ORD001731,2026-04-30T03:38:00+07:00,bank_transfer,success,9892500.00,seed,2026-04-30T03:38:00+07:00,2026-04-30T03:38:00+07:00
PAY001555,ORD001732,2026-06-03T09:16:00+07:00,card,pending,6241500.00,seed,2026-06-03T09:16:00+07:00,2026-06-03T09:16:00+07:00
PAY001556,ORD001733,2026-03-03T17:48:00+07:00,card,success,4892500.00,seed,2026-03-03T17:48:00+07:00,2026-03-03T17:48:00+07:00
PAY001557,ORD001734,2026-04-07T23:13:00+07:00,bank_transfer,success,11823500.00,seed,2026-04-07T23:13:00+07:00,2026-04-07T23:13:00+07:00
PAY001558,ORD001735,2026-03-03T18:52:00+07:00,card,success,20464000.00,seed,2026-03-03T18:52:00+07:00,2026-03-03T18:52:00+07:00
PAY001559,ORD001736,2026-05-03T17:53:00+07:00,card,success,17085000.00,seed,2026-05-03T17:53:00+07:00,2026-05-03T17:53:00+07:00
PAY001560,ORD001737,2026-05-02T16:53:00+07:00,bank_transfer,success,7049000.00,seed,2026-05-02T16:53:00+07:00,2026-05-02T16:53:00+07:00
PAY001561,ORD001739,2026-06-19T11:46:00+07:00,card,success,23735500.00,seed,2026-06-19T11:46:00+07:00,2026-06-19T11:46:00+07:00
PAY001562,ORD001741,2026-02-01T21:22:00+07:00,bank_transfer,success,12936000.00,seed,2026-02-01T21:22:00+07:00,2026-02-01T21:22:00+07:00
PAY001563,ORD001742,2026-04-24T16:14:00+07:00,cash,success,9749500.00,seed,2026-04-24T16:14:00+07:00,2026-04-24T16:14:00+07:00
PAY001564,ORD001743,2026-06-18T19:13:00+07:00,bank_transfer,success,7266000.00,seed,2026-06-18T19:13:00+07:00,2026-06-18T19:13:00+07:00
PAY001565,ORD001744,2026-04-19T00:06:00+07:00,e_wallet,success,25836500.00,seed,2026-04-19T00:06:00+07:00,2026-04-19T00:06:00+07:00
PAY001566,ORD001745,2026-03-22T03:32:00+07:00,e_wallet,success,2673000.00,seed,2026-03-22T03:32:00+07:00,2026-03-22T03:32:00+07:00
PAY001567,ORD001746,2026-01-23T17:42:00+07:00,e_wallet,success,3247000.00,seed,2026-01-23T17:42:00+07:00,2026-01-23T17:42:00+07:00
PAY001568,ORD001747,2026-04-28T01:58:00+07:00,e_wallet,success,1845000.00,seed,2026-04-28T01:58:00+07:00,2026-04-28T01:58:00+07:00
PAY001569,ORD001748,2026-02-20T21:03:00+07:00,card,success,29488000.00,seed,2026-02-20T21:03:00+07:00,2026-02-20T21:03:00+07:00
PAY001570,ORD001750,2026-04-01T16:55:00+07:00,e_wallet,pending,9910000.00,seed,2026-04-01T16:55:00+07:00,2026-04-01T16:55:00+07:00
PAY001571,ORD001752,2026-04-01T19:42:00+07:00,card,success,4969000.00,seed,2026-04-01T19:42:00+07:00,2026-04-01T19:42:00+07:00
PAY001572,ORD001753,2026-01-30T22:51:00+07:00,bank_transfer,success,1480000.00,seed,2026-01-30T22:51:00+07:00,2026-01-30T22:51:00+07:00
PAY001573,ORD001755,2026-01-04T19:54:00+07:00,card,success,12198000.00,seed,2026-01-04T19:54:00+07:00,2026-01-04T19:54:00+07:00
PAY001574,ORD001756,2026-03-24T16:04:00+07:00,e_wallet,success,7380000.00,seed,2026-03-24T16:04:00+07:00,2026-03-24T16:04:00+07:00
PAY001575,ORD001757,2026-05-19T23:30:00+07:00,bank_transfer,success,6306500.00,seed,2026-05-19T23:30:00+07:00,2026-05-19T23:30:00+07:00
PAY001576,ORD001758,2026-01-21T08:48:00+07:00,card,success,18970000.00,seed,2026-01-21T08:48:00+07:00,2026-01-21T08:48:00+07:00
PAY001577,ORD001759,2026-05-08T19:58:00+07:00,bank_transfer,success,9150000.00,seed,2026-05-08T19:58:00+07:00,2026-05-08T19:58:00+07:00
PAY001578,ORD001760,2026-01-02T20:11:00+07:00,bank_transfer,success,11220000.00,seed,2026-01-02T20:11:00+07:00,2026-01-02T20:11:00+07:00
PAY001579,ORD001761,2026-05-26T23:30:00+07:00,card,success,7172000.00,seed,2026-05-26T23:30:00+07:00,2026-05-26T23:30:00+07:00
PAY001580,ORD001762,2026-06-27T17:17:00+07:00,cash,success,15868000.00,seed,2026-06-27T17:17:00+07:00,2026-06-27T17:17:00+07:00
PAY001581,ORD001763,2026-06-21T18:34:00+07:00,card,success,20004500.00,seed,2026-06-21T18:34:00+07:00,2026-06-21T18:34:00+07:00
PAY001582,ORD001764,2026-03-27T22:21:00+07:00,e_wallet,pending,6849500.00,seed,2026-03-27T22:21:00+07:00,2026-03-27T22:21:00+07:00
PAY001583,ORD001765,2026-05-19T16:07:00+07:00,card,success,4693000.00,seed,2026-05-19T16:07:00+07:00,2026-05-19T16:07:00+07:00
PAY001584,ORD001766,2026-03-12T12:03:00+07:00,card,failed,13260000.00,seed,2026-03-12T12:03:00+07:00,2026-03-12T12:03:00+07:00
PAY001585,ORD001768,2026-05-16T22:27:00+07:00,e_wallet,success,3323500.00,seed,2026-05-16T22:27:00+07:00,2026-05-16T22:27:00+07:00
PAY001586,ORD001769,2026-03-23T19:24:00+07:00,e_wallet,success,16857000.00,seed,2026-03-23T19:24:00+07:00,2026-03-23T19:24:00+07:00
PAY001587,ORD001770,2026-01-28T18:18:00+07:00,bank_transfer,success,11855000.00,seed,2026-01-28T18:18:00+07:00,2026-01-28T18:18:00+07:00
PAY001588,ORD001771,2026-02-11T17:14:00+07:00,card,pending,6210000.00,seed,2026-02-11T17:14:00+07:00,2026-02-11T17:14:00+07:00
PAY001589,ORD001772,2026-03-01T23:27:00+07:00,bank_transfer,success,14772000.00,seed,2026-03-01T23:27:00+07:00,2026-03-01T23:27:00+07:00
PAY001590,ORD001773,2026-02-06T03:41:00+07:00,bank_transfer,failed,3825000.00,seed,2026-02-06T03:41:00+07:00,2026-02-06T03:41:00+07:00
PAY001591,ORD001776,2026-01-01T19:47:00+07:00,card,success,16903000.00,seed,2026-01-01T19:47:00+07:00,2026-01-01T19:47:00+07:00
PAY001592,ORD001777,2026-05-12T00:55:00+07:00,e_wallet,failed,13263000.00,seed,2026-05-12T00:55:00+07:00,2026-05-12T00:55:00+07:00
PAY001593,ORD001778,2026-03-14T02:29:00+07:00,e_wallet,pending,3213000.00,seed,2026-03-14T02:29:00+07:00,2026-03-14T02:29:00+07:00
PAY001594,ORD001779,2026-05-18T07:39:00+07:00,card,success,3470000.00,seed,2026-05-18T07:39:00+07:00,2026-05-18T07:39:00+07:00
PAY001595,ORD001782,2026-03-07T20:33:00+07:00,card,success,10591000.00,seed,2026-03-07T20:33:00+07:00,2026-03-07T20:33:00+07:00
PAY001596,ORD001783,2026-04-06T21:58:00+07:00,bank_transfer,success,19490000.00,seed,2026-04-06T21:58:00+07:00,2026-04-06T21:58:00+07:00
PAY001597,ORD001784,2026-06-23T21:13:00+07:00,card,success,16592000.00,seed,2026-06-23T21:13:00+07:00,2026-06-23T21:13:00+07:00
PAY001598,ORD001785,2026-04-14T06:53:00+07:00,e_wallet,success,29870500.00,seed,2026-04-14T06:53:00+07:00,2026-04-14T06:53:00+07:00
PAY001599,ORD001786,2026-02-14T22:30:00+07:00,bank_transfer,failed,11620000.00,seed,2026-02-14T22:30:00+07:00,2026-02-14T22:30:00+07:00
PAY001600,ORD001788,2026-01-05T14:45:00+07:00,e_wallet,success,11148500.00,seed,2026-01-05T14:45:00+07:00,2026-01-05T14:45:00+07:00
PAY001601,ORD001789,2026-05-17T02:43:00+07:00,card,success,18171000.00,seed,2026-05-17T02:43:00+07:00,2026-05-17T02:43:00+07:00
PAY001602,ORD001790,2026-02-14T22:38:00+07:00,card,success,18483500.00,seed,2026-02-14T22:38:00+07:00,2026-02-14T22:38:00+07:00
PAY001603,ORD001791,2026-06-22T00:06:00+07:00,cash,success,5073000.00,seed,2026-06-22T00:06:00+07:00,2026-06-22T00:06:00+07:00
PAY001604,ORD001792,2026-04-12T19:11:00+07:00,bank_transfer,success,8269000.00,seed,2026-04-12T19:11:00+07:00,2026-04-12T19:11:00+07:00
PAY001605,ORD001793,2026-04-26T21:12:00+07:00,cash,success,14085000.00,seed,2026-04-26T21:12:00+07:00,2026-04-26T21:12:00+07:00
PAY001606,ORD001794,2026-06-14T18:56:00+07:00,card,success,17959000.00,seed,2026-06-14T18:56:00+07:00,2026-06-14T18:56:00+07:00
PAY001607,ORD001795,2026-04-14T22:44:00+07:00,card,failed,980000.00,seed,2026-04-14T22:44:00+07:00,2026-04-14T22:44:00+07:00
PAY001608,ORD001796,2026-06-11T21:36:00+07:00,cash,success,6112500.00,seed,2026-06-11T21:36:00+07:00,2026-06-11T21:36:00+07:00
PAY001609,ORD001797,2026-03-23T01:51:00+07:00,card,success,14234000.00,seed,2026-03-23T01:51:00+07:00,2026-03-23T01:51:00+07:00
PAY001610,ORD001798,2026-02-07T23:49:00+07:00,e_wallet,success,10737500.00,seed,2026-02-07T23:49:00+07:00,2026-02-07T23:49:00+07:00
PAY001611,ORD001799,2026-03-08T01:40:00+07:00,cash,success,20605000.00,seed,2026-03-08T01:40:00+07:00,2026-03-08T01:40:00+07:00
PAY001612,ORD001800,2026-01-27T17:57:00+07:00,cash,success,20707000.00,seed,2026-01-27T17:57:00+07:00,2026-01-27T17:57:00+07:00
PAY001613,ORD001801,2026-01-20T22:51:00+07:00,card,success,9819000.00,seed,2026-01-20T22:51:00+07:00,2026-01-20T22:51:00+07:00
PAY001614,ORD001802,2026-02-17T17:48:00+07:00,bank_transfer,success,20071000.00,seed,2026-02-17T17:48:00+07:00,2026-02-17T17:48:00+07:00
PAY001615,ORD001803,2026-06-26T03:09:00+07:00,e_wallet,success,24099000.00,seed,2026-06-26T03:09:00+07:00,2026-06-26T03:09:00+07:00
PAY001616,ORD001804,2026-05-14T23:57:00+07:00,card,success,7860500.00,seed,2026-05-14T23:57:00+07:00,2026-05-14T23:57:00+07:00
PAY001617,ORD001805,2026-04-12T14:16:00+07:00,e_wallet,success,828000.00,seed,2026-04-12T14:16:00+07:00,2026-04-12T14:16:00+07:00
PAY001618,ORD001806,2026-04-07T01:42:00+07:00,card,success,12418500.00,seed,2026-04-07T01:42:00+07:00,2026-04-07T01:42:00+07:00
PAY001619,ORD001807,2026-03-12T19:00:00+07:00,cash,success,34183000.00,seed,2026-03-12T19:00:00+07:00,2026-03-12T19:00:00+07:00
PAY001620,ORD001808,2026-01-17T21:20:00+07:00,card,success,5292000.00,seed,2026-01-17T21:20:00+07:00,2026-01-17T21:20:00+07:00
PAY001621,ORD001809,2026-02-01T14:47:00+07:00,card,success,28769000.00,seed,2026-02-01T14:47:00+07:00,2026-02-01T14:47:00+07:00
PAY001622,ORD001810,2026-04-09T12:57:00+07:00,e_wallet,success,30833000.00,seed,2026-04-09T12:57:00+07:00,2026-04-09T12:57:00+07:00
PAY001623,ORD001811,2026-06-12T12:54:00+07:00,e_wallet,success,12071500.00,seed,2026-06-12T12:54:00+07:00,2026-06-12T12:54:00+07:00
PAY001624,ORD001812,2026-01-17T09:25:00+07:00,cash,success,1358500.00,seed,2026-01-17T09:25:00+07:00,2026-01-17T09:25:00+07:00
PAY001625,ORD001813,2026-05-28T15:18:00+07:00,card,success,13599000.00,seed,2026-05-28T15:18:00+07:00,2026-05-28T15:18:00+07:00
PAY001626,ORD001814,2026-03-28T23:41:00+07:00,card,pending,8783000.00,seed,2026-03-28T23:41:00+07:00,2026-03-28T23:41:00+07:00
PAY001627,ORD001815,2026-02-13T19:32:00+07:00,cash,success,22934500.00,seed,2026-02-13T19:32:00+07:00,2026-02-13T19:32:00+07:00
PAY001628,ORD001816,2026-03-05T00:06:00+07:00,e_wallet,success,35995500.00,seed,2026-03-05T00:06:00+07:00,2026-03-05T00:06:00+07:00
PAY001629,ORD001817,2026-01-27T21:43:00+07:00,bank_transfer,success,20510000.00,seed,2026-01-27T21:43:00+07:00,2026-01-27T21:43:00+07:00
PAY001630,ORD001818,2026-05-31T18:07:00+07:00,bank_transfer,failed,7160000.00,seed,2026-05-31T18:07:00+07:00,2026-05-31T18:07:00+07:00
PAY001631,ORD001819,2026-02-02T00:10:00+07:00,bank_transfer,success,7820000.00,seed,2026-02-02T00:10:00+07:00,2026-02-02T00:10:00+07:00
PAY001632,ORD001820,2026-01-08T01:39:00+07:00,e_wallet,success,17632000.00,seed,2026-01-08T01:39:00+07:00,2026-01-08T01:39:00+07:00
PAY001633,ORD001821,2026-03-09T13:36:00+07:00,e_wallet,success,1782000.00,seed,2026-03-09T13:36:00+07:00,2026-03-09T13:36:00+07:00
PAY001634,ORD001822,2026-03-08T16:02:00+07:00,bank_transfer,success,10760000.00,seed,2026-03-08T16:02:00+07:00,2026-03-08T16:02:00+07:00
PAY001635,ORD001823,2026-01-08T10:52:00+07:00,bank_transfer,success,6180000.00,seed,2026-01-08T10:52:00+07:00,2026-01-08T10:52:00+07:00
PAY001636,ORD001824,2026-05-06T17:56:00+07:00,bank_transfer,success,13611500.00,seed,2026-05-06T17:56:00+07:00,2026-05-06T17:56:00+07:00
PAY001637,ORD001826,2026-01-01T18:59:00+07:00,cash,success,2360000.00,seed,2026-01-01T18:59:00+07:00,2026-01-01T18:59:00+07:00
PAY001638,ORD001827,2026-06-17T20:16:00+07:00,cash,success,8765000.00,seed,2026-06-17T20:16:00+07:00,2026-06-17T20:16:00+07:00
PAY001639,ORD001828,2026-03-08T13:49:00+07:00,e_wallet,success,12691000.00,seed,2026-03-08T13:49:00+07:00,2026-03-08T13:49:00+07:00
PAY001640,ORD001829,2026-05-06T03:12:00+07:00,bank_transfer,success,28124000.00,seed,2026-05-06T03:12:00+07:00,2026-05-06T03:12:00+07:00
PAY001641,ORD001830,2026-06-13T19:15:00+07:00,e_wallet,success,8794500.00,seed,2026-06-13T19:15:00+07:00,2026-06-13T19:15:00+07:00
PAY001642,ORD001831,2026-05-29T22:22:00+07:00,cash,success,14250000.00,seed,2026-05-29T22:22:00+07:00,2026-05-29T22:22:00+07:00
PAY001643,ORD001832,2026-01-26T08:31:00+07:00,card,success,2286500.00,seed,2026-01-26T08:31:00+07:00,2026-01-26T08:31:00+07:00
PAY001644,ORD001834,2026-02-17T19:04:00+07:00,bank_transfer,success,18280000.00,seed,2026-02-17T19:04:00+07:00,2026-02-17T19:04:00+07:00
PAY001645,ORD001835,2026-02-07T05:31:00+07:00,cash,success,9100000.00,seed,2026-02-07T05:31:00+07:00,2026-02-07T05:31:00+07:00
PAY001646,ORD001836,2026-04-12T18:46:00+07:00,card,success,2916500.00,seed,2026-04-12T18:46:00+07:00,2026-04-12T18:46:00+07:00
PAY001647,ORD001837,2026-03-01T22:35:00+07:00,bank_transfer,success,12680000.00,seed,2026-03-01T22:35:00+07:00,2026-03-01T22:35:00+07:00
PAY001648,ORD001838,2026-02-12T23:17:00+07:00,e_wallet,success,552500.00,seed,2026-02-12T23:17:00+07:00,2026-02-12T23:17:00+07:00
PAY001649,ORD001840,2026-03-30T21:17:00+07:00,cash,success,16776000.00,seed,2026-03-30T21:17:00+07:00,2026-03-30T21:17:00+07:00
PAY001650,ORD001841,2026-04-16T05:20:00+07:00,cash,success,11633000.00,seed,2026-04-16T05:20:00+07:00,2026-04-16T05:20:00+07:00
PAY001651,ORD001842,2026-01-06T02:47:00+07:00,e_wallet,success,23668000.00,seed,2026-01-06T02:47:00+07:00,2026-01-06T02:47:00+07:00
PAY001652,ORD001844,2026-03-12T22:16:00+07:00,card,success,14640000.00,seed,2026-03-12T22:16:00+07:00,2026-03-12T22:16:00+07:00
PAY001653,ORD001845,2026-01-18T16:47:00+07:00,cash,success,10411000.00,seed,2026-01-18T16:47:00+07:00,2026-01-18T16:47:00+07:00
PAY001654,ORD001846,2026-04-15T01:18:00+07:00,card,success,19451000.00,seed,2026-04-15T01:18:00+07:00,2026-04-15T01:18:00+07:00
PAY001655,ORD001847,2026-06-11T19:13:00+07:00,card,success,8501500.00,seed,2026-06-11T19:13:00+07:00,2026-06-11T19:13:00+07:00
PAY001656,ORD001848,2026-04-16T23:14:00+07:00,e_wallet,success,15050500.00,seed,2026-04-16T23:14:00+07:00,2026-04-16T23:14:00+07:00
PAY001657,ORD001849,2026-04-27T19:57:00+07:00,card,failed,4825000.00,seed,2026-04-27T19:57:00+07:00,2026-04-27T19:57:00+07:00
PAY001658,ORD001850,2026-02-08T02:53:00+07:00,card,success,216000.00,seed,2026-02-08T02:53:00+07:00,2026-02-08T02:53:00+07:00
PAY001659,ORD001851,2026-05-05T18:01:00+07:00,card,success,9148000.00,seed,2026-05-05T18:01:00+07:00,2026-05-05T18:01:00+07:00
PAY001660,ORD001853,2026-04-15T23:18:00+07:00,bank_transfer,success,15597000.00,seed,2026-04-15T23:18:00+07:00,2026-04-15T23:18:00+07:00
PAY001661,ORD001854,2026-05-13T14:24:00+07:00,bank_transfer,success,180000.00,seed,2026-05-13T14:24:00+07:00,2026-05-13T14:24:00+07:00
PAY001662,ORD001855,2026-03-26T19:44:00+07:00,e_wallet,success,17901500.00,seed,2026-03-26T19:44:00+07:00,2026-03-26T19:44:00+07:00
PAY001663,ORD001856,2026-06-07T07:23:00+07:00,e_wallet,success,7898000.00,seed,2026-06-07T07:23:00+07:00,2026-06-07T07:23:00+07:00
PAY001664,ORD001857,2026-02-11T21:12:00+07:00,cash,success,10975000.00,seed,2026-02-11T21:12:00+07:00,2026-02-11T21:12:00+07:00
PAY001665,ORD001858,2026-05-31T11:35:00+07:00,e_wallet,success,14782000.00,seed,2026-05-31T11:35:00+07:00,2026-05-31T11:35:00+07:00
PAY001666,ORD001859,2026-06-02T20:38:00+07:00,e_wallet,failed,11454500.00,seed,2026-06-02T20:38:00+07:00,2026-06-02T20:38:00+07:00
PAY001667,ORD001860,2026-04-10T05:15:00+07:00,e_wallet,success,6734500.00,seed,2026-04-10T05:15:00+07:00,2026-04-10T05:15:00+07:00
PAY001668,ORD001861,2026-03-07T17:16:00+07:00,cash,pending,6838000.00,seed,2026-03-07T17:16:00+07:00,2026-03-07T17:16:00+07:00
PAY001669,ORD001862,2026-02-20T02:57:00+07:00,bank_transfer,success,21590000.00,seed,2026-02-20T02:57:00+07:00,2026-02-20T02:57:00+07:00
PAY001670,ORD001863,2026-04-12T12:33:00+07:00,bank_transfer,success,3338500.00,seed,2026-04-12T12:33:00+07:00,2026-04-12T12:33:00+07:00
PAY001671,ORD001864,2026-01-07T19:05:00+07:00,bank_transfer,success,9091000.00,seed,2026-01-07T19:05:00+07:00,2026-01-07T19:05:00+07:00
PAY001672,ORD001865,2026-03-07T01:04:00+07:00,cash,failed,418000.00,seed,2026-03-07T01:04:00+07:00,2026-03-07T01:04:00+07:00
PAY001673,ORD001866,2026-05-03T17:45:00+07:00,card,failed,25890500.00,seed,2026-05-03T17:45:00+07:00,2026-05-03T17:45:00+07:00
PAY001674,ORD001867,2026-04-17T05:20:00+07:00,cash,success,22940000.00,seed,2026-04-17T05:20:00+07:00,2026-04-17T05:20:00+07:00
PAY001675,ORD001868,2026-06-16T03:07:00+07:00,bank_transfer,success,8018000.00,seed,2026-06-16T03:07:00+07:00,2026-06-16T03:07:00+07:00
PAY001676,ORD001869,2026-05-13T03:32:00+07:00,cash,success,21386000.00,seed,2026-05-13T03:32:00+07:00,2026-05-13T03:32:00+07:00
PAY001677,ORD001870,2026-05-03T16:54:00+07:00,cash,success,12934000.00,seed,2026-05-03T16:54:00+07:00,2026-05-03T16:54:00+07:00
PAY001678,ORD001871,2026-02-12T18:14:00+07:00,e_wallet,success,7640000.00,seed,2026-02-12T18:14:00+07:00,2026-02-12T18:14:00+07:00
PAY001679,ORD001872,2026-06-10T22:43:00+07:00,e_wallet,success,4807000.00,seed,2026-06-10T22:43:00+07:00,2026-06-10T22:43:00+07:00
PAY001680,ORD001874,2026-04-10T20:04:00+07:00,bank_transfer,success,2907000.00,seed,2026-04-10T20:04:00+07:00,2026-04-10T20:04:00+07:00
PAY001681,ORD001875,2026-03-11T05:24:00+07:00,e_wallet,success,11114000.00,seed,2026-03-11T05:24:00+07:00,2026-03-11T05:24:00+07:00
PAY001682,ORD001877,2026-02-25T02:37:00+07:00,card,success,25579000.00,seed,2026-02-25T02:37:00+07:00,2026-02-25T02:37:00+07:00
PAY001683,ORD001878,2026-02-15T05:27:00+07:00,e_wallet,success,7900000.00,seed,2026-02-15T05:27:00+07:00,2026-02-15T05:27:00+07:00
PAY001684,ORD001879,2026-02-10T01:03:00+07:00,cash,success,4860500.00,seed,2026-02-10T01:03:00+07:00,2026-02-10T01:03:00+07:00
PAY001685,ORD001880,2026-02-11T07:17:00+07:00,cash,success,11133000.00,seed,2026-02-11T07:17:00+07:00,2026-02-11T07:17:00+07:00
PAY001686,ORD001881,2026-04-18T11:32:00+07:00,bank_transfer,success,6018000.00,seed,2026-04-18T11:32:00+07:00,2026-04-18T11:32:00+07:00
PAY001687,ORD001882,2026-01-25T18:28:00+07:00,bank_transfer,success,11674000.00,seed,2026-01-25T18:28:00+07:00,2026-01-25T18:28:00+07:00
PAY001688,ORD001883,2026-01-04T12:21:00+07:00,cash,success,6697500.00,seed,2026-01-04T12:21:00+07:00,2026-01-04T12:21:00+07:00
PAY001689,ORD001885,2026-04-01T21:33:00+07:00,e_wallet,failed,12850000.00,seed,2026-04-01T21:33:00+07:00,2026-04-01T21:33:00+07:00
PAY001690,ORD001886,2026-06-19T00:46:00+07:00,bank_transfer,success,32161000.00,seed,2026-06-19T00:46:00+07:00,2026-06-19T00:46:00+07:00
PAY001691,ORD001887,2026-01-31T07:11:00+07:00,card,success,12478000.00,seed,2026-01-31T07:11:00+07:00,2026-01-31T07:11:00+07:00
PAY001692,ORD001888,2026-02-06T15:32:00+07:00,cash,success,1340000.00,seed,2026-02-06T15:32:00+07:00,2026-02-06T15:32:00+07:00
PAY001693,ORD001889,2026-02-05T20:17:00+07:00,e_wallet,success,10440000.00,seed,2026-02-05T20:17:00+07:00,2026-02-05T20:17:00+07:00
PAY001694,ORD001890,2026-03-01T06:40:00+07:00,cash,success,21076000.00,seed,2026-03-01T06:40:00+07:00,2026-03-01T06:40:00+07:00
PAY001695,ORD001891,2026-02-02T01:22:00+07:00,card,success,4479500.00,seed,2026-02-02T01:22:00+07:00,2026-02-02T01:22:00+07:00
PAY001696,ORD001892,2026-01-15T19:30:00+07:00,cash,success,3860000.00,seed,2026-01-15T19:30:00+07:00,2026-01-15T19:30:00+07:00
PAY001697,ORD001893,2026-04-03T01:14:00+07:00,e_wallet,success,37904000.00,seed,2026-04-03T01:14:00+07:00,2026-04-03T01:14:00+07:00
PAY001698,ORD001894,2026-05-04T01:33:00+07:00,e_wallet,success,14575000.00,seed,2026-05-04T01:33:00+07:00,2026-05-04T01:33:00+07:00
PAY001699,ORD001895,2026-06-05T18:38:00+07:00,bank_transfer,success,14613000.00,seed,2026-06-05T18:38:00+07:00,2026-06-05T18:38:00+07:00
PAY001700,ORD001896,2026-01-15T03:11:00+07:00,cash,success,144500.00,seed,2026-01-15T03:11:00+07:00,2026-01-15T03:11:00+07:00
PAY001701,ORD001897,2026-02-20T21:50:00+07:00,cash,success,4921000.00,seed,2026-02-20T21:50:00+07:00,2026-02-20T21:50:00+07:00
PAY001702,ORD001899,2026-03-18T00:26:00+07:00,cash,success,11288000.00,seed,2026-03-18T00:26:00+07:00,2026-03-18T00:26:00+07:00
PAY001703,ORD001900,2026-04-19T02:13:00+07:00,cash,success,731000.00,seed,2026-04-19T02:13:00+07:00,2026-04-19T02:13:00+07:00
PAY001704,ORD001901,2026-06-20T05:51:00+07:00,bank_transfer,success,7687000.00,seed,2026-06-20T05:51:00+07:00,2026-06-20T05:51:00+07:00
PAY001705,ORD001902,2026-05-25T23:12:00+07:00,bank_transfer,success,25926000.00,seed,2026-05-25T23:12:00+07:00,2026-05-25T23:12:00+07:00
PAY001706,ORD001903,2026-02-13T10:59:00+07:00,e_wallet,success,11242500.00,seed,2026-02-13T10:59:00+07:00,2026-02-13T10:59:00+07:00
PAY001707,ORD001905,2026-04-01T17:40:00+07:00,card,success,31111000.00,seed,2026-04-01T17:40:00+07:00,2026-04-01T17:40:00+07:00
PAY001708,ORD001906,2026-06-26T07:52:00+07:00,cash,success,21398500.00,seed,2026-06-26T07:52:00+07:00,2026-06-26T07:52:00+07:00
PAY001709,ORD001907,2026-05-14T14:15:00+07:00,bank_transfer,success,11061500.00,seed,2026-05-14T14:15:00+07:00,2026-05-14T14:15:00+07:00
PAY001710,ORD001908,2026-02-11T12:36:00+07:00,e_wallet,success,3640000.00,seed,2026-02-11T12:36:00+07:00,2026-02-11T12:36:00+07:00
PAY001711,ORD001909,2026-06-25T13:09:00+07:00,cash,success,10271500.00,seed,2026-06-25T13:09:00+07:00,2026-06-25T13:09:00+07:00
PAY001712,ORD001911,2026-06-22T03:40:00+07:00,card,success,330000.00,seed,2026-06-22T03:40:00+07:00,2026-06-22T03:40:00+07:00
PAY001713,ORD001912,2026-03-02T18:57:00+07:00,e_wallet,success,7760000.00,seed,2026-03-02T18:57:00+07:00,2026-03-02T18:57:00+07:00
PAY001714,ORD001913,2026-01-22T23:14:00+07:00,bank_transfer,success,23022500.00,seed,2026-01-22T23:14:00+07:00,2026-01-22T23:14:00+07:00
PAY001715,ORD001914,2026-02-11T01:34:00+07:00,cash,failed,3321000.00,seed,2026-02-11T01:34:00+07:00,2026-02-11T01:34:00+07:00
PAY001716,ORD001915,2026-02-02T18:10:00+07:00,card,success,8487000.00,seed,2026-02-02T18:10:00+07:00,2026-02-02T18:10:00+07:00
PAY001717,ORD001916,2026-02-07T05:32:00+07:00,e_wallet,success,17813000.00,seed,2026-02-07T05:32:00+07:00,2026-02-07T05:32:00+07:00
PAY001718,ORD001918,2026-01-19T05:42:00+07:00,card,success,12168000.00,seed,2026-01-19T05:42:00+07:00,2026-01-19T05:42:00+07:00
PAY001719,ORD001919,2026-04-27T19:43:00+07:00,bank_transfer,success,5006500.00,seed,2026-04-27T19:43:00+07:00,2026-04-27T19:43:00+07:00
PAY001720,ORD001920,2026-04-29T16:26:00+07:00,e_wallet,success,9970500.00,seed,2026-04-29T16:26:00+07:00,2026-04-29T16:26:00+07:00
PAY001721,ORD001921,2026-06-23T17:09:00+07:00,card,success,3391500.00,seed,2026-06-23T17:09:00+07:00,2026-06-23T17:09:00+07:00
PAY001722,ORD001922,2026-03-29T22:16:00+07:00,e_wallet,success,7585000.00,seed,2026-03-29T22:16:00+07:00,2026-03-29T22:16:00+07:00
PAY001723,ORD001923,2026-03-26T18:24:00+07:00,card,success,6102000.00,seed,2026-03-26T18:24:00+07:00,2026-03-26T18:24:00+07:00
PAY001724,ORD001924,2026-05-05T19:13:00+07:00,e_wallet,success,11203000.00,seed,2026-05-05T19:13:00+07:00,2026-05-05T19:13:00+07:00
PAY001725,ORD001925,2026-04-28T21:28:00+07:00,cash,success,5738000.00,seed,2026-04-28T21:28:00+07:00,2026-04-28T21:28:00+07:00
PAY001726,ORD001926,2026-03-26T18:44:00+07:00,cash,success,6781500.00,seed,2026-03-26T18:44:00+07:00,2026-03-26T18:44:00+07:00
PAY001727,ORD001927,2026-05-23T20:02:00+07:00,e_wallet,success,16729000.00,seed,2026-05-23T20:02:00+07:00,2026-05-23T20:02:00+07:00
PAY001728,ORD001928,2026-05-12T18:01:00+07:00,card,pending,13914500.00,seed,2026-05-12T18:01:00+07:00,2026-05-12T18:01:00+07:00
PAY001729,ORD001929,2026-02-28T15:53:00+07:00,bank_transfer,success,19208500.00,seed,2026-02-28T15:53:00+07:00,2026-02-28T15:53:00+07:00
PAY001730,ORD001930,2026-04-04T14:19:00+07:00,e_wallet,success,17276000.00,seed,2026-04-04T14:19:00+07:00,2026-04-04T14:19:00+07:00
PAY001731,ORD001931,2026-03-25T04:15:00+07:00,cash,success,15968000.00,seed,2026-03-25T04:15:00+07:00,2026-03-25T04:15:00+07:00
PAY001732,ORD001932,2026-04-16T21:41:00+07:00,card,success,18244000.00,seed,2026-04-16T21:41:00+07:00,2026-04-16T21:41:00+07:00
PAY001733,ORD001933,2026-06-06T05:18:00+07:00,cash,success,8063500.00,seed,2026-06-06T05:18:00+07:00,2026-06-06T05:18:00+07:00
PAY001734,ORD001934,2026-05-06T00:04:00+07:00,cash,success,21860000.00,seed,2026-05-06T00:04:00+07:00,2026-05-06T00:04:00+07:00
PAY001735,ORD001935,2026-01-31T23:52:00+07:00,e_wallet,success,360000.00,seed,2026-01-31T23:52:00+07:00,2026-01-31T23:52:00+07:00
PAY001736,ORD001936,2026-01-21T00:30:00+07:00,e_wallet,success,2932500.00,seed,2026-01-21T00:30:00+07:00,2026-01-21T00:30:00+07:00
PAY001737,ORD001937,2026-04-20T10:26:00+07:00,cash,success,7865000.00,seed,2026-04-20T10:26:00+07:00,2026-04-20T10:26:00+07:00
PAY001738,ORD001938,2026-01-15T13:36:00+07:00,bank_transfer,success,6450000.00,seed,2026-01-15T13:36:00+07:00,2026-01-15T13:36:00+07:00
PAY001739,ORD001939,2026-02-27T15:25:00+07:00,cash,refunded,4455500.00,seed,2026-02-27T15:25:00+07:00,2026-02-27T15:25:00+07:00
PAY001740,ORD001940,2026-01-30T04:49:00+07:00,bank_transfer,success,5234500.00,seed,2026-01-30T04:49:00+07:00,2026-01-30T04:49:00+07:00
PAY001741,ORD001941,2026-02-10T05:05:00+07:00,e_wallet,success,12024000.00,seed,2026-02-10T05:05:00+07:00,2026-02-10T05:05:00+07:00
PAY001742,ORD001942,2026-03-04T13:35:00+07:00,card,success,14853500.00,seed,2026-03-04T13:35:00+07:00,2026-03-04T13:35:00+07:00
PAY001743,ORD001944,2026-05-18T01:30:00+07:00,e_wallet,success,25077000.00,seed,2026-05-18T01:30:00+07:00,2026-05-18T01:30:00+07:00
PAY001744,ORD001945,2026-01-07T12:38:00+07:00,e_wallet,pending,14831000.00,seed,2026-01-07T12:38:00+07:00,2026-01-07T12:38:00+07:00
PAY001745,ORD001946,2026-03-17T02:56:00+07:00,e_wallet,failed,7208500.00,seed,2026-03-17T02:56:00+07:00,2026-03-17T02:56:00+07:00
PAY001746,ORD001947,2026-02-10T20:40:00+07:00,bank_transfer,success,8419000.00,seed,2026-02-10T20:40:00+07:00,2026-02-10T20:40:00+07:00
PAY001747,ORD001948,2026-02-28T08:06:00+07:00,card,success,8992500.00,seed,2026-02-28T08:06:00+07:00,2026-02-28T08:06:00+07:00
PAY001748,ORD001949,2026-03-02T15:59:00+07:00,e_wallet,success,19215000.00,seed,2026-03-02T15:59:00+07:00,2026-03-02T15:59:00+07:00
PAY001749,ORD001950,2026-02-26T21:54:00+07:00,cash,success,21457000.00,seed,2026-02-26T21:54:00+07:00,2026-02-26T21:54:00+07:00
PAY001750,ORD001951,2026-02-18T10:45:00+07:00,e_wallet,success,5810000.00,seed,2026-02-18T10:45:00+07:00,2026-02-18T10:45:00+07:00
PAY001751,ORD001953,2026-02-05T08:32:00+07:00,e_wallet,success,21584000.00,seed,2026-02-05T08:32:00+07:00,2026-02-05T08:32:00+07:00
PAY001752,ORD001954,2026-02-04T23:52:00+07:00,bank_transfer,success,18096000.00,seed,2026-02-04T23:52:00+07:00,2026-02-04T23:52:00+07:00
PAY001753,ORD001955,2026-05-04T18:25:00+07:00,cash,success,3861000.00,seed,2026-05-04T18:25:00+07:00,2026-05-04T18:25:00+07:00
PAY001754,ORD001956,2026-04-14T00:49:00+07:00,e_wallet,failed,12059500.00,seed,2026-04-14T00:49:00+07:00,2026-04-14T00:49:00+07:00
PAY001755,ORD001957,2026-01-06T01:41:00+07:00,bank_transfer,success,4095000.00,seed,2026-01-06T01:41:00+07:00,2026-01-06T01:41:00+07:00
PAY001756,ORD001958,2026-05-08T05:23:00+07:00,bank_transfer,success,16486000.00,seed,2026-05-08T05:23:00+07:00,2026-05-08T05:23:00+07:00
PAY001757,ORD001959,2026-01-04T19:10:00+07:00,cash,success,2354500.00,seed,2026-01-04T19:10:00+07:00,2026-01-04T19:10:00+07:00
PAY001758,ORD001960,2026-06-16T21:30:00+07:00,cash,success,6190000.00,seed,2026-06-16T21:30:00+07:00,2026-06-16T21:30:00+07:00
PAY001759,ORD001961,2026-04-03T22:55:00+07:00,bank_transfer,success,5352000.00,seed,2026-04-03T22:55:00+07:00,2026-04-03T22:55:00+07:00
PAY001760,ORD001962,2026-05-07T15:38:00+07:00,cash,pending,33977000.00,seed,2026-05-07T15:38:00+07:00,2026-05-07T15:38:00+07:00
PAY001761,ORD001963,2026-05-02T23:58:00+07:00,e_wallet,success,14410000.00,seed,2026-05-02T23:58:00+07:00,2026-05-02T23:58:00+07:00
PAY001762,ORD001964,2026-01-31T19:35:00+07:00,e_wallet,success,9321000.00,seed,2026-01-31T19:35:00+07:00,2026-01-31T19:35:00+07:00
PAY001763,ORD001965,2026-03-29T21:55:00+07:00,e_wallet,success,14998000.00,seed,2026-03-29T21:55:00+07:00,2026-03-29T21:55:00+07:00
PAY001764,ORD001966,2026-03-18T10:42:00+07:00,bank_transfer,success,28673000.00,seed,2026-03-18T10:42:00+07:00,2026-03-18T10:42:00+07:00
PAY001765,ORD001967,2026-03-15T20:45:00+07:00,bank_transfer,success,10405500.00,seed,2026-03-15T20:45:00+07:00,2026-03-15T20:45:00+07:00
PAY001766,ORD001968,2026-02-23T19:23:00+07:00,cash,success,15084500.00,seed,2026-02-23T19:23:00+07:00,2026-02-23T19:23:00+07:00
PAY001767,ORD001969,2026-04-02T20:34:00+07:00,bank_transfer,success,19756500.00,seed,2026-04-02T20:34:00+07:00,2026-04-02T20:34:00+07:00
PAY001768,ORD001970,2026-03-14T08:02:00+07:00,cash,success,3828000.00,seed,2026-03-14T08:02:00+07:00,2026-03-14T08:02:00+07:00
PAY001769,ORD001971,2026-01-22T22:47:00+07:00,e_wallet,success,18063000.00,seed,2026-01-22T22:47:00+07:00,2026-01-22T22:47:00+07:00
PAY001770,ORD001973,2026-03-16T00:47:00+07:00,card,success,1180000.00,seed,2026-03-16T00:47:00+07:00,2026-03-16T00:47:00+07:00
PAY001771,ORD001974,2026-01-25T15:25:00+07:00,cash,pending,11774500.00,seed,2026-01-25T15:25:00+07:00,2026-01-25T15:25:00+07:00
PAY001772,ORD001975,2026-04-21T03:06:00+07:00,card,success,7920000.00,seed,2026-04-21T03:06:00+07:00,2026-04-21T03:06:00+07:00
PAY001773,ORD001976,2026-05-07T23:07:00+07:00,card,success,2966500.00,seed,2026-05-07T23:07:00+07:00,2026-05-07T23:07:00+07:00
PAY001774,ORD001977,2026-01-22T15:29:00+07:00,bank_transfer,success,15480000.00,seed,2026-01-22T15:29:00+07:00,2026-01-22T15:29:00+07:00
PAY001775,ORD001978,2026-05-12T02:50:00+07:00,e_wallet,failed,10140000.00,seed,2026-05-12T02:50:00+07:00,2026-05-12T02:50:00+07:00
PAY001776,ORD001979,2026-01-30T06:44:00+07:00,card,success,13655500.00,seed,2026-01-30T06:44:00+07:00,2026-01-30T06:44:00+07:00
PAY001777,ORD001980,2026-05-27T22:03:00+07:00,cash,success,12699500.00,seed,2026-05-27T22:03:00+07:00,2026-05-27T22:03:00+07:00
PAY001778,ORD001981,2026-02-15T17:48:00+07:00,card,success,19440000.00,seed,2026-02-15T17:48:00+07:00,2026-02-15T17:48:00+07:00
PAY001779,ORD001982,2026-01-12T18:49:00+07:00,bank_transfer,success,14575000.00,seed,2026-01-12T18:49:00+07:00,2026-01-12T18:49:00+07:00
PAY001780,ORD001983,2026-05-15T23:51:00+07:00,card,success,8102000.00,seed,2026-05-15T23:51:00+07:00,2026-05-15T23:51:00+07:00
PAY001781,ORD001984,2026-05-25T05:32:00+07:00,e_wallet,success,13378000.00,seed,2026-05-25T05:32:00+07:00,2026-05-25T05:32:00+07:00
PAY001782,ORD001985,2026-06-01T07:40:00+07:00,e_wallet,success,4513000.00,seed,2026-06-01T07:40:00+07:00,2026-06-01T07:40:00+07:00
PAY001783,ORD001986,2026-01-03T20:36:00+07:00,bank_transfer,success,9650000.00,seed,2026-01-03T20:36:00+07:00,2026-01-03T20:36:00+07:00
PAY001784,ORD001987,2026-05-31T10:39:00+07:00,cash,success,13585000.00,seed,2026-05-31T10:39:00+07:00,2026-05-31T10:39:00+07:00
PAY001785,ORD001988,2026-01-23T00:21:00+07:00,cash,success,4788000.00,seed,2026-01-23T00:21:00+07:00,2026-01-23T00:21:00+07:00
PAY001786,ORD001989,2026-05-19T22:48:00+07:00,bank_transfer,success,5645500.00,seed,2026-05-19T22:48:00+07:00,2026-05-19T22:48:00+07:00
PAY001787,ORD001990,2026-02-27T17:36:00+07:00,cash,success,19848500.00,seed,2026-02-27T17:36:00+07:00,2026-02-27T17:36:00+07:00
PAY001788,ORD001991,2026-03-12T00:35:00+07:00,e_wallet,success,12999500.00,seed,2026-03-12T00:35:00+07:00,2026-03-12T00:35:00+07:00
PAY001789,ORD001992,2026-05-14T18:50:00+07:00,e_wallet,success,4960000.00,seed,2026-05-14T18:50:00+07:00,2026-05-14T18:50:00+07:00
PAY001790,ORD001993,2026-04-27T02:35:00+07:00,bank_transfer,failed,9648500.00,seed,2026-04-27T02:35:00+07:00,2026-04-27T02:35:00+07:00
PAY001791,ORD001994,2026-04-10T05:25:00+07:00,bank_transfer,success,3420000.00,seed,2026-04-10T05:25:00+07:00,2026-04-10T05:25:00+07:00
PAY001792,ORD001995,2026-03-21T19:41:00+07:00,bank_transfer,pending,8100000.00,seed,2026-03-21T19:41:00+07:00,2026-03-21T19:41:00+07:00
PAY001793,ORD001996,2026-03-09T09:23:00+07:00,bank_transfer,success,31169500.00,seed,2026-03-09T09:23:00+07:00,2026-03-09T09:23:00+07:00
PAY001794,ORD001997,2026-04-29T23:48:00+07:00,cash,success,2957500.00,seed,2026-04-29T23:48:00+07:00,2026-04-29T23:48:00+07:00
PAY001795,ORD001998,2026-03-01T10:40:00+07:00,bank_transfer,success,19323500.00,seed,2026-03-01T10:40:00+07:00,2026-03-01T10:40:00+07:00
PAY001796,ORD001999,2026-06-27T00:42:00+07:00,cash,success,4480500.00,seed,2026-06-27T00:42:00+07:00,2026-06-27T00:42:00+07:00
PAY001797,ORD002000,2026-01-13T19:41:00+07:00,e_wallet,success,7436000.00,seed,2026-01-13T19:41:00+07:00,2026-01-13T19:41:00+07:00
PAY001798,ORD002001,2026-03-20T01:37:00+07:00,e_wallet,success,28288000.00,seed,2026-03-20T01:37:00+07:00,2026-03-20T01:37:00+07:00
PAY001799,ORD002002,2026-02-11T01:35:00+07:00,bank_transfer,success,5763000.00,seed,2026-02-11T01:35:00+07:00,2026-02-11T01:35:00+07:00
PAY001800,ORD002003,2026-04-01T22:31:00+07:00,cash,success,13304000.00,seed,2026-04-01T22:31:00+07:00,2026-04-01T22:31:00+07:00
PAY001801,ORD002004,2026-02-13T08:20:00+07:00,e_wallet,success,7608500.00,seed,2026-02-13T08:20:00+07:00,2026-02-13T08:20:00+07:00
PAY001802,ORD002005,2026-02-08T04:20:00+07:00,bank_transfer,success,24962000.00,seed,2026-02-08T04:20:00+07:00,2026-02-08T04:20:00+07:00
PAY001803,ORD002006,2026-03-15T04:27:00+07:00,e_wallet,success,2524500.00,seed,2026-03-15T04:27:00+07:00,2026-03-15T04:27:00+07:00
PAY001804,ORD002007,2026-06-17T18:26:00+07:00,e_wallet,success,6237000.00,seed,2026-06-17T18:26:00+07:00,2026-06-17T18:26:00+07:00
PAY001805,ORD002009,2026-02-27T19:05:00+07:00,card,success,5555500.00,seed,2026-02-27T19:05:00+07:00,2026-02-27T19:05:00+07:00
PAY001806,ORD002010,2026-06-21T00:28:00+07:00,card,success,15977500.00,seed,2026-06-21T00:28:00+07:00,2026-06-21T00:28:00+07:00
PAY001807,ORD002011,2026-02-15T22:02:00+07:00,card,success,21092000.00,seed,2026-02-15T22:02:00+07:00,2026-02-15T22:02:00+07:00
PAY001808,ORD002013,2026-06-14T20:29:00+07:00,e_wallet,failed,21038500.00,seed,2026-06-14T20:29:00+07:00,2026-06-14T20:29:00+07:00
PAY001809,ORD002014,2026-04-26T12:40:00+07:00,bank_transfer,success,8015500.00,seed,2026-04-26T12:40:00+07:00,2026-04-26T12:40:00+07:00
PAY001810,ORD002015,2026-01-07T19:49:00+07:00,cash,success,10128000.00,seed,2026-01-07T19:49:00+07:00,2026-01-07T19:49:00+07:00
PAY001811,ORD002016,2026-06-03T05:06:00+07:00,e_wallet,success,7687000.00,seed,2026-06-03T05:06:00+07:00,2026-06-03T05:06:00+07:00
PAY001812,ORD002017,2026-05-14T04:34:00+07:00,bank_transfer,success,4390000.00,seed,2026-05-14T04:34:00+07:00,2026-05-14T04:34:00+07:00
PAY001813,ORD002018,2026-03-29T20:53:00+07:00,bank_transfer,success,15280000.00,seed,2026-03-29T20:53:00+07:00,2026-03-29T20:53:00+07:00
PAY001814,ORD002019,2026-05-04T09:06:00+07:00,card,success,5036000.00,seed,2026-05-04T09:06:00+07:00,2026-05-04T09:06:00+07:00
PAY001815,ORD002020,2026-03-15T13:06:00+07:00,card,success,9739000.00,seed,2026-03-15T13:06:00+07:00,2026-03-15T13:06:00+07:00
PAY001816,ORD002021,2026-05-27T02:43:00+07:00,bank_transfer,pending,770000.00,seed,2026-05-27T02:43:00+07:00,2026-05-27T02:43:00+07:00
PAY001817,ORD002023,2026-04-21T22:27:00+07:00,bank_transfer,success,15210000.00,seed,2026-04-21T22:27:00+07:00,2026-04-21T22:27:00+07:00
PAY001818,ORD002024,2026-03-19T14:20:00+07:00,card,success,19655000.00,seed,2026-03-19T14:20:00+07:00,2026-03-19T14:20:00+07:00
PAY001819,ORD002026,2026-06-20T18:33:00+07:00,e_wallet,success,24452500.00,seed,2026-06-20T18:33:00+07:00,2026-06-20T18:33:00+07:00
PAY001820,ORD002027,2026-05-05T00:44:00+07:00,e_wallet,success,9208500.00,seed,2026-05-05T00:44:00+07:00,2026-05-05T00:44:00+07:00
PAY001821,ORD002028,2026-01-02T14:05:00+07:00,card,success,6672500.00,seed,2026-01-02T14:05:00+07:00,2026-01-02T14:05:00+07:00
PAY001822,ORD002029,2026-04-24T21:13:00+07:00,bank_transfer,success,11489500.00,seed,2026-04-24T21:13:00+07:00,2026-04-24T21:13:00+07:00
PAY001823,ORD002030,2026-04-01T22:29:00+07:00,card,success,17695500.00,seed,2026-04-01T22:29:00+07:00,2026-04-01T22:29:00+07:00
PAY001824,ORD002031,2026-05-07T05:24:00+07:00,bank_transfer,success,8244000.00,seed,2026-05-07T05:24:00+07:00,2026-05-07T05:24:00+07:00
PAY001825,ORD002032,2026-03-17T08:43:00+07:00,cash,success,15381000.00,seed,2026-03-17T08:43:00+07:00,2026-03-17T08:43:00+07:00
PAY001826,ORD002033,2026-02-21T23:06:00+07:00,bank_transfer,refunded,10773000.00,seed,2026-02-21T23:06:00+07:00,2026-02-21T23:06:00+07:00
PAY001827,ORD002034,2026-01-01T23:12:00+07:00,e_wallet,success,17681000.00,seed,2026-01-01T23:12:00+07:00,2026-01-01T23:12:00+07:00
PAY001828,ORD002035,2026-05-25T19:32:00+07:00,card,success,4095000.00,seed,2026-05-25T19:32:00+07:00,2026-05-25T19:32:00+07:00
PAY001829,ORD002036,2026-03-29T14:21:00+07:00,e_wallet,success,19116000.00,seed,2026-03-29T14:21:00+07:00,2026-03-29T14:21:00+07:00
PAY001830,ORD002037,2026-03-06T23:28:00+07:00,cash,success,14059000.00,seed,2026-03-06T23:28:00+07:00,2026-03-06T23:28:00+07:00
PAY001831,ORD002038,2026-04-23T21:34:00+07:00,e_wallet,success,14467000.00,seed,2026-04-23T21:34:00+07:00,2026-04-23T21:34:00+07:00
PAY001832,ORD002039,2026-04-25T01:59:00+07:00,card,success,18513000.00,seed,2026-04-25T01:59:00+07:00,2026-04-25T01:59:00+07:00
PAY001833,ORD002040,2026-05-02T02:00:00+07:00,e_wallet,success,29495000.00,seed,2026-05-02T02:00:00+07:00,2026-05-02T02:00:00+07:00
PAY001834,ORD002041,2026-06-20T03:19:00+07:00,cash,success,3561500.00,seed,2026-06-20T03:19:00+07:00,2026-06-20T03:19:00+07:00
PAY001835,ORD002042,2026-02-14T16:10:00+07:00,e_wallet,success,20306500.00,seed,2026-02-14T16:10:00+07:00,2026-02-14T16:10:00+07:00
PAY001836,ORD002043,2026-06-14T18:12:00+07:00,cash,success,2711500.00,seed,2026-06-14T18:12:00+07:00,2026-06-14T18:12:00+07:00
PAY001837,ORD002044,2026-01-28T23:55:00+07:00,bank_transfer,success,7735000.00,seed,2026-01-28T23:55:00+07:00,2026-01-28T23:55:00+07:00
PAY001838,ORD002045,2026-01-07T00:24:00+07:00,card,success,2958000.00,seed,2026-01-07T00:24:00+07:00,2026-01-07T00:24:00+07:00
PAY001839,ORD002046,2026-01-25T23:41:00+07:00,bank_transfer,success,11534000.00,seed,2026-01-25T23:41:00+07:00,2026-01-25T23:41:00+07:00
PAY001840,ORD002047,2026-06-05T04:31:00+07:00,card,pending,13956000.00,seed,2026-06-05T04:31:00+07:00,2026-06-05T04:31:00+07:00
PAY001841,ORD002051,2026-02-16T19:10:00+07:00,cash,success,20368000.00,seed,2026-02-16T19:10:00+07:00,2026-02-16T19:10:00+07:00
PAY001842,ORD002052,2026-01-12T20:25:00+07:00,card,success,1090000.00,seed,2026-01-12T20:25:00+07:00,2026-01-12T20:25:00+07:00
PAY001843,ORD002053,2026-03-31T14:07:00+07:00,e_wallet,success,25188000.00,seed,2026-03-31T14:07:00+07:00,2026-03-31T14:07:00+07:00
PAY001844,ORD002054,2026-01-20T05:02:00+07:00,card,success,8051000.00,seed,2026-01-20T05:02:00+07:00,2026-01-20T05:02:00+07:00
PAY001845,ORD002055,2026-02-07T06:22:00+07:00,cash,success,20919000.00,seed,2026-02-07T06:22:00+07:00,2026-02-07T06:22:00+07:00
PAY001846,ORD002056,2026-05-22T14:47:00+07:00,cash,success,6140000.00,seed,2026-05-22T14:47:00+07:00,2026-05-22T14:47:00+07:00
PAY001847,ORD002057,2026-05-04T21:28:00+07:00,card,success,7470000.00,seed,2026-05-04T21:28:00+07:00,2026-05-04T21:28:00+07:00
PAY001848,ORD002058,2026-05-06T19:30:00+07:00,bank_transfer,success,11176000.00,seed,2026-05-06T19:30:00+07:00,2026-05-06T19:30:00+07:00
PAY001849,ORD002059,2026-04-08T03:46:00+07:00,bank_transfer,success,3240000.00,seed,2026-04-08T03:46:00+07:00,2026-04-08T03:46:00+07:00
PAY001850,ORD002060,2026-04-30T06:31:00+07:00,e_wallet,success,11605000.00,seed,2026-04-30T06:31:00+07:00,2026-04-30T06:31:00+07:00
PAY001851,ORD002061,2026-05-15T03:45:00+07:00,bank_transfer,success,2978000.00,seed,2026-05-15T03:45:00+07:00,2026-05-15T03:45:00+07:00
PAY001852,ORD002063,2026-03-14T17:51:00+07:00,card,success,19094000.00,seed,2026-03-14T17:51:00+07:00,2026-03-14T17:51:00+07:00
PAY001853,ORD002064,2026-03-01T16:01:00+07:00,card,success,16080000.00,seed,2026-03-01T16:01:00+07:00,2026-03-01T16:01:00+07:00
PAY001854,ORD002065,2026-03-12T05:12:00+07:00,cash,success,21565500.00,seed,2026-03-12T05:12:00+07:00,2026-03-12T05:12:00+07:00
PAY001855,ORD002066,2026-03-11T20:38:00+07:00,cash,success,6931500.00,seed,2026-03-11T20:38:00+07:00,2026-03-11T20:38:00+07:00
PAY001856,ORD002067,2026-04-03T17:41:00+07:00,cash,success,6200000.00,seed,2026-04-03T17:41:00+07:00,2026-04-03T17:41:00+07:00
PAY001857,ORD002068,2026-02-09T17:46:00+07:00,card,success,33580000.00,seed,2026-02-09T17:46:00+07:00,2026-02-09T17:46:00+07:00
PAY001858,ORD002069,2026-03-19T01:52:00+07:00,e_wallet,refunded,16470000.00,seed,2026-03-19T01:52:00+07:00,2026-03-19T01:52:00+07:00
PAY001859,ORD002070,2026-03-27T23:02:00+07:00,bank_transfer,success,15085000.00,seed,2026-03-27T23:02:00+07:00,2026-03-27T23:02:00+07:00
PAY001860,ORD002071,2026-01-07T00:27:00+07:00,bank_transfer,success,8871000.00,seed,2026-01-07T00:27:00+07:00,2026-01-07T00:27:00+07:00
PAY001861,ORD002072,2026-01-11T04:49:00+07:00,card,success,17020000.00,seed,2026-01-11T04:49:00+07:00,2026-01-11T04:49:00+07:00
PAY001862,ORD002073,2026-03-30T12:58:00+07:00,card,success,2983000.00,seed,2026-03-30T12:58:00+07:00,2026-03-30T12:58:00+07:00
PAY001863,ORD002074,2026-04-05T00:01:00+07:00,card,success,9922000.00,seed,2026-04-05T00:01:00+07:00,2026-04-05T00:01:00+07:00
PAY001864,ORD002075,2026-01-27T17:31:00+07:00,e_wallet,success,21470000.00,seed,2026-01-27T17:31:00+07:00,2026-01-27T17:31:00+07:00
PAY001865,ORD002076,2026-02-12T03:09:00+07:00,card,failed,3120000.00,seed,2026-02-12T03:09:00+07:00,2026-02-12T03:09:00+07:00
PAY001866,ORD002077,2026-03-12T09:15:00+07:00,bank_transfer,success,10880000.00,seed,2026-03-12T09:15:00+07:00,2026-03-12T09:15:00+07:00
PAY001867,ORD002078,2026-04-29T03:59:00+07:00,bank_transfer,success,21984500.00,seed,2026-04-29T03:59:00+07:00,2026-04-29T03:59:00+07:00
PAY001868,ORD002079,2026-06-20T05:48:00+07:00,e_wallet,success,15568500.00,seed,2026-06-20T05:48:00+07:00,2026-06-20T05:48:00+07:00
PAY001869,ORD002080,2026-04-28T18:26:00+07:00,cash,success,4612500.00,seed,2026-04-28T18:26:00+07:00,2026-04-28T18:26:00+07:00
PAY001870,ORD002081,2026-03-22T17:48:00+07:00,e_wallet,success,22909500.00,seed,2026-03-22T17:48:00+07:00,2026-03-22T17:48:00+07:00
PAY001871,ORD002082,2026-04-05T19:02:00+07:00,cash,success,9111000.00,seed,2026-04-05T19:02:00+07:00,2026-04-05T19:02:00+07:00
PAY001872,ORD002083,2026-01-31T03:10:00+07:00,bank_transfer,success,5012000.00,seed,2026-01-31T03:10:00+07:00,2026-01-31T03:10:00+07:00
PAY001873,ORD002084,2026-06-29T23:22:00+07:00,bank_transfer,success,9611000.00,seed,2026-06-29T23:22:00+07:00,2026-06-29T23:22:00+07:00
PAY001874,ORD002086,2026-04-08T20:53:00+07:00,bank_transfer,failed,1000000.00,seed,2026-04-08T20:53:00+07:00,2026-04-08T20:53:00+07:00
PAY001875,ORD002087,2026-04-27T18:00:00+07:00,e_wallet,success,6061000.00,seed,2026-04-27T18:00:00+07:00,2026-04-27T18:00:00+07:00
PAY001876,ORD002088,2026-03-06T16:35:00+07:00,card,success,26347500.00,seed,2026-03-06T16:35:00+07:00,2026-03-06T16:35:00+07:00
PAY001877,ORD002089,2026-03-12T01:50:00+07:00,cash,success,18888500.00,seed,2026-03-12T01:50:00+07:00,2026-03-12T01:50:00+07:00
PAY001878,ORD002090,2026-03-31T18:01:00+07:00,cash,success,17897500.00,seed,2026-03-31T18:01:00+07:00,2026-03-31T18:01:00+07:00
PAY001879,ORD002091,2026-04-15T18:08:00+07:00,e_wallet,success,4260000.00,seed,2026-04-15T18:08:00+07:00,2026-04-15T18:08:00+07:00
PAY001880,ORD002092,2026-01-23T14:25:00+07:00,e_wallet,success,1836000.00,seed,2026-01-23T14:25:00+07:00,2026-01-23T14:25:00+07:00
PAY001881,ORD002093,2026-04-26T17:17:00+07:00,cash,success,15080500.00,seed,2026-04-26T17:17:00+07:00,2026-04-26T17:17:00+07:00
PAY001882,ORD002094,2026-06-18T00:20:00+07:00,bank_transfer,success,5453000.00,seed,2026-06-18T00:20:00+07:00,2026-06-18T00:20:00+07:00
PAY001883,ORD002095,2026-06-08T05:25:00+07:00,e_wallet,success,3911000.00,seed,2026-06-08T05:25:00+07:00,2026-06-08T05:25:00+07:00
PAY001884,ORD002096,2026-04-08T02:22:00+07:00,bank_transfer,success,23043000.00,seed,2026-04-08T02:22:00+07:00,2026-04-08T02:22:00+07:00
PAY001885,ORD002097,2026-01-10T09:01:00+07:00,card,success,4921000.00,seed,2026-01-10T09:01:00+07:00,2026-01-10T09:01:00+07:00
PAY001886,ORD002098,2026-06-29T19:02:00+07:00,card,success,9139000.00,seed,2026-06-29T19:02:00+07:00,2026-06-29T19:02:00+07:00
PAY001887,ORD002099,2026-01-09T15:49:00+07:00,bank_transfer,success,18574500.00,seed,2026-01-09T15:49:00+07:00,2026-01-09T15:49:00+07:00
PAY001888,ORD002100,2026-02-28T12:45:00+07:00,card,success,36154000.00,seed,2026-02-28T12:45:00+07:00,2026-02-28T12:45:00+07:00
PAY001889,ORD002101,2026-01-31T01:42:00+07:00,card,success,17585000.00,seed,2026-01-31T01:42:00+07:00,2026-01-31T01:42:00+07:00
PAY001890,ORD002102,2026-01-10T23:10:00+07:00,bank_transfer,success,14666000.00,seed,2026-01-10T23:10:00+07:00,2026-01-10T23:10:00+07:00
PAY001891,ORD002103,2026-03-06T00:55:00+07:00,e_wallet,success,7038000.00,seed,2026-03-06T00:55:00+07:00,2026-03-06T00:55:00+07:00
PAY001892,ORD002104,2026-06-20T21:09:00+07:00,bank_transfer,success,14545000.00,seed,2026-06-20T21:09:00+07:00,2026-06-20T21:09:00+07:00
PAY001893,ORD002105,2026-02-21T20:58:00+07:00,e_wallet,success,440000.00,seed,2026-02-21T20:58:00+07:00,2026-02-21T20:58:00+07:00
PAY001894,ORD002106,2026-03-03T12:30:00+07:00,cash,success,9503000.00,seed,2026-03-03T12:30:00+07:00,2026-03-03T12:30:00+07:00
PAY001895,ORD002107,2026-04-09T17:08:00+07:00,card,success,7410000.00,seed,2026-04-09T17:08:00+07:00,2026-04-09T17:08:00+07:00
PAY001896,ORD002108,2026-05-14T06:42:00+07:00,cash,success,20173000.00,seed,2026-05-14T06:42:00+07:00,2026-05-14T06:42:00+07:00
PAY001897,ORD002110,2026-03-16T01:31:00+07:00,e_wallet,failed,10659000.00,seed,2026-03-16T01:31:00+07:00,2026-03-16T01:31:00+07:00
PAY001898,ORD002111,2026-03-09T17:33:00+07:00,e_wallet,success,26053000.00,seed,2026-03-09T17:33:00+07:00,2026-03-09T17:33:00+07:00
PAY001899,ORD002112,2026-01-29T13:16:00+07:00,bank_transfer,success,11109500.00,seed,2026-01-29T13:16:00+07:00,2026-01-29T13:16:00+07:00
PAY001900,ORD002113,2026-03-06T18:11:00+07:00,bank_transfer,success,11894000.00,seed,2026-03-06T18:11:00+07:00,2026-03-06T18:11:00+07:00
PAY001901,ORD002114,2026-02-16T12:49:00+07:00,card,success,9932500.00,seed,2026-02-16T12:49:00+07:00,2026-02-16T12:49:00+07:00
PAY001902,ORD002115,2026-05-18T21:27:00+07:00,e_wallet,success,3019000.00,seed,2026-05-18T21:27:00+07:00,2026-05-18T21:27:00+07:00
PAY001903,ORD002116,2026-02-10T17:48:00+07:00,cash,success,38667500.00,seed,2026-02-10T17:48:00+07:00,2026-02-10T17:48:00+07:00
PAY001904,ORD002118,2026-03-02T19:07:00+07:00,e_wallet,failed,12928500.00,seed,2026-03-02T19:07:00+07:00,2026-03-02T19:07:00+07:00
PAY001905,ORD002119,2026-05-24T00:19:00+07:00,cash,success,28063500.00,seed,2026-05-24T00:19:00+07:00,2026-05-24T00:19:00+07:00
PAY001906,ORD002120,2026-03-24T02:32:00+07:00,e_wallet,success,25639000.00,seed,2026-03-24T02:32:00+07:00,2026-03-24T02:32:00+07:00
PAY001907,ORD002122,2026-05-30T07:48:00+07:00,cash,success,14320000.00,seed,2026-05-30T07:48:00+07:00,2026-05-30T07:48:00+07:00
PAY001908,ORD002123,2026-03-24T07:18:00+07:00,card,success,7250000.00,seed,2026-03-24T07:18:00+07:00,2026-03-24T07:18:00+07:00
PAY001909,ORD002124,2026-04-17T17:46:00+07:00,e_wallet,success,5550500.00,seed,2026-04-17T17:46:00+07:00,2026-04-17T17:46:00+07:00
PAY001910,ORD002125,2026-06-09T21:05:00+07:00,card,success,5208000.00,seed,2026-06-09T21:05:00+07:00,2026-06-09T21:05:00+07:00
PAY001911,ORD002126,2026-06-25T16:30:00+07:00,card,success,3736500.00,seed,2026-06-25T16:30:00+07:00,2026-06-25T16:30:00+07:00
PAY001912,ORD002127,2026-03-15T15:33:00+07:00,bank_transfer,success,2201500.00,seed,2026-03-15T15:33:00+07:00,2026-03-15T15:33:00+07:00
PAY001913,ORD002128,2026-03-09T23:26:00+07:00,card,success,5544000.00,seed,2026-03-09T23:26:00+07:00,2026-03-09T23:26:00+07:00
PAY001914,ORD002129,2026-04-24T03:14:00+07:00,e_wallet,success,693000.00,seed,2026-04-24T03:14:00+07:00,2026-04-24T03:14:00+07:00
PAY001915,ORD002130,2026-06-19T21:06:00+07:00,e_wallet,pending,20278000.00,seed,2026-06-19T21:06:00+07:00,2026-06-19T21:06:00+07:00
PAY001916,ORD002131,2026-06-07T15:17:00+07:00,e_wallet,success,12884000.00,seed,2026-06-07T15:17:00+07:00,2026-06-07T15:17:00+07:00
PAY001917,ORD002132,2026-03-10T22:50:00+07:00,e_wallet,success,10260000.00,seed,2026-03-10T22:50:00+07:00,2026-03-10T22:50:00+07:00
PAY001918,ORD002133,2026-06-23T22:18:00+07:00,bank_transfer,success,42346500.00,seed,2026-06-23T22:18:00+07:00,2026-06-23T22:18:00+07:00
PAY001919,ORD002134,2026-04-06T05:36:00+07:00,card,failed,5770000.00,seed,2026-04-06T05:36:00+07:00,2026-04-06T05:36:00+07:00
PAY001920,ORD002135,2026-05-05T16:34:00+07:00,card,success,24118500.00,seed,2026-05-05T16:34:00+07:00,2026-05-05T16:34:00+07:00
PAY001921,ORD002136,2026-04-05T12:19:00+07:00,e_wallet,failed,8306500.00,seed,2026-04-05T12:19:00+07:00,2026-04-05T12:19:00+07:00
PAY001922,ORD002137,2026-01-06T14:43:00+07:00,e_wallet,success,11598000.00,seed,2026-01-06T14:43:00+07:00,2026-01-06T14:43:00+07:00
PAY001923,ORD002138,2026-03-26T18:34:00+07:00,cash,success,6650000.00,seed,2026-03-26T18:34:00+07:00,2026-03-26T18:34:00+07:00
PAY001924,ORD002139,2026-03-23T11:17:00+07:00,e_wallet,success,7979000.00,seed,2026-03-23T11:17:00+07:00,2026-03-23T11:17:00+07:00
PAY001925,ORD002140,2026-03-28T05:14:00+07:00,cash,success,16882000.00,seed,2026-03-28T05:14:00+07:00,2026-03-28T05:14:00+07:00
PAY001926,ORD002141,2026-02-07T20:32:00+07:00,card,success,12582000.00,seed,2026-02-07T20:32:00+07:00,2026-02-07T20:32:00+07:00
PAY001927,ORD002143,2026-04-03T00:15:00+07:00,cash,success,5466500.00,seed,2026-04-03T00:15:00+07:00,2026-04-03T00:15:00+07:00
PAY001928,ORD002144,2026-05-14T22:50:00+07:00,cash,success,27591000.00,seed,2026-05-14T22:50:00+07:00,2026-05-14T22:50:00+07:00
PAY001929,ORD002145,2026-02-08T15:52:00+07:00,bank_transfer,success,8100000.00,seed,2026-02-08T15:52:00+07:00,2026-02-08T15:52:00+07:00
PAY001930,ORD002146,2026-02-02T00:35:00+07:00,e_wallet,success,19407000.00,seed,2026-02-02T00:35:00+07:00,2026-02-02T00:35:00+07:00
PAY001931,ORD002147,2026-03-31T00:18:00+07:00,e_wallet,success,3646500.00,seed,2026-03-31T00:18:00+07:00,2026-03-31T00:18:00+07:00
PAY001932,ORD002148,2026-02-15T19:34:00+07:00,bank_transfer,success,13884000.00,seed,2026-02-15T19:34:00+07:00,2026-02-15T19:34:00+07:00
PAY001933,ORD002149,2026-04-04T11:57:00+07:00,cash,success,30342000.00,seed,2026-04-04T11:57:00+07:00,2026-04-04T11:57:00+07:00
PAY001934,ORD002150,2026-05-23T12:09:00+07:00,bank_transfer,success,5460000.00,seed,2026-05-23T12:09:00+07:00,2026-05-23T12:09:00+07:00
PAY001935,ORD002151,2026-04-10T01:04:00+07:00,card,success,1541000.00,seed,2026-04-10T01:04:00+07:00,2026-04-10T01:04:00+07:00
PAY001936,ORD002153,2026-04-30T23:14:00+07:00,bank_transfer,success,35610000.00,seed,2026-04-30T23:14:00+07:00,2026-04-30T23:14:00+07:00
PAY001937,ORD002154,2026-04-15T01:29:00+07:00,cash,success,7340000.00,seed,2026-04-15T01:29:00+07:00,2026-04-15T01:29:00+07:00
PAY001938,ORD002156,2026-05-24T11:21:00+07:00,card,success,6471000.00,seed,2026-05-24T11:21:00+07:00,2026-05-24T11:21:00+07:00
PAY001939,ORD002157,2026-01-03T15:26:00+07:00,cash,success,15179500.00,seed,2026-01-03T15:26:00+07:00,2026-01-03T15:26:00+07:00
PAY001940,ORD002158,2026-05-22T20:14:00+07:00,cash,success,11765500.00,seed,2026-05-22T20:14:00+07:00,2026-05-22T20:14:00+07:00
PAY001941,ORD002159,2026-06-14T00:11:00+07:00,e_wallet,success,7811000.00,seed,2026-06-14T00:11:00+07:00,2026-06-14T00:11:00+07:00
PAY001942,ORD002160,2026-04-27T15:17:00+07:00,cash,success,6770000.00,seed,2026-04-27T15:17:00+07:00,2026-04-27T15:17:00+07:00
PAY001943,ORD002162,2026-06-07T02:56:00+07:00,card,success,27246500.00,seed,2026-06-07T02:56:00+07:00,2026-06-07T02:56:00+07:00
PAY001944,ORD002163,2026-02-05T00:54:00+07:00,bank_transfer,failed,7989500.00,seed,2026-02-05T00:54:00+07:00,2026-02-05T00:54:00+07:00
PAY001945,ORD002164,2026-06-23T20:54:00+07:00,cash,success,6400000.00,seed,2026-06-23T20:54:00+07:00,2026-06-23T20:54:00+07:00
PAY001946,ORD002165,2026-04-08T18:45:00+07:00,bank_transfer,success,17951000.00,seed,2026-04-08T18:45:00+07:00,2026-04-08T18:45:00+07:00
PAY001947,ORD002166,2026-02-09T16:12:00+07:00,card,success,6957000.00,seed,2026-02-09T16:12:00+07:00,2026-02-09T16:12:00+07:00
PAY001948,ORD002167,2026-04-11T22:13:00+07:00,cash,success,17580000.00,seed,2026-04-11T22:13:00+07:00,2026-04-11T22:13:00+07:00
PAY001949,ORD002168,2026-04-21T05:33:00+07:00,cash,refunded,22930000.00,seed,2026-04-21T05:33:00+07:00,2026-04-21T05:33:00+07:00
PAY001950,ORD002169,2026-04-09T22:42:00+07:00,cash,success,21300000.00,seed,2026-04-09T22:42:00+07:00,2026-04-09T22:42:00+07:00
PAY001951,ORD002170,2026-04-17T05:21:00+07:00,bank_transfer,success,4208000.00,seed,2026-04-17T05:21:00+07:00,2026-04-17T05:21:00+07:00
PAY001952,ORD002172,2026-03-12T15:15:00+07:00,bank_transfer,success,10695500.00,seed,2026-03-12T15:15:00+07:00,2026-03-12T15:15:00+07:00
PAY001953,ORD002173,2026-01-29T21:57:00+07:00,e_wallet,success,15725000.00,seed,2026-01-29T21:57:00+07:00,2026-01-29T21:57:00+07:00
PAY001954,ORD002174,2026-06-20T06:04:00+07:00,bank_transfer,pending,2871000.00,seed,2026-06-20T06:04:00+07:00,2026-06-20T06:04:00+07:00
PAY001955,ORD002177,2026-05-19T18:32:00+07:00,bank_transfer,success,5040000.00,seed,2026-05-19T18:32:00+07:00,2026-05-19T18:32:00+07:00
PAY001956,ORD002178,2026-02-25T20:20:00+07:00,bank_transfer,success,11027000.00,seed,2026-02-25T20:20:00+07:00,2026-02-25T20:20:00+07:00
PAY001957,ORD002179,2026-04-13T15:56:00+07:00,card,success,901000.00,seed,2026-04-13T15:56:00+07:00,2026-04-13T15:56:00+07:00
PAY001958,ORD002180,2026-02-05T23:47:00+07:00,bank_transfer,failed,29283500.00,seed,2026-02-05T23:47:00+07:00,2026-02-05T23:47:00+07:00
PAY001959,ORD002181,2026-02-11T16:03:00+07:00,cash,success,1287000.00,seed,2026-02-11T16:03:00+07:00,2026-02-11T16:03:00+07:00
PAY001960,ORD002182,2026-01-31T01:11:00+07:00,bank_transfer,success,18973500.00,seed,2026-01-31T01:11:00+07:00,2026-01-31T01:11:00+07:00
PAY001961,ORD002183,2026-03-30T14:38:00+07:00,bank_transfer,success,4164000.00,seed,2026-03-30T14:38:00+07:00,2026-03-30T14:38:00+07:00
PAY001962,ORD002184,2026-05-04T20:51:00+07:00,e_wallet,pending,19089500.00,seed,2026-05-04T20:51:00+07:00,2026-05-04T20:51:00+07:00
PAY001963,ORD002185,2026-06-11T14:39:00+07:00,bank_transfer,success,7239000.00,seed,2026-06-11T14:39:00+07:00,2026-06-11T14:39:00+07:00
PAY001964,ORD002186,2026-03-13T03:37:00+07:00,e_wallet,success,13002000.00,seed,2026-03-13T03:37:00+07:00,2026-03-13T03:37:00+07:00
PAY001965,ORD002187,2026-04-24T13:57:00+07:00,e_wallet,success,3118000.00,seed,2026-04-24T13:57:00+07:00,2026-04-24T13:57:00+07:00
PAY001966,ORD002188,2026-04-10T23:51:00+07:00,e_wallet,success,10125000.00,seed,2026-04-10T23:51:00+07:00,2026-04-10T23:51:00+07:00
PAY001967,ORD002190,2026-02-13T21:22:00+07:00,card,success,11235000.00,seed,2026-02-13T21:22:00+07:00,2026-02-13T21:22:00+07:00
PAY001968,ORD002191,2026-02-17T22:38:00+07:00,bank_transfer,success,8730000.00,seed,2026-02-17T22:38:00+07:00,2026-02-17T22:38:00+07:00
PAY001969,ORD002192,2026-01-03T22:52:00+07:00,bank_transfer,success,6545000.00,seed,2026-01-03T22:52:00+07:00,2026-01-03T22:52:00+07:00
PAY001970,ORD002193,2026-05-17T20:58:00+07:00,bank_transfer,success,666000.00,seed,2026-05-17T20:58:00+07:00,2026-05-17T20:58:00+07:00
PAY001971,ORD002194,2026-03-05T02:45:00+07:00,e_wallet,success,3011500.00,seed,2026-03-05T02:45:00+07:00,2026-03-05T02:45:00+07:00
PAY001972,ORD002195,2026-04-19T02:22:00+07:00,bank_transfer,success,11381500.00,seed,2026-04-19T02:22:00+07:00,2026-04-19T02:22:00+07:00
PAY001973,ORD002196,2026-05-05T05:39:00+07:00,e_wallet,success,17241500.00,seed,2026-05-05T05:39:00+07:00,2026-05-05T05:39:00+07:00
PAY001974,ORD002197,2026-06-29T02:08:00+07:00,cash,success,342000.00,seed,2026-06-29T02:08:00+07:00,2026-06-29T02:08:00+07:00
PAY001975,ORD002198,2026-02-03T18:08:00+07:00,card,success,34562000.00,seed,2026-02-03T18:08:00+07:00,2026-02-03T18:08:00+07:00
PAY001976,ORD002199,2026-02-05T21:12:00+07:00,card,failed,5500500.00,seed,2026-02-05T21:12:00+07:00,2026-02-05T21:12:00+07:00
PAY001977,ORD002200,2026-03-18T06:29:00+07:00,card,failed,15065500.00,seed,2026-03-18T06:29:00+07:00,2026-03-18T06:29:00+07:00
PAY001978,ORD002201,2026-06-25T20:01:00+07:00,cash,success,5904000.00,seed,2026-06-25T20:01:00+07:00,2026-06-25T20:01:00+07:00
PAY001979,ORD002202,2026-05-28T02:06:00+07:00,e_wallet,success,10970000.00,seed,2026-05-28T02:06:00+07:00,2026-05-28T02:06:00+07:00
PAY001980,ORD002203,2026-02-03T07:58:00+07:00,cash,failed,13492000.00,seed,2026-02-03T07:58:00+07:00,2026-02-03T07:58:00+07:00
PAY001981,ORD002204,2026-05-09T17:11:00+07:00,cash,failed,7660000.00,seed,2026-05-09T17:11:00+07:00,2026-05-09T17:11:00+07:00
PAY001982,ORD002205,2026-04-09T04:24:00+07:00,e_wallet,refunded,6330000.00,seed,2026-04-09T04:24:00+07:00,2026-04-09T04:24:00+07:00
PAY001983,ORD002206,2026-01-06T05:58:00+07:00,card,success,8840500.00,seed,2026-01-06T05:58:00+07:00,2026-01-06T05:58:00+07:00
PAY001984,ORD002207,2026-02-07T22:18:00+07:00,card,success,13083000.00,seed,2026-02-07T22:18:00+07:00,2026-02-07T22:18:00+07:00
PAY001985,ORD002208,2026-03-23T01:59:00+07:00,e_wallet,success,8510000.00,seed,2026-03-23T01:59:00+07:00,2026-03-23T01:59:00+07:00
PAY001986,ORD002209,2026-03-17T17:53:00+07:00,e_wallet,success,5482500.00,seed,2026-03-17T17:53:00+07:00,2026-03-17T17:53:00+07:00
PAY001987,ORD002210,2026-06-22T07:03:00+07:00,cash,success,11349000.00,seed,2026-06-22T07:03:00+07:00,2026-06-22T07:03:00+07:00
PAY001988,ORD002211,2026-04-09T11:46:00+07:00,cash,success,8558500.00,seed,2026-04-09T11:46:00+07:00,2026-04-09T11:46:00+07:00
PAY001989,ORD002212,2026-06-18T19:16:00+07:00,e_wallet,success,26322000.00,seed,2026-06-18T19:16:00+07:00,2026-06-18T19:16:00+07:00
PAY001990,ORD002213,2026-05-02T08:19:00+07:00,bank_transfer,success,11260000.00,seed,2026-05-02T08:19:00+07:00,2026-05-02T08:19:00+07:00
PAY001991,ORD002214,2026-04-27T14:40:00+07:00,e_wallet,success,7484000.00,seed,2026-04-27T14:40:00+07:00,2026-04-27T14:40:00+07:00
PAY001992,ORD002216,2026-01-26T17:27:00+07:00,bank_transfer,success,24770000.00,seed,2026-01-26T17:27:00+07:00,2026-01-26T17:27:00+07:00
PAY001993,ORD002217,2026-05-08T22:11:00+07:00,card,success,12223500.00,seed,2026-05-08T22:11:00+07:00,2026-05-08T22:11:00+07:00
PAY001994,ORD002218,2026-02-26T08:55:00+07:00,bank_transfer,pending,10867000.00,seed,2026-02-26T08:55:00+07:00,2026-02-26T08:55:00+07:00
PAY001995,ORD002219,2026-02-04T23:08:00+07:00,e_wallet,success,14347000.00,seed,2026-02-04T23:08:00+07:00,2026-02-04T23:08:00+07:00
PAY001996,ORD002221,2026-03-13T01:20:00+07:00,cash,success,47461500.00,seed,2026-03-13T01:20:00+07:00,2026-03-13T01:20:00+07:00
PAY001997,ORD002222,2026-05-01T16:24:00+07:00,bank_transfer,success,30315000.00,seed,2026-05-01T16:24:00+07:00,2026-05-01T16:24:00+07:00
PAY001998,ORD002223,2026-04-17T18:18:00+07:00,bank_transfer,success,14913000.00,seed,2026-04-17T18:18:00+07:00,2026-04-17T18:18:00+07:00
PAY001999,ORD002224,2026-01-16T18:26:00+07:00,cash,success,7094500.00,seed,2026-01-16T18:26:00+07:00,2026-01-16T18:26:00+07:00
PAY002000,ORD002225,2026-06-27T22:35:00+07:00,cash,success,6131000.00,seed,2026-06-27T22:35:00+07:00,2026-06-27T22:35:00+07:00
PAY002001,ORD002227,2026-05-08T19:15:00+07:00,bank_transfer,success,13006500.00,seed,2026-05-08T19:15:00+07:00,2026-05-08T19:15:00+07:00
PAY002002,ORD002228,2026-01-23T19:56:00+07:00,bank_transfer,success,6210000.00,seed,2026-01-23T19:56:00+07:00,2026-01-23T19:56:00+07:00
PAY002003,ORD002230,2026-06-14T23:18:00+07:00,cash,success,6905500.00,seed,2026-06-14T23:18:00+07:00,2026-06-14T23:18:00+07:00
PAY002004,ORD002231,2026-04-19T20:58:00+07:00,bank_transfer,success,11157500.00,seed,2026-04-19T20:58:00+07:00,2026-04-19T20:58:00+07:00
PAY002005,ORD002232,2026-06-21T03:44:00+07:00,card,success,13986000.00,seed,2026-06-21T03:44:00+07:00,2026-06-21T03:44:00+07:00
PAY002006,ORD002233,2026-05-03T23:18:00+07:00,cash,success,23683500.00,seed,2026-05-03T23:18:00+07:00,2026-05-03T23:18:00+07:00
PAY002007,ORD002234,2026-04-19T17:03:00+07:00,cash,failed,18842000.00,seed,2026-04-19T17:03:00+07:00,2026-04-19T17:03:00+07:00
PAY002008,ORD002235,2026-01-01T16:18:00+07:00,card,success,15753500.00,seed,2026-01-01T16:18:00+07:00,2026-01-01T16:18:00+07:00
PAY002009,ORD002237,2026-03-23T19:04:00+07:00,bank_transfer,success,26825000.00,seed,2026-03-23T19:04:00+07:00,2026-03-23T19:04:00+07:00
PAY002010,ORD002238,2026-05-23T22:49:00+07:00,e_wallet,success,9247000.00,seed,2026-05-23T22:49:00+07:00,2026-05-23T22:49:00+07:00
PAY002011,ORD002239,2026-03-27T22:11:00+07:00,cash,success,9503000.00,seed,2026-03-27T22:11:00+07:00,2026-03-27T22:11:00+07:00
PAY002012,ORD002240,2026-01-07T19:23:00+07:00,e_wallet,success,1090500.00,seed,2026-01-07T19:23:00+07:00,2026-01-07T19:23:00+07:00
PAY002013,ORD002241,2026-06-06T22:46:00+07:00,card,success,10584000.00,seed,2026-06-06T22:46:00+07:00,2026-06-06T22:46:00+07:00
PAY002014,ORD002242,2026-03-24T19:44:00+07:00,card,success,9513500.00,seed,2026-03-24T19:44:00+07:00,2026-03-24T19:44:00+07:00
PAY002015,ORD002243,2026-01-31T18:13:00+07:00,bank_transfer,pending,5460000.00,seed,2026-01-31T18:13:00+07:00,2026-01-31T18:13:00+07:00
PAY002016,ORD002244,2026-04-04T13:26:00+07:00,e_wallet,success,4260000.00,seed,2026-04-04T13:26:00+07:00,2026-04-04T13:26:00+07:00
PAY002017,ORD002246,2026-06-04T19:03:00+07:00,cash,success,11527000.00,seed,2026-06-04T19:03:00+07:00,2026-06-04T19:03:00+07:00
PAY002018,ORD002247,2026-02-15T11:58:00+07:00,card,success,6598000.00,seed,2026-02-15T11:58:00+07:00,2026-02-15T11:58:00+07:00
PAY002019,ORD002248,2026-03-05T18:07:00+07:00,e_wallet,success,19114500.00,seed,2026-03-05T18:07:00+07:00,2026-03-05T18:07:00+07:00
PAY002020,ORD002249,2026-02-06T01:22:00+07:00,card,success,6062500.00,seed,2026-02-06T01:22:00+07:00,2026-02-06T01:22:00+07:00
PAY002021,ORD002250,2026-06-10T12:41:00+07:00,e_wallet,success,5200000.00,seed,2026-06-10T12:41:00+07:00,2026-06-10T12:41:00+07:00
PAY002022,ORD002251,2026-05-05T19:41:00+07:00,card,success,2326000.00,seed,2026-05-05T19:41:00+07:00,2026-05-05T19:41:00+07:00
PAY002023,ORD002252,2026-01-05T19:13:00+07:00,e_wallet,success,14530500.00,seed,2026-01-05T19:13:00+07:00,2026-01-05T19:13:00+07:00
PAY002024,ORD002253,2026-05-24T22:49:00+07:00,e_wallet,success,14463500.00,seed,2026-05-24T22:49:00+07:00,2026-05-24T22:49:00+07:00
PAY002025,ORD002254,2026-01-25T00:31:00+07:00,e_wallet,success,10603000.00,seed,2026-01-25T00:31:00+07:00,2026-01-25T00:31:00+07:00
PAY002026,ORD002255,2026-05-14T19:41:00+07:00,cash,success,3580000.00,seed,2026-05-14T19:41:00+07:00,2026-05-14T19:41:00+07:00
PAY002027,ORD002256,2026-06-06T22:36:00+07:00,bank_transfer,success,1653000.00,seed,2026-06-06T22:36:00+07:00,2026-06-06T22:36:00+07:00
PAY002028,ORD002257,2026-03-13T01:22:00+07:00,e_wallet,success,23148000.00,seed,2026-03-13T01:22:00+07:00,2026-03-13T01:22:00+07:00
PAY002029,ORD002259,2026-03-23T21:01:00+07:00,cash,success,2158000.00,seed,2026-03-23T21:01:00+07:00,2026-03-23T21:01:00+07:00
PAY002030,ORD002260,2026-03-03T08:32:00+07:00,cash,success,11712000.00,seed,2026-03-03T08:32:00+07:00,2026-03-03T08:32:00+07:00
PAY002031,ORD002261,2026-05-26T21:25:00+07:00,cash,pending,20419500.00,seed,2026-05-26T21:25:00+07:00,2026-05-26T21:25:00+07:00
PAY002032,ORD002262,2026-06-18T18:03:00+07:00,e_wallet,failed,17291000.00,seed,2026-06-18T18:03:00+07:00,2026-06-18T18:03:00+07:00
PAY002033,ORD002263,2026-03-31T16:21:00+07:00,e_wallet,success,8223500.00,seed,2026-03-31T16:21:00+07:00,2026-03-31T16:21:00+07:00
PAY002034,ORD002264,2026-03-20T10:43:00+07:00,cash,success,4923000.00,seed,2026-03-20T10:43:00+07:00,2026-03-20T10:43:00+07:00
PAY002035,ORD002265,2026-02-24T16:13:00+07:00,bank_transfer,success,1814500.00,seed,2026-02-24T16:13:00+07:00,2026-02-24T16:13:00+07:00
PAY002036,ORD002267,2026-04-20T17:29:00+07:00,e_wallet,success,4914000.00,seed,2026-04-20T17:29:00+07:00,2026-04-20T17:29:00+07:00
PAY002037,ORD002268,2026-02-28T22:37:00+07:00,bank_transfer,success,9180000.00,seed,2026-02-28T22:37:00+07:00,2026-02-28T22:37:00+07:00
PAY002038,ORD002269,2026-05-13T17:18:00+07:00,cash,success,16102000.00,seed,2026-05-13T17:18:00+07:00,2026-05-13T17:18:00+07:00
PAY002039,ORD002270,2026-04-24T14:53:00+07:00,cash,success,8478000.00,seed,2026-04-24T14:53:00+07:00,2026-04-24T14:53:00+07:00
PAY002040,ORD002271,2026-05-10T21:29:00+07:00,bank_transfer,success,22572000.00,seed,2026-05-10T21:29:00+07:00,2026-05-10T21:29:00+07:00
PAY002041,ORD002272,2026-01-24T19:45:00+07:00,e_wallet,success,3961500.00,seed,2026-01-24T19:45:00+07:00,2026-01-24T19:45:00+07:00
PAY002042,ORD002273,2026-02-27T07:21:00+07:00,bank_transfer,success,13684000.00,seed,2026-02-27T07:21:00+07:00,2026-02-27T07:21:00+07:00
PAY002043,ORD002274,2026-03-19T02:35:00+07:00,e_wallet,success,39610000.00,seed,2026-03-19T02:35:00+07:00,2026-03-19T02:35:00+07:00
PAY002044,ORD002276,2026-02-23T21:46:00+07:00,bank_transfer,success,4426500.00,seed,2026-02-23T21:46:00+07:00,2026-02-23T21:46:00+07:00
PAY002045,ORD002277,2026-01-20T22:27:00+07:00,card,pending,21152000.00,seed,2026-01-20T22:27:00+07:00,2026-01-20T22:27:00+07:00
PAY002046,ORD002279,2026-02-28T03:53:00+07:00,e_wallet,success,33391000.00,seed,2026-02-28T03:53:00+07:00,2026-02-28T03:53:00+07:00
PAY002047,ORD002280,2026-02-09T05:26:00+07:00,e_wallet,success,680000.00,seed,2026-02-09T05:26:00+07:00,2026-02-09T05:26:00+07:00
PAY002048,ORD002281,2026-01-17T17:16:00+07:00,bank_transfer,success,13054000.00,seed,2026-01-17T17:16:00+07:00,2026-01-17T17:16:00+07:00
PAY002049,ORD002282,2026-05-27T16:06:00+07:00,cash,success,15070000.00,seed,2026-05-27T16:06:00+07:00,2026-05-27T16:06:00+07:00
PAY002050,ORD002284,2026-06-22T00:20:00+07:00,e_wallet,success,24474000.00,seed,2026-06-22T00:20:00+07:00,2026-06-22T00:20:00+07:00
PAY002051,ORD002285,2026-06-26T12:40:00+07:00,bank_transfer,success,11157500.00,seed,2026-06-26T12:40:00+07:00,2026-06-26T12:40:00+07:00
PAY002052,ORD002286,2026-06-08T10:30:00+07:00,bank_transfer,failed,5609000.00,seed,2026-06-08T10:30:00+07:00,2026-06-08T10:30:00+07:00
PAY002053,ORD002287,2026-01-27T20:11:00+07:00,bank_transfer,success,14753000.00,seed,2026-01-27T20:11:00+07:00,2026-01-27T20:11:00+07:00
PAY002054,ORD002288,2026-03-16T00:42:00+07:00,cash,success,8466500.00,seed,2026-03-16T00:42:00+07:00,2026-03-16T00:42:00+07:00
PAY002055,ORD002289,2026-05-11T17:30:00+07:00,e_wallet,success,2304000.00,seed,2026-05-11T17:30:00+07:00,2026-05-11T17:30:00+07:00
PAY002056,ORD002290,2026-03-03T19:33:00+07:00,card,failed,5797500.00,seed,2026-03-03T19:33:00+07:00,2026-03-03T19:33:00+07:00
PAY002057,ORD002291,2026-02-07T21:55:00+07:00,card,success,875500.00,seed,2026-02-07T21:55:00+07:00,2026-02-07T21:55:00+07:00
PAY002058,ORD002292,2026-04-14T13:08:00+07:00,card,success,2490000.00,seed,2026-04-14T13:08:00+07:00,2026-04-14T13:08:00+07:00
PAY002059,ORD002293,2026-06-03T17:54:00+07:00,bank_transfer,success,4128000.00,seed,2026-06-03T17:54:00+07:00,2026-06-03T17:54:00+07:00
PAY002060,ORD002295,2026-03-21T08:41:00+07:00,cash,success,14997000.00,seed,2026-03-21T08:41:00+07:00,2026-03-21T08:41:00+07:00
PAY002061,ORD002296,2026-02-01T03:21:00+07:00,bank_transfer,success,29686000.00,seed,2026-02-01T03:21:00+07:00,2026-02-01T03:21:00+07:00
PAY002062,ORD002297,2026-04-20T10:54:00+07:00,bank_transfer,success,25560000.00,seed,2026-04-20T10:54:00+07:00,2026-04-20T10:54:00+07:00
PAY002063,ORD002299,2026-05-11T04:43:00+07:00,card,success,23704500.00,seed,2026-05-11T04:43:00+07:00,2026-05-11T04:43:00+07:00
PAY002064,ORD002300,2026-05-07T21:30:00+07:00,e_wallet,success,8094500.00,seed,2026-05-07T21:30:00+07:00,2026-05-07T21:30:00+07:00
PAY002065,ORD002301,2026-02-18T13:48:00+07:00,cash,success,21704000.00,seed,2026-02-18T13:48:00+07:00,2026-02-18T13:48:00+07:00
PAY002066,ORD002302,2026-01-30T21:41:00+07:00,e_wallet,success,10499500.00,seed,2026-01-30T21:41:00+07:00,2026-01-30T21:41:00+07:00
PAY002067,ORD002303,2026-06-23T11:12:00+07:00,card,success,13267000.00,seed,2026-06-23T11:12:00+07:00,2026-06-23T11:12:00+07:00
PAY002068,ORD002304,2026-02-22T00:05:00+07:00,cash,success,13979000.00,seed,2026-02-22T00:05:00+07:00,2026-02-22T00:05:00+07:00
PAY002069,ORD002305,2026-04-22T19:29:00+07:00,card,success,12182000.00,seed,2026-04-22T19:29:00+07:00,2026-04-22T19:29:00+07:00
PAY002070,ORD002306,2026-03-31T07:28:00+07:00,card,success,5886000.00,seed,2026-03-31T07:28:00+07:00,2026-03-31T07:28:00+07:00
PAY002071,ORD002307,2026-03-08T22:30:00+07:00,e_wallet,success,6804000.00,seed,2026-03-08T22:30:00+07:00,2026-03-08T22:30:00+07:00
PAY002072,ORD002308,2026-05-13T08:39:00+07:00,card,success,16988500.00,seed,2026-05-13T08:39:00+07:00,2026-05-13T08:39:00+07:00
PAY002073,ORD002309,2026-02-05T15:47:00+07:00,e_wallet,success,5994000.00,seed,2026-02-05T15:47:00+07:00,2026-02-05T15:47:00+07:00
PAY002074,ORD002310,2026-02-05T17:06:00+07:00,cash,success,14711500.00,seed,2026-02-05T17:06:00+07:00,2026-02-05T17:06:00+07:00
PAY002075,ORD002311,2026-02-04T12:27:00+07:00,e_wallet,success,10698500.00,seed,2026-02-04T12:27:00+07:00,2026-02-04T12:27:00+07:00
PAY002076,ORD002312,2026-06-03T04:53:00+07:00,bank_transfer,success,5610000.00,seed,2026-06-03T04:53:00+07:00,2026-06-03T04:53:00+07:00
PAY002077,ORD002313,2026-01-24T00:38:00+07:00,e_wallet,pending,1170000.00,seed,2026-01-24T00:38:00+07:00,2026-01-24T00:38:00+07:00
PAY002078,ORD002314,2026-02-03T04:16:00+07:00,e_wallet,success,13621500.00,seed,2026-02-03T04:16:00+07:00,2026-02-03T04:16:00+07:00
PAY002079,ORD002315,2026-03-08T21:25:00+07:00,cash,success,17154000.00,seed,2026-03-08T21:25:00+07:00,2026-03-08T21:25:00+07:00
PAY002080,ORD002316,2026-02-28T18:26:00+07:00,e_wallet,success,3950000.00,seed,2026-02-28T18:26:00+07:00,2026-02-28T18:26:00+07:00
PAY002081,ORD002317,2026-01-03T14:16:00+07:00,card,failed,4100000.00,seed,2026-01-03T14:16:00+07:00,2026-01-03T14:16:00+07:00
PAY002082,ORD002318,2026-06-10T22:55:00+07:00,cash,pending,10730000.00,seed,2026-06-10T22:55:00+07:00,2026-06-10T22:55:00+07:00
PAY002083,ORD002319,2026-01-18T18:43:00+07:00,e_wallet,success,24622000.00,seed,2026-01-18T18:43:00+07:00,2026-01-18T18:43:00+07:00
PAY002084,ORD002320,2026-01-27T18:37:00+07:00,bank_transfer,success,9748500.00,seed,2026-01-27T18:37:00+07:00,2026-01-27T18:37:00+07:00
PAY002085,ORD002322,2026-04-06T20:05:00+07:00,card,success,18554500.00,seed,2026-04-06T20:05:00+07:00,2026-04-06T20:05:00+07:00
PAY002086,ORD002324,2026-04-26T04:42:00+07:00,cash,success,6612500.00,seed,2026-04-26T04:42:00+07:00,2026-04-26T04:42:00+07:00
PAY002087,ORD002325,2026-04-05T13:49:00+07:00,bank_transfer,success,14215500.00,seed,2026-04-05T13:49:00+07:00,2026-04-05T13:49:00+07:00
PAY002088,ORD002326,2026-04-15T22:59:00+07:00,cash,success,14301000.00,seed,2026-04-15T22:59:00+07:00,2026-04-15T22:59:00+07:00
PAY002089,ORD002327,2026-05-15T08:34:00+07:00,bank_transfer,pending,700000.00,seed,2026-05-15T08:34:00+07:00,2026-05-15T08:34:00+07:00
PAY002090,ORD002328,2026-02-10T15:22:00+07:00,e_wallet,success,33873000.00,seed,2026-02-10T15:22:00+07:00,2026-02-10T15:22:00+07:00
PAY002091,ORD002331,2026-04-20T22:08:00+07:00,card,success,11469000.00,seed,2026-04-20T22:08:00+07:00,2026-04-20T22:08:00+07:00
PAY002092,ORD002333,2026-03-22T01:40:00+07:00,bank_transfer,success,3332000.00,seed,2026-03-22T01:40:00+07:00,2026-03-22T01:40:00+07:00
PAY002093,ORD002334,2026-06-02T02:24:00+07:00,cash,success,6225000.00,seed,2026-06-02T02:24:00+07:00,2026-06-02T02:24:00+07:00
PAY002094,ORD002335,2026-03-07T05:41:00+07:00,cash,success,1680000.00,seed,2026-03-07T05:41:00+07:00,2026-03-07T05:41:00+07:00
PAY002095,ORD002336,2026-03-09T07:13:00+07:00,card,success,8199000.00,seed,2026-03-09T07:13:00+07:00,2026-03-09T07:13:00+07:00
PAY002096,ORD002337,2026-05-28T06:35:00+07:00,cash,success,5000000.00,seed,2026-05-28T06:35:00+07:00,2026-05-28T06:35:00+07:00
PAY002097,ORD002338,2026-03-17T22:10:00+07:00,card,success,14093500.00,seed,2026-03-17T22:10:00+07:00,2026-03-17T22:10:00+07:00
PAY002098,ORD002339,2026-02-20T20:03:00+07:00,e_wallet,success,17471000.00,seed,2026-02-20T20:03:00+07:00,2026-02-20T20:03:00+07:00
PAY002099,ORD002340,2026-02-03T09:24:00+07:00,card,success,1430000.00,seed,2026-02-03T09:24:00+07:00,2026-02-03T09:24:00+07:00
PAY002100,ORD002341,2026-06-07T12:13:00+07:00,card,success,16820000.00,seed,2026-06-07T12:13:00+07:00,2026-06-07T12:13:00+07:00
PAY002101,ORD002342,2026-03-18T18:16:00+07:00,cash,failed,7803000.00,seed,2026-03-18T18:16:00+07:00,2026-03-18T18:16:00+07:00
PAY002102,ORD002343,2026-02-07T02:47:00+07:00,cash,success,6516000.00,seed,2026-02-07T02:47:00+07:00,2026-02-07T02:47:00+07:00
PAY002103,ORD002345,2026-04-17T21:49:00+07:00,card,success,14660000.00,seed,2026-04-17T21:49:00+07:00,2026-04-17T21:49:00+07:00
PAY002104,ORD002346,2026-05-03T02:39:00+07:00,bank_transfer,success,8928000.00,seed,2026-05-03T02:39:00+07:00,2026-05-03T02:39:00+07:00
PAY002105,ORD002347,2026-06-04T21:40:00+07:00,e_wallet,success,1664500.00,seed,2026-06-04T21:40:00+07:00,2026-06-04T21:40:00+07:00
PAY002106,ORD002348,2026-05-09T20:43:00+07:00,e_wallet,failed,12406000.00,seed,2026-05-09T20:43:00+07:00,2026-05-09T20:43:00+07:00
PAY002107,ORD002349,2026-06-08T20:27:00+07:00,bank_transfer,success,1156000.00,seed,2026-06-08T20:27:00+07:00,2026-06-08T20:27:00+07:00
PAY002108,ORD002350,2026-05-16T20:40:00+07:00,bank_transfer,success,6559000.00,seed,2026-05-16T20:40:00+07:00,2026-05-16T20:40:00+07:00
PAY002109,ORD002351,2026-05-05T19:24:00+07:00,bank_transfer,success,3723000.00,seed,2026-05-05T19:24:00+07:00,2026-05-05T19:24:00+07:00
PAY002110,ORD002352,2026-06-13T22:38:00+07:00,card,success,2637000.00,seed,2026-06-13T22:38:00+07:00,2026-06-13T22:38:00+07:00
PAY002111,ORD002353,2026-06-18T15:08:00+07:00,bank_transfer,success,1079500.00,seed,2026-06-18T15:08:00+07:00,2026-06-18T15:08:00+07:00
PAY002112,ORD002354,2026-02-23T04:06:00+07:00,cash,success,2877000.00,seed,2026-02-23T04:06:00+07:00,2026-02-23T04:06:00+07:00
PAY002113,ORD002355,2026-06-28T23:09:00+07:00,card,success,21658500.00,seed,2026-06-28T23:09:00+07:00,2026-06-28T23:09:00+07:00
PAY002114,ORD002356,2026-05-28T02:16:00+07:00,cash,success,9165000.00,seed,2026-05-28T02:16:00+07:00,2026-05-28T02:16:00+07:00
PAY002115,ORD002357,2026-02-17T13:31:00+07:00,card,success,4655000.00,seed,2026-02-17T13:31:00+07:00,2026-02-17T13:31:00+07:00
PAY002116,ORD002358,2026-04-14T05:39:00+07:00,bank_transfer,success,3292500.00,seed,2026-04-14T05:39:00+07:00,2026-04-14T05:39:00+07:00
PAY002117,ORD002359,2026-02-11T00:31:00+07:00,cash,success,19261000.00,seed,2026-02-11T00:31:00+07:00,2026-02-11T00:31:00+07:00
PAY002118,ORD002360,2026-02-16T20:47:00+07:00,cash,success,8370000.00,seed,2026-02-16T20:47:00+07:00,2026-02-16T20:47:00+07:00
PAY002119,ORD002361,2026-02-24T17:24:00+07:00,e_wallet,success,17204000.00,seed,2026-02-24T17:24:00+07:00,2026-02-24T17:24:00+07:00
PAY002120,ORD002362,2026-02-13T22:20:00+07:00,cash,success,20090500.00,seed,2026-02-13T22:20:00+07:00,2026-02-13T22:20:00+07:00
PAY002121,ORD002363,2026-02-16T18:58:00+07:00,bank_transfer,success,204000.00,seed,2026-02-16T18:58:00+07:00,2026-02-16T18:58:00+07:00
PAY002122,ORD002364,2026-02-21T23:05:00+07:00,bank_transfer,success,14159000.00,seed,2026-02-21T23:05:00+07:00,2026-02-21T23:05:00+07:00
PAY002123,ORD002365,2026-05-13T12:08:00+07:00,cash,success,8967000.00,seed,2026-05-13T12:08:00+07:00,2026-05-13T12:08:00+07:00
PAY002124,ORD002367,2026-01-23T15:54:00+07:00,cash,success,6190000.00,seed,2026-01-23T15:54:00+07:00,2026-01-23T15:54:00+07:00
PAY002125,ORD002368,2026-01-08T07:04:00+07:00,bank_transfer,success,14566500.00,seed,2026-01-08T07:04:00+07:00,2026-01-08T07:04:00+07:00
PAY002126,ORD002369,2026-04-03T21:18:00+07:00,bank_transfer,success,7720000.00,seed,2026-04-03T21:18:00+07:00,2026-04-03T21:18:00+07:00
PAY002127,ORD002370,2026-03-14T06:11:00+07:00,card,success,4293000.00,seed,2026-03-14T06:11:00+07:00,2026-03-14T06:11:00+07:00
PAY002128,ORD002371,2026-01-11T23:13:00+07:00,cash,failed,5301000.00,seed,2026-01-11T23:13:00+07:00,2026-01-11T23:13:00+07:00
PAY002129,ORD002372,2026-05-02T20:29:00+07:00,cash,success,9240000.00,seed,2026-05-02T20:29:00+07:00,2026-05-02T20:29:00+07:00
PAY002130,ORD002373,2026-05-09T16:13:00+07:00,bank_transfer,pending,19644500.00,seed,2026-05-09T16:13:00+07:00,2026-05-09T16:13:00+07:00
PAY002131,ORD002374,2026-05-18T04:39:00+07:00,e_wallet,success,3375000.00,seed,2026-05-18T04:39:00+07:00,2026-05-18T04:39:00+07:00
PAY002132,ORD002375,2026-02-07T16:38:00+07:00,cash,pending,11867000.00,seed,2026-02-07T16:38:00+07:00,2026-02-07T16:38:00+07:00
PAY002133,ORD002376,2026-06-13T05:15:00+07:00,card,success,3621000.00,seed,2026-06-13T05:15:00+07:00,2026-06-13T05:15:00+07:00
PAY002134,ORD002377,2026-05-31T22:02:00+07:00,bank_transfer,success,10940000.00,seed,2026-05-31T22:02:00+07:00,2026-05-31T22:02:00+07:00
PAY002135,ORD002378,2026-05-08T18:00:00+07:00,cash,pending,10827500.00,seed,2026-05-08T18:00:00+07:00,2026-05-08T18:00:00+07:00
PAY002136,ORD002379,2026-02-18T04:42:00+07:00,cash,success,711000.00,seed,2026-02-18T04:42:00+07:00,2026-02-18T04:42:00+07:00
PAY002137,ORD002380,2026-06-21T18:05:00+07:00,e_wallet,success,7742500.00,seed,2026-06-21T18:05:00+07:00,2026-06-21T18:05:00+07:00
PAY002138,ORD002381,2026-02-20T00:32:00+07:00,e_wallet,success,28083000.00,seed,2026-02-20T00:32:00+07:00,2026-02-20T00:32:00+07:00
PAY002139,ORD002382,2026-03-09T04:23:00+07:00,cash,success,782000.00,seed,2026-03-09T04:23:00+07:00,2026-03-09T04:23:00+07:00
PAY002140,ORD002383,2026-01-07T04:20:00+07:00,bank_transfer,success,19170000.00,seed,2026-01-07T04:20:00+07:00,2026-01-07T04:20:00+07:00
PAY002141,ORD002385,2026-01-30T20:12:00+07:00,e_wallet,success,25460000.00,seed,2026-01-30T20:12:00+07:00,2026-01-30T20:12:00+07:00
PAY002142,ORD002386,2026-04-29T04:47:00+07:00,bank_transfer,success,12666000.00,seed,2026-04-29T04:47:00+07:00,2026-04-29T04:47:00+07:00
PAY002143,ORD002387,2026-02-05T22:12:00+07:00,bank_transfer,success,17708000.00,seed,2026-02-05T22:12:00+07:00,2026-02-05T22:12:00+07:00
PAY002144,ORD002388,2026-03-14T17:11:00+07:00,cash,success,3690000.00,seed,2026-03-14T17:11:00+07:00,2026-03-14T17:11:00+07:00
PAY002145,ORD002389,2026-06-28T17:46:00+07:00,cash,success,5185000.00,seed,2026-06-28T17:46:00+07:00,2026-06-28T17:46:00+07:00
PAY002146,ORD002390,2026-01-30T22:40:00+07:00,e_wallet,success,2910000.00,seed,2026-01-30T22:40:00+07:00,2026-01-30T22:40:00+07:00
PAY002147,ORD002391,2026-01-29T16:57:00+07:00,bank_transfer,success,9874000.00,seed,2026-01-29T16:57:00+07:00,2026-01-29T16:57:00+07:00
PAY002148,ORD002394,2026-05-28T12:19:00+07:00,cash,success,7642000.00,seed,2026-05-28T12:19:00+07:00,2026-05-28T12:19:00+07:00
PAY002149,ORD002395,2026-02-02T12:09:00+07:00,e_wallet,pending,13156000.00,seed,2026-02-02T12:09:00+07:00,2026-02-02T12:09:00+07:00
PAY002150,ORD002396,2026-03-24T05:00:00+07:00,e_wallet,success,5236000.00,seed,2026-03-24T05:00:00+07:00,2026-03-24T05:00:00+07:00
PAY002151,ORD002397,2026-01-28T12:16:00+07:00,cash,success,15198000.00,seed,2026-01-28T12:16:00+07:00,2026-01-28T12:16:00+07:00
PAY002152,ORD002398,2026-05-18T16:16:00+07:00,bank_transfer,success,36835000.00,seed,2026-05-18T16:16:00+07:00,2026-05-18T16:16:00+07:00
PAY002153,ORD002399,2026-05-05T14:02:00+07:00,bank_transfer,success,8890000.00,seed,2026-05-05T14:02:00+07:00,2026-05-05T14:02:00+07:00
PAY002154,ORD002400,2026-05-30T20:45:00+07:00,card,success,15569500.00,seed,2026-05-30T20:45:00+07:00,2026-05-30T20:45:00+07:00
PAY002155,ORD002401,2026-01-21T20:32:00+07:00,bank_transfer,success,17423500.00,seed,2026-01-21T20:32:00+07:00,2026-01-21T20:32:00+07:00
PAY002156,ORD002402,2026-01-17T17:01:00+07:00,card,success,13015500.00,seed,2026-01-17T17:01:00+07:00,2026-01-17T17:01:00+07:00
PAY002157,ORD002403,2026-02-13T07:23:00+07:00,cash,success,23514500.00,seed,2026-02-13T07:23:00+07:00,2026-02-13T07:23:00+07:00
PAY002158,ORD002404,2026-06-29T21:38:00+07:00,bank_transfer,success,9796500.00,seed,2026-06-29T21:38:00+07:00,2026-06-29T21:38:00+07:00
PAY002159,ORD002405,2026-01-20T18:05:00+07:00,cash,success,2839000.00,seed,2026-01-20T18:05:00+07:00,2026-01-20T18:05:00+07:00
PAY002160,ORD002406,2026-03-23T20:15:00+07:00,bank_transfer,pending,28786000.00,seed,2026-03-23T20:15:00+07:00,2026-03-23T20:15:00+07:00
PAY002161,ORD002407,2026-05-01T02:38:00+07:00,card,success,23021000.00,seed,2026-05-01T02:38:00+07:00,2026-05-01T02:38:00+07:00
PAY002162,ORD002408,2026-01-28T20:45:00+07:00,e_wallet,success,30874500.00,seed,2026-01-28T20:45:00+07:00,2026-01-28T20:45:00+07:00
PAY002163,ORD002409,2026-03-01T17:03:00+07:00,bank_transfer,success,10166000.00,seed,2026-03-01T17:03:00+07:00,2026-03-01T17:03:00+07:00
PAY002164,ORD002411,2026-06-20T00:06:00+07:00,card,success,29858500.00,seed,2026-06-20T00:06:00+07:00,2026-06-20T00:06:00+07:00
PAY002165,ORD002412,2026-02-15T20:13:00+07:00,card,success,1828000.00,seed,2026-02-15T20:13:00+07:00,2026-02-15T20:13:00+07:00
PAY002166,ORD002413,2026-05-19T19:35:00+07:00,bank_transfer,success,171000.00,seed,2026-05-19T19:35:00+07:00,2026-05-19T19:35:00+07:00
PAY002167,ORD002414,2026-06-25T02:25:00+07:00,cash,success,4461500.00,seed,2026-06-25T02:25:00+07:00,2026-06-25T02:25:00+07:00
PAY002168,ORD002415,2026-05-16T17:29:00+07:00,e_wallet,success,10713500.00,seed,2026-05-16T17:29:00+07:00,2026-05-16T17:29:00+07:00
PAY002169,ORD002416,2026-04-05T18:15:00+07:00,card,success,24368500.00,seed,2026-04-05T18:15:00+07:00,2026-04-05T18:15:00+07:00
PAY002170,ORD002417,2026-03-11T20:07:00+07:00,cash,failed,9568000.00,seed,2026-03-11T20:07:00+07:00,2026-03-11T20:07:00+07:00
PAY002171,ORD002418,2026-03-05T23:12:00+07:00,card,success,15181000.00,seed,2026-03-05T23:12:00+07:00,2026-03-05T23:12:00+07:00
PAY002172,ORD002419,2026-05-09T00:44:00+07:00,cash,success,19266000.00,seed,2026-05-09T00:44:00+07:00,2026-05-09T00:44:00+07:00
PAY002173,ORD002420,2026-03-05T21:39:00+07:00,cash,success,20254000.00,seed,2026-03-05T21:39:00+07:00,2026-03-05T21:39:00+07:00
PAY002174,ORD002421,2026-04-12T00:27:00+07:00,card,success,34505000.00,seed,2026-04-12T00:27:00+07:00,2026-04-12T00:27:00+07:00
PAY002175,ORD002422,2026-05-07T02:35:00+07:00,card,success,7092000.00,seed,2026-05-07T02:35:00+07:00,2026-05-07T02:35:00+07:00
PAY002176,ORD002423,2026-02-02T19:12:00+07:00,cash,success,11135500.00,seed,2026-02-02T19:12:00+07:00,2026-02-02T19:12:00+07:00
PAY002177,ORD002424,2026-02-07T01:39:00+07:00,cash,success,16587500.00,seed,2026-02-07T01:39:00+07:00,2026-02-07T01:39:00+07:00
PAY002178,ORD002425,2026-01-28T20:54:00+07:00,cash,success,6993000.00,seed,2026-01-28T20:54:00+07:00,2026-01-28T20:54:00+07:00
PAY002179,ORD002426,2026-06-01T20:57:00+07:00,card,success,12656000.00,seed,2026-06-01T20:57:00+07:00,2026-06-01T20:57:00+07:00
PAY002180,ORD002427,2026-06-06T17:47:00+07:00,e_wallet,success,15457000.00,seed,2026-06-06T17:47:00+07:00,2026-06-06T17:47:00+07:00
PAY002181,ORD002428,2026-04-09T02:38:00+07:00,cash,success,14665000.00,seed,2026-04-09T02:38:00+07:00,2026-04-09T02:38:00+07:00
PAY002182,ORD002429,2026-03-09T23:03:00+07:00,e_wallet,success,38873000.00,seed,2026-03-09T23:03:00+07:00,2026-03-09T23:03:00+07:00
PAY002183,ORD002430,2026-03-14T00:45:00+07:00,bank_transfer,success,1215500.00,seed,2026-03-14T00:45:00+07:00,2026-03-14T00:45:00+07:00
PAY002184,ORD002431,2026-01-20T02:56:00+07:00,bank_transfer,success,6021000.00,seed,2026-01-20T02:56:00+07:00,2026-01-20T02:56:00+07:00
PAY002185,ORD002432,2026-04-23T20:01:00+07:00,card,success,13439000.00,seed,2026-04-23T20:01:00+07:00,2026-04-23T20:01:00+07:00
PAY002186,ORD002433,2026-01-18T09:25:00+07:00,e_wallet,success,8622000.00,seed,2026-01-18T09:25:00+07:00,2026-01-18T09:25:00+07:00
PAY002187,ORD002434,2026-06-26T13:31:00+07:00,bank_transfer,success,830000.00,seed,2026-06-26T13:31:00+07:00,2026-06-26T13:31:00+07:00
PAY002188,ORD002435,2026-01-11T22:19:00+07:00,bank_transfer,success,4343000.00,seed,2026-01-11T22:19:00+07:00,2026-01-11T22:19:00+07:00
PAY002189,ORD002436,2026-04-30T15:51:00+07:00,e_wallet,failed,33154500.00,seed,2026-04-30T15:51:00+07:00,2026-04-30T15:51:00+07:00
PAY002190,ORD002437,2026-03-24T00:48:00+07:00,e_wallet,refunded,27746000.00,seed,2026-03-24T00:48:00+07:00,2026-03-24T00:48:00+07:00
PAY002191,ORD002438,2026-02-23T16:57:00+07:00,bank_transfer,success,16906000.00,seed,2026-02-23T16:57:00+07:00,2026-02-23T16:57:00+07:00
PAY002192,ORD002439,2026-02-15T19:55:00+07:00,bank_transfer,success,8340000.00,seed,2026-02-15T19:55:00+07:00,2026-02-15T19:55:00+07:00
PAY002193,ORD002440,2026-01-13T04:54:00+07:00,cash,success,4594500.00,seed,2026-01-13T04:54:00+07:00,2026-01-13T04:54:00+07:00
PAY002194,ORD002441,2026-03-15T05:19:00+07:00,cash,success,5460000.00,seed,2026-03-15T05:19:00+07:00,2026-03-15T05:19:00+07:00
PAY002195,ORD002443,2026-05-13T23:25:00+07:00,bank_transfer,success,13345000.00,seed,2026-05-13T23:25:00+07:00,2026-05-13T23:25:00+07:00
PAY002196,ORD002444,2026-05-28T02:43:00+07:00,cash,success,7429000.00,seed,2026-05-28T02:43:00+07:00,2026-05-28T02:43:00+07:00
PAY002197,ORD002445,2026-06-01T04:00:00+07:00,bank_transfer,success,15174000.00,seed,2026-06-01T04:00:00+07:00,2026-06-01T04:00:00+07:00
PAY002198,ORD002446,2026-06-28T05:35:00+07:00,cash,success,8021000.00,seed,2026-06-28T05:35:00+07:00,2026-06-28T05:35:00+07:00
PAY002199,ORD002448,2026-01-24T14:10:00+07:00,bank_transfer,success,6204000.00,seed,2026-01-24T14:10:00+07:00,2026-01-24T14:10:00+07:00
PAY002200,ORD002449,2026-05-28T19:28:00+07:00,card,success,34518500.00,seed,2026-05-28T19:28:00+07:00,2026-05-28T19:28:00+07:00
PAY002201,ORD002450,2026-02-18T01:23:00+07:00,card,success,18739500.00,seed,2026-02-18T01:23:00+07:00,2026-02-18T01:23:00+07:00
PAY002202,ORD002451,2026-06-14T20:04:00+07:00,cash,success,50639500.00,seed,2026-06-14T20:04:00+07:00,2026-06-14T20:04:00+07:00
PAY002203,ORD002452,2026-05-20T23:33:00+07:00,cash,success,3323500.00,seed,2026-05-20T23:33:00+07:00,2026-05-20T23:33:00+07:00
PAY002204,ORD002453,2026-01-31T17:36:00+07:00,e_wallet,success,6834500.00,seed,2026-01-31T17:36:00+07:00,2026-01-31T17:36:00+07:00
PAY002205,ORD002454,2026-03-20T19:39:00+07:00,bank_transfer,success,21245500.00,seed,2026-03-20T19:39:00+07:00,2026-03-20T19:39:00+07:00
PAY002206,ORD002455,2026-02-23T03:09:00+07:00,bank_transfer,failed,6287000.00,seed,2026-02-23T03:09:00+07:00,2026-02-23T03:09:00+07:00
PAY002207,ORD002456,2026-05-01T03:38:00+07:00,bank_transfer,success,20432000.00,seed,2026-05-01T03:38:00+07:00,2026-05-01T03:38:00+07:00
PAY002208,ORD002457,2026-04-04T17:36:00+07:00,e_wallet,success,40668000.00,seed,2026-04-04T17:36:00+07:00,2026-04-04T17:36:00+07:00
PAY002209,ORD002458,2026-05-20T14:45:00+07:00,cash,success,16218000.00,seed,2026-05-20T14:45:00+07:00,2026-05-20T14:45:00+07:00
PAY002210,ORD002460,2026-05-02T16:48:00+07:00,cash,success,4760000.00,seed,2026-05-02T16:48:00+07:00,2026-05-02T16:48:00+07:00
PAY002211,ORD002461,2026-06-16T07:44:00+07:00,e_wallet,success,7070000.00,seed,2026-06-16T07:44:00+07:00,2026-06-16T07:44:00+07:00
PAY002212,ORD002462,2026-02-13T15:52:00+07:00,bank_transfer,success,5935000.00,seed,2026-02-13T15:52:00+07:00,2026-02-13T15:52:00+07:00
PAY002213,ORD002463,2026-06-12T16:00:00+07:00,e_wallet,success,21225000.00,seed,2026-06-12T16:00:00+07:00,2026-06-12T16:00:00+07:00
PAY002214,ORD002464,2026-05-20T12:49:00+07:00,bank_transfer,success,25619000.00,seed,2026-05-20T12:49:00+07:00,2026-05-20T12:49:00+07:00
PAY002215,ORD002465,2026-05-26T20:21:00+07:00,cash,success,15132500.00,seed,2026-05-26T20:21:00+07:00,2026-05-26T20:21:00+07:00
PAY002216,ORD002467,2026-03-10T12:55:00+07:00,e_wallet,failed,2194500.00,seed,2026-03-10T12:55:00+07:00,2026-03-10T12:55:00+07:00
PAY002217,ORD002468,2026-05-22T17:52:00+07:00,e_wallet,success,5654500.00,seed,2026-05-22T17:52:00+07:00,2026-05-22T17:52:00+07:00
PAY002218,ORD002469,2026-06-24T00:30:00+07:00,e_wallet,success,5225000.00,seed,2026-06-24T00:30:00+07:00,2026-06-24T00:30:00+07:00
PAY002219,ORD002470,2026-05-03T04:37:00+07:00,cash,success,27014500.00,seed,2026-05-03T04:37:00+07:00,2026-05-03T04:37:00+07:00
PAY002220,ORD002471,2026-06-04T18:49:00+07:00,cash,success,9504000.00,seed,2026-06-04T18:49:00+07:00,2026-06-04T18:49:00+07:00
PAY002221,ORD002472,2026-01-02T00:23:00+07:00,cash,success,22992000.00,seed,2026-01-02T00:23:00+07:00,2026-01-02T00:23:00+07:00
PAY002222,ORD002473,2026-01-11T03:32:00+07:00,card,success,19603000.00,seed,2026-01-11T03:32:00+07:00,2026-01-11T03:32:00+07:00
PAY002223,ORD002474,2026-04-08T20:15:00+07:00,cash,success,18122000.00,seed,2026-04-08T20:15:00+07:00,2026-04-08T20:15:00+07:00
PAY002224,ORD002475,2026-05-13T02:35:00+07:00,cash,success,2422500.00,seed,2026-05-13T02:35:00+07:00,2026-05-13T02:35:00+07:00
PAY002225,ORD002476,2026-05-06T00:10:00+07:00,cash,success,12477000.00,seed,2026-05-06T00:10:00+07:00,2026-05-06T00:10:00+07:00
PAY002226,ORD002477,2026-01-12T01:26:00+07:00,e_wallet,success,9282000.00,seed,2026-01-12T01:26:00+07:00,2026-01-12T01:26:00+07:00
PAY002227,ORD002478,2026-03-11T00:00:00+07:00,card,success,51170000.00,seed,2026-03-11T00:00:00+07:00,2026-03-11T00:00:00+07:00
PAY002228,ORD002479,2026-03-13T01:17:00+07:00,e_wallet,success,23769000.00,seed,2026-03-13T01:17:00+07:00,2026-03-13T01:17:00+07:00
PAY002229,ORD002480,2026-04-21T14:47:00+07:00,card,failed,28057500.00,seed,2026-04-21T14:47:00+07:00,2026-04-21T14:47:00+07:00
PAY002230,ORD002481,2026-03-10T03:31:00+07:00,cash,success,17903500.00,seed,2026-03-10T03:31:00+07:00,2026-03-10T03:31:00+07:00
PAY002231,ORD002482,2026-05-10T20:29:00+07:00,e_wallet,success,7092000.00,seed,2026-05-10T20:29:00+07:00,2026-05-10T20:29:00+07:00
PAY002232,ORD002483,2026-05-01T16:44:00+07:00,cash,refunded,3712500.00,seed,2026-05-01T16:44:00+07:00,2026-05-01T16:44:00+07:00
PAY002233,ORD002485,2026-06-01T18:57:00+07:00,card,success,12700000.00,seed,2026-06-01T18:57:00+07:00,2026-06-01T18:57:00+07:00
PAY002234,ORD002487,2026-03-26T22:10:00+07:00,e_wallet,success,8647000.00,seed,2026-03-26T22:10:00+07:00,2026-03-26T22:10:00+07:00
PAY002235,ORD002488,2026-04-15T23:36:00+07:00,bank_transfer,success,11412000.00,seed,2026-04-15T23:36:00+07:00,2026-04-15T23:36:00+07:00
PAY002236,ORD002489,2026-01-22T04:49:00+07:00,bank_transfer,success,5318000.00,seed,2026-01-22T04:49:00+07:00,2026-01-22T04:49:00+07:00
PAY002237,ORD002490,2026-01-16T20:12:00+07:00,bank_transfer,success,4636000.00,seed,2026-01-16T20:12:00+07:00,2026-01-16T20:12:00+07:00
PAY002238,ORD002491,2026-04-25T05:50:00+07:00,bank_transfer,success,11925000.00,seed,2026-04-25T05:50:00+07:00,2026-04-25T05:50:00+07:00
PAY002239,ORD002492,2026-05-28T22:20:00+07:00,e_wallet,success,2123500.00,seed,2026-05-28T22:20:00+07:00,2026-05-28T22:20:00+07:00
PAY002240,ORD002494,2026-03-30T16:16:00+07:00,card,success,42812000.00,seed,2026-03-30T16:16:00+07:00,2026-03-30T16:16:00+07:00
PAY002241,ORD002495,2026-06-02T10:42:00+07:00,bank_transfer,success,399500.00,seed,2026-06-02T10:42:00+07:00,2026-06-02T10:42:00+07:00
PAY002242,ORD002496,2026-02-20T22:30:00+07:00,bank_transfer,success,32959000.00,seed,2026-02-20T22:30:00+07:00,2026-02-20T22:30:00+07:00
PAY002243,ORD002497,2026-01-05T00:19:00+07:00,e_wallet,success,12874500.00,seed,2026-01-05T00:19:00+07:00,2026-01-05T00:19:00+07:00
PAY002244,ORD002498,2026-06-28T22:17:00+07:00,card,success,4806000.00,seed,2026-06-28T22:17:00+07:00,2026-06-28T22:17:00+07:00
PAY002245,ORD002499,2026-02-05T21:49:00+07:00,e_wallet,success,6256000.00,seed,2026-02-05T21:49:00+07:00,2026-02-05T21:49:00+07:00
PAY002246,ORD002502,2026-06-16T20:57:00+07:00,e_wallet,success,12610500.00,seed,2026-06-16T20:57:00+07:00,2026-06-16T20:57:00+07:00
PAY002247,ORD002503,2026-06-01T20:43:00+07:00,card,success,19930000.00,seed,2026-06-01T20:43:00+07:00,2026-06-01T20:43:00+07:00
PAY002248,ORD002504,2026-04-28T20:50:00+07:00,bank_transfer,success,16057000.00,seed,2026-04-28T20:50:00+07:00,2026-04-28T20:50:00+07:00
PAY002249,ORD002505,2026-06-05T23:20:00+07:00,card,success,5220000.00,seed,2026-06-05T23:20:00+07:00,2026-06-05T23:20:00+07:00
PAY002250,ORD002506,2026-04-08T11:18:00+07:00,bank_transfer,success,6804000.00,seed,2026-04-08T11:18:00+07:00,2026-04-08T11:18:00+07:00
PAY002251,ORD002507,2026-04-08T21:56:00+07:00,e_wallet,success,16676500.00,seed,2026-04-08T21:56:00+07:00,2026-04-08T21:56:00+07:00
PAY002252,ORD002508,2026-04-10T21:37:00+07:00,bank_transfer,success,14324500.00,seed,2026-04-10T21:37:00+07:00,2026-04-10T21:37:00+07:00
PAY002253,ORD002509,2026-04-10T23:52:00+07:00,e_wallet,success,8263000.00,seed,2026-04-10T23:52:00+07:00,2026-04-10T23:52:00+07:00
PAY002254,ORD002510,2026-04-18T18:39:00+07:00,e_wallet,success,15156000.00,seed,2026-04-18T18:39:00+07:00,2026-04-18T18:39:00+07:00
PAY002255,ORD002511,2026-01-26T06:28:00+07:00,bank_transfer,success,8208000.00,seed,2026-01-26T06:28:00+07:00,2026-01-26T06:28:00+07:00
PAY002256,ORD002512,2026-01-31T00:28:00+07:00,cash,success,12258500.00,seed,2026-01-31T00:28:00+07:00,2026-01-31T00:28:00+07:00
PAY002257,ORD002513,2026-01-23T22:07:00+07:00,e_wallet,success,4221000.00,seed,2026-01-23T22:07:00+07:00,2026-01-23T22:07:00+07:00
PAY002258,ORD002514,2026-03-26T02:40:00+07:00,bank_transfer,success,5067000.00,seed,2026-03-26T02:40:00+07:00,2026-03-26T02:40:00+07:00
PAY002259,ORD002515,2026-02-08T00:18:00+07:00,card,success,5260000.00,seed,2026-02-08T00:18:00+07:00,2026-02-08T00:18:00+07:00
PAY002260,ORD002516,2026-02-21T18:06:00+07:00,e_wallet,pending,27986000.00,seed,2026-02-21T18:06:00+07:00,2026-02-21T18:06:00+07:00
PAY002261,ORD002517,2026-04-06T18:06:00+07:00,card,success,22406000.00,seed,2026-04-06T18:06:00+07:00,2026-04-06T18:06:00+07:00
PAY002262,ORD002519,2026-04-05T20:52:00+07:00,e_wallet,success,13787000.00,seed,2026-04-05T20:52:00+07:00,2026-04-05T20:52:00+07:00
PAY002263,ORD002520,2026-05-13T20:51:00+07:00,cash,success,25933500.00,seed,2026-05-13T20:51:00+07:00,2026-05-13T20:51:00+07:00
PAY002264,ORD002521,2026-01-02T14:51:00+07:00,e_wallet,success,16745000.00,seed,2026-01-02T14:51:00+07:00,2026-01-02T14:51:00+07:00
PAY002265,ORD002522,2026-05-11T01:24:00+07:00,cash,success,18047500.00,seed,2026-05-11T01:24:00+07:00,2026-05-11T01:24:00+07:00
PAY002266,ORD002523,2026-06-06T05:46:00+07:00,card,success,26738000.00,seed,2026-06-06T05:46:00+07:00,2026-06-06T05:46:00+07:00
PAY002267,ORD002524,2026-06-26T19:30:00+07:00,card,success,21942500.00,seed,2026-06-26T19:30:00+07:00,2026-06-26T19:30:00+07:00
PAY002268,ORD002525,2026-01-25T00:14:00+07:00,bank_transfer,success,13896000.00,seed,2026-01-25T00:14:00+07:00,2026-01-25T00:14:00+07:00
PAY002269,ORD002526,2026-02-11T13:02:00+07:00,cash,success,10811500.00,seed,2026-02-11T13:02:00+07:00,2026-02-11T13:02:00+07:00
PAY002270,ORD002527,2026-03-09T09:39:00+07:00,e_wallet,success,5247500.00,seed,2026-03-09T09:39:00+07:00,2026-03-09T09:39:00+07:00
PAY002271,ORD002528,2026-02-11T16:22:00+07:00,card,success,13027000.00,seed,2026-02-11T16:22:00+07:00,2026-02-11T16:22:00+07:00
PAY002272,ORD002530,2026-06-01T00:02:00+07:00,bank_transfer,success,10359000.00,seed,2026-06-01T00:02:00+07:00,2026-06-01T00:02:00+07:00
PAY002273,ORD002531,2026-02-10T07:06:00+07:00,bank_transfer,success,11455500.00,seed,2026-02-10T07:06:00+07:00,2026-02-10T07:06:00+07:00
PAY002274,ORD002532,2026-05-01T21:06:00+07:00,e_wallet,refunded,3296500.00,seed,2026-05-01T21:06:00+07:00,2026-05-01T21:06:00+07:00
PAY002275,ORD002534,2026-06-26T19:14:00+07:00,cash,success,3591000.00,seed,2026-06-26T19:14:00+07:00,2026-06-26T19:14:00+07:00
PAY002276,ORD002535,2026-05-15T16:32:00+07:00,card,success,9019500.00,seed,2026-05-15T16:32:00+07:00,2026-05-15T16:32:00+07:00
PAY002277,ORD002536,2026-02-26T23:01:00+07:00,cash,success,28827000.00,seed,2026-02-26T23:01:00+07:00,2026-02-26T23:01:00+07:00
PAY002278,ORD002537,2026-02-17T15:24:00+07:00,cash,success,6463000.00,seed,2026-02-17T15:24:00+07:00,2026-02-17T15:24:00+07:00
PAY002279,ORD002538,2026-06-14T22:19:00+07:00,e_wallet,success,6559500.00,seed,2026-06-14T22:19:00+07:00,2026-06-14T22:19:00+07:00
PAY002280,ORD002539,2026-03-03T19:55:00+07:00,cash,failed,8610500.00,seed,2026-03-03T19:55:00+07:00,2026-03-03T19:55:00+07:00
PAY002281,ORD002540,2026-05-10T16:51:00+07:00,card,success,20331000.00,seed,2026-05-10T16:51:00+07:00,2026-05-10T16:51:00+07:00
PAY002282,ORD002542,2026-01-11T02:10:00+07:00,card,success,3555000.00,seed,2026-01-11T02:10:00+07:00,2026-01-11T02:10:00+07:00
PAY002283,ORD002543,2026-04-15T02:20:00+07:00,bank_transfer,success,18469000.00,seed,2026-04-15T02:20:00+07:00,2026-04-15T02:20:00+07:00
PAY002284,ORD002544,2026-06-20T16:48:00+07:00,cash,success,13918000.00,seed,2026-06-20T16:48:00+07:00,2026-06-20T16:48:00+07:00
PAY002285,ORD002545,2026-03-25T02:51:00+07:00,card,success,10296000.00,seed,2026-03-25T02:51:00+07:00,2026-03-25T02:51:00+07:00
PAY002286,ORD002546,2026-04-30T08:10:00+07:00,bank_transfer,success,5410000.00,seed,2026-04-30T08:10:00+07:00,2026-04-30T08:10:00+07:00
PAY002287,ORD002547,2026-05-24T22:52:00+07:00,e_wallet,failed,9069500.00,seed,2026-05-24T22:52:00+07:00,2026-05-24T22:52:00+07:00
PAY002288,ORD002548,2026-04-27T19:40:00+07:00,bank_transfer,success,12635500.00,seed,2026-04-27T19:40:00+07:00,2026-04-27T19:40:00+07:00
PAY002289,ORD002549,2026-02-22T19:01:00+07:00,card,success,15190500.00,seed,2026-02-22T19:01:00+07:00,2026-02-22T19:01:00+07:00
PAY002290,ORD002550,2026-04-12T01:19:00+07:00,card,success,19453500.00,seed,2026-04-12T01:19:00+07:00,2026-04-12T01:19:00+07:00
PAY002291,ORD002551,2026-03-27T17:08:00+07:00,cash,success,18604000.00,seed,2026-03-27T17:08:00+07:00,2026-03-27T17:08:00+07:00
PAY002292,ORD002552,2026-06-01T22:02:00+07:00,card,success,5981500.00,seed,2026-06-01T22:02:00+07:00,2026-06-01T22:02:00+07:00
PAY002293,ORD002553,2026-04-12T19:30:00+07:00,e_wallet,success,13835000.00,seed,2026-04-12T19:30:00+07:00,2026-04-12T19:30:00+07:00
PAY002294,ORD002555,2026-02-20T08:02:00+07:00,card,success,1368000.00,seed,2026-02-20T08:02:00+07:00,2026-02-20T08:02:00+07:00
PAY002295,ORD002556,2026-02-19T02:57:00+07:00,e_wallet,success,19620000.00,seed,2026-02-19T02:57:00+07:00,2026-02-19T02:57:00+07:00
PAY002296,ORD002557,2026-01-02T05:28:00+07:00,cash,success,21587000.00,seed,2026-01-02T05:28:00+07:00,2026-01-02T05:28:00+07:00
PAY002297,ORD002558,2026-04-15T06:41:00+07:00,e_wallet,success,14352500.00,seed,2026-04-15T06:41:00+07:00,2026-04-15T06:41:00+07:00
PAY002298,ORD002559,2026-05-02T02:55:00+07:00,e_wallet,success,6137500.00,seed,2026-05-02T02:55:00+07:00,2026-05-02T02:55:00+07:00
PAY002299,ORD002560,2026-04-05T01:35:00+07:00,bank_transfer,success,1480000.00,seed,2026-04-05T01:35:00+07:00,2026-04-05T01:35:00+07:00
PAY002300,ORD002561,2026-05-03T02:37:00+07:00,card,success,10998000.00,seed,2026-05-03T02:37:00+07:00,2026-05-03T02:37:00+07:00
PAY002301,ORD002562,2026-04-21T19:47:00+07:00,card,success,34929500.00,seed,2026-04-21T19:47:00+07:00,2026-04-21T19:47:00+07:00
PAY002302,ORD002564,2026-04-20T20:23:00+07:00,card,success,25725000.00,seed,2026-04-20T20:23:00+07:00,2026-04-20T20:23:00+07:00
PAY002303,ORD002566,2026-03-22T04:39:00+07:00,card,success,9553500.00,seed,2026-03-22T04:39:00+07:00,2026-03-22T04:39:00+07:00
PAY002304,ORD002567,2026-02-09T04:06:00+07:00,card,failed,1947500.00,seed,2026-02-09T04:06:00+07:00,2026-02-09T04:06:00+07:00
PAY002305,ORD002568,2026-06-18T22:41:00+07:00,bank_transfer,success,3391500.00,seed,2026-06-18T22:41:00+07:00,2026-06-18T22:41:00+07:00
PAY002306,ORD002569,2026-05-05T20:31:00+07:00,cash,failed,9395000.00,seed,2026-05-05T20:31:00+07:00,2026-05-05T20:31:00+07:00
PAY002307,ORD002570,2026-02-23T02:11:00+07:00,e_wallet,success,16039500.00,seed,2026-02-23T02:11:00+07:00,2026-02-23T02:11:00+07:00
PAY002308,ORD002573,2026-02-07T00:24:00+07:00,e_wallet,success,828000.00,seed,2026-02-07T00:24:00+07:00,2026-02-07T00:24:00+07:00
PAY002309,ORD002574,2026-02-18T23:18:00+07:00,e_wallet,pending,18238000.00,seed,2026-02-18T23:18:00+07:00,2026-02-18T23:18:00+07:00
PAY002310,ORD002575,2026-02-11T04:54:00+07:00,e_wallet,pending,7772000.00,seed,2026-02-11T04:54:00+07:00,2026-02-11T04:54:00+07:00
PAY002311,ORD002577,2026-01-04T19:22:00+07:00,cash,success,13490000.00,seed,2026-01-04T19:22:00+07:00,2026-01-04T19:22:00+07:00
PAY002312,ORD002578,2026-01-29T18:19:00+07:00,card,success,11373000.00,seed,2026-01-29T18:19:00+07:00,2026-01-29T18:19:00+07:00
PAY002313,ORD002579,2026-03-03T05:09:00+07:00,card,success,3511500.00,seed,2026-03-03T05:09:00+07:00,2026-03-03T05:09:00+07:00
PAY002314,ORD002581,2026-05-10T04:11:00+07:00,bank_transfer,success,19414000.00,seed,2026-05-10T04:11:00+07:00,2026-05-10T04:11:00+07:00
PAY002315,ORD002582,2026-03-28T20:17:00+07:00,card,success,7548000.00,seed,2026-03-28T20:17:00+07:00,2026-03-28T20:17:00+07:00
PAY002316,ORD002584,2026-03-16T03:19:00+07:00,bank_transfer,success,3867500.00,seed,2026-03-16T03:19:00+07:00,2026-03-16T03:19:00+07:00
PAY002317,ORD002585,2026-05-25T23:06:00+07:00,bank_transfer,success,14164500.00,seed,2026-05-25T23:06:00+07:00,2026-05-25T23:06:00+07:00
PAY002318,ORD002586,2026-03-28T22:02:00+07:00,card,success,6130500.00,seed,2026-03-28T22:02:00+07:00,2026-03-28T22:02:00+07:00
PAY002319,ORD002588,2026-04-23T00:04:00+07:00,e_wallet,success,1512000.00,seed,2026-04-23T00:04:00+07:00,2026-04-23T00:04:00+07:00
PAY002320,ORD002589,2026-04-23T02:39:00+07:00,bank_transfer,success,16130500.00,seed,2026-04-23T02:39:00+07:00,2026-04-23T02:39:00+07:00
PAY002321,ORD002590,2026-04-28T21:12:00+07:00,card,success,27319000.00,seed,2026-04-28T21:12:00+07:00,2026-04-28T21:12:00+07:00
PAY002322,ORD002591,2026-06-09T21:12:00+07:00,bank_transfer,success,12753000.00,seed,2026-06-09T21:12:00+07:00,2026-06-09T21:12:00+07:00
PAY002323,ORD002592,2026-06-12T17:32:00+07:00,bank_transfer,success,1362500.00,seed,2026-06-12T17:32:00+07:00,2026-06-12T17:32:00+07:00
PAY002324,ORD002593,2026-03-16T22:34:00+07:00,e_wallet,failed,39300500.00,seed,2026-03-16T22:34:00+07:00,2026-03-16T22:34:00+07:00
PAY002325,ORD002594,2026-03-14T13:00:00+07:00,bank_transfer,success,20815000.00,seed,2026-03-14T13:00:00+07:00,2026-03-14T13:00:00+07:00
PAY002326,ORD002595,2026-03-23T21:29:00+07:00,e_wallet,success,10399500.00,seed,2026-03-23T21:29:00+07:00,2026-03-23T21:29:00+07:00
PAY002327,ORD002596,2026-01-28T23:01:00+07:00,bank_transfer,success,720000.00,seed,2026-01-28T23:01:00+07:00,2026-01-28T23:01:00+07:00
PAY002328,ORD002597,2026-05-14T22:48:00+07:00,card,success,14631000.00,seed,2026-05-14T22:48:00+07:00,2026-05-14T22:48:00+07:00
PAY002329,ORD002598,2026-01-28T03:41:00+07:00,card,success,48733500.00,seed,2026-01-28T03:41:00+07:00,2026-01-28T03:41:00+07:00
PAY002330,ORD002599,2026-05-19T12:51:00+07:00,card,success,1507000.00,seed,2026-05-19T12:51:00+07:00,2026-05-19T12:51:00+07:00
PAY002331,ORD002602,2026-01-24T20:42:00+07:00,e_wallet,success,1833500.00,seed,2026-01-24T20:42:00+07:00,2026-01-24T20:42:00+07:00
PAY002332,ORD002604,2026-06-27T12:17:00+07:00,cash,success,960500.00,seed,2026-06-27T12:17:00+07:00,2026-06-27T12:17:00+07:00
PAY002333,ORD002605,2026-03-10T00:50:00+07:00,cash,success,3946500.00,seed,2026-03-10T00:50:00+07:00,2026-03-10T00:50:00+07:00
PAY002334,ORD002606,2026-04-12T22:46:00+07:00,cash,success,12904000.00,seed,2026-04-12T22:46:00+07:00,2026-04-12T22:46:00+07:00
PAY002335,ORD002607,2026-06-23T19:54:00+07:00,bank_transfer,success,16699000.00,seed,2026-06-23T19:54:00+07:00,2026-06-23T19:54:00+07:00
PAY002336,ORD002609,2026-06-07T22:32:00+07:00,e_wallet,success,8801000.00,seed,2026-06-07T22:32:00+07:00,2026-06-07T22:32:00+07:00
PAY002337,ORD002610,2026-06-18T22:56:00+07:00,e_wallet,failed,5609000.00,seed,2026-06-18T22:56:00+07:00,2026-06-18T22:56:00+07:00
PAY002338,ORD002611,2026-05-20T04:45:00+07:00,e_wallet,success,12006500.00,seed,2026-05-20T04:45:00+07:00,2026-05-20T04:45:00+07:00
PAY002339,ORD002613,2026-03-28T05:28:00+07:00,card,success,30039500.00,seed,2026-03-28T05:28:00+07:00,2026-03-28T05:28:00+07:00
PAY002340,ORD002614,2026-05-19T21:33:00+07:00,card,success,11640500.00,seed,2026-05-19T21:33:00+07:00,2026-05-19T21:33:00+07:00
PAY002341,ORD002615,2026-05-03T19:10:00+07:00,e_wallet,success,19043500.00,seed,2026-05-03T19:10:00+07:00,2026-05-03T19:10:00+07:00
PAY002342,ORD002616,2026-06-07T02:24:00+07:00,card,pending,4940000.00,seed,2026-06-07T02:24:00+07:00,2026-06-07T02:24:00+07:00
PAY002343,ORD002617,2026-01-03T20:45:00+07:00,card,success,12848500.00,seed,2026-01-03T20:45:00+07:00,2026-01-03T20:45:00+07:00
PAY002344,ORD002618,2026-03-14T01:25:00+07:00,card,success,28848500.00,seed,2026-03-14T01:25:00+07:00,2026-03-14T01:25:00+07:00
PAY002345,ORD002619,2026-05-27T18:59:00+07:00,cash,success,1872500.00,seed,2026-05-27T18:59:00+07:00,2026-05-27T18:59:00+07:00
PAY002346,ORD002620,2026-01-03T19:49:00+07:00,card,success,22867500.00,seed,2026-01-03T19:49:00+07:00,2026-01-03T19:49:00+07:00
PAY002347,ORD002621,2026-04-08T15:03:00+07:00,e_wallet,success,8560000.00,seed,2026-04-08T15:03:00+07:00,2026-04-08T15:03:00+07:00
PAY002348,ORD002622,2026-02-10T18:01:00+07:00,bank_transfer,success,3370000.00,seed,2026-02-10T18:01:00+07:00,2026-02-10T18:01:00+07:00
PAY002349,ORD002623,2026-02-13T11:39:00+07:00,cash,success,4060000.00,seed,2026-02-13T11:39:00+07:00,2026-02-13T11:39:00+07:00
PAY002350,ORD002625,2026-02-28T23:52:00+07:00,e_wallet,success,16863000.00,seed,2026-02-28T23:52:00+07:00,2026-02-28T23:52:00+07:00
PAY002351,ORD002626,2026-04-06T18:23:00+07:00,card,success,16980000.00,seed,2026-04-06T18:23:00+07:00,2026-04-06T18:23:00+07:00
PAY002352,ORD002627,2026-06-15T12:38:00+07:00,bank_transfer,success,7401000.00,seed,2026-06-15T12:38:00+07:00,2026-06-15T12:38:00+07:00
PAY002353,ORD002628,2026-06-18T12:56:00+07:00,card,success,11361000.00,seed,2026-06-18T12:56:00+07:00,2026-06-18T12:56:00+07:00
PAY002354,ORD002629,2026-04-08T23:18:00+07:00,bank_transfer,success,5866500.00,seed,2026-04-08T23:18:00+07:00,2026-04-08T23:18:00+07:00
PAY002355,ORD002630,2026-05-26T01:04:00+07:00,e_wallet,success,18969500.00,seed,2026-05-26T01:04:00+07:00,2026-05-26T01:04:00+07:00
PAY002356,ORD002631,2026-06-24T03:56:00+07:00,cash,pending,15837000.00,seed,2026-06-24T03:56:00+07:00,2026-06-24T03:56:00+07:00
PAY002357,ORD002632,2026-02-01T01:54:00+07:00,e_wallet,success,1110000.00,seed,2026-02-01T01:54:00+07:00,2026-02-01T01:54:00+07:00
PAY002358,ORD002633,2026-04-20T21:50:00+07:00,bank_transfer,success,7210000.00,seed,2026-04-20T21:50:00+07:00,2026-04-20T21:50:00+07:00
PAY002359,ORD002634,2026-01-02T20:21:00+07:00,cash,success,5418000.00,seed,2026-01-02T20:21:00+07:00,2026-01-02T20:21:00+07:00
PAY002360,ORD002635,2026-03-08T21:33:00+07:00,e_wallet,success,4520000.00,seed,2026-03-08T21:33:00+07:00,2026-03-08T21:33:00+07:00
PAY002361,ORD002636,2026-05-12T04:04:00+07:00,card,success,620000.00,seed,2026-05-12T04:04:00+07:00,2026-05-12T04:04:00+07:00
PAY002362,ORD002637,2026-02-09T22:15:00+07:00,e_wallet,success,3575000.00,seed,2026-02-09T22:15:00+07:00,2026-02-09T22:15:00+07:00
PAY002363,ORD002638,2026-05-13T23:01:00+07:00,cash,success,11637000.00,seed,2026-05-13T23:01:00+07:00,2026-05-13T23:01:00+07:00
PAY002364,ORD002639,2026-02-10T08:49:00+07:00,bank_transfer,success,4822000.00,seed,2026-02-10T08:49:00+07:00,2026-02-10T08:49:00+07:00
PAY002365,ORD002640,2026-04-17T18:03:00+07:00,e_wallet,success,26132500.00,seed,2026-04-17T18:03:00+07:00,2026-04-17T18:03:00+07:00
PAY002366,ORD002641,2026-03-27T00:14:00+07:00,card,success,19157000.00,seed,2026-03-27T00:14:00+07:00,2026-03-27T00:14:00+07:00
PAY002367,ORD002642,2026-02-06T02:17:00+07:00,bank_transfer,success,10746500.00,seed,2026-02-06T02:17:00+07:00,2026-02-06T02:17:00+07:00
PAY002368,ORD002643,2026-05-06T22:54:00+07:00,card,success,2770000.00,seed,2026-05-06T22:54:00+07:00,2026-05-06T22:54:00+07:00
PAY002369,ORD002644,2026-04-22T08:52:00+07:00,bank_transfer,success,3655500.00,seed,2026-04-22T08:52:00+07:00,2026-04-22T08:52:00+07:00
PAY002370,ORD002645,2026-02-10T04:38:00+07:00,card,pending,8238000.00,seed,2026-02-10T04:38:00+07:00,2026-02-10T04:38:00+07:00
PAY002371,ORD002646,2026-05-07T04:00:00+07:00,cash,success,26993500.00,seed,2026-05-07T04:00:00+07:00,2026-05-07T04:00:00+07:00
PAY002372,ORD002647,2026-03-17T00:45:00+07:00,cash,success,13156500.00,seed,2026-03-17T00:45:00+07:00,2026-03-17T00:45:00+07:00
PAY002373,ORD002649,2026-01-07T06:39:00+07:00,bank_transfer,success,16960000.00,seed,2026-01-07T06:39:00+07:00,2026-01-07T06:39:00+07:00
PAY002374,ORD002650,2026-03-18T14:17:00+07:00,cash,success,6817500.00,seed,2026-03-18T14:17:00+07:00,2026-03-18T14:17:00+07:00
PAY002375,ORD002651,2026-03-17T21:32:00+07:00,cash,pending,9234000.00,seed,2026-03-17T21:32:00+07:00,2026-03-17T21:32:00+07:00
PAY002376,ORD002652,2026-06-11T20:05:00+07:00,e_wallet,refunded,12361500.00,seed,2026-06-11T20:05:00+07:00,2026-06-11T20:05:00+07:00
PAY002377,ORD002653,2026-01-21T22:27:00+07:00,e_wallet,success,11962500.00,seed,2026-01-21T22:27:00+07:00,2026-01-21T22:27:00+07:00
PAY002378,ORD002654,2026-02-26T18:04:00+07:00,bank_transfer,success,17211000.00,seed,2026-02-26T18:04:00+07:00,2026-02-26T18:04:00+07:00
PAY002379,ORD002655,2026-02-20T00:03:00+07:00,cash,success,7430000.00,seed,2026-02-20T00:03:00+07:00,2026-02-20T00:03:00+07:00
PAY002380,ORD002656,2026-04-25T09:40:00+07:00,e_wallet,success,22679000.00,seed,2026-04-25T09:40:00+07:00,2026-04-25T09:40:00+07:00
PAY002381,ORD002657,2026-06-04T21:59:00+07:00,cash,pending,29241500.00,seed,2026-06-04T21:59:00+07:00,2026-06-04T21:59:00+07:00
PAY002382,ORD002658,2026-01-11T21:31:00+07:00,cash,success,12359000.00,seed,2026-01-11T21:31:00+07:00,2026-01-11T21:31:00+07:00
PAY002383,ORD002659,2026-04-15T17:29:00+07:00,card,success,10676500.00,seed,2026-04-15T17:29:00+07:00,2026-04-15T17:29:00+07:00
PAY002384,ORD002660,2026-06-18T20:01:00+07:00,bank_transfer,success,22249000.00,seed,2026-06-18T20:01:00+07:00,2026-06-18T20:01:00+07:00
PAY002385,ORD002661,2026-05-10T19:02:00+07:00,bank_transfer,success,20095500.00,seed,2026-05-10T19:02:00+07:00,2026-05-10T19:02:00+07:00
PAY002386,ORD002662,2026-06-17T01:39:00+07:00,bank_transfer,success,13500000.00,seed,2026-06-17T01:39:00+07:00,2026-06-17T01:39:00+07:00
PAY002387,ORD002663,2026-06-13T04:53:00+07:00,e_wallet,success,8829000.00,seed,2026-06-13T04:53:00+07:00,2026-06-13T04:53:00+07:00
PAY002388,ORD002664,2026-04-24T23:13:00+07:00,bank_transfer,success,10835000.00,seed,2026-04-24T23:13:00+07:00,2026-04-24T23:13:00+07:00
PAY002389,ORD002665,2026-04-29T21:02:00+07:00,cash,success,10951000.00,seed,2026-04-29T21:02:00+07:00,2026-04-29T21:02:00+07:00
PAY002390,ORD002666,2026-01-03T14:08:00+07:00,card,success,655500.00,seed,2026-01-03T14:08:00+07:00,2026-01-03T14:08:00+07:00
PAY002391,ORD002667,2026-01-24T03:29:00+07:00,cash,success,10220000.00,seed,2026-01-24T03:29:00+07:00,2026-01-24T03:29:00+07:00
PAY002392,ORD002668,2026-04-30T22:47:00+07:00,bank_transfer,success,12495500.00,seed,2026-04-30T22:47:00+07:00,2026-04-30T22:47:00+07:00
PAY002393,ORD002669,2026-02-21T01:26:00+07:00,bank_transfer,success,11380000.00,seed,2026-02-21T01:26:00+07:00,2026-02-21T01:26:00+07:00
PAY002394,ORD002670,2026-02-15T16:13:00+07:00,card,success,6914000.00,seed,2026-02-15T16:13:00+07:00,2026-02-15T16:13:00+07:00
PAY002395,ORD002671,2026-05-19T21:11:00+07:00,card,success,13500000.00,seed,2026-05-19T21:11:00+07:00,2026-05-19T21:11:00+07:00
PAY002396,ORD002672,2026-02-13T22:07:00+07:00,cash,success,7296000.00,seed,2026-02-13T22:07:00+07:00,2026-02-13T22:07:00+07:00
PAY002397,ORD002673,2026-02-21T05:42:00+07:00,bank_transfer,success,17822000.00,seed,2026-02-21T05:42:00+07:00,2026-02-21T05:42:00+07:00
PAY002398,ORD002675,2026-02-08T14:25:00+07:00,bank_transfer,success,11866000.00,seed,2026-02-08T14:25:00+07:00,2026-02-08T14:25:00+07:00
PAY002399,ORD002676,2026-03-14T17:45:00+07:00,card,success,11196500.00,seed,2026-03-14T17:45:00+07:00,2026-03-14T17:45:00+07:00
PAY002400,ORD002677,2026-01-25T12:37:00+07:00,card,success,7640000.00,seed,2026-01-25T12:37:00+07:00,2026-01-25T12:37:00+07:00
PAY002401,ORD002678,2026-03-08T15:09:00+07:00,card,success,6678000.00,seed,2026-03-08T15:09:00+07:00,2026-03-08T15:09:00+07:00
PAY002402,ORD002679,2026-02-13T02:35:00+07:00,bank_transfer,success,15379000.00,seed,2026-02-13T02:35:00+07:00,2026-02-13T02:35:00+07:00
PAY002403,ORD002680,2026-04-18T02:51:00+07:00,card,success,440000.00,seed,2026-04-18T02:51:00+07:00,2026-04-18T02:51:00+07:00
PAY002404,ORD002681,2026-03-06T18:26:00+07:00,e_wallet,success,21778500.00,seed,2026-03-06T18:26:00+07:00,2026-03-06T18:26:00+07:00
PAY002405,ORD002682,2026-04-18T11:37:00+07:00,card,success,9874000.00,seed,2026-04-18T11:37:00+07:00,2026-04-18T11:37:00+07:00
PAY002406,ORD002683,2026-06-09T21:37:00+07:00,e_wallet,success,2441500.00,seed,2026-06-09T21:37:00+07:00,2026-06-09T21:37:00+07:00
PAY002407,ORD002684,2026-04-05T13:59:00+07:00,bank_transfer,refunded,19788500.00,seed,2026-04-05T13:59:00+07:00,2026-04-05T13:59:00+07:00
PAY002408,ORD002685,2026-04-23T17:08:00+07:00,e_wallet,success,10185000.00,seed,2026-04-23T17:08:00+07:00,2026-04-23T17:08:00+07:00
PAY002409,ORD002686,2026-05-22T22:35:00+07:00,bank_transfer,success,10188000.00,seed,2026-05-22T22:35:00+07:00,2026-05-22T22:35:00+07:00
PAY002410,ORD002687,2026-06-15T20:03:00+07:00,card,success,12751500.00,seed,2026-06-15T20:03:00+07:00,2026-06-15T20:03:00+07:00
PAY002411,ORD002688,2026-04-20T03:27:00+07:00,bank_transfer,success,17116500.00,seed,2026-04-20T03:27:00+07:00,2026-04-20T03:27:00+07:00
PAY002412,ORD002689,2026-03-01T03:25:00+07:00,cash,success,4000000.00,seed,2026-03-01T03:25:00+07:00,2026-03-01T03:25:00+07:00
PAY002413,ORD002690,2026-04-09T15:06:00+07:00,e_wallet,success,22542500.00,seed,2026-04-09T15:06:00+07:00,2026-04-09T15:06:00+07:00
PAY002414,ORD002691,2026-03-13T23:37:00+07:00,card,success,7780000.00,seed,2026-03-13T23:37:00+07:00,2026-03-13T23:37:00+07:00
PAY002415,ORD002692,2026-03-14T04:31:00+07:00,bank_transfer,success,123500.00,seed,2026-03-14T04:31:00+07:00,2026-03-14T04:31:00+07:00
PAY002416,ORD002693,2026-03-24T22:28:00+07:00,card,pending,16195000.00,seed,2026-03-24T22:28:00+07:00,2026-03-24T22:28:00+07:00
PAY002417,ORD002694,2026-01-08T02:05:00+07:00,bank_transfer,success,460000.00,seed,2026-01-08T02:05:00+07:00,2026-01-08T02:05:00+07:00
PAY002418,ORD002695,2026-02-15T23:08:00+07:00,cash,success,7487000.00,seed,2026-02-15T23:08:00+07:00,2026-02-15T23:08:00+07:00
PAY002419,ORD002696,2026-04-10T18:10:00+07:00,card,success,9135000.00,seed,2026-04-10T18:10:00+07:00,2026-04-10T18:10:00+07:00
PAY002420,ORD002697,2026-03-29T20:43:00+07:00,cash,success,27638000.00,seed,2026-03-29T20:43:00+07:00,2026-03-29T20:43:00+07:00
PAY002421,ORD002698,2026-01-27T22:27:00+07:00,e_wallet,pending,5970000.00,seed,2026-01-27T22:27:00+07:00,2026-01-27T22:27:00+07:00
PAY002422,ORD002699,2026-05-09T22:14:00+07:00,card,success,1010000.00,seed,2026-05-09T22:14:00+07:00,2026-05-09T22:14:00+07:00
PAY002423,ORD002700,2026-06-10T00:21:00+07:00,card,success,2141000.00,seed,2026-06-10T00:21:00+07:00,2026-06-10T00:21:00+07:00
PAY002424,ORD002701,2026-06-13T20:14:00+07:00,card,success,27240000.00,seed,2026-06-13T20:14:00+07:00,2026-06-13T20:14:00+07:00
PAY002425,ORD002702,2026-05-30T14:32:00+07:00,cash,success,24105000.00,seed,2026-05-30T14:32:00+07:00,2026-05-30T14:32:00+07:00
PAY002426,ORD002703,2026-03-22T01:36:00+07:00,cash,success,1900000.00,seed,2026-03-22T01:36:00+07:00,2026-03-22T01:36:00+07:00
PAY002427,ORD002704,2026-05-04T19:41:00+07:00,card,success,8321500.00,seed,2026-05-04T19:41:00+07:00,2026-05-04T19:41:00+07:00
PAY002428,ORD002706,2026-02-15T01:43:00+07:00,card,success,18781000.00,seed,2026-02-15T01:43:00+07:00,2026-02-15T01:43:00+07:00
PAY002429,ORD002708,2026-03-14T14:37:00+07:00,card,failed,16705000.00,seed,2026-03-14T14:37:00+07:00,2026-03-14T14:37:00+07:00
PAY002430,ORD002709,2026-03-28T21:50:00+07:00,cash,success,4711000.00,seed,2026-03-28T21:50:00+07:00,2026-03-28T21:50:00+07:00
PAY002431,ORD002710,2026-02-08T09:50:00+07:00,card,success,6630000.00,seed,2026-02-08T09:50:00+07:00,2026-02-08T09:50:00+07:00
PAY002432,ORD002711,2026-02-02T21:51:00+07:00,card,success,11220000.00,seed,2026-02-02T21:51:00+07:00,2026-02-02T21:51:00+07:00
PAY002433,ORD002712,2026-04-30T17:13:00+07:00,card,success,14771500.00,seed,2026-04-30T17:13:00+07:00,2026-04-30T17:13:00+07:00
PAY002434,ORD002713,2026-04-20T15:37:00+07:00,e_wallet,success,1037000.00,seed,2026-04-20T15:37:00+07:00,2026-04-20T15:37:00+07:00
PAY002435,ORD002714,2026-05-30T12:33:00+07:00,card,success,1662500.00,seed,2026-05-30T12:33:00+07:00,2026-05-30T12:33:00+07:00
PAY002436,ORD002715,2026-03-13T17:39:00+07:00,card,success,14578500.00,seed,2026-03-13T17:39:00+07:00,2026-03-13T17:39:00+07:00
PAY002437,ORD002716,2026-03-03T13:12:00+07:00,e_wallet,success,18688000.00,seed,2026-03-03T13:12:00+07:00,2026-03-03T13:12:00+07:00
PAY002438,ORD002717,2026-05-02T14:30:00+07:00,card,failed,20791500.00,seed,2026-05-02T14:30:00+07:00,2026-05-02T14:30:00+07:00
PAY002439,ORD002719,2026-04-04T16:56:00+07:00,bank_transfer,success,13554500.00,seed,2026-04-04T16:56:00+07:00,2026-04-04T16:56:00+07:00
PAY002440,ORD002720,2026-04-28T13:29:00+07:00,e_wallet,success,11502500.00,seed,2026-04-28T13:29:00+07:00,2026-04-28T13:29:00+07:00
PAY002441,ORD002721,2026-03-27T01:48:00+07:00,e_wallet,success,2626500.00,seed,2026-03-27T01:48:00+07:00,2026-03-27T01:48:00+07:00
PAY002442,ORD002722,2026-03-13T19:58:00+07:00,card,success,2960000.00,seed,2026-03-13T19:58:00+07:00,2026-03-13T19:58:00+07:00
PAY002443,ORD002723,2026-05-08T00:16:00+07:00,bank_transfer,success,19190000.00,seed,2026-05-08T00:16:00+07:00,2026-05-08T00:16:00+07:00
PAY002444,ORD002724,2026-04-12T16:27:00+07:00,e_wallet,success,17765000.00,seed,2026-04-12T16:27:00+07:00,2026-04-12T16:27:00+07:00
PAY002445,ORD002725,2026-01-10T18:36:00+07:00,e_wallet,pending,9299000.00,seed,2026-01-10T18:36:00+07:00,2026-01-10T18:36:00+07:00
PAY002446,ORD002726,2026-01-30T11:47:00+07:00,bank_transfer,success,6656000.00,seed,2026-01-30T11:47:00+07:00,2026-01-30T11:47:00+07:00
PAY002447,ORD002727,2026-01-20T21:36:00+07:00,e_wallet,success,2903000.00,seed,2026-01-20T21:36:00+07:00,2026-01-20T21:36:00+07:00
PAY002448,ORD002728,2026-03-29T22:54:00+07:00,cash,success,23568500.00,seed,2026-03-29T22:54:00+07:00,2026-03-29T22:54:00+07:00
PAY002449,ORD002729,2026-04-30T20:51:00+07:00,card,success,10980000.00,seed,2026-04-30T20:51:00+07:00,2026-04-30T20:51:00+07:00
PAY002450,ORD002731,2026-04-20T05:04:00+07:00,bank_transfer,success,18574000.00,seed,2026-04-20T05:04:00+07:00,2026-04-20T05:04:00+07:00
PAY002451,ORD002732,2026-06-30T04:39:00+07:00,bank_transfer,success,4012000.00,seed,2026-06-30T04:39:00+07:00,2026-06-30T04:39:00+07:00
PAY002452,ORD002735,2026-02-27T05:36:00+07:00,cash,success,18749000.00,seed,2026-02-27T05:36:00+07:00,2026-02-27T05:36:00+07:00
PAY002453,ORD002736,2026-06-23T02:37:00+07:00,cash,pending,981000.00,seed,2026-06-23T02:37:00+07:00,2026-06-23T02:37:00+07:00
PAY002454,ORD002737,2026-03-14T23:35:00+07:00,e_wallet,success,15140000.00,seed,2026-03-14T23:35:00+07:00,2026-03-14T23:35:00+07:00
PAY002455,ORD002738,2026-03-02T01:40:00+07:00,e_wallet,success,2884000.00,seed,2026-03-02T01:40:00+07:00,2026-03-02T01:40:00+07:00
PAY002456,ORD002739,2026-06-27T20:59:00+07:00,e_wallet,success,7433000.00,seed,2026-06-27T20:59:00+07:00,2026-06-27T20:59:00+07:00
PAY002457,ORD002740,2026-05-04T20:03:00+07:00,cash,success,12780000.00,seed,2026-05-04T20:03:00+07:00,2026-05-04T20:03:00+07:00
PAY002458,ORD002741,2026-04-04T04:10:00+07:00,bank_transfer,success,9084500.00,seed,2026-04-04T04:10:00+07:00,2026-04-04T04:10:00+07:00
PAY002459,ORD002743,2026-05-29T22:45:00+07:00,e_wallet,success,7144000.00,seed,2026-05-29T22:45:00+07:00,2026-05-29T22:45:00+07:00
PAY002460,ORD002744,2026-04-13T01:46:00+07:00,cash,success,23727500.00,seed,2026-04-13T01:46:00+07:00,2026-04-13T01:46:00+07:00
PAY002461,ORD002745,2026-05-25T09:28:00+07:00,e_wallet,success,9466000.00,seed,2026-05-25T09:28:00+07:00,2026-05-25T09:28:00+07:00
PAY002462,ORD002746,2026-03-14T00:17:00+07:00,e_wallet,success,21991500.00,seed,2026-03-14T00:17:00+07:00,2026-03-14T00:17:00+07:00
PAY002463,ORD002747,2026-03-14T18:14:00+07:00,bank_transfer,success,17099500.00,seed,2026-03-14T18:14:00+07:00,2026-03-14T18:14:00+07:00
PAY002464,ORD002748,2026-04-08T07:41:00+07:00,e_wallet,success,14387000.00,seed,2026-04-08T07:41:00+07:00,2026-04-08T07:41:00+07:00
PAY002465,ORD002749,2026-05-19T20:42:00+07:00,cash,success,6151000.00,seed,2026-05-19T20:42:00+07:00,2026-05-19T20:42:00+07:00
PAY002466,ORD002750,2026-04-02T20:36:00+07:00,cash,success,15257000.00,seed,2026-04-02T20:36:00+07:00,2026-04-02T20:36:00+07:00
PAY002467,ORD002751,2026-05-28T01:40:00+07:00,cash,success,3570000.00,seed,2026-05-28T01:40:00+07:00,2026-05-28T01:40:00+07:00
PAY002468,ORD002752,2026-02-05T01:06:00+07:00,cash,success,6973500.00,seed,2026-02-05T01:06:00+07:00,2026-02-05T01:06:00+07:00
PAY002469,ORD002753,2026-06-01T20:01:00+07:00,cash,success,6967000.00,seed,2026-06-01T20:01:00+07:00,2026-06-01T20:01:00+07:00
PAY002470,ORD002754,2026-06-02T14:02:00+07:00,e_wallet,success,21666000.00,seed,2026-06-02T14:02:00+07:00,2026-06-02T14:02:00+07:00
PAY002471,ORD002755,2026-01-28T02:53:00+07:00,cash,success,10665500.00,seed,2026-01-28T02:53:00+07:00,2026-01-28T02:53:00+07:00
PAY002472,ORD002756,2026-03-05T22:38:00+07:00,cash,success,6102000.00,seed,2026-03-05T22:38:00+07:00,2026-03-05T22:38:00+07:00
PAY002473,ORD002757,2026-02-16T13:58:00+07:00,bank_transfer,success,11380000.00,seed,2026-02-16T13:58:00+07:00,2026-02-16T13:58:00+07:00
PAY002474,ORD002758,2026-05-15T12:05:00+07:00,e_wallet,success,9469500.00,seed,2026-05-15T12:05:00+07:00,2026-05-15T12:05:00+07:00
PAY002475,ORD002760,2026-03-09T22:22:00+07:00,e_wallet,success,1931500.00,seed,2026-03-09T22:22:00+07:00,2026-03-09T22:22:00+07:00
PAY002476,ORD002761,2026-03-09T21:46:00+07:00,cash,success,14849500.00,seed,2026-03-09T21:46:00+07:00,2026-03-09T21:46:00+07:00
PAY002477,ORD002762,2026-03-19T18:39:00+07:00,e_wallet,success,12349000.00,seed,2026-03-19T18:39:00+07:00,2026-03-19T18:39:00+07:00
PAY002478,ORD002763,2026-02-03T02:47:00+07:00,card,success,27121000.00,seed,2026-02-03T02:47:00+07:00,2026-02-03T02:47:00+07:00
PAY002479,ORD002764,2026-05-21T21:33:00+07:00,e_wallet,success,6215000.00,seed,2026-05-21T21:33:00+07:00,2026-05-21T21:33:00+07:00
PAY002480,ORD002765,2026-05-29T23:13:00+07:00,card,success,8075000.00,seed,2026-05-29T23:13:00+07:00,2026-05-29T23:13:00+07:00
PAY002481,ORD002766,2026-02-26T18:24:00+07:00,e_wallet,success,16267500.00,seed,2026-02-26T18:24:00+07:00,2026-02-26T18:24:00+07:00
PAY002482,ORD002767,2026-06-22T10:10:00+07:00,card,success,32916000.00,seed,2026-06-22T10:10:00+07:00,2026-06-22T10:10:00+07:00
PAY002483,ORD002768,2026-03-28T18:47:00+07:00,bank_transfer,success,15420000.00,seed,2026-03-28T18:47:00+07:00,2026-03-28T18:47:00+07:00
PAY002484,ORD002769,2026-06-03T01:16:00+07:00,card,success,16624000.00,seed,2026-06-03T01:16:00+07:00,2026-06-03T01:16:00+07:00
PAY002485,ORD002770,2026-05-05T07:56:00+07:00,card,success,15701000.00,seed,2026-05-05T07:56:00+07:00,2026-05-05T07:56:00+07:00
PAY002486,ORD002771,2026-02-22T23:51:00+07:00,card,success,17993000.00,seed,2026-02-22T23:51:00+07:00,2026-02-22T23:51:00+07:00
PAY002487,ORD002772,2026-05-04T22:24:00+07:00,cash,success,1908000.00,seed,2026-05-04T22:24:00+07:00,2026-05-04T22:24:00+07:00
PAY002488,ORD002773,2026-04-11T19:42:00+07:00,cash,success,14152000.00,seed,2026-04-11T19:42:00+07:00,2026-04-11T19:42:00+07:00
PAY002489,ORD002774,2026-06-16T18:40:00+07:00,card,success,7300000.00,seed,2026-06-16T18:40:00+07:00,2026-06-16T18:40:00+07:00
PAY002490,ORD002775,2026-04-18T22:14:00+07:00,card,success,2538000.00,seed,2026-04-18T22:14:00+07:00,2026-04-18T22:14:00+07:00
PAY002491,ORD002776,2026-04-19T02:49:00+07:00,e_wallet,success,36847000.00,seed,2026-04-19T02:49:00+07:00,2026-04-19T02:49:00+07:00
PAY002492,ORD002777,2026-01-29T14:38:00+07:00,bank_transfer,success,7233500.00,seed,2026-01-29T14:38:00+07:00,2026-01-29T14:38:00+07:00
PAY002493,ORD002778,2026-05-23T22:27:00+07:00,e_wallet,success,6066000.00,seed,2026-05-23T22:27:00+07:00,2026-05-23T22:27:00+07:00
PAY002494,ORD002779,2026-03-10T19:18:00+07:00,bank_transfer,success,7890000.00,seed,2026-03-10T19:18:00+07:00,2026-03-10T19:18:00+07:00
PAY002495,ORD002780,2026-06-05T17:16:00+07:00,card,success,14459000.00,seed,2026-06-05T17:16:00+07:00,2026-06-05T17:16:00+07:00
PAY002496,ORD002781,2026-05-09T21:34:00+07:00,cash,success,10044500.00,seed,2026-05-09T21:34:00+07:00,2026-05-09T21:34:00+07:00
PAY002497,ORD002782,2026-01-13T18:13:00+07:00,bank_transfer,success,6477000.00,seed,2026-01-13T18:13:00+07:00,2026-01-13T18:13:00+07:00
PAY002498,ORD002783,2026-05-14T12:41:00+07:00,bank_transfer,success,18979500.00,seed,2026-05-14T12:41:00+07:00,2026-05-14T12:41:00+07:00
PAY002499,ORD002784,2026-06-08T21:10:00+07:00,bank_transfer,success,24653000.00,seed,2026-06-08T21:10:00+07:00,2026-06-08T21:10:00+07:00
PAY002500,ORD002785,2026-02-02T13:24:00+07:00,e_wallet,success,5037000.00,seed,2026-02-02T13:24:00+07:00,2026-02-02T13:24:00+07:00
PAY002501,ORD002786,2026-01-09T10:41:00+07:00,bank_transfer,success,21118000.00,seed,2026-01-09T10:41:00+07:00,2026-01-09T10:41:00+07:00
PAY002502,ORD002787,2026-02-09T03:00:00+07:00,e_wallet,success,19151500.00,seed,2026-02-09T03:00:00+07:00,2026-02-09T03:00:00+07:00
PAY002503,ORD002788,2026-06-04T01:29:00+07:00,cash,success,1440000.00,seed,2026-06-04T01:29:00+07:00,2026-06-04T01:29:00+07:00
PAY002504,ORD002789,2026-03-21T00:31:00+07:00,e_wallet,success,5090000.00,seed,2026-03-21T00:31:00+07:00,2026-03-21T00:31:00+07:00
PAY002505,ORD002791,2026-02-15T14:58:00+07:00,e_wallet,success,12603000.00,seed,2026-02-15T14:58:00+07:00,2026-02-15T14:58:00+07:00
PAY002506,ORD002792,2026-02-08T19:56:00+07:00,cash,success,29357500.00,seed,2026-02-08T19:56:00+07:00,2026-02-08T19:56:00+07:00
PAY002507,ORD002793,2026-02-03T22:53:00+07:00,card,success,18003000.00,seed,2026-02-03T22:53:00+07:00,2026-02-03T22:53:00+07:00
PAY002508,ORD002794,2026-02-22T00:27:00+07:00,card,success,10731000.00,seed,2026-02-22T00:27:00+07:00,2026-02-22T00:27:00+07:00
PAY002509,ORD002795,2026-05-24T19:46:00+07:00,card,success,5010000.00,seed,2026-05-24T19:46:00+07:00,2026-05-24T19:46:00+07:00
PAY002510,ORD002796,2026-05-09T13:17:00+07:00,cash,success,11117000.00,seed,2026-05-09T13:17:00+07:00,2026-05-09T13:17:00+07:00
PAY002511,ORD002798,2026-05-28T00:49:00+07:00,e_wallet,success,23823000.00,seed,2026-05-28T00:49:00+07:00,2026-05-28T00:49:00+07:00
PAY002512,ORD002799,2026-03-06T18:29:00+07:00,bank_transfer,success,12503500.00,seed,2026-03-06T18:29:00+07:00,2026-03-06T18:29:00+07:00
PAY002513,ORD002800,2026-05-08T14:21:00+07:00,card,refunded,15687000.00,seed,2026-05-08T14:21:00+07:00,2026-05-08T14:21:00+07:00
PAY002514,ORD002801,2026-02-03T22:18:00+07:00,card,success,4908500.00,seed,2026-02-03T22:18:00+07:00,2026-02-03T22:18:00+07:00
PAY002515,ORD002803,2026-02-09T08:02:00+07:00,card,success,3829000.00,seed,2026-02-09T08:02:00+07:00,2026-02-09T08:02:00+07:00
PAY002516,ORD002804,2026-05-03T19:34:00+07:00,bank_transfer,success,2700000.00,seed,2026-05-03T19:34:00+07:00,2026-05-03T19:34:00+07:00
PAY002517,ORD002805,2026-02-08T12:00:00+07:00,cash,success,15559000.00,seed,2026-02-08T12:00:00+07:00,2026-02-08T12:00:00+07:00
PAY002518,ORD002806,2026-03-11T13:55:00+07:00,card,success,16291000.00,seed,2026-03-11T13:55:00+07:00,2026-03-11T13:55:00+07:00
PAY002519,ORD002809,2026-04-20T19:35:00+07:00,cash,success,684000.00,seed,2026-04-20T19:35:00+07:00,2026-04-20T19:35:00+07:00
PAY002520,ORD002810,2026-03-28T05:54:00+07:00,e_wallet,success,17273000.00,seed,2026-03-28T05:54:00+07:00,2026-03-28T05:54:00+07:00
PAY002521,ORD002811,2026-06-23T14:38:00+07:00,card,success,6690000.00,seed,2026-06-23T14:38:00+07:00,2026-06-23T14:38:00+07:00
PAY002522,ORD002812,2026-06-17T07:40:00+07:00,e_wallet,success,16351500.00,seed,2026-06-17T07:40:00+07:00,2026-06-17T07:40:00+07:00
PAY002523,ORD002813,2026-02-08T21:35:00+07:00,bank_transfer,success,2110000.00,seed,2026-02-08T21:35:00+07:00,2026-02-08T21:35:00+07:00
PAY002524,ORD002814,2026-06-16T14:52:00+07:00,e_wallet,success,15699500.00,seed,2026-06-16T14:52:00+07:00,2026-06-16T14:52:00+07:00
PAY002525,ORD002815,2026-06-01T17:44:00+07:00,bank_transfer,success,15966000.00,seed,2026-06-01T17:44:00+07:00,2026-06-01T17:44:00+07:00
PAY002526,ORD002816,2026-02-20T19:46:00+07:00,cash,success,11698000.00,seed,2026-02-20T19:46:00+07:00,2026-02-20T19:46:00+07:00
PAY002527,ORD002817,2026-02-17T00:13:00+07:00,cash,success,7225000.00,seed,2026-02-17T00:13:00+07:00,2026-02-17T00:13:00+07:00
PAY002528,ORD002818,2026-04-30T04:23:00+07:00,bank_transfer,success,2660000.00,seed,2026-04-30T04:23:00+07:00,2026-04-30T04:23:00+07:00
PAY002529,ORD002820,2026-04-17T00:53:00+07:00,e_wallet,success,2360000.00,seed,2026-04-17T00:53:00+07:00,2026-04-17T00:53:00+07:00
PAY002530,ORD002822,2026-01-16T15:23:00+07:00,card,failed,11343000.00,seed,2026-01-16T15:23:00+07:00,2026-01-16T15:23:00+07:00
PAY002531,ORD002823,2026-03-09T15:11:00+07:00,bank_transfer,success,19908000.00,seed,2026-03-09T15:11:00+07:00,2026-03-09T15:11:00+07:00
PAY002532,ORD002824,2026-03-04T20:27:00+07:00,e_wallet,success,20337500.00,seed,2026-03-04T20:27:00+07:00,2026-03-04T20:27:00+07:00
PAY002533,ORD002825,2026-03-06T14:37:00+07:00,card,success,8897000.00,seed,2026-03-06T14:37:00+07:00,2026-03-06T14:37:00+07:00
PAY002534,ORD002826,2026-06-18T10:22:00+07:00,cash,failed,20430000.00,seed,2026-06-18T10:22:00+07:00,2026-06-18T10:22:00+07:00
PAY002535,ORD002827,2026-02-01T20:37:00+07:00,bank_transfer,success,6688000.00,seed,2026-02-01T20:37:00+07:00,2026-02-01T20:37:00+07:00
PAY002536,ORD002828,2026-04-13T02:27:00+07:00,bank_transfer,pending,8114500.00,seed,2026-04-13T02:27:00+07:00,2026-04-13T02:27:00+07:00
PAY002537,ORD002829,2026-03-26T18:23:00+07:00,e_wallet,success,25431500.00,seed,2026-03-26T18:23:00+07:00,2026-03-26T18:23:00+07:00
PAY002538,ORD002830,2026-06-15T04:05:00+07:00,card,success,9274000.00,seed,2026-06-15T04:05:00+07:00,2026-06-15T04:05:00+07:00
PAY002539,ORD002831,2026-06-21T04:43:00+07:00,bank_transfer,success,14400000.00,seed,2026-06-21T04:43:00+07:00,2026-06-21T04:43:00+07:00
PAY002540,ORD002832,2026-06-04T13:59:00+07:00,card,success,5562000.00,seed,2026-06-04T13:59:00+07:00,2026-06-04T13:59:00+07:00
PAY002541,ORD002833,2026-04-09T09:08:00+07:00,card,success,11600000.00,seed,2026-04-09T09:08:00+07:00,2026-04-09T09:08:00+07:00
PAY002542,ORD002834,2026-03-05T23:13:00+07:00,bank_transfer,success,18336000.00,seed,2026-03-05T23:13:00+07:00,2026-03-05T23:13:00+07:00
PAY002543,ORD002835,2026-06-22T20:37:00+07:00,cash,success,18508000.00,seed,2026-06-22T20:37:00+07:00,2026-06-22T20:37:00+07:00
PAY002544,ORD002836,2026-03-12T19:09:00+07:00,card,success,10944000.00,seed,2026-03-12T19:09:00+07:00,2026-03-12T19:09:00+07:00
PAY002545,ORD002837,2026-02-22T20:09:00+07:00,e_wallet,pending,26694000.00,seed,2026-02-22T20:09:00+07:00,2026-02-22T20:09:00+07:00
PAY002546,ORD002838,2026-05-02T20:51:00+07:00,bank_transfer,success,1550000.00,seed,2026-05-02T20:51:00+07:00,2026-05-02T20:51:00+07:00
PAY002547,ORD002839,2026-01-10T23:55:00+07:00,bank_transfer,success,7710500.00,seed,2026-01-10T23:55:00+07:00,2026-01-10T23:55:00+07:00
PAY002548,ORD002841,2026-03-17T21:31:00+07:00,e_wallet,success,10182500.00,seed,2026-03-17T21:31:00+07:00,2026-03-17T21:31:00+07:00
PAY002549,ORD002842,2026-05-18T14:14:00+07:00,cash,success,6859000.00,seed,2026-05-18T14:14:00+07:00,2026-05-18T14:14:00+07:00
PAY002550,ORD002843,2026-03-16T21:36:00+07:00,card,success,18527500.00,seed,2026-03-16T21:36:00+07:00,2026-03-16T21:36:00+07:00
PAY002551,ORD002844,2026-05-08T02:39:00+07:00,e_wallet,success,14024500.00,seed,2026-05-08T02:39:00+07:00,2026-05-08T02:39:00+07:00
PAY002552,ORD002845,2026-06-28T19:55:00+07:00,e_wallet,success,2821500.00,seed,2026-06-28T19:55:00+07:00,2026-06-28T19:55:00+07:00
PAY002553,ORD002846,2026-03-04T22:55:00+07:00,bank_transfer,success,25342000.00,seed,2026-03-04T22:55:00+07:00,2026-03-04T22:55:00+07:00
PAY002554,ORD002847,2026-01-07T02:59:00+07:00,card,success,18418000.00,seed,2026-01-07T02:59:00+07:00,2026-01-07T02:59:00+07:00
PAY002555,ORD002848,2026-01-11T11:36:00+07:00,card,success,11939500.00,seed,2026-01-11T11:36:00+07:00,2026-01-11T11:36:00+07:00
PAY002556,ORD002849,2026-01-28T03:41:00+07:00,bank_transfer,success,22578000.00,seed,2026-01-28T03:41:00+07:00,2026-01-28T03:41:00+07:00
PAY002557,ORD002850,2026-06-17T02:07:00+07:00,bank_transfer,success,13412000.00,seed,2026-06-17T02:07:00+07:00,2026-06-17T02:07:00+07:00
PAY002558,ORD002851,2026-05-03T00:37:00+07:00,bank_transfer,success,19837500.00,seed,2026-05-03T00:37:00+07:00,2026-05-03T00:37:00+07:00
PAY002559,ORD002852,2026-03-05T02:50:00+07:00,e_wallet,success,22945500.00,seed,2026-03-05T02:50:00+07:00,2026-03-05T02:50:00+07:00
PAY002560,ORD002853,2026-02-05T22:28:00+07:00,e_wallet,success,10603000.00,seed,2026-02-05T22:28:00+07:00,2026-02-05T22:28:00+07:00
PAY002561,ORD002854,2026-02-05T20:50:00+07:00,e_wallet,success,20998000.00,seed,2026-02-05T20:50:00+07:00,2026-02-05T20:50:00+07:00
PAY002562,ORD002855,2026-06-10T07:23:00+07:00,cash,success,9114000.00,seed,2026-06-10T07:23:00+07:00,2026-06-10T07:23:00+07:00
PAY002563,ORD002856,2026-05-10T22:17:00+07:00,e_wallet,success,14985000.00,seed,2026-05-10T22:17:00+07:00,2026-05-10T22:17:00+07:00
PAY002564,ORD002857,2026-01-22T16:10:00+07:00,cash,failed,20422500.00,seed,2026-01-22T16:10:00+07:00,2026-01-22T16:10:00+07:00
PAY002565,ORD002858,2026-06-01T11:37:00+07:00,card,success,13916000.00,seed,2026-06-01T11:37:00+07:00,2026-06-01T11:37:00+07:00
PAY002566,ORD002859,2026-02-26T16:17:00+07:00,bank_transfer,success,9303000.00,seed,2026-02-26T16:17:00+07:00,2026-02-26T16:17:00+07:00
PAY002567,ORD002860,2026-04-24T14:14:00+07:00,card,success,2800000.00,seed,2026-04-24T14:14:00+07:00,2026-04-24T14:14:00+07:00
PAY002568,ORD002861,2026-06-05T04:09:00+07:00,e_wallet,success,7625000.00,seed,2026-06-05T04:09:00+07:00,2026-06-05T04:09:00+07:00
PAY002569,ORD002863,2026-05-27T02:06:00+07:00,cash,success,24297500.00,seed,2026-05-27T02:06:00+07:00,2026-05-27T02:06:00+07:00
PAY002570,ORD002864,2026-01-06T02:08:00+07:00,card,success,13199000.00,seed,2026-01-06T02:08:00+07:00,2026-01-06T02:08:00+07:00
PAY002571,ORD002865,2026-04-04T08:43:00+07:00,e_wallet,success,17907000.00,seed,2026-04-04T08:43:00+07:00,2026-04-04T08:43:00+07:00
PAY002572,ORD002866,2026-01-16T20:15:00+07:00,bank_transfer,success,4396000.00,seed,2026-01-16T20:15:00+07:00,2026-01-16T20:15:00+07:00
PAY002573,ORD002867,2026-04-10T13:31:00+07:00,bank_transfer,success,1314000.00,seed,2026-04-10T13:31:00+07:00,2026-04-10T13:31:00+07:00
PAY002574,ORD002868,2026-03-14T00:08:00+07:00,e_wallet,success,15510000.00,seed,2026-03-14T00:08:00+07:00,2026-03-14T00:08:00+07:00
PAY002575,ORD002869,2026-06-04T14:25:00+07:00,cash,success,8028500.00,seed,2026-06-04T14:25:00+07:00,2026-06-04T14:25:00+07:00
PAY002576,ORD002871,2026-01-09T13:48:00+07:00,bank_transfer,success,3030500.00,seed,2026-01-09T13:48:00+07:00,2026-01-09T13:48:00+07:00
PAY002577,ORD002872,2026-03-17T00:24:00+07:00,card,success,28300000.00,seed,2026-03-17T00:24:00+07:00,2026-03-17T00:24:00+07:00
PAY002578,ORD002873,2026-04-30T20:03:00+07:00,e_wallet,success,4680000.00,seed,2026-04-30T20:03:00+07:00,2026-04-30T20:03:00+07:00
PAY002579,ORD002874,2026-01-10T06:08:00+07:00,cash,success,30143500.00,seed,2026-01-10T06:08:00+07:00,2026-01-10T06:08:00+07:00
PAY002580,ORD002875,2026-06-23T20:36:00+07:00,card,success,7420000.00,seed,2026-06-23T20:36:00+07:00,2026-06-23T20:36:00+07:00
PAY002581,ORD002878,2026-03-19T16:09:00+07:00,bank_transfer,failed,2004500.00,seed,2026-03-19T16:09:00+07:00,2026-03-19T16:09:00+07:00
PAY002582,ORD002880,2026-04-15T17:42:00+07:00,bank_transfer,success,23976500.00,seed,2026-04-15T17:42:00+07:00,2026-04-15T17:42:00+07:00
PAY002583,ORD002882,2026-01-06T15:41:00+07:00,cash,success,8617500.00,seed,2026-01-06T15:41:00+07:00,2026-01-06T15:41:00+07:00
PAY002584,ORD002883,2026-04-12T08:02:00+07:00,bank_transfer,success,25404500.00,seed,2026-04-12T08:02:00+07:00,2026-04-12T08:02:00+07:00
PAY002585,ORD002884,2026-05-10T08:51:00+07:00,cash,success,19411000.00,seed,2026-05-10T08:51:00+07:00,2026-05-10T08:51:00+07:00
PAY002586,ORD002885,2026-05-29T01:32:00+07:00,cash,success,9155500.00,seed,2026-05-29T01:32:00+07:00,2026-05-29T01:32:00+07:00
PAY002587,ORD002886,2026-03-15T06:00:00+07:00,cash,pending,19551000.00,seed,2026-03-15T06:00:00+07:00,2026-03-15T06:00:00+07:00
PAY002588,ORD002887,2026-03-31T20:40:00+07:00,cash,success,1750000.00,seed,2026-03-31T20:40:00+07:00,2026-03-31T20:40:00+07:00
PAY002589,ORD002888,2026-03-13T23:02:00+07:00,e_wallet,success,14550500.00,seed,2026-03-13T23:02:00+07:00,2026-03-13T23:02:00+07:00
PAY002590,ORD002889,2026-03-02T22:18:00+07:00,bank_transfer,success,23295500.00,seed,2026-03-02T22:18:00+07:00,2026-03-02T22:18:00+07:00
PAY002591,ORD002890,2026-05-01T16:03:00+07:00,cash,success,9480000.00,seed,2026-05-01T16:03:00+07:00,2026-05-01T16:03:00+07:00
PAY002592,ORD002891,2026-06-13T07:21:00+07:00,card,success,287000.00,seed,2026-06-13T07:21:00+07:00,2026-06-13T07:21:00+07:00
PAY002593,ORD002892,2026-04-08T20:31:00+07:00,card,success,4001500.00,seed,2026-04-08T20:31:00+07:00,2026-04-08T20:31:00+07:00
PAY002594,ORD002893,2026-04-11T18:56:00+07:00,cash,failed,24321000.00,seed,2026-04-11T18:56:00+07:00,2026-04-11T18:56:00+07:00
PAY002595,ORD002894,2026-05-10T18:36:00+07:00,card,success,7180000.00,seed,2026-05-10T18:36:00+07:00,2026-05-10T18:36:00+07:00
PAY002596,ORD002895,2026-06-19T14:02:00+07:00,cash,success,2699000.00,seed,2026-06-19T14:02:00+07:00,2026-06-19T14:02:00+07:00
PAY002597,ORD002896,2026-03-18T20:22:00+07:00,bank_transfer,failed,18735000.00,seed,2026-03-18T20:22:00+07:00,2026-03-18T20:22:00+07:00
PAY002598,ORD002897,2026-06-08T12:58:00+07:00,bank_transfer,success,760000.00,seed,2026-06-08T12:58:00+07:00,2026-06-08T12:58:00+07:00
PAY002599,ORD002898,2026-02-20T15:24:00+07:00,e_wallet,success,4410000.00,seed,2026-02-20T15:24:00+07:00,2026-02-20T15:24:00+07:00
PAY002600,ORD002900,2026-05-12T14:03:00+07:00,e_wallet,success,7078000.00,seed,2026-05-12T14:03:00+07:00,2026-05-12T14:03:00+07:00
PAY002601,ORD002901,2026-03-15T22:59:00+07:00,card,success,13886000.00,seed,2026-03-15T22:59:00+07:00,2026-03-15T22:59:00+07:00
PAY002602,ORD002902,2026-03-18T23:54:00+07:00,card,success,12194500.00,seed,2026-03-18T23:54:00+07:00,2026-03-18T23:54:00+07:00
PAY002603,ORD002903,2026-01-29T12:21:00+07:00,cash,failed,17153000.00,seed,2026-01-29T12:21:00+07:00,2026-01-29T12:21:00+07:00
PAY002604,ORD002904,2026-04-27T13:16:00+07:00,e_wallet,success,8991000.00,seed,2026-04-27T13:16:00+07:00,2026-04-27T13:16:00+07:00
PAY002605,ORD002906,2026-02-15T02:27:00+07:00,card,success,1830000.00,seed,2026-02-15T02:27:00+07:00,2026-02-15T02:27:00+07:00
PAY002606,ORD002907,2026-05-04T21:31:00+07:00,card,success,12553500.00,seed,2026-05-04T21:31:00+07:00,2026-05-04T21:31:00+07:00
PAY002607,ORD002908,2026-02-17T00:51:00+07:00,e_wallet,success,9790000.00,seed,2026-02-17T00:51:00+07:00,2026-02-17T00:51:00+07:00
PAY002608,ORD002909,2026-01-19T01:37:00+07:00,e_wallet,success,4842000.00,seed,2026-01-19T01:37:00+07:00,2026-01-19T01:37:00+07:00
PAY002609,ORD002910,2026-01-06T14:11:00+07:00,e_wallet,success,14571500.00,seed,2026-01-06T14:11:00+07:00,2026-01-06T14:11:00+07:00
PAY002610,ORD002911,2026-01-13T03:45:00+07:00,cash,success,16477000.00,seed,2026-01-13T03:45:00+07:00,2026-01-13T03:45:00+07:00
PAY002611,ORD002912,2026-02-17T03:49:00+07:00,cash,success,13045000.00,seed,2026-02-17T03:49:00+07:00,2026-02-17T03:49:00+07:00
PAY002612,ORD002913,2026-03-23T20:19:00+07:00,cash,refunded,2204000.00,seed,2026-03-23T20:19:00+07:00,2026-03-23T20:19:00+07:00
PAY002613,ORD002914,2026-01-13T07:09:00+07:00,card,success,14560000.00,seed,2026-01-13T07:09:00+07:00,2026-01-13T07:09:00+07:00
PAY002614,ORD002915,2026-04-25T17:06:00+07:00,card,success,18515500.00,seed,2026-04-25T17:06:00+07:00,2026-04-25T17:06:00+07:00
PAY002615,ORD002916,2026-05-17T20:54:00+07:00,bank_transfer,success,9864000.00,seed,2026-05-17T20:54:00+07:00,2026-05-17T20:54:00+07:00
PAY002616,ORD002917,2026-02-08T16:24:00+07:00,cash,failed,5010000.00,seed,2026-02-08T16:24:00+07:00,2026-02-08T16:24:00+07:00
PAY002617,ORD002918,2026-04-11T06:49:00+07:00,bank_transfer,success,20318500.00,seed,2026-04-11T06:49:00+07:00,2026-04-11T06:49:00+07:00
PAY002618,ORD002919,2026-05-16T20:18:00+07:00,e_wallet,success,2289500.00,seed,2026-05-16T20:18:00+07:00,2026-05-16T20:18:00+07:00
PAY002619,ORD002920,2026-01-06T01:39:00+07:00,e_wallet,pending,26358500.00,seed,2026-01-06T01:39:00+07:00,2026-01-06T01:39:00+07:00
PAY002620,ORD002921,2026-01-03T23:47:00+07:00,card,success,16129000.00,seed,2026-01-03T23:47:00+07:00,2026-01-03T23:47:00+07:00
PAY002621,ORD002922,2026-01-30T17:13:00+07:00,cash,success,216000.00,seed,2026-01-30T17:13:00+07:00,2026-01-30T17:13:00+07:00
PAY002622,ORD002923,2026-06-23T19:02:00+07:00,e_wallet,success,14339500.00,seed,2026-06-23T19:02:00+07:00,2026-06-23T19:02:00+07:00
PAY002623,ORD002924,2026-01-29T21:42:00+07:00,e_wallet,failed,23940500.00,seed,2026-01-29T21:42:00+07:00,2026-01-29T21:42:00+07:00
PAY002624,ORD002925,2026-06-10T12:22:00+07:00,card,success,6336000.00,seed,2026-06-10T12:22:00+07:00,2026-06-10T12:22:00+07:00
PAY002625,ORD002926,2026-05-28T00:09:00+07:00,e_wallet,success,13885500.00,seed,2026-05-28T00:09:00+07:00,2026-05-28T00:09:00+07:00
PAY002626,ORD002927,2026-03-28T20:41:00+07:00,cash,success,5719000.00,seed,2026-03-28T20:41:00+07:00,2026-03-28T20:41:00+07:00
PAY002627,ORD002928,2026-04-16T02:51:00+07:00,card,failed,23233000.00,seed,2026-04-16T02:51:00+07:00,2026-04-16T02:51:00+07:00
PAY002628,ORD002929,2026-02-11T01:41:00+07:00,cash,success,4904500.00,seed,2026-02-11T01:41:00+07:00,2026-02-11T01:41:00+07:00
PAY002629,ORD002930,2026-01-26T08:23:00+07:00,card,success,20716000.00,seed,2026-01-26T08:23:00+07:00,2026-01-26T08:23:00+07:00
PAY002630,ORD002931,2026-05-02T11:35:00+07:00,card,success,8298000.00,seed,2026-05-02T11:35:00+07:00,2026-05-02T11:35:00+07:00
PAY002631,ORD002932,2026-03-09T06:18:00+07:00,cash,success,10459500.00,seed,2026-03-09T06:18:00+07:00,2026-03-09T06:18:00+07:00
PAY002632,ORD002933,2026-01-10T22:11:00+07:00,bank_transfer,success,10646500.00,seed,2026-01-10T22:11:00+07:00,2026-01-10T22:11:00+07:00
PAY002633,ORD002934,2026-02-12T03:30:00+07:00,e_wallet,success,1312000.00,seed,2026-02-12T03:30:00+07:00,2026-02-12T03:30:00+07:00
PAY002634,ORD002935,2026-03-21T20:50:00+07:00,card,refunded,19169000.00,seed,2026-03-21T20:50:00+07:00,2026-03-21T20:50:00+07:00
PAY002635,ORD002936,2026-03-26T21:10:00+07:00,cash,success,23402500.00,seed,2026-03-26T21:10:00+07:00,2026-03-26T21:10:00+07:00
PAY002636,ORD002937,2026-05-09T04:11:00+07:00,card,success,18513500.00,seed,2026-05-09T04:11:00+07:00,2026-05-09T04:11:00+07:00
PAY002637,ORD002938,2026-05-15T21:11:00+07:00,bank_transfer,success,12572500.00,seed,2026-05-15T21:11:00+07:00,2026-05-15T21:11:00+07:00
PAY002638,ORD002939,2026-02-10T16:48:00+07:00,bank_transfer,failed,6593500.00,seed,2026-02-10T16:48:00+07:00,2026-02-10T16:48:00+07:00
PAY002639,ORD002940,2026-02-01T04:35:00+07:00,e_wallet,success,40713000.00,seed,2026-02-01T04:35:00+07:00,2026-02-01T04:35:00+07:00
PAY002640,ORD002941,2026-05-13T13:09:00+07:00,card,success,944000.00,seed,2026-05-13T13:09:00+07:00,2026-05-13T13:09:00+07:00
PAY002641,ORD002944,2026-06-17T21:38:00+07:00,cash,success,39258500.00,seed,2026-06-17T21:38:00+07:00,2026-06-17T21:38:00+07:00
PAY002642,ORD002945,2026-03-29T04:14:00+07:00,bank_transfer,success,12204000.00,seed,2026-03-29T04:14:00+07:00,2026-03-29T04:14:00+07:00
PAY002643,ORD002946,2026-03-03T21:35:00+07:00,cash,success,10550500.00,seed,2026-03-03T21:35:00+07:00,2026-03-03T21:35:00+07:00
PAY002644,ORD002947,2026-01-22T20:32:00+07:00,card,success,15940000.00,seed,2026-01-22T20:32:00+07:00,2026-01-22T20:32:00+07:00
PAY002645,ORD002948,2026-03-08T22:47:00+07:00,e_wallet,success,11702000.00,seed,2026-03-08T22:47:00+07:00,2026-03-08T22:47:00+07:00
PAY002646,ORD002949,2026-05-04T04:30:00+07:00,cash,success,16633500.00,seed,2026-05-04T04:30:00+07:00,2026-05-04T04:30:00+07:00
PAY002647,ORD002950,2026-02-28T06:50:00+07:00,e_wallet,success,2031500.00,seed,2026-02-28T06:50:00+07:00,2026-02-28T06:50:00+07:00
PAY002648,ORD002951,2026-02-07T21:09:00+07:00,card,success,324000.00,seed,2026-02-07T21:09:00+07:00,2026-02-07T21:09:00+07:00
PAY002649,ORD002953,2026-03-09T17:33:00+07:00,cash,success,6821000.00,seed,2026-03-09T17:33:00+07:00,2026-03-09T17:33:00+07:00
PAY002650,ORD002955,2026-03-20T22:48:00+07:00,bank_transfer,success,34850500.00,seed,2026-03-20T22:48:00+07:00,2026-03-20T22:48:00+07:00
PAY002651,ORD002956,2026-06-25T02:43:00+07:00,e_wallet,success,28531000.00,seed,2026-06-25T02:43:00+07:00,2026-06-25T02:43:00+07:00
PAY002652,ORD002957,2026-02-14T03:40:00+07:00,bank_transfer,success,20281500.00,seed,2026-02-14T03:40:00+07:00,2026-02-14T03:40:00+07:00
PAY002653,ORD002958,2026-06-15T06:02:00+07:00,e_wallet,failed,10371000.00,seed,2026-06-15T06:02:00+07:00,2026-06-15T06:02:00+07:00
PAY002654,ORD002959,2026-05-28T11:19:00+07:00,card,success,10366500.00,seed,2026-05-28T11:19:00+07:00,2026-05-28T11:19:00+07:00
PAY002655,ORD002960,2026-03-28T13:33:00+07:00,bank_transfer,success,11575000.00,seed,2026-03-28T13:33:00+07:00,2026-03-28T13:33:00+07:00
PAY002656,ORD002961,2026-01-04T18:39:00+07:00,cash,success,1660000.00,seed,2026-01-04T18:39:00+07:00,2026-01-04T18:39:00+07:00
PAY002657,ORD002962,2026-02-25T06:34:00+07:00,cash,success,24997500.00,seed,2026-02-25T06:34:00+07:00,2026-02-25T06:34:00+07:00
PAY002658,ORD002963,2026-03-26T20:30:00+07:00,card,success,4998000.00,seed,2026-03-26T20:30:00+07:00,2026-03-26T20:30:00+07:00
PAY002659,ORD002964,2026-02-07T18:56:00+07:00,bank_transfer,success,5070000.00,seed,2026-02-07T18:56:00+07:00,2026-02-07T18:56:00+07:00
PAY002660,ORD002965,2026-03-02T00:27:00+07:00,bank_transfer,success,5044500.00,seed,2026-03-02T00:27:00+07:00,2026-03-02T00:27:00+07:00
PAY002661,ORD002966,2026-03-08T15:18:00+07:00,bank_transfer,success,3336000.00,seed,2026-03-08T15:18:00+07:00,2026-03-08T15:18:00+07:00
PAY002662,ORD002967,2026-02-07T22:27:00+07:00,card,success,33516000.00,seed,2026-02-07T22:27:00+07:00,2026-02-07T22:27:00+07:00
PAY002663,ORD002968,2026-06-15T23:29:00+07:00,bank_transfer,success,6230000.00,seed,2026-06-15T23:29:00+07:00,2026-06-15T23:29:00+07:00
PAY002664,ORD002969,2026-03-09T06:57:00+07:00,card,success,8644500.00,seed,2026-03-09T06:57:00+07:00,2026-03-09T06:57:00+07:00
PAY002665,ORD002970,2026-01-18T23:27:00+07:00,card,failed,11382000.00,seed,2026-01-18T23:27:00+07:00,2026-01-18T23:27:00+07:00
PAY002666,ORD002971,2026-01-24T21:53:00+07:00,card,success,5980000.00,seed,2026-01-24T21:53:00+07:00,2026-01-24T21:53:00+07:00
PAY002667,ORD002973,2026-06-13T15:27:00+07:00,cash,success,7040000.00,seed,2026-06-13T15:27:00+07:00,2026-06-13T15:27:00+07:00
PAY002668,ORD002974,2026-05-24T00:06:00+07:00,e_wallet,success,12170000.00,seed,2026-05-24T00:06:00+07:00,2026-05-24T00:06:00+07:00
PAY002669,ORD002975,2026-04-25T22:38:00+07:00,card,success,20453500.00,seed,2026-04-25T22:38:00+07:00,2026-04-25T22:38:00+07:00
PAY002670,ORD002976,2026-05-10T08:35:00+07:00,cash,success,17599500.00,seed,2026-05-10T08:35:00+07:00,2026-05-10T08:35:00+07:00
PAY002671,ORD002977,2026-06-22T15:18:00+07:00,e_wallet,success,8062000.00,seed,2026-06-22T15:18:00+07:00,2026-06-22T15:18:00+07:00
PAY002672,ORD002978,2026-02-27T01:46:00+07:00,bank_transfer,success,3990000.00,seed,2026-02-27T01:46:00+07:00,2026-02-27T01:46:00+07:00
PAY002673,ORD002979,2026-01-14T19:50:00+07:00,cash,success,240000.00,seed,2026-01-14T19:50:00+07:00,2026-01-14T19:50:00+07:00
PAY002674,ORD002980,2026-05-19T20:37:00+07:00,bank_transfer,success,9292000.00,seed,2026-05-19T20:37:00+07:00,2026-05-19T20:37:00+07:00
PAY002675,ORD002981,2026-05-21T00:45:00+07:00,card,success,16532000.00,seed,2026-05-21T00:45:00+07:00,2026-05-21T00:45:00+07:00
PAY002676,ORD002982,2026-01-23T18:29:00+07:00,card,failed,144500.00,seed,2026-01-23T18:29:00+07:00,2026-01-23T18:29:00+07:00
PAY002677,ORD002983,2026-04-19T01:18:00+07:00,e_wallet,success,16587000.00,seed,2026-04-19T01:18:00+07:00,2026-04-19T01:18:00+07:00
PAY002678,ORD002984,2026-01-10T04:07:00+07:00,cash,failed,16952500.00,seed,2026-01-10T04:07:00+07:00,2026-01-10T04:07:00+07:00
PAY002679,ORD002985,2026-04-02T10:38:00+07:00,bank_transfer,success,29873000.00,seed,2026-04-02T10:38:00+07:00,2026-04-02T10:38:00+07:00
PAY002680,ORD002986,2026-01-12T17:40:00+07:00,e_wallet,success,25039500.00,seed,2026-01-12T17:40:00+07:00,2026-01-12T17:40:00+07:00
PAY002681,ORD002987,2026-03-31T20:09:00+07:00,cash,failed,10136500.00,seed,2026-03-31T20:09:00+07:00,2026-03-31T20:09:00+07:00
PAY002682,ORD002988,2026-01-26T16:03:00+07:00,bank_transfer,success,5871000.00,seed,2026-01-26T16:03:00+07:00,2026-01-26T16:03:00+07:00
PAY002683,ORD002989,2026-06-20T03:45:00+07:00,bank_transfer,success,44557000.00,seed,2026-06-20T03:45:00+07:00,2026-06-20T03:45:00+07:00
PAY002684,ORD002990,2026-05-18T01:08:00+07:00,card,success,10824000.00,seed,2026-05-18T01:08:00+07:00,2026-05-18T01:08:00+07:00
PAY002685,ORD002991,2026-01-09T11:48:00+07:00,bank_transfer,success,3388000.00,seed,2026-01-09T11:48:00+07:00,2026-01-09T11:48:00+07:00
PAY002686,ORD002992,2026-04-22T09:56:00+07:00,e_wallet,failed,15820000.00,seed,2026-04-22T09:56:00+07:00,2026-04-22T09:56:00+07:00
PAY002687,ORD002993,2026-06-27T19:55:00+07:00,cash,success,11343000.00,seed,2026-06-27T19:55:00+07:00,2026-06-27T19:55:00+07:00
PAY002688,ORD002994,2026-01-23T15:40:00+07:00,cash,success,21663500.00,seed,2026-01-23T15:40:00+07:00,2026-01-23T15:40:00+07:00
PAY002689,ORD002995,2026-05-11T22:25:00+07:00,e_wallet,success,16938500.00,seed,2026-05-11T22:25:00+07:00,2026-05-11T22:25:00+07:00
PAY002690,ORD002996,2026-05-26T01:00:00+07:00,cash,success,7114500.00,seed,2026-05-26T01:00:00+07:00,2026-05-26T01:00:00+07:00
PAY002691,ORD002998,2026-06-08T11:15:00+07:00,cash,failed,5076000.00,seed,2026-06-08T11:15:00+07:00,2026-06-08T11:15:00+07:00
PAY002692,ORD002999,2026-01-19T18:33:00+07:00,card,success,20952000.00,seed,2026-01-19T18:33:00+07:00,2026-01-19T18:33:00+07:00
PAY002693,ORD003000,2026-06-13T18:52:00+07:00,bank_transfer,success,16250000.00,seed,2026-06-13T18:52:00+07:00,2026-06-13T18:52:00+07:00
PAY002694,ORD003001,2026-03-07T02:23:00+07:00,bank_transfer,success,10633000.00,seed,2026-03-07T02:23:00+07:00,2026-03-07T02:23:00+07:00
PAY002695,ORD003002,2026-04-02T22:30:00+07:00,bank_transfer,success,6100000.00,seed,2026-04-02T22:30:00+07:00,2026-04-02T22:30:00+07:00
PAY002696,ORD003003,2026-03-29T05:06:00+07:00,e_wallet,success,12085500.00,seed,2026-03-29T05:06:00+07:00,2026-03-29T05:06:00+07:00
PAY002697,ORD003004,2026-03-22T01:53:00+07:00,card,success,13230000.00,seed,2026-03-22T01:53:00+07:00,2026-03-22T01:53:00+07:00
PAY002698,ORD003005,2026-01-27T01:36:00+07:00,e_wallet,success,6880000.00,seed,2026-01-27T01:36:00+07:00,2026-01-27T01:36:00+07:00
PAY002699,ORD003006,2026-01-04T18:19:00+07:00,bank_transfer,success,33570000.00,seed,2026-01-04T18:19:00+07:00,2026-01-04T18:19:00+07:00
PAY002700,ORD003007,2026-06-20T20:21:00+07:00,bank_transfer,success,3296500.00,seed,2026-06-20T20:21:00+07:00,2026-06-20T20:21:00+07:00
PAY002701,ORD003009,2026-03-10T18:19:00+07:00,card,success,29184000.00,seed,2026-03-10T18:19:00+07:00,2026-03-10T18:19:00+07:00
PAY002702,ORD003010,2026-01-23T23:28:00+07:00,e_wallet,success,7368500.00,seed,2026-01-23T23:28:00+07:00,2026-01-23T23:28:00+07:00
PAY002703,ORD003011,2026-06-09T14:55:00+07:00,e_wallet,failed,25453500.00,seed,2026-06-09T14:55:00+07:00,2026-06-09T14:55:00+07:00
PAY002704,ORD003012,2026-02-28T02:55:00+07:00,e_wallet,success,12710000.00,seed,2026-02-28T02:55:00+07:00,2026-02-28T02:55:00+07:00
PAY002705,ORD003013,2026-04-03T05:30:00+07:00,cash,success,13380000.00,seed,2026-04-03T05:30:00+07:00,2026-04-03T05:30:00+07:00
PAY002706,ORD003014,2026-06-18T05:22:00+07:00,bank_transfer,success,7951000.00,seed,2026-06-18T05:22:00+07:00,2026-06-18T05:22:00+07:00
PAY002707,ORD003015,2026-01-18T18:32:00+07:00,e_wallet,success,8474000.00,seed,2026-01-18T18:32:00+07:00,2026-01-18T18:32:00+07:00
PAY002708,ORD003016,2026-05-08T17:57:00+07:00,e_wallet,success,978500.00,seed,2026-05-08T17:57:00+07:00,2026-05-08T17:57:00+07:00
PAY002709,ORD003017,2026-03-22T10:30:00+07:00,e_wallet,success,9160000.00,seed,2026-03-22T10:30:00+07:00,2026-03-22T10:30:00+07:00
PAY002710,ORD003018,2026-04-19T02:32:00+07:00,bank_transfer,failed,8130000.00,seed,2026-04-19T02:32:00+07:00,2026-04-19T02:32:00+07:00
PAY002711,ORD003019,2026-04-23T13:46:00+07:00,bank_transfer,success,19887000.00,seed,2026-04-23T13:46:00+07:00,2026-04-23T13:46:00+07:00
PAY002712,ORD003020,2026-03-24T15:39:00+07:00,card,success,9806000.00,seed,2026-03-24T15:39:00+07:00,2026-03-24T15:39:00+07:00
PAY002713,ORD003021,2026-04-05T15:48:00+07:00,card,success,12584500.00,seed,2026-04-05T15:48:00+07:00,2026-04-05T15:48:00+07:00
PAY002714,ORD003022,2026-04-28T13:03:00+07:00,card,success,9815000.00,seed,2026-04-28T13:03:00+07:00,2026-04-28T13:03:00+07:00
PAY002715,ORD003023,2026-02-16T06:40:00+07:00,cash,success,7438500.00,seed,2026-02-16T06:40:00+07:00,2026-02-16T06:40:00+07:00
PAY002716,ORD003024,2026-06-05T11:20:00+07:00,card,success,21680500.00,seed,2026-06-05T11:20:00+07:00,2026-06-05T11:20:00+07:00
PAY002717,ORD003025,2026-02-15T16:40:00+07:00,cash,success,26122000.00,seed,2026-02-15T16:40:00+07:00,2026-02-15T16:40:00+07:00
PAY002718,ORD003026,2026-06-07T21:37:00+07:00,card,success,3020000.00,seed,2026-06-07T21:37:00+07:00,2026-06-07T21:37:00+07:00
PAY002719,ORD003027,2026-01-19T21:52:00+07:00,cash,success,25478500.00,seed,2026-01-19T21:52:00+07:00,2026-01-19T21:52:00+07:00
PAY002720,ORD003028,2026-06-06T18:52:00+07:00,cash,success,14701000.00,seed,2026-06-06T18:52:00+07:00,2026-06-06T18:52:00+07:00
PAY002721,ORD003029,2026-03-20T16:07:00+07:00,bank_transfer,success,29467000.00,seed,2026-03-20T16:07:00+07:00,2026-03-20T16:07:00+07:00
PAY002722,ORD003030,2026-01-22T21:09:00+07:00,cash,success,342000.00,seed,2026-01-22T21:09:00+07:00,2026-01-22T21:09:00+07:00
PAY002723,ORD003032,2026-01-23T15:30:00+07:00,card,success,2812000.00,seed,2026-01-23T15:30:00+07:00,2026-01-23T15:30:00+07:00
PAY002724,ORD003033,2026-05-16T16:03:00+07:00,e_wallet,failed,13258500.00,seed,2026-05-16T16:03:00+07:00,2026-05-16T16:03:00+07:00
PAY002725,ORD003034,2026-06-23T16:23:00+07:00,cash,success,16455000.00,seed,2026-06-23T16:23:00+07:00,2026-06-23T16:23:00+07:00
PAY002726,ORD003035,2026-04-03T12:18:00+07:00,cash,success,6758000.00,seed,2026-04-03T12:18:00+07:00,2026-04-03T12:18:00+07:00
PAY002727,ORD003036,2026-04-16T15:01:00+07:00,e_wallet,success,8471000.00,seed,2026-04-16T15:01:00+07:00,2026-04-16T15:01:00+07:00
PAY002728,ORD003037,2026-02-01T00:42:00+07:00,bank_transfer,success,4680000.00,seed,2026-02-01T00:42:00+07:00,2026-02-01T00:42:00+07:00
PAY002729,ORD003038,2026-02-05T10:19:00+07:00,card,success,13440000.00,seed,2026-02-05T10:19:00+07:00,2026-02-05T10:19:00+07:00
PAY002730,ORD003039,2026-02-21T20:35:00+07:00,bank_transfer,success,16754500.00,seed,2026-02-21T20:35:00+07:00,2026-02-21T20:35:00+07:00
PAY002731,ORD003040,2026-03-03T21:46:00+07:00,e_wallet,success,6593000.00,seed,2026-03-03T21:46:00+07:00,2026-03-03T21:46:00+07:00
PAY002732,ORD003041,2026-03-16T00:30:00+07:00,cash,success,11983500.00,seed,2026-03-16T00:30:00+07:00,2026-03-16T00:30:00+07:00
PAY002733,ORD003042,2026-06-13T18:33:00+07:00,cash,success,21019500.00,seed,2026-06-13T18:33:00+07:00,2026-06-13T18:33:00+07:00
PAY002734,ORD003043,2026-06-10T16:29:00+07:00,card,success,12434500.00,seed,2026-06-10T16:29:00+07:00,2026-06-10T16:29:00+07:00
PAY002735,ORD003044,2026-05-14T23:53:00+07:00,cash,success,15575000.00,seed,2026-05-14T23:53:00+07:00,2026-05-14T23:53:00+07:00
PAY002736,ORD003046,2026-02-15T13:03:00+07:00,bank_transfer,success,18714500.00,seed,2026-02-15T13:03:00+07:00,2026-02-15T13:03:00+07:00
PAY002737,ORD003047,2026-05-26T03:36:00+07:00,e_wallet,success,921500.00,seed,2026-05-26T03:36:00+07:00,2026-05-26T03:36:00+07:00
PAY002738,ORD003048,2026-05-06T23:49:00+07:00,card,success,18459500.00,seed,2026-05-06T23:49:00+07:00,2026-05-06T23:49:00+07:00
PAY002739,ORD003049,2026-04-29T12:37:00+07:00,card,success,17069000.00,seed,2026-04-29T12:37:00+07:00,2026-04-29T12:37:00+07:00
PAY002740,ORD003050,2026-03-08T21:27:00+07:00,e_wallet,success,11061000.00,seed,2026-03-08T21:27:00+07:00,2026-03-08T21:27:00+07:00
PAY002741,ORD003051,2026-01-19T14:27:00+07:00,e_wallet,pending,8960000.00,seed,2026-01-19T14:27:00+07:00,2026-01-19T14:27:00+07:00
PAY002742,ORD003052,2026-03-18T04:11:00+07:00,bank_transfer,success,18829000.00,seed,2026-03-18T04:11:00+07:00,2026-03-18T04:11:00+07:00
PAY002743,ORD003053,2026-02-21T11:07:00+07:00,card,success,9928500.00,seed,2026-02-21T11:07:00+07:00,2026-02-21T11:07:00+07:00
PAY002744,ORD003054,2026-04-15T23:57:00+07:00,cash,success,13872000.00,seed,2026-04-15T23:57:00+07:00,2026-04-15T23:57:00+07:00
PAY002745,ORD003055,2026-04-17T00:30:00+07:00,e_wallet,success,30379000.00,seed,2026-04-17T00:30:00+07:00,2026-04-17T00:30:00+07:00
PAY002746,ORD003056,2026-03-22T12:18:00+07:00,card,success,33910000.00,seed,2026-03-22T12:18:00+07:00,2026-03-22T12:18:00+07:00
PAY002747,ORD003057,2026-02-04T21:40:00+07:00,card,success,8340000.00,seed,2026-02-04T21:40:00+07:00,2026-02-04T21:40:00+07:00
PAY002748,ORD003058,2026-04-23T17:34:00+07:00,bank_transfer,success,18517500.00,seed,2026-04-23T17:34:00+07:00,2026-04-23T17:34:00+07:00
PAY002749,ORD003059,2026-01-26T15:50:00+07:00,bank_transfer,success,12304500.00,seed,2026-01-26T15:50:00+07:00,2026-01-26T15:50:00+07:00
PAY002750,ORD003060,2026-06-21T01:28:00+07:00,cash,success,15980500.00,seed,2026-06-21T01:28:00+07:00,2026-06-21T01:28:00+07:00
PAY002751,ORD003061,2026-01-08T05:16:00+07:00,cash,success,14080000.00,seed,2026-01-08T05:16:00+07:00,2026-01-08T05:16:00+07:00
PAY002752,ORD003062,2026-02-28T18:59:00+07:00,cash,success,15002000.00,seed,2026-02-28T18:59:00+07:00,2026-02-28T18:59:00+07:00
PAY002753,ORD003063,2026-05-10T02:27:00+07:00,card,success,7737500.00,seed,2026-05-10T02:27:00+07:00,2026-05-10T02:27:00+07:00
PAY002754,ORD003064,2026-01-11T21:16:00+07:00,card,success,44289000.00,seed,2026-01-11T21:16:00+07:00,2026-01-11T21:16:00+07:00
PAY002755,ORD003065,2026-06-12T21:22:00+07:00,cash,success,20388000.00,seed,2026-06-12T21:22:00+07:00,2026-06-12T21:22:00+07:00
PAY002756,ORD003066,2026-03-09T16:11:00+07:00,e_wallet,success,3604000.00,seed,2026-03-09T16:11:00+07:00,2026-03-09T16:11:00+07:00
PAY002757,ORD003067,2026-02-09T18:35:00+07:00,e_wallet,pending,4294000.00,seed,2026-02-09T18:35:00+07:00,2026-02-09T18:35:00+07:00
PAY002758,ORD003068,2026-03-01T04:56:00+07:00,e_wallet,success,3357000.00,seed,2026-03-01T04:56:00+07:00,2026-03-01T04:56:00+07:00
PAY002759,ORD003070,2026-05-26T18:53:00+07:00,e_wallet,failed,6650000.00,seed,2026-05-26T18:53:00+07:00,2026-05-26T18:53:00+07:00
PAY002760,ORD003071,2026-06-22T03:59:00+07:00,bank_transfer,success,8800500.00,seed,2026-06-22T03:59:00+07:00,2026-06-22T03:59:00+07:00
PAY002761,ORD003072,2026-04-13T00:38:00+07:00,e_wallet,success,8123000.00,seed,2026-04-13T00:38:00+07:00,2026-04-13T00:38:00+07:00
PAY002762,ORD003073,2026-06-22T20:53:00+07:00,e_wallet,success,13782000.00,seed,2026-06-22T20:53:00+07:00,2026-06-22T20:53:00+07:00
PAY002763,ORD003074,2026-04-18T03:02:00+07:00,card,success,6080000.00,seed,2026-04-18T03:02:00+07:00,2026-04-18T03:02:00+07:00
PAY002764,ORD003075,2026-03-23T20:03:00+07:00,bank_transfer,refunded,3950000.00,seed,2026-03-23T20:03:00+07:00,2026-03-23T20:03:00+07:00
PAY002765,ORD003076,2026-03-20T07:35:00+07:00,cash,success,3555000.00,seed,2026-03-20T07:35:00+07:00,2026-03-20T07:35:00+07:00
PAY002766,ORD003077,2026-01-17T16:55:00+07:00,e_wallet,success,21348000.00,seed,2026-01-17T16:55:00+07:00,2026-01-17T16:55:00+07:00
PAY002767,ORD003078,2026-04-22T17:54:00+07:00,e_wallet,success,24245000.00,seed,2026-04-22T17:54:00+07:00,2026-04-22T17:54:00+07:00
PAY002768,ORD003079,2026-02-14T22:11:00+07:00,e_wallet,success,17141000.00,seed,2026-02-14T22:11:00+07:00,2026-02-14T22:11:00+07:00
PAY002769,ORD003080,2026-04-21T02:21:00+07:00,card,success,16990000.00,seed,2026-04-21T02:21:00+07:00,2026-04-21T02:21:00+07:00
PAY002770,ORD003081,2026-03-17T06:05:00+07:00,cash,success,5511000.00,seed,2026-03-17T06:05:00+07:00,2026-03-17T06:05:00+07:00
PAY002771,ORD003082,2026-04-06T18:49:00+07:00,cash,success,10674000.00,seed,2026-04-06T18:49:00+07:00,2026-04-06T18:49:00+07:00
PAY002772,ORD003083,2026-02-21T03:34:00+07:00,card,success,28421000.00,seed,2026-02-21T03:34:00+07:00,2026-02-21T03:34:00+07:00
PAY002773,ORD003084,2026-03-22T17:20:00+07:00,cash,success,5970000.00,seed,2026-03-22T17:20:00+07:00,2026-03-22T17:20:00+07:00
PAY002774,ORD003085,2026-02-24T22:59:00+07:00,e_wallet,success,31087500.00,seed,2026-02-24T22:59:00+07:00,2026-02-24T22:59:00+07:00
PAY002775,ORD003088,2026-04-18T13:37:00+07:00,card,success,5957500.00,seed,2026-04-18T13:37:00+07:00,2026-04-18T13:37:00+07:00
PAY002776,ORD003089,2026-01-05T16:57:00+07:00,card,success,29140000.00,seed,2026-01-05T16:57:00+07:00,2026-01-05T16:57:00+07:00
PAY002777,ORD003090,2026-01-01T21:24:00+07:00,e_wallet,refunded,5880000.00,seed,2026-01-01T21:24:00+07:00,2026-01-01T21:24:00+07:00
PAY002778,ORD003091,2026-01-20T18:34:00+07:00,bank_transfer,pending,4650000.00,seed,2026-01-20T18:34:00+07:00,2026-01-20T18:34:00+07:00
PAY002779,ORD003092,2026-02-10T22:17:00+07:00,bank_transfer,success,2276000.00,seed,2026-02-10T22:17:00+07:00,2026-02-10T22:17:00+07:00
PAY002780,ORD003093,2026-04-14T04:33:00+07:00,bank_transfer,pending,4977000.00,seed,2026-04-14T04:33:00+07:00,2026-04-14T04:33:00+07:00
PAY002781,ORD003094,2026-05-26T22:02:00+07:00,card,success,1368000.00,seed,2026-05-26T22:02:00+07:00,2026-05-26T22:02:00+07:00
PAY002782,ORD003095,2026-02-27T16:08:00+07:00,cash,failed,6940000.00,seed,2026-02-27T16:08:00+07:00,2026-02-27T16:08:00+07:00
PAY002783,ORD003097,2026-03-22T08:36:00+07:00,cash,pending,12828000.00,seed,2026-03-22T08:36:00+07:00,2026-03-22T08:36:00+07:00
PAY002784,ORD003098,2026-03-24T19:01:00+07:00,card,success,8342000.00,seed,2026-03-24T19:01:00+07:00,2026-03-24T19:01:00+07:00
PAY002785,ORD003099,2026-04-04T08:27:00+07:00,bank_transfer,success,13475500.00,seed,2026-04-04T08:27:00+07:00,2026-04-04T08:27:00+07:00
PAY002786,ORD003100,2026-06-09T00:58:00+07:00,card,failed,5067000.00,seed,2026-06-09T00:58:00+07:00,2026-06-09T00:58:00+07:00
PAY002787,ORD003101,2026-04-30T14:21:00+07:00,bank_transfer,success,6516000.00,seed,2026-04-30T14:21:00+07:00,2026-04-30T14:21:00+07:00
PAY002788,ORD003102,2026-05-17T22:23:00+07:00,card,success,9766000.00,seed,2026-05-17T22:23:00+07:00,2026-05-17T22:23:00+07:00
PAY002789,ORD003103,2026-04-07T09:34:00+07:00,card,success,4120000.00,seed,2026-04-07T09:34:00+07:00,2026-04-07T09:34:00+07:00
PAY002790,ORD003105,2026-05-10T16:50:00+07:00,card,success,4613500.00,seed,2026-05-10T16:50:00+07:00,2026-05-10T16:50:00+07:00
PAY002791,ORD003106,2026-03-20T04:38:00+07:00,cash,success,15225500.00,seed,2026-03-20T04:38:00+07:00,2026-03-20T04:38:00+07:00
PAY002792,ORD003107,2026-06-25T18:24:00+07:00,bank_transfer,success,6920000.00,seed,2026-06-25T18:24:00+07:00,2026-06-25T18:24:00+07:00
PAY002793,ORD003108,2026-04-16T04:54:00+07:00,e_wallet,success,34136000.00,seed,2026-04-16T04:54:00+07:00,2026-04-16T04:54:00+07:00
PAY002794,ORD003109,2026-05-04T04:57:00+07:00,cash,success,4309500.00,seed,2026-05-04T04:57:00+07:00,2026-05-04T04:57:00+07:00
PAY002795,ORD003110,2026-03-10T02:47:00+07:00,bank_transfer,success,15498000.00,seed,2026-03-10T02:47:00+07:00,2026-03-10T02:47:00+07:00
PAY002796,ORD003112,2026-04-16T23:26:00+07:00,cash,success,9537500.00,seed,2026-04-16T23:26:00+07:00,2026-04-16T23:26:00+07:00
PAY002797,ORD003113,2026-06-10T20:53:00+07:00,e_wallet,success,17970000.00,seed,2026-06-10T20:53:00+07:00,2026-06-10T20:53:00+07:00
PAY002798,ORD003114,2026-02-26T22:13:00+07:00,cash,success,14385500.00,seed,2026-02-26T22:13:00+07:00,2026-02-26T22:13:00+07:00
PAY002799,ORD003115,2026-05-06T20:50:00+07:00,cash,success,7813000.00,seed,2026-05-06T20:50:00+07:00,2026-05-06T20:50:00+07:00
PAY002800,ORD003116,2026-03-20T13:02:00+07:00,cash,success,6380000.00,seed,2026-03-20T13:02:00+07:00,2026-03-20T13:02:00+07:00
PAY002801,ORD003117,2026-05-27T19:05:00+07:00,card,refunded,5890000.00,seed,2026-05-27T19:05:00+07:00,2026-05-27T19:05:00+07:00
PAY002802,ORD003118,2026-02-01T22:10:00+07:00,cash,success,26070000.00,seed,2026-02-01T22:10:00+07:00,2026-02-01T22:10:00+07:00
PAY002803,ORD003119,2026-06-04T16:46:00+07:00,e_wallet,success,15419000.00,seed,2026-06-04T16:46:00+07:00,2026-06-04T16:46:00+07:00
PAY002804,ORD003120,2026-04-16T19:30:00+07:00,cash,success,9526500.00,seed,2026-04-16T19:30:00+07:00,2026-04-16T19:30:00+07:00
PAY002805,ORD003121,2026-03-02T06:37:00+07:00,card,success,17237000.00,seed,2026-03-02T06:37:00+07:00,2026-03-02T06:37:00+07:00
PAY002806,ORD003122,2026-06-25T22:17:00+07:00,cash,success,11658000.00,seed,2026-06-25T22:17:00+07:00,2026-06-25T22:17:00+07:00
PAY002807,ORD003123,2026-02-24T20:54:00+07:00,bank_transfer,success,4170000.00,seed,2026-02-24T20:54:00+07:00,2026-02-24T20:54:00+07:00
PAY002808,ORD003124,2026-01-26T23:18:00+07:00,cash,success,27100500.00,seed,2026-01-26T23:18:00+07:00,2026-01-26T23:18:00+07:00
PAY002809,ORD003125,2026-05-01T13:08:00+07:00,bank_transfer,success,552500.00,seed,2026-05-01T13:08:00+07:00,2026-05-01T13:08:00+07:00
PAY002810,ORD003126,2026-05-31T17:41:00+07:00,bank_transfer,failed,10970000.00,seed,2026-05-31T17:41:00+07:00,2026-05-31T17:41:00+07:00
PAY002811,ORD003127,2026-06-12T19:55:00+07:00,bank_transfer,success,20294000.00,seed,2026-06-12T19:55:00+07:00,2026-06-12T19:55:00+07:00
PAY002812,ORD003128,2026-03-03T14:57:00+07:00,e_wallet,success,5510000.00,seed,2026-03-03T14:57:00+07:00,2026-03-03T14:57:00+07:00
PAY002813,ORD003129,2026-06-19T03:22:00+07:00,cash,success,21172500.00,seed,2026-06-19T03:22:00+07:00,2026-06-19T03:22:00+07:00
PAY002814,ORD003130,2026-05-29T15:19:00+07:00,card,success,7552000.00,seed,2026-05-29T15:19:00+07:00,2026-05-29T15:19:00+07:00
PAY002815,ORD003131,2026-04-06T05:24:00+07:00,cash,success,10087000.00,seed,2026-04-06T05:24:00+07:00,2026-04-06T05:24:00+07:00
PAY002816,ORD003132,2026-03-10T13:58:00+07:00,bank_transfer,failed,3102500.00,seed,2026-03-10T13:58:00+07:00,2026-03-10T13:58:00+07:00
PAY002817,ORD003133,2026-02-25T21:58:00+07:00,card,success,5610000.00,seed,2026-02-25T21:58:00+07:00,2026-02-25T21:58:00+07:00
PAY002818,ORD003134,2026-02-07T16:01:00+07:00,e_wallet,success,11546000.00,seed,2026-02-07T16:01:00+07:00,2026-02-07T16:01:00+07:00
PAY002819,ORD003135,2026-06-26T11:14:00+07:00,cash,success,7324500.00,seed,2026-06-26T11:14:00+07:00,2026-06-26T11:14:00+07:00
PAY002820,ORD003136,2026-04-14T00:18:00+07:00,e_wallet,success,12853500.00,seed,2026-04-14T00:18:00+07:00,2026-04-14T00:18:00+07:00
PAY002821,ORD003137,2026-06-01T11:25:00+07:00,bank_transfer,failed,3449500.00,seed,2026-06-01T11:25:00+07:00,2026-06-01T11:25:00+07:00
PAY002822,ORD003138,2026-04-10T15:58:00+07:00,bank_transfer,success,13245000.00,seed,2026-04-10T15:58:00+07:00,2026-04-10T15:58:00+07:00
PAY002823,ORD003139,2026-06-08T22:06:00+07:00,cash,success,765000.00,seed,2026-06-08T22:06:00+07:00,2026-06-08T22:06:00+07:00
PAY002824,ORD003140,2026-04-04T12:56:00+07:00,card,success,14608000.00,seed,2026-04-04T12:56:00+07:00,2026-04-04T12:56:00+07:00
PAY002825,ORD003141,2026-04-01T02:35:00+07:00,card,success,18866500.00,seed,2026-04-01T02:35:00+07:00,2026-04-01T02:35:00+07:00
PAY002826,ORD003142,2026-01-13T21:04:00+07:00,e_wallet,success,17200000.00,seed,2026-01-13T21:04:00+07:00,2026-01-13T21:04:00+07:00
PAY002827,ORD003143,2026-05-20T21:28:00+07:00,card,success,14810000.00,seed,2026-05-20T21:28:00+07:00,2026-05-20T21:28:00+07:00
PAY002828,ORD003144,2026-01-06T15:56:00+07:00,card,success,1121000.00,seed,2026-01-06T15:56:00+07:00,2026-01-06T15:56:00+07:00
PAY002829,ORD003145,2026-04-01T08:43:00+07:00,e_wallet,success,11029000.00,seed,2026-04-01T08:43:00+07:00,2026-04-01T08:43:00+07:00
PAY002830,ORD003146,2026-03-21T01:56:00+07:00,card,success,20987500.00,seed,2026-03-21T01:56:00+07:00,2026-03-21T01:56:00+07:00
PAY002831,ORD003147,2026-03-26T14:43:00+07:00,e_wallet,success,1150000.00,seed,2026-03-26T14:43:00+07:00,2026-03-26T14:43:00+07:00
PAY002832,ORD003148,2026-03-15T15:02:00+07:00,bank_transfer,success,1923000.00,seed,2026-03-15T15:02:00+07:00,2026-03-15T15:02:00+07:00
PAY002833,ORD003149,2026-03-19T19:35:00+07:00,bank_transfer,success,21408000.00,seed,2026-03-19T19:35:00+07:00,2026-03-19T19:35:00+07:00
PAY002834,ORD003151,2026-03-12T11:54:00+07:00,card,failed,5044500.00,seed,2026-03-12T11:54:00+07:00,2026-03-12T11:54:00+07:00
PAY002835,ORD003152,2026-01-11T02:28:00+07:00,card,success,15276000.00,seed,2026-01-11T02:28:00+07:00,2026-01-11T02:28:00+07:00
PAY002836,ORD003153,2026-01-15T13:17:00+07:00,card,success,6384000.00,seed,2026-01-15T13:17:00+07:00,2026-01-15T13:17:00+07:00
PAY002837,ORD003154,2026-03-08T20:12:00+07:00,cash,success,12876000.00,seed,2026-03-08T20:12:00+07:00,2026-03-08T20:12:00+07:00
PAY002838,ORD003155,2026-05-06T17:36:00+07:00,card,success,12426000.00,seed,2026-05-06T17:36:00+07:00,2026-05-06T17:36:00+07:00
PAY002839,ORD003156,2026-01-31T20:43:00+07:00,bank_transfer,success,2015500.00,seed,2026-01-31T20:43:00+07:00,2026-01-31T20:43:00+07:00
PAY002840,ORD003157,2026-05-28T15:28:00+07:00,cash,refunded,19738500.00,seed,2026-05-28T15:28:00+07:00,2026-05-28T15:28:00+07:00
PAY002841,ORD003158,2026-06-15T21:15:00+07:00,bank_transfer,success,7821000.00,seed,2026-06-15T21:15:00+07:00,2026-06-15T21:15:00+07:00
PAY002842,ORD003159,2026-06-04T15:05:00+07:00,card,success,12065000.00,seed,2026-06-04T15:05:00+07:00,2026-06-04T15:05:00+07:00
PAY002843,ORD003161,2026-03-02T13:39:00+07:00,e_wallet,success,4161000.00,seed,2026-03-02T13:39:00+07:00,2026-03-02T13:39:00+07:00
PAY002844,ORD003162,2026-03-26T07:40:00+07:00,e_wallet,success,7430000.00,seed,2026-03-26T07:40:00+07:00,2026-03-26T07:40:00+07:00
PAY002845,ORD003163,2026-02-19T16:37:00+07:00,e_wallet,success,15340500.00,seed,2026-02-19T16:37:00+07:00,2026-02-19T16:37:00+07:00
PAY002846,ORD003164,2026-02-17T05:42:00+07:00,bank_transfer,success,31676500.00,seed,2026-02-17T05:42:00+07:00,2026-02-17T05:42:00+07:00
PAY002847,ORD003165,2026-01-02T17:04:00+07:00,card,success,12313000.00,seed,2026-01-02T17:04:00+07:00,2026-01-02T17:04:00+07:00
PAY002848,ORD003166,2026-05-12T17:47:00+07:00,card,success,18671500.00,seed,2026-05-12T17:47:00+07:00,2026-05-12T17:47:00+07:00
PAY002849,ORD003168,2026-03-19T05:40:00+07:00,e_wallet,pending,16683500.00,seed,2026-03-19T05:40:00+07:00,2026-03-19T05:40:00+07:00
PAY002850,ORD003169,2026-01-27T22:36:00+07:00,card,success,4430000.00,seed,2026-01-27T22:36:00+07:00,2026-01-27T22:36:00+07:00
PAY002851,ORD003170,2026-01-21T00:18:00+07:00,bank_transfer,success,8037000.00,seed,2026-01-21T00:18:00+07:00,2026-01-21T00:18:00+07:00
PAY002852,ORD003171,2026-01-11T06:21:00+07:00,bank_transfer,success,11177000.00,seed,2026-01-11T06:21:00+07:00,2026-01-11T06:21:00+07:00
PAY002853,ORD003172,2026-02-06T18:03:00+07:00,card,success,3743000.00,seed,2026-02-06T18:03:00+07:00,2026-02-06T18:03:00+07:00
PAY002854,ORD003173,2026-02-06T22:22:00+07:00,e_wallet,success,42880500.00,seed,2026-02-06T22:22:00+07:00,2026-02-06T22:22:00+07:00
PAY002855,ORD003174,2026-05-08T14:19:00+07:00,cash,success,3249000.00,seed,2026-05-08T14:19:00+07:00,2026-05-08T14:19:00+07:00
PAY002856,ORD003177,2026-05-03T16:41:00+07:00,card,success,7420000.00,seed,2026-05-03T16:41:00+07:00,2026-05-03T16:41:00+07:00
PAY002857,ORD003178,2026-05-11T05:11:00+07:00,cash,success,9093500.00,seed,2026-05-11T05:11:00+07:00,2026-05-11T05:11:00+07:00
PAY002858,ORD003179,2026-03-28T17:26:00+07:00,e_wallet,success,14310000.00,seed,2026-03-28T17:26:00+07:00,2026-03-28T17:26:00+07:00
PAY002859,ORD003180,2026-06-04T00:35:00+07:00,card,success,14289000.00,seed,2026-06-04T00:35:00+07:00,2026-06-04T00:35:00+07:00
PAY002860,ORD003181,2026-04-29T13:07:00+07:00,bank_transfer,success,3420000.00,seed,2026-04-29T13:07:00+07:00,2026-04-29T13:07:00+07:00
PAY002861,ORD003182,2026-02-07T17:00:00+07:00,cash,success,12850500.00,seed,2026-02-07T17:00:00+07:00,2026-02-07T17:00:00+07:00
PAY002862,ORD003183,2026-04-07T22:34:00+07:00,card,success,23840000.00,seed,2026-04-07T22:34:00+07:00,2026-04-07T22:34:00+07:00
PAY002863,ORD003184,2026-01-10T21:24:00+07:00,bank_transfer,success,14078000.00,seed,2026-01-10T21:24:00+07:00,2026-01-10T21:24:00+07:00
PAY002864,ORD003185,2026-03-01T00:07:00+07:00,e_wallet,success,3897000.00,seed,2026-03-01T00:07:00+07:00,2026-03-01T00:07:00+07:00
PAY002865,ORD003186,2026-05-07T18:54:00+07:00,cash,success,23244500.00,seed,2026-05-07T18:54:00+07:00,2026-05-07T18:54:00+07:00
PAY002866,ORD003187,2026-05-14T22:48:00+07:00,cash,success,5270000.00,seed,2026-05-14T22:48:00+07:00,2026-05-14T22:48:00+07:00
PAY002867,ORD003188,2026-01-31T08:57:00+07:00,cash,success,8269000.00,seed,2026-01-31T08:57:00+07:00,2026-01-31T08:57:00+07:00
PAY002868,ORD003190,2026-05-07T03:24:00+07:00,card,success,13309500.00,seed,2026-05-07T03:24:00+07:00,2026-05-07T03:24:00+07:00
PAY002869,ORD003191,2026-03-13T21:14:00+07:00,card,success,16697500.00,seed,2026-03-13T21:14:00+07:00,2026-03-13T21:14:00+07:00
PAY002870,ORD003192,2026-03-23T01:53:00+07:00,card,success,8660000.00,seed,2026-03-23T01:53:00+07:00,2026-03-23T01:53:00+07:00
PAY002871,ORD003193,2026-06-18T02:17:00+07:00,bank_transfer,success,14579500.00,seed,2026-06-18T02:17:00+07:00,2026-06-18T02:17:00+07:00
PAY002872,ORD003194,2026-03-26T02:28:00+07:00,e_wallet,success,10306500.00,seed,2026-03-26T02:28:00+07:00,2026-03-26T02:28:00+07:00
PAY002873,ORD003195,2026-01-09T20:29:00+07:00,bank_transfer,success,2700000.00,seed,2026-01-09T20:29:00+07:00,2026-01-09T20:29:00+07:00
PAY002874,ORD003196,2026-06-25T00:05:00+07:00,e_wallet,success,47912500.00,seed,2026-06-25T00:05:00+07:00,2026-06-25T00:05:00+07:00
PAY002875,ORD003197,2026-03-30T07:44:00+07:00,card,success,19936000.00,seed,2026-03-30T07:44:00+07:00,2026-03-30T07:44:00+07:00
PAY002876,ORD003198,2026-02-06T21:29:00+07:00,card,success,8690000.00,seed,2026-02-06T21:29:00+07:00,2026-02-06T21:29:00+07:00
PAY002877,ORD003199,2026-03-17T03:17:00+07:00,bank_transfer,success,11127500.00,seed,2026-03-17T03:17:00+07:00,2026-03-17T03:17:00+07:00
PAY002878,ORD003200,2026-03-20T17:23:00+07:00,cash,success,3867500.00,seed,2026-03-20T17:23:00+07:00,2026-03-20T17:23:00+07:00
PAY002879,ORD003201,2026-05-12T12:34:00+07:00,e_wallet,pending,6479000.00,seed,2026-05-12T12:34:00+07:00,2026-05-12T12:34:00+07:00
PAY002880,ORD003203,2026-01-23T01:31:00+07:00,bank_transfer,success,26903000.00,seed,2026-01-23T01:31:00+07:00,2026-01-23T01:31:00+07:00
PAY002881,ORD003204,2026-05-01T22:07:00+07:00,cash,success,30807500.00,seed,2026-05-01T22:07:00+07:00,2026-05-01T22:07:00+07:00
PAY002882,ORD003205,2026-01-12T19:03:00+07:00,e_wallet,success,7801500.00,seed,2026-01-12T19:03:00+07:00,2026-01-12T19:03:00+07:00
PAY002883,ORD003206,2026-03-17T17:23:00+07:00,card,success,8381000.00,seed,2026-03-17T17:23:00+07:00,2026-03-17T17:23:00+07:00
PAY002884,ORD003207,2026-04-02T23:40:00+07:00,bank_transfer,success,10464500.00,seed,2026-04-02T23:40:00+07:00,2026-04-02T23:40:00+07:00
PAY002885,ORD003208,2026-03-24T07:10:00+07:00,cash,pending,6377500.00,seed,2026-03-24T07:10:00+07:00,2026-03-24T07:10:00+07:00
PAY002886,ORD003209,2026-01-21T20:35:00+07:00,bank_transfer,success,40368500.00,seed,2026-01-21T20:35:00+07:00,2026-01-21T20:35:00+07:00
PAY002887,ORD003211,2026-03-08T19:14:00+07:00,card,success,14030000.00,seed,2026-03-08T19:14:00+07:00,2026-03-08T19:14:00+07:00
PAY002888,ORD003212,2026-05-24T21:47:00+07:00,bank_transfer,success,14600000.00,seed,2026-05-24T21:47:00+07:00,2026-05-24T21:47:00+07:00
PAY002889,ORD003213,2026-04-08T21:02:00+07:00,bank_transfer,success,29297000.00,seed,2026-04-08T21:02:00+07:00,2026-04-08T21:02:00+07:00
PAY002890,ORD003214,2026-03-06T22:01:00+07:00,card,success,9576000.00,seed,2026-03-06T22:01:00+07:00,2026-03-06T22:01:00+07:00
PAY002891,ORD003215,2026-06-07T14:15:00+07:00,e_wallet,success,15600000.00,seed,2026-06-07T14:15:00+07:00,2026-06-07T14:15:00+07:00
PAY002892,ORD003216,2026-01-15T13:55:00+07:00,e_wallet,success,14458000.00,seed,2026-01-15T13:55:00+07:00,2026-01-15T13:55:00+07:00
PAY002893,ORD003217,2026-03-05T23:32:00+07:00,e_wallet,success,27205000.00,seed,2026-03-05T23:32:00+07:00,2026-03-05T23:32:00+07:00
PAY002894,ORD003218,2026-03-02T16:57:00+07:00,bank_transfer,success,38127500.00,seed,2026-03-02T16:57:00+07:00,2026-03-02T16:57:00+07:00
PAY002895,ORD003220,2026-05-08T22:47:00+07:00,cash,success,1404000.00,seed,2026-05-08T22:47:00+07:00,2026-05-08T22:47:00+07:00
PAY002896,ORD003221,2026-03-25T01:11:00+07:00,bank_transfer,success,19990000.00,seed,2026-03-25T01:11:00+07:00,2026-03-25T01:11:00+07:00
PAY002897,ORD003222,2026-01-23T04:56:00+07:00,e_wallet,success,22830000.00,seed,2026-01-23T04:56:00+07:00,2026-01-23T04:56:00+07:00
PAY002898,ORD003223,2026-03-03T22:31:00+07:00,bank_transfer,success,4980000.00,seed,2026-03-03T22:31:00+07:00,2026-03-03T22:31:00+07:00
PAY002899,ORD003224,2026-05-08T19:06:00+07:00,card,success,5700000.00,seed,2026-05-08T19:06:00+07:00,2026-05-08T19:06:00+07:00
PAY002900,ORD003225,2026-01-21T18:19:00+07:00,e_wallet,success,3285000.00,seed,2026-01-21T18:19:00+07:00,2026-01-21T18:19:00+07:00
PAY002901,ORD003226,2026-04-06T20:04:00+07:00,card,failed,16565000.00,seed,2026-04-06T20:04:00+07:00,2026-04-06T20:04:00+07:00
PAY002902,ORD003227,2026-03-26T02:04:00+07:00,e_wallet,success,9917000.00,seed,2026-03-26T02:04:00+07:00,2026-03-26T02:04:00+07:00
PAY002903,ORD003228,2026-05-25T19:28:00+07:00,cash,success,333000.00,seed,2026-05-25T19:28:00+07:00,2026-05-25T19:28:00+07:00
PAY002904,ORD003229,2026-01-01T22:46:00+07:00,bank_transfer,success,12304000.00,seed,2026-01-01T22:46:00+07:00,2026-01-01T22:46:00+07:00
PAY002905,ORD003231,2026-01-05T23:26:00+07:00,bank_transfer,success,20228000.00,seed,2026-01-05T23:26:00+07:00,2026-01-05T23:26:00+07:00
PAY002906,ORD003232,2026-04-22T15:49:00+07:00,cash,success,26786500.00,seed,2026-04-22T15:49:00+07:00,2026-04-22T15:49:00+07:00
PAY002907,ORD003233,2026-04-07T15:31:00+07:00,e_wallet,success,17360000.00,seed,2026-04-07T15:31:00+07:00,2026-04-07T15:31:00+07:00
PAY002908,ORD003234,2026-03-08T05:33:00+07:00,cash,success,8864000.00,seed,2026-03-08T05:33:00+07:00,2026-03-08T05:33:00+07:00
PAY002909,ORD003235,2026-04-13T17:03:00+07:00,card,success,12673000.00,seed,2026-04-13T17:03:00+07:00,2026-04-13T17:03:00+07:00
PAY002910,ORD003236,2026-01-10T09:28:00+07:00,card,success,7473000.00,seed,2026-01-10T09:28:00+07:00,2026-01-10T09:28:00+07:00
PAY002911,ORD003237,2026-06-28T19:30:00+07:00,cash,success,16006500.00,seed,2026-06-28T19:30:00+07:00,2026-06-28T19:30:00+07:00
PAY002912,ORD003238,2026-04-08T13:06:00+07:00,cash,success,1479000.00,seed,2026-04-08T13:06:00+07:00,2026-04-08T13:06:00+07:00
PAY002913,ORD003239,2026-05-31T14:39:00+07:00,bank_transfer,success,28523500.00,seed,2026-05-31T14:39:00+07:00,2026-05-31T14:39:00+07:00
PAY002914,ORD003240,2026-01-29T23:59:00+07:00,cash,success,6887500.00,seed,2026-01-29T23:59:00+07:00,2026-01-29T23:59:00+07:00
PAY002915,ORD003241,2026-06-22T16:12:00+07:00,bank_transfer,success,11324500.00,seed,2026-06-22T16:12:00+07:00,2026-06-22T16:12:00+07:00
PAY002916,ORD003242,2026-04-18T22:20:00+07:00,card,success,35699500.00,seed,2026-04-18T22:20:00+07:00,2026-04-18T22:20:00+07:00
PAY002917,ORD003243,2026-02-13T16:37:00+07:00,e_wallet,success,37497000.00,seed,2026-02-13T16:37:00+07:00,2026-02-13T16:37:00+07:00
PAY002918,ORD003244,2026-06-27T03:17:00+07:00,card,success,14508500.00,seed,2026-06-27T03:17:00+07:00,2026-06-27T03:17:00+07:00
PAY002919,ORD003245,2026-02-09T01:20:00+07:00,bank_transfer,success,840000.00,seed,2026-02-09T01:20:00+07:00,2026-02-09T01:20:00+07:00
PAY002920,ORD003246,2026-03-14T17:43:00+07:00,bank_transfer,success,11409000.00,seed,2026-03-14T17:43:00+07:00,2026-03-14T17:43:00+07:00
PAY002921,ORD003247,2026-03-10T17:55:00+07:00,card,failed,10037000.00,seed,2026-03-10T17:55:00+07:00,2026-03-10T17:55:00+07:00
PAY002922,ORD003248,2026-06-07T20:14:00+07:00,bank_transfer,success,11400000.00,seed,2026-06-07T20:14:00+07:00,2026-06-07T20:14:00+07:00
PAY002923,ORD003249,2026-02-21T03:56:00+07:00,bank_transfer,success,5220000.00,seed,2026-02-21T03:56:00+07:00,2026-02-21T03:56:00+07:00
PAY002924,ORD003250,2026-01-14T17:39:00+07:00,e_wallet,success,540000.00,seed,2026-01-14T17:39:00+07:00,2026-01-14T17:39:00+07:00
PAY002925,ORD003252,2026-02-14T19:44:00+07:00,card,success,8110000.00,seed,2026-02-14T19:44:00+07:00,2026-02-14T19:44:00+07:00
PAY002926,ORD003253,2026-05-28T00:14:00+07:00,e_wallet,failed,12110000.00,seed,2026-05-28T00:14:00+07:00,2026-05-28T00:14:00+07:00
PAY002927,ORD003254,2026-04-30T18:19:00+07:00,card,success,6125000.00,seed,2026-04-30T18:19:00+07:00,2026-04-30T18:19:00+07:00
PAY002928,ORD003255,2026-05-27T01:43:00+07:00,card,success,17925000.00,seed,2026-05-27T01:43:00+07:00,2026-05-27T01:43:00+07:00
PAY002929,ORD003256,2026-06-28T03:27:00+07:00,cash,success,10352000.00,seed,2026-06-28T03:27:00+07:00,2026-06-28T03:27:00+07:00
PAY002930,ORD003258,2026-01-22T04:31:00+07:00,e_wallet,success,25841500.00,seed,2026-01-22T04:31:00+07:00,2026-01-22T04:31:00+07:00
PAY002931,ORD003259,2026-06-29T19:42:00+07:00,cash,success,15360000.00,seed,2026-06-29T19:42:00+07:00,2026-06-29T19:42:00+07:00
PAY002932,ORD003260,2026-01-12T00:24:00+07:00,cash,success,9865500.00,seed,2026-01-12T00:24:00+07:00,2026-01-12T00:24:00+07:00
PAY002933,ORD003261,2026-02-11T11:16:00+07:00,card,success,4450000.00,seed,2026-02-11T11:16:00+07:00,2026-02-11T11:16:00+07:00
PAY002934,ORD003262,2026-06-25T11:11:00+07:00,card,success,14851000.00,seed,2026-06-25T11:11:00+07:00,2026-06-25T11:11:00+07:00
PAY002935,ORD003263,2026-05-02T06:44:00+07:00,card,success,9251000.00,seed,2026-05-02T06:44:00+07:00,2026-05-02T06:44:00+07:00
PAY002936,ORD003264,2026-06-30T00:19:00+07:00,e_wallet,success,17920000.00,seed,2026-06-30T00:19:00+07:00,2026-06-30T00:19:00+07:00
PAY002937,ORD003265,2026-02-21T06:45:00+07:00,bank_transfer,success,26112500.00,seed,2026-02-21T06:45:00+07:00,2026-02-21T06:45:00+07:00
PAY002938,ORD003266,2026-02-08T14:00:00+07:00,cash,success,7753500.00,seed,2026-02-08T14:00:00+07:00,2026-02-08T14:00:00+07:00
PAY002939,ORD003267,2026-06-15T22:28:00+07:00,cash,success,621000.00,seed,2026-06-15T22:28:00+07:00,2026-06-15T22:28:00+07:00
PAY002940,ORD003269,2026-03-07T08:35:00+07:00,bank_transfer,success,11002000.00,seed,2026-03-07T08:35:00+07:00,2026-03-07T08:35:00+07:00
PAY002941,ORD003270,2026-04-18T17:21:00+07:00,bank_transfer,success,5700000.00,seed,2026-04-18T17:21:00+07:00,2026-04-18T17:21:00+07:00
PAY002942,ORD003271,2026-01-06T04:13:00+07:00,bank_transfer,success,5282000.00,seed,2026-01-06T04:13:00+07:00,2026-01-06T04:13:00+07:00
PAY002943,ORD003272,2026-02-08T06:55:00+07:00,card,success,8087500.00,seed,2026-02-08T06:55:00+07:00,2026-02-08T06:55:00+07:00
PAY002944,ORD003273,2026-04-06T17:12:00+07:00,e_wallet,success,12720000.00,seed,2026-04-06T17:12:00+07:00,2026-04-06T17:12:00+07:00
PAY002945,ORD003274,2026-01-10T22:51:00+07:00,e_wallet,success,7960000.00,seed,2026-01-10T22:51:00+07:00,2026-01-10T22:51:00+07:00
PAY002946,ORD003275,2026-03-16T23:53:00+07:00,bank_transfer,success,1810500.00,seed,2026-03-16T23:53:00+07:00,2026-03-16T23:53:00+07:00
PAY002947,ORD003276,2026-03-28T14:58:00+07:00,cash,success,7536000.00,seed,2026-03-28T14:58:00+07:00,2026-03-28T14:58:00+07:00
PAY002948,ORD003277,2026-03-03T23:08:00+07:00,bank_transfer,success,6727500.00,seed,2026-03-03T23:08:00+07:00,2026-03-03T23:08:00+07:00
PAY002949,ORD003278,2026-05-11T03:02:00+07:00,card,success,900000.00,seed,2026-05-11T03:02:00+07:00,2026-05-11T03:02:00+07:00
PAY002950,ORD003279,2026-01-18T18:49:00+07:00,cash,failed,12036500.00,seed,2026-01-18T18:49:00+07:00,2026-01-18T18:49:00+07:00
PAY002951,ORD003280,2026-03-12T05:03:00+07:00,bank_transfer,success,25298000.00,seed,2026-03-12T05:03:00+07:00,2026-03-12T05:03:00+07:00
PAY002952,ORD003281,2026-03-10T14:30:00+07:00,e_wallet,success,6870000.00,seed,2026-03-10T14:30:00+07:00,2026-03-10T14:30:00+07:00
PAY002953,ORD003283,2026-02-04T20:59:00+07:00,bank_transfer,success,6203500.00,seed,2026-02-04T20:59:00+07:00,2026-02-04T20:59:00+07:00
PAY002954,ORD003284,2026-04-17T14:31:00+07:00,card,success,6392000.00,seed,2026-04-17T14:31:00+07:00,2026-04-17T14:31:00+07:00
PAY002955,ORD003285,2026-04-03T14:28:00+07:00,bank_transfer,failed,6341500.00,seed,2026-04-03T14:28:00+07:00,2026-04-03T14:28:00+07:00
PAY002956,ORD003286,2026-01-16T18:27:00+07:00,e_wallet,success,39667000.00,seed,2026-01-16T18:27:00+07:00,2026-01-16T18:27:00+07:00
PAY002957,ORD003287,2026-02-16T00:56:00+07:00,bank_transfer,success,15244500.00,seed,2026-02-16T00:56:00+07:00,2026-02-16T00:56:00+07:00
PAY002958,ORD003288,2026-01-26T10:49:00+07:00,card,success,5597500.00,seed,2026-01-26T10:49:00+07:00,2026-01-26T10:49:00+07:00
PAY002959,ORD003289,2026-01-03T23:09:00+07:00,card,success,13586000.00,seed,2026-01-03T23:09:00+07:00,2026-01-03T23:09:00+07:00
PAY002960,ORD003290,2026-01-07T18:02:00+07:00,e_wallet,success,5450000.00,seed,2026-01-07T18:02:00+07:00,2026-01-07T18:02:00+07:00
PAY002961,ORD003291,2026-03-23T19:35:00+07:00,bank_transfer,success,10006500.00,seed,2026-03-23T19:35:00+07:00,2026-03-23T19:35:00+07:00
PAY002962,ORD003292,2026-01-17T01:39:00+07:00,cash,success,5719000.00,seed,2026-01-17T01:39:00+07:00,2026-01-17T01:39:00+07:00
PAY002963,ORD003293,2026-02-09T22:00:00+07:00,cash,success,27961500.00,seed,2026-02-09T22:00:00+07:00,2026-02-09T22:00:00+07:00
PAY002964,ORD003294,2026-04-14T09:07:00+07:00,e_wallet,success,25407000.00,seed,2026-04-14T09:07:00+07:00,2026-04-14T09:07:00+07:00
PAY002965,ORD003295,2026-01-16T15:28:00+07:00,card,success,9775000.00,seed,2026-01-16T15:28:00+07:00,2026-01-16T15:28:00+07:00
PAY002966,ORD003296,2026-03-27T20:57:00+07:00,card,success,17667500.00,seed,2026-03-27T20:57:00+07:00,2026-03-27T20:57:00+07:00
PAY002967,ORD003297,2026-04-30T22:38:00+07:00,card,success,7470000.00,seed,2026-04-30T22:38:00+07:00,2026-04-30T22:38:00+07:00
PAY002968,ORD003298,2026-04-11T18:24:00+07:00,bank_transfer,failed,8633000.00,seed,2026-04-11T18:24:00+07:00,2026-04-11T18:24:00+07:00
PAY002969,ORD003299,2026-04-14T03:50:00+07:00,card,success,10343000.00,seed,2026-04-14T03:50:00+07:00,2026-04-14T03:50:00+07:00
PAY002970,ORD003300,2026-05-09T16:21:00+07:00,e_wallet,success,8231500.00,seed,2026-05-09T16:21:00+07:00,2026-05-09T16:21:00+07:00
PAY002971,ORD003301,2026-05-17T16:34:00+07:00,card,success,1660000.00,seed,2026-05-17T16:34:00+07:00,2026-05-17T16:34:00+07:00
PAY002972,ORD003302,2026-03-30T15:36:00+07:00,bank_transfer,success,3289500.00,seed,2026-03-30T15:36:00+07:00,2026-03-30T15:36:00+07:00
PAY002973,ORD003303,2026-05-13T09:48:00+07:00,cash,pending,31321000.00,seed,2026-05-13T09:48:00+07:00,2026-05-13T09:48:00+07:00
PAY002974,ORD003304,2026-04-23T17:28:00+07:00,cash,success,7719000.00,seed,2026-04-23T17:28:00+07:00,2026-04-23T17:28:00+07:00
PAY002975,ORD003306,2026-01-28T18:19:00+07:00,cash,success,17065500.00,seed,2026-01-28T18:19:00+07:00,2026-01-28T18:19:00+07:00
PAY002976,ORD003308,2026-05-05T12:45:00+07:00,bank_transfer,success,10466000.00,seed,2026-05-05T12:45:00+07:00,2026-05-05T12:45:00+07:00
PAY002977,ORD003309,2026-03-23T18:32:00+07:00,e_wallet,success,5700000.00,seed,2026-03-23T18:32:00+07:00,2026-03-23T18:32:00+07:00
PAY002978,ORD003310,2026-02-10T23:12:00+07:00,cash,success,20290500.00,seed,2026-02-10T23:12:00+07:00,2026-02-10T23:12:00+07:00
PAY002979,ORD003311,2026-06-19T21:54:00+07:00,cash,success,17120000.00,seed,2026-06-19T21:54:00+07:00,2026-06-19T21:54:00+07:00
PAY002980,ORD003312,2026-03-11T02:00:00+07:00,card,success,3141000.00,seed,2026-03-11T02:00:00+07:00,2026-03-11T02:00:00+07:00
PAY002981,ORD003314,2026-03-15T17:00:00+07:00,card,success,11747000.00,seed,2026-03-15T17:00:00+07:00,2026-03-15T17:00:00+07:00
PAY002982,ORD003315,2026-05-05T21:01:00+07:00,bank_transfer,success,11493000.00,seed,2026-05-05T21:01:00+07:00,2026-05-05T21:01:00+07:00
PAY002983,ORD003316,2026-01-30T19:49:00+07:00,cash,success,2995000.00,seed,2026-01-30T19:49:00+07:00,2026-01-30T19:49:00+07:00
PAY002984,ORD003317,2026-05-02T21:55:00+07:00,cash,success,6052000.00,seed,2026-05-02T21:55:00+07:00,2026-05-02T21:55:00+07:00
PAY002985,ORD003318,2026-03-30T20:45:00+07:00,cash,success,28219000.00,seed,2026-03-30T20:45:00+07:00,2026-03-30T20:45:00+07:00
PAY002986,ORD003319,2026-02-05T04:07:00+07:00,bank_transfer,success,10705500.00,seed,2026-02-05T04:07:00+07:00,2026-02-05T04:07:00+07:00
PAY002987,ORD003320,2026-06-02T19:49:00+07:00,e_wallet,success,7860000.00,seed,2026-06-02T19:49:00+07:00,2026-06-02T19:49:00+07:00
PAY002988,ORD003321,2026-02-14T17:38:00+07:00,card,success,2914000.00,seed,2026-02-14T17:38:00+07:00,2026-02-14T17:38:00+07:00
PAY002989,ORD003322,2026-01-07T13:07:00+07:00,e_wallet,success,14276000.00,seed,2026-01-07T13:07:00+07:00,2026-01-07T13:07:00+07:00
PAY002990,ORD003324,2026-04-16T21:09:00+07:00,cash,success,6920000.00,seed,2026-04-16T21:09:00+07:00,2026-04-16T21:09:00+07:00
PAY002991,ORD003325,2026-01-13T18:56:00+07:00,card,success,8528500.00,seed,2026-01-13T18:56:00+07:00,2026-01-13T18:56:00+07:00
PAY002992,ORD003326,2026-02-24T19:42:00+07:00,e_wallet,success,5190000.00,seed,2026-02-24T19:42:00+07:00,2026-02-24T19:42:00+07:00
PAY002993,ORD003327,2026-03-17T03:43:00+07:00,card,success,10974500.00,seed,2026-03-17T03:43:00+07:00,2026-03-17T03:43:00+07:00
PAY002994,ORD003328,2026-02-28T14:13:00+07:00,e_wallet,success,4902000.00,seed,2026-02-28T14:13:00+07:00,2026-02-28T14:13:00+07:00
PAY002995,ORD003329,2026-05-12T15:11:00+07:00,cash,success,15690500.00,seed,2026-05-12T15:11:00+07:00,2026-05-12T15:11:00+07:00
PAY002996,ORD003330,2026-04-05T17:23:00+07:00,card,success,8167500.00,seed,2026-04-05T17:23:00+07:00,2026-04-05T17:23:00+07:00
PAY002997,ORD003332,2026-04-19T00:46:00+07:00,e_wallet,failed,1921000.00,seed,2026-04-19T00:46:00+07:00,2026-04-19T00:46:00+07:00
PAY002998,ORD003333,2026-05-15T21:53:00+07:00,cash,failed,12702000.00,seed,2026-05-15T21:53:00+07:00,2026-05-15T21:53:00+07:00
PAY002999,ORD003334,2026-06-12T18:07:00+07:00,card,success,15039500.00,seed,2026-06-12T18:07:00+07:00,2026-06-12T18:07:00+07:00
PAY003000,ORD003335,2026-06-04T15:42:00+07:00,cash,success,12125500.00,seed,2026-06-04T15:42:00+07:00,2026-06-04T15:42:00+07:00
PAY003001,ORD003336,2026-02-16T19:11:00+07:00,cash,success,11914500.00,seed,2026-02-16T19:11:00+07:00,2026-02-16T19:11:00+07:00
PAY003002,ORD003337,2026-06-02T13:52:00+07:00,e_wallet,success,26996000.00,seed,2026-06-02T13:52:00+07:00,2026-06-02T13:52:00+07:00
PAY003003,ORD003338,2026-03-14T14:21:00+07:00,card,success,5942000.00,seed,2026-03-14T14:21:00+07:00,2026-03-14T14:21:00+07:00
PAY003004,ORD003339,2026-03-30T00:37:00+07:00,cash,success,15444000.00,seed,2026-03-30T00:37:00+07:00,2026-03-30T00:37:00+07:00
PAY003005,ORD003341,2026-01-01T15:26:00+07:00,cash,success,6219000.00,seed,2026-01-01T15:26:00+07:00,2026-01-01T15:26:00+07:00
PAY003006,ORD003342,2026-06-13T20:44:00+07:00,card,success,15916500.00,seed,2026-06-13T20:44:00+07:00,2026-06-13T20:44:00+07:00
PAY003007,ORD003343,2026-04-28T03:47:00+07:00,bank_transfer,success,6538000.00,seed,2026-04-28T03:47:00+07:00,2026-04-28T03:47:00+07:00
PAY003008,ORD003344,2026-06-15T03:05:00+07:00,card,pending,3040000.00,seed,2026-06-15T03:05:00+07:00,2026-06-15T03:05:00+07:00
PAY003009,ORD003345,2026-05-29T05:23:00+07:00,bank_transfer,success,15221500.00,seed,2026-05-29T05:23:00+07:00,2026-05-29T05:23:00+07:00
PAY003010,ORD003346,2026-02-20T19:43:00+07:00,card,success,12280000.00,seed,2026-02-20T19:43:00+07:00,2026-02-20T19:43:00+07:00
PAY003011,ORD003347,2026-05-26T02:58:00+07:00,cash,success,11898000.00,seed,2026-05-26T02:58:00+07:00,2026-05-26T02:58:00+07:00
PAY003012,ORD003348,2026-03-03T00:35:00+07:00,cash,success,29155000.00,seed,2026-03-03T00:35:00+07:00,2026-03-03T00:35:00+07:00
PAY003013,ORD003349,2026-04-08T02:21:00+07:00,card,success,9088500.00,seed,2026-04-08T02:21:00+07:00,2026-04-08T02:21:00+07:00
PAY003014,ORD003351,2026-06-28T23:47:00+07:00,bank_transfer,success,2620000.00,seed,2026-06-28T23:47:00+07:00,2026-06-28T23:47:00+07:00
PAY003015,ORD003352,2026-04-22T01:02:00+07:00,e_wallet,success,2380000.00,seed,2026-04-22T01:02:00+07:00,2026-04-22T01:02:00+07:00
PAY003016,ORD003353,2026-03-18T20:30:00+07:00,cash,success,13330000.00,seed,2026-03-18T20:30:00+07:00,2026-03-18T20:30:00+07:00
PAY003017,ORD003354,2026-01-17T18:01:00+07:00,card,success,15640000.00,seed,2026-01-17T18:01:00+07:00,2026-01-17T18:01:00+07:00
PAY003018,ORD003355,2026-02-22T04:27:00+07:00,cash,success,4610000.00,seed,2026-02-22T04:27:00+07:00,2026-02-22T04:27:00+07:00
PAY003019,ORD003356,2026-01-16T22:55:00+07:00,e_wallet,success,19724500.00,seed,2026-01-16T22:55:00+07:00,2026-01-16T22:55:00+07:00
PAY003020,ORD003358,2026-04-20T05:35:00+07:00,e_wallet,success,19457000.00,seed,2026-04-20T05:35:00+07:00,2026-04-20T05:35:00+07:00
PAY003021,ORD003359,2026-01-30T19:50:00+07:00,e_wallet,success,9315000.00,seed,2026-01-30T19:50:00+07:00,2026-01-30T19:50:00+07:00
PAY003022,ORD003360,2026-01-16T14:10:00+07:00,e_wallet,success,11758500.00,seed,2026-01-16T14:10:00+07:00,2026-01-16T14:10:00+07:00
PAY003023,ORD003361,2026-02-12T17:59:00+07:00,e_wallet,success,4352500.00,seed,2026-02-12T17:59:00+07:00,2026-02-12T17:59:00+07:00
PAY003024,ORD003362,2026-05-31T19:12:00+07:00,bank_transfer,success,4189500.00,seed,2026-05-31T19:12:00+07:00,2026-05-31T19:12:00+07:00
PAY003025,ORD003363,2026-03-04T03:11:00+07:00,e_wallet,success,32356000.00,seed,2026-03-04T03:11:00+07:00,2026-03-04T03:11:00+07:00
PAY003026,ORD003364,2026-06-06T17:46:00+07:00,bank_transfer,success,10355000.00,seed,2026-06-06T17:46:00+07:00,2026-06-06T17:46:00+07:00
PAY003027,ORD003365,2026-05-07T20:57:00+07:00,card,success,16330000.00,seed,2026-05-07T20:57:00+07:00,2026-05-07T20:57:00+07:00
PAY003028,ORD003366,2026-06-18T14:18:00+07:00,cash,success,13262000.00,seed,2026-06-18T14:18:00+07:00,2026-06-18T14:18:00+07:00
PAY003029,ORD003367,2026-02-13T02:51:00+07:00,cash,success,7837000.00,seed,2026-02-13T02:51:00+07:00,2026-02-13T02:51:00+07:00
PAY003030,ORD003368,2026-01-14T23:26:00+07:00,cash,success,2060000.00,seed,2026-01-14T23:26:00+07:00,2026-01-14T23:26:00+07:00
PAY003031,ORD003369,2026-05-08T20:41:00+07:00,cash,success,8848500.00,seed,2026-05-08T20:41:00+07:00,2026-05-08T20:41:00+07:00
PAY003032,ORD003370,2026-03-13T01:34:00+07:00,bank_transfer,success,5933000.00,seed,2026-03-13T01:34:00+07:00,2026-03-13T01:34:00+07:00
PAY003033,ORD003371,2026-06-11T16:05:00+07:00,cash,success,1900000.00,seed,2026-06-11T16:05:00+07:00,2026-06-11T16:05:00+07:00
PAY003034,ORD003372,2026-03-15T08:03:00+07:00,e_wallet,success,5270000.00,seed,2026-03-15T08:03:00+07:00,2026-03-15T08:03:00+07:00
PAY003035,ORD003373,2026-04-16T16:51:00+07:00,e_wallet,success,2278000.00,seed,2026-04-16T16:51:00+07:00,2026-04-16T16:51:00+07:00
PAY003036,ORD003374,2026-02-09T05:50:00+07:00,card,success,29673500.00,seed,2026-02-09T05:50:00+07:00,2026-02-09T05:50:00+07:00
PAY003037,ORD003375,2026-06-13T21:34:00+07:00,bank_transfer,success,36984000.00,seed,2026-06-13T21:34:00+07:00,2026-06-13T21:34:00+07:00
PAY003038,ORD003376,2026-01-19T02:09:00+07:00,e_wallet,success,25515000.00,seed,2026-01-19T02:09:00+07:00,2026-01-19T02:09:00+07:00
PAY003039,ORD003377,2026-03-14T00:34:00+07:00,bank_transfer,success,2151000.00,seed,2026-03-14T00:34:00+07:00,2026-03-14T00:34:00+07:00
PAY003040,ORD003378,2026-03-09T14:56:00+07:00,card,success,15672500.00,seed,2026-03-09T14:56:00+07:00,2026-03-09T14:56:00+07:00
PAY003041,ORD003379,2026-01-09T21:53:00+07:00,e_wallet,success,5740000.00,seed,2026-01-09T21:53:00+07:00,2026-01-09T21:53:00+07:00
PAY003042,ORD003380,2026-01-25T14:41:00+07:00,bank_transfer,success,11320000.00,seed,2026-01-25T14:41:00+07:00,2026-01-25T14:41:00+07:00
PAY003043,ORD003381,2026-01-26T20:44:00+07:00,bank_transfer,success,10730000.00,seed,2026-01-26T20:44:00+07:00,2026-01-26T20:44:00+07:00
PAY003044,ORD003382,2026-05-06T20:47:00+07:00,cash,success,17476000.00,seed,2026-05-06T20:47:00+07:00,2026-05-06T20:47:00+07:00
PAY003045,ORD003383,2026-01-26T21:02:00+07:00,cash,success,14427500.00,seed,2026-01-26T21:02:00+07:00,2026-01-26T21:02:00+07:00
PAY003046,ORD003384,2026-03-27T22:01:00+07:00,card,success,6647000.00,seed,2026-03-27T22:01:00+07:00,2026-03-27T22:01:00+07:00
PAY003047,ORD003385,2026-05-30T04:20:00+07:00,bank_transfer,success,6833000.00,seed,2026-05-30T04:20:00+07:00,2026-05-30T04:20:00+07:00
PAY003048,ORD003386,2026-01-07T14:04:00+07:00,e_wallet,success,14174000.00,seed,2026-01-07T14:04:00+07:00,2026-01-07T14:04:00+07:00
PAY003049,ORD003387,2026-02-04T01:17:00+07:00,e_wallet,success,5202000.00,seed,2026-02-04T01:17:00+07:00,2026-02-04T01:17:00+07:00
PAY003050,ORD003388,2026-03-28T00:25:00+07:00,card,pending,6640000.00,seed,2026-03-28T00:25:00+07:00,2026-03-28T00:25:00+07:00
PAY003051,ORD003389,2026-04-20T04:07:00+07:00,e_wallet,success,10355000.00,seed,2026-04-20T04:07:00+07:00,2026-04-20T04:07:00+07:00
PAY003052,ORD003390,2026-05-10T00:02:00+07:00,cash,success,3370000.00,seed,2026-05-10T00:02:00+07:00,2026-05-10T00:02:00+07:00
PAY003053,ORD003391,2026-04-09T16:39:00+07:00,card,success,2448000.00,seed,2026-04-09T16:39:00+07:00,2026-04-09T16:39:00+07:00
PAY003054,ORD003392,2026-01-08T23:38:00+07:00,card,success,6064000.00,seed,2026-01-08T23:38:00+07:00,2026-01-08T23:38:00+07:00
PAY003055,ORD003393,2026-05-17T05:51:00+07:00,bank_transfer,success,16219000.00,seed,2026-05-17T05:51:00+07:00,2026-05-17T05:51:00+07:00
PAY003056,ORD003394,2026-01-25T22:08:00+07:00,e_wallet,success,3357000.00,seed,2026-01-25T22:08:00+07:00,2026-01-25T22:08:00+07:00
PAY003057,ORD003395,2026-04-27T00:53:00+07:00,bank_transfer,success,1899000.00,seed,2026-04-27T00:53:00+07:00,2026-04-27T00:53:00+07:00
PAY003058,ORD003396,2026-06-21T17:40:00+07:00,cash,success,104500.00,seed,2026-06-21T17:40:00+07:00,2026-06-21T17:40:00+07:00
PAY003059,ORD003397,2026-02-07T19:52:00+07:00,cash,success,1317500.00,seed,2026-02-07T19:52:00+07:00,2026-02-07T19:52:00+07:00
PAY003060,ORD003398,2026-03-05T15:40:00+07:00,e_wallet,success,11822000.00,seed,2026-03-05T15:40:00+07:00,2026-03-05T15:40:00+07:00
PAY003061,ORD003400,2026-01-13T08:10:00+07:00,card,success,1368000.00,seed,2026-01-13T08:10:00+07:00,2026-01-13T08:10:00+07:00
PAY003062,ORD003401,2026-06-14T16:39:00+07:00,cash,success,12334500.00,seed,2026-06-14T16:39:00+07:00,2026-06-14T16:39:00+07:00
PAY003063,ORD003402,2026-06-09T13:16:00+07:00,cash,refunded,655500.00,seed,2026-06-09T13:16:00+07:00,2026-06-09T13:16:00+07:00
PAY003064,ORD003403,2026-05-19T17:04:00+07:00,e_wallet,success,29522000.00,seed,2026-05-19T17:04:00+07:00,2026-05-19T17:04:00+07:00
PAY003065,ORD003404,2026-03-23T19:19:00+07:00,card,success,2259500.00,seed,2026-03-23T19:19:00+07:00,2026-03-23T19:19:00+07:00
PAY003066,ORD003405,2026-04-05T22:13:00+07:00,card,success,13666500.00,seed,2026-04-05T22:13:00+07:00,2026-04-05T22:13:00+07:00
PAY003067,ORD003406,2026-04-13T21:52:00+07:00,card,success,33355500.00,seed,2026-04-13T21:52:00+07:00,2026-04-13T21:52:00+07:00
PAY003068,ORD003407,2026-04-05T20:32:00+07:00,bank_transfer,success,3621000.00,seed,2026-04-05T20:32:00+07:00,2026-04-05T20:32:00+07:00
PAY003069,ORD003408,2026-02-25T23:07:00+07:00,card,failed,10476000.00,seed,2026-02-25T23:07:00+07:00,2026-02-25T23:07:00+07:00
PAY003070,ORD003409,2026-03-10T21:16:00+07:00,e_wallet,success,2709000.00,seed,2026-03-10T21:16:00+07:00,2026-03-10T21:16:00+07:00
PAY003071,ORD003410,2026-05-04T03:02:00+07:00,bank_transfer,failed,3040000.00,seed,2026-05-04T03:02:00+07:00,2026-05-04T03:02:00+07:00
PAY003072,ORD003412,2026-06-23T00:28:00+07:00,e_wallet,success,8413500.00,seed,2026-06-23T00:28:00+07:00,2026-06-23T00:28:00+07:00
PAY003073,ORD003413,2026-06-25T15:10:00+07:00,card,success,17745000.00,seed,2026-06-25T15:10:00+07:00,2026-06-25T15:10:00+07:00
PAY003074,ORD003415,2026-01-18T20:58:00+07:00,cash,success,8774000.00,seed,2026-01-18T20:58:00+07:00,2026-01-18T20:58:00+07:00
PAY003075,ORD003416,2026-04-12T09:51:00+07:00,cash,success,14320000.00,seed,2026-04-12T09:51:00+07:00,2026-04-12T09:51:00+07:00
PAY003076,ORD003417,2026-05-24T03:58:00+07:00,bank_transfer,success,26672000.00,seed,2026-05-24T03:58:00+07:00,2026-05-24T03:58:00+07:00
PAY003077,ORD003418,2026-01-17T03:11:00+07:00,cash,success,1220000.00,seed,2026-01-17T03:11:00+07:00,2026-01-17T03:11:00+07:00
PAY003078,ORD003419,2026-02-09T05:36:00+07:00,e_wallet,success,2147000.00,seed,2026-02-09T05:36:00+07:00,2026-02-09T05:36:00+07:00
PAY003079,ORD003420,2026-05-05T05:01:00+07:00,e_wallet,success,6010500.00,seed,2026-05-05T05:01:00+07:00,2026-05-05T05:01:00+07:00
PAY003080,ORD003421,2026-02-28T04:00:00+07:00,card,success,17703000.00,seed,2026-02-28T04:00:00+07:00,2026-02-28T04:00:00+07:00
PAY003081,ORD003422,2026-03-14T07:59:00+07:00,cash,success,14709000.00,seed,2026-03-14T07:59:00+07:00,2026-03-14T07:59:00+07:00
PAY003082,ORD003423,2026-03-30T20:41:00+07:00,cash,failed,7392000.00,seed,2026-03-30T20:41:00+07:00,2026-03-30T20:41:00+07:00
PAY003083,ORD003424,2026-04-04T21:42:00+07:00,cash,success,28282000.00,seed,2026-04-04T21:42:00+07:00,2026-04-04T21:42:00+07:00
PAY003084,ORD003426,2026-06-05T04:46:00+07:00,cash,success,2360000.00,seed,2026-06-05T04:46:00+07:00,2026-06-05T04:46:00+07:00
PAY003085,ORD003427,2026-01-15T02:14:00+07:00,card,success,10523000.00,seed,2026-01-15T02:14:00+07:00,2026-01-15T02:14:00+07:00
PAY003086,ORD003428,2026-02-08T20:30:00+07:00,bank_transfer,failed,5851500.00,seed,2026-02-08T20:30:00+07:00,2026-02-08T20:30:00+07:00
PAY003087,ORD003429,2026-05-11T22:59:00+07:00,e_wallet,success,25344000.00,seed,2026-05-11T22:59:00+07:00,2026-05-11T22:59:00+07:00
PAY003088,ORD003430,2026-02-09T01:05:00+07:00,bank_transfer,success,19386000.00,seed,2026-02-09T01:05:00+07:00,2026-02-09T01:05:00+07:00
PAY003089,ORD003431,2026-04-03T12:45:00+07:00,e_wallet,success,2935500.00,seed,2026-04-03T12:45:00+07:00,2026-04-03T12:45:00+07:00
PAY003090,ORD003432,2026-01-16T20:09:00+07:00,card,success,12263500.00,seed,2026-01-16T20:09:00+07:00,2026-01-16T20:09:00+07:00
PAY003091,ORD003433,2026-01-16T09:33:00+07:00,bank_transfer,success,21953500.00,seed,2026-01-16T09:33:00+07:00,2026-01-16T09:33:00+07:00
PAY003092,ORD003434,2026-04-10T23:12:00+07:00,e_wallet,success,3325000.00,seed,2026-04-10T23:12:00+07:00,2026-04-10T23:12:00+07:00
PAY003093,ORD003435,2026-03-05T23:30:00+07:00,e_wallet,success,110000.00,seed,2026-03-05T23:30:00+07:00,2026-03-05T23:30:00+07:00
PAY003094,ORD003436,2026-03-19T13:52:00+07:00,cash,success,2214000.00,seed,2026-03-19T13:52:00+07:00,2026-03-19T13:52:00+07:00
PAY003095,ORD003437,2026-04-17T19:06:00+07:00,e_wallet,success,11776000.00,seed,2026-04-17T19:06:00+07:00,2026-04-17T19:06:00+07:00
PAY003096,ORD003438,2026-01-02T05:32:00+07:00,e_wallet,success,21360000.00,seed,2026-01-02T05:32:00+07:00,2026-01-02T05:32:00+07:00
PAY003097,ORD003439,2026-01-06T20:40:00+07:00,e_wallet,success,9736000.00,seed,2026-01-06T20:40:00+07:00,2026-01-06T20:40:00+07:00
PAY003098,ORD003440,2026-02-10T16:43:00+07:00,bank_transfer,success,6660000.00,seed,2026-02-10T16:43:00+07:00,2026-02-10T16:43:00+07:00
PAY003099,ORD003441,2026-04-25T04:44:00+07:00,e_wallet,success,9435000.00,seed,2026-04-25T04:44:00+07:00,2026-04-25T04:44:00+07:00
PAY003100,ORD003442,2026-02-24T14:25:00+07:00,e_wallet,success,17181500.00,seed,2026-02-24T14:25:00+07:00,2026-02-24T14:25:00+07:00
PAY003101,ORD003443,2026-01-09T00:57:00+07:00,card,success,378000.00,seed,2026-01-09T00:57:00+07:00,2026-01-09T00:57:00+07:00
PAY003102,ORD003444,2026-01-15T03:17:00+07:00,e_wallet,success,18204000.00,seed,2026-01-15T03:17:00+07:00,2026-01-15T03:17:00+07:00
PAY003103,ORD003445,2026-04-26T12:09:00+07:00,bank_transfer,success,31719000.00,seed,2026-04-26T12:09:00+07:00,2026-04-26T12:09:00+07:00
PAY003104,ORD003446,2026-04-01T19:32:00+07:00,cash,success,1900000.00,seed,2026-04-01T19:32:00+07:00,2026-04-01T19:32:00+07:00
PAY003105,ORD003447,2026-03-22T09:09:00+07:00,e_wallet,success,23598000.00,seed,2026-03-22T09:09:00+07:00,2026-03-22T09:09:00+07:00
PAY003106,ORD003448,2026-01-29T22:03:00+07:00,card,success,28140500.00,seed,2026-01-29T22:03:00+07:00,2026-01-29T22:03:00+07:00
PAY003107,ORD003449,2026-02-28T15:26:00+07:00,e_wallet,success,5980500.00,seed,2026-02-28T15:26:00+07:00,2026-02-28T15:26:00+07:00
PAY003108,ORD003450,2026-04-07T05:38:00+07:00,e_wallet,success,12190000.00,seed,2026-04-07T05:38:00+07:00,2026-04-07T05:38:00+07:00
PAY003109,ORD003451,2026-06-27T13:23:00+07:00,bank_transfer,success,3986500.00,seed,2026-06-27T13:23:00+07:00,2026-06-27T13:23:00+07:00
PAY003110,ORD003453,2026-05-07T17:55:00+07:00,bank_transfer,success,26951000.00,seed,2026-05-07T17:55:00+07:00,2026-05-07T17:55:00+07:00
PAY003111,ORD003454,2026-04-19T19:45:00+07:00,e_wallet,success,12775500.00,seed,2026-04-19T19:45:00+07:00,2026-04-19T19:45:00+07:00
PAY003112,ORD003458,2026-03-12T20:06:00+07:00,e_wallet,success,7837000.00,seed,2026-03-12T20:06:00+07:00,2026-03-12T20:06:00+07:00
PAY003113,ORD003459,2026-06-21T00:55:00+07:00,card,success,4901000.00,seed,2026-06-21T00:55:00+07:00,2026-06-21T00:55:00+07:00
PAY003114,ORD003460,2026-03-24T14:22:00+07:00,cash,success,2546000.00,seed,2026-03-24T14:22:00+07:00,2026-03-24T14:22:00+07:00
PAY003115,ORD003461,2026-04-05T01:33:00+07:00,bank_transfer,success,7513500.00,seed,2026-04-05T01:33:00+07:00,2026-04-05T01:33:00+07:00
PAY003116,ORD003462,2026-01-27T17:21:00+07:00,e_wallet,success,10594000.00,seed,2026-01-27T17:21:00+07:00,2026-01-27T17:21:00+07:00
PAY003117,ORD003463,2026-06-13T16:17:00+07:00,card,success,14379500.00,seed,2026-06-13T16:17:00+07:00,2026-06-13T16:17:00+07:00
PAY003118,ORD003465,2026-04-22T23:34:00+07:00,card,success,7590500.00,seed,2026-04-22T23:34:00+07:00,2026-04-22T23:34:00+07:00
PAY003119,ORD003466,2026-02-07T19:05:00+07:00,card,success,10650000.00,seed,2026-02-07T19:05:00+07:00,2026-02-07T19:05:00+07:00
PAY003120,ORD003467,2026-02-10T19:20:00+07:00,card,success,4601500.00,seed,2026-02-10T19:20:00+07:00,2026-02-10T19:20:00+07:00
PAY003121,ORD003468,2026-03-19T05:55:00+07:00,cash,success,750500.00,seed,2026-03-19T05:55:00+07:00,2026-03-19T05:55:00+07:00
PAY003122,ORD003469,2026-03-20T16:43:00+07:00,card,success,17155500.00,seed,2026-03-20T16:43:00+07:00,2026-03-20T16:43:00+07:00
PAY003123,ORD003470,2026-06-08T00:39:00+07:00,bank_transfer,success,30752000.00,seed,2026-06-08T00:39:00+07:00,2026-06-08T00:39:00+07:00
PAY003124,ORD003471,2026-02-21T02:43:00+07:00,bank_transfer,success,13461000.00,seed,2026-02-21T02:43:00+07:00,2026-02-21T02:43:00+07:00
PAY003125,ORD003472,2026-01-05T01:19:00+07:00,cash,success,14472000.00,seed,2026-01-05T01:19:00+07:00,2026-01-05T01:19:00+07:00
PAY003126,ORD003473,2026-05-29T00:51:00+07:00,e_wallet,success,4759000.00,seed,2026-05-29T00:51:00+07:00,2026-05-29T00:51:00+07:00
PAY003127,ORD003474,2026-01-23T04:20:00+07:00,bank_transfer,success,13424000.00,seed,2026-01-23T04:20:00+07:00,2026-01-23T04:20:00+07:00
PAY003128,ORD003475,2026-04-27T11:17:00+07:00,card,success,10463000.00,seed,2026-04-27T11:17:00+07:00,2026-04-27T11:17:00+07:00
PAY003129,ORD003476,2026-05-29T00:21:00+07:00,card,success,10627500.00,seed,2026-05-29T00:21:00+07:00,2026-05-29T00:21:00+07:00
PAY003130,ORD003477,2026-02-20T14:51:00+07:00,card,success,7421500.00,seed,2026-02-20T14:51:00+07:00,2026-02-20T14:51:00+07:00
PAY003131,ORD003478,2026-04-07T18:02:00+07:00,bank_transfer,success,15294500.00,seed,2026-04-07T18:02:00+07:00,2026-04-07T18:02:00+07:00
PAY003132,ORD003479,2026-04-15T22:20:00+07:00,e_wallet,success,17349500.00,seed,2026-04-15T22:20:00+07:00,2026-04-15T22:20:00+07:00
PAY003133,ORD003480,2026-03-14T08:13:00+07:00,cash,success,7575000.00,seed,2026-03-14T08:13:00+07:00,2026-03-14T08:13:00+07:00
PAY003134,ORD003481,2026-03-05T18:36:00+07:00,e_wallet,success,5786500.00,seed,2026-03-05T18:36:00+07:00,2026-03-05T18:36:00+07:00
PAY003135,ORD003482,2026-02-20T01:07:00+07:00,cash,success,2320000.00,seed,2026-02-20T01:07:00+07:00,2026-02-20T01:07:00+07:00
PAY003136,ORD003483,2026-05-29T05:05:00+07:00,cash,success,12844500.00,seed,2026-05-29T05:05:00+07:00,2026-05-29T05:05:00+07:00
PAY003137,ORD003484,2026-01-10T09:26:00+07:00,card,success,13343000.00,seed,2026-01-10T09:26:00+07:00,2026-01-10T09:26:00+07:00
PAY003138,ORD003485,2026-05-19T22:14:00+07:00,cash,success,5647000.00,seed,2026-05-19T22:14:00+07:00,2026-05-19T22:14:00+07:00
PAY003139,ORD003486,2026-02-13T19:46:00+07:00,card,success,11998000.00,seed,2026-02-13T19:46:00+07:00,2026-02-13T19:46:00+07:00
PAY003140,ORD003487,2026-04-14T15:07:00+07:00,bank_transfer,success,15537000.00,seed,2026-04-14T15:07:00+07:00,2026-04-14T15:07:00+07:00
PAY003141,ORD003488,2026-06-19T03:13:00+07:00,card,success,17876500.00,seed,2026-06-19T03:13:00+07:00,2026-06-19T03:13:00+07:00
PAY003142,ORD003489,2026-01-16T18:36:00+07:00,card,success,13396500.00,seed,2026-01-16T18:36:00+07:00,2026-01-16T18:36:00+07:00
PAY003143,ORD003490,2026-02-14T17:58:00+07:00,bank_transfer,success,9560000.00,seed,2026-02-14T17:58:00+07:00,2026-02-14T17:58:00+07:00
PAY003144,ORD003491,2026-02-21T18:22:00+07:00,card,success,960000.00,seed,2026-02-21T18:22:00+07:00,2026-02-21T18:22:00+07:00
PAY003145,ORD003492,2026-06-25T19:10:00+07:00,card,success,11104500.00,seed,2026-06-25T19:10:00+07:00,2026-06-25T19:10:00+07:00
PAY003146,ORD003493,2026-05-31T01:07:00+07:00,card,success,4500000.00,seed,2026-05-31T01:07:00+07:00,2026-05-31T01:07:00+07:00
PAY003147,ORD003494,2026-01-12T18:48:00+07:00,bank_transfer,success,19008500.00,seed,2026-01-12T18:48:00+07:00,2026-01-12T18:48:00+07:00
PAY003148,ORD003495,2026-01-04T21:45:00+07:00,cash,success,9800000.00,seed,2026-01-04T21:45:00+07:00,2026-01-04T21:45:00+07:00
PAY003149,ORD003496,2026-01-09T00:36:00+07:00,cash,success,12613000.00,seed,2026-01-09T00:36:00+07:00,2026-01-09T00:36:00+07:00
PAY003150,ORD003497,2026-01-10T16:48:00+07:00,e_wallet,success,27246000.00,seed,2026-01-10T16:48:00+07:00,2026-01-10T16:48:00+07:00
PAY003151,ORD003498,2026-01-06T20:13:00+07:00,card,success,3432000.00,seed,2026-01-06T20:13:00+07:00,2026-01-06T20:13:00+07:00
PAY003152,ORD003499,2026-03-10T21:26:00+07:00,cash,success,16659000.00,seed,2026-03-10T21:26:00+07:00,2026-03-10T21:26:00+07:00
PAY003153,ORD003500,2026-02-14T17:04:00+07:00,bank_transfer,success,15760000.00,seed,2026-02-14T17:04:00+07:00,2026-02-14T17:04:00+07:00
PAY003154,ORD003501,2026-03-25T20:58:00+07:00,card,success,19311000.00,seed,2026-03-25T20:58:00+07:00,2026-03-25T20:58:00+07:00
PAY003155,ORD003502,2026-03-25T22:29:00+07:00,e_wallet,failed,5175000.00,seed,2026-03-25T22:29:00+07:00,2026-03-25T22:29:00+07:00
PAY003156,ORD003503,2026-01-05T18:29:00+07:00,e_wallet,success,10611500.00,seed,2026-01-05T18:29:00+07:00,2026-01-05T18:29:00+07:00
PAY003157,ORD003504,2026-05-11T06:21:00+07:00,bank_transfer,success,6804000.00,seed,2026-05-11T06:21:00+07:00,2026-05-11T06:21:00+07:00
PAY003158,ORD003505,2026-03-18T21:11:00+07:00,card,success,3612000.00,seed,2026-03-18T21:11:00+07:00,2026-03-18T21:11:00+07:00
PAY003159,ORD003506,2026-05-10T11:31:00+07:00,card,success,4590000.00,seed,2026-05-10T11:31:00+07:00,2026-05-10T11:31:00+07:00
PAY003160,ORD003507,2026-04-14T16:23:00+07:00,bank_transfer,success,13746500.00,seed,2026-04-14T16:23:00+07:00,2026-04-14T16:23:00+07:00
PAY003161,ORD003508,2026-05-27T01:28:00+07:00,cash,success,12017000.00,seed,2026-05-27T01:28:00+07:00,2026-05-27T01:28:00+07:00
PAY003162,ORD003509,2026-02-02T02:22:00+07:00,e_wallet,success,10408500.00,seed,2026-02-02T02:22:00+07:00,2026-02-02T02:22:00+07:00
PAY003163,ORD003510,2026-03-02T19:16:00+07:00,bank_transfer,success,7144000.00,seed,2026-03-02T19:16:00+07:00,2026-03-02T19:16:00+07:00
PAY003164,ORD003511,2026-06-17T20:01:00+07:00,cash,success,22740500.00,seed,2026-06-17T20:01:00+07:00,2026-06-17T20:01:00+07:00
PAY003165,ORD003512,2026-03-08T23:26:00+07:00,bank_transfer,failed,9900000.00,seed,2026-03-08T23:26:00+07:00,2026-03-08T23:26:00+07:00
PAY003166,ORD003513,2026-05-23T05:27:00+07:00,e_wallet,success,13325000.00,seed,2026-05-23T05:27:00+07:00,2026-05-23T05:27:00+07:00
PAY003167,ORD003514,2026-02-24T15:13:00+07:00,e_wallet,success,11760000.00,seed,2026-02-24T15:13:00+07:00,2026-02-24T15:13:00+07:00
PAY003168,ORD003515,2026-01-23T15:04:00+07:00,cash,success,18374000.00,seed,2026-01-23T15:04:00+07:00,2026-01-23T15:04:00+07:00
PAY003169,ORD003516,2026-03-01T00:56:00+07:00,bank_transfer,success,5680000.00,seed,2026-03-01T00:56:00+07:00,2026-03-01T00:56:00+07:00
PAY003170,ORD003517,2026-01-08T18:26:00+07:00,e_wallet,success,1520000.00,seed,2026-01-08T18:26:00+07:00,2026-01-08T18:26:00+07:00
PAY003171,ORD003518,2026-02-02T12:29:00+07:00,cash,success,3282000.00,seed,2026-02-02T12:29:00+07:00,2026-02-02T12:29:00+07:00
PAY003172,ORD003519,2026-05-21T02:27:00+07:00,card,success,8836500.00,seed,2026-05-21T02:27:00+07:00,2026-05-21T02:27:00+07:00
PAY003173,ORD003520,2026-06-19T15:26:00+07:00,bank_transfer,success,228000.00,seed,2026-06-19T15:26:00+07:00,2026-06-19T15:26:00+07:00
PAY003174,ORD003521,2026-01-31T23:57:00+07:00,e_wallet,success,15565000.00,seed,2026-01-31T23:57:00+07:00,2026-01-31T23:57:00+07:00
PAY003175,ORD003522,2026-05-26T11:59:00+07:00,bank_transfer,success,19782500.00,seed,2026-05-26T11:59:00+07:00,2026-05-26T11:59:00+07:00
PAY003176,ORD003523,2026-05-30T08:46:00+07:00,card,success,3190000.00,seed,2026-05-30T08:46:00+07:00,2026-05-30T08:46:00+07:00
PAY003177,ORD003524,2026-02-23T04:54:00+07:00,e_wallet,success,10074500.00,seed,2026-02-23T04:54:00+07:00,2026-02-23T04:54:00+07:00
PAY003178,ORD003525,2026-02-09T14:57:00+07:00,cash,failed,3439000.00,seed,2026-02-09T14:57:00+07:00,2026-02-09T14:57:00+07:00
PAY003179,ORD003527,2026-02-13T22:25:00+07:00,bank_transfer,success,4538500.00,seed,2026-02-13T22:25:00+07:00,2026-02-13T22:25:00+07:00
PAY003180,ORD003528,2026-02-13T02:25:00+07:00,cash,success,10184500.00,seed,2026-02-13T02:25:00+07:00,2026-02-13T02:25:00+07:00
PAY003181,ORD003529,2026-01-04T05:25:00+07:00,e_wallet,success,28364500.00,seed,2026-01-04T05:25:00+07:00,2026-01-04T05:25:00+07:00
PAY003182,ORD003530,2026-03-19T17:53:00+07:00,card,success,7003500.00,seed,2026-03-19T17:53:00+07:00,2026-03-19T17:53:00+07:00
PAY003183,ORD003531,2026-03-04T11:37:00+07:00,cash,success,7570000.00,seed,2026-03-04T11:37:00+07:00,2026-03-04T11:37:00+07:00
PAY003184,ORD003533,2026-03-16T22:15:00+07:00,cash,success,19460500.00,seed,2026-03-16T22:15:00+07:00,2026-03-16T22:15:00+07:00
PAY003185,ORD003534,2026-02-25T00:54:00+07:00,cash,success,7621000.00,seed,2026-02-25T00:54:00+07:00,2026-02-25T00:54:00+07:00
PAY003186,ORD003535,2026-02-27T16:20:00+07:00,e_wallet,success,16272500.00,seed,2026-02-27T16:20:00+07:00,2026-02-27T16:20:00+07:00
PAY003187,ORD003536,2026-02-22T13:22:00+07:00,cash,success,5562000.00,seed,2026-02-22T13:22:00+07:00,2026-02-22T13:22:00+07:00
PAY003188,ORD003537,2026-06-24T18:47:00+07:00,cash,success,1320500.00,seed,2026-06-24T18:47:00+07:00,2026-06-24T18:47:00+07:00
PAY003189,ORD003538,2026-05-03T22:12:00+07:00,cash,success,18981000.00,seed,2026-05-03T22:12:00+07:00,2026-05-03T22:12:00+07:00
PAY003190,ORD003540,2026-03-16T02:31:00+07:00,cash,success,12985000.00,seed,2026-03-16T02:31:00+07:00,2026-03-16T02:31:00+07:00
PAY003191,ORD003541,2026-06-20T03:51:00+07:00,card,success,9922500.00,seed,2026-06-20T03:51:00+07:00,2026-06-20T03:51:00+07:00
PAY003192,ORD003542,2026-03-03T22:52:00+07:00,card,success,4977000.00,seed,2026-03-03T22:52:00+07:00,2026-03-03T22:52:00+07:00
PAY003193,ORD003543,2026-05-09T02:20:00+07:00,cash,success,20720000.00,seed,2026-05-09T02:20:00+07:00,2026-05-09T02:20:00+07:00
PAY003194,ORD003544,2026-05-20T01:18:00+07:00,cash,success,11553000.00,seed,2026-05-20T01:18:00+07:00,2026-05-20T01:18:00+07:00
PAY003195,ORD003545,2026-03-16T20:35:00+07:00,bank_transfer,success,19202000.00,seed,2026-03-16T20:35:00+07:00,2026-03-16T20:35:00+07:00
PAY003196,ORD003546,2026-03-15T21:55:00+07:00,cash,success,12972500.00,seed,2026-03-15T21:55:00+07:00,2026-03-15T21:55:00+07:00
PAY003197,ORD003547,2026-01-17T17:49:00+07:00,bank_transfer,success,34847500.00,seed,2026-01-17T17:49:00+07:00,2026-01-17T17:49:00+07:00
PAY003198,ORD003548,2026-04-04T12:57:00+07:00,bank_transfer,success,9101000.00,seed,2026-04-04T12:57:00+07:00,2026-04-04T12:57:00+07:00
PAY003199,ORD003549,2026-04-17T21:57:00+07:00,e_wallet,success,10331500.00,seed,2026-04-17T21:57:00+07:00,2026-04-17T21:57:00+07:00
PAY003200,ORD003550,2026-05-27T03:03:00+07:00,e_wallet,success,6763000.00,seed,2026-05-27T03:03:00+07:00,2026-05-27T03:03:00+07:00
PAY003201,ORD003551,2026-06-10T00:02:00+07:00,bank_transfer,success,22537500.00,seed,2026-06-10T00:02:00+07:00,2026-06-10T00:02:00+07:00
PAY003202,ORD003553,2026-02-26T05:26:00+07:00,bank_transfer,success,7146000.00,seed,2026-02-26T05:26:00+07:00,2026-02-26T05:26:00+07:00
PAY003203,ORD003554,2026-01-10T20:39:00+07:00,e_wallet,success,8793500.00,seed,2026-01-10T20:39:00+07:00,2026-01-10T20:39:00+07:00
PAY003204,ORD003555,2026-05-02T16:06:00+07:00,cash,success,6705000.00,seed,2026-05-02T16:06:00+07:00,2026-05-02T16:06:00+07:00
PAY003205,ORD003556,2026-05-30T01:37:00+07:00,e_wallet,success,2257500.00,seed,2026-05-30T01:37:00+07:00,2026-05-30T01:37:00+07:00
PAY003206,ORD003557,2026-01-21T20:27:00+07:00,cash,success,9002500.00,seed,2026-01-21T20:27:00+07:00,2026-01-21T20:27:00+07:00
PAY003207,ORD003560,2026-03-03T17:28:00+07:00,card,success,24396500.00,seed,2026-03-03T17:28:00+07:00,2026-03-03T17:28:00+07:00
PAY003208,ORD003561,2026-02-24T16:14:00+07:00,cash,success,1728000.00,seed,2026-02-24T16:14:00+07:00,2026-02-24T16:14:00+07:00
PAY003209,ORD003562,2026-05-19T10:42:00+07:00,card,success,43030000.00,seed,2026-05-19T10:42:00+07:00,2026-05-19T10:42:00+07:00
PAY003210,ORD003563,2026-05-27T15:56:00+07:00,cash,success,13652000.00,seed,2026-05-27T15:56:00+07:00,2026-05-27T15:56:00+07:00
PAY003211,ORD003565,2026-06-08T18:15:00+07:00,cash,success,23827000.00,seed,2026-06-08T18:15:00+07:00,2026-06-08T18:15:00+07:00
PAY003212,ORD003566,2026-05-31T09:10:00+07:00,bank_transfer,success,21048000.00,seed,2026-05-31T09:10:00+07:00,2026-05-31T09:10:00+07:00
PAY003213,ORD003568,2026-01-18T03:51:00+07:00,e_wallet,success,7135000.00,seed,2026-01-18T03:51:00+07:00,2026-01-18T03:51:00+07:00
PAY003214,ORD003569,2026-03-24T21:26:00+07:00,bank_transfer,success,10389000.00,seed,2026-03-24T21:26:00+07:00,2026-03-24T21:26:00+07:00
PAY003215,ORD003571,2026-03-28T12:44:00+07:00,cash,success,26517000.00,seed,2026-03-28T12:44:00+07:00,2026-03-28T12:44:00+07:00
PAY003216,ORD003573,2026-05-04T03:33:00+07:00,e_wallet,success,780000.00,seed,2026-05-04T03:33:00+07:00,2026-05-04T03:33:00+07:00
PAY003217,ORD003574,2026-03-20T00:10:00+07:00,cash,success,31605000.00,seed,2026-03-20T00:10:00+07:00,2026-03-20T00:10:00+07:00
PAY003218,ORD003575,2026-05-16T15:52:00+07:00,bank_transfer,success,12964000.00,seed,2026-05-16T15:52:00+07:00,2026-05-16T15:52:00+07:00
PAY003219,ORD003576,2026-05-22T23:58:00+07:00,bank_transfer,success,17922000.00,seed,2026-05-22T23:58:00+07:00,2026-05-22T23:58:00+07:00
PAY003220,ORD003577,2026-06-24T06:55:00+07:00,bank_transfer,success,11415500.00,seed,2026-06-24T06:55:00+07:00,2026-06-24T06:55:00+07:00
PAY003221,ORD003578,2026-03-20T07:11:00+07:00,e_wallet,success,10854500.00,seed,2026-03-20T07:11:00+07:00,2026-03-20T07:11:00+07:00
PAY003222,ORD003579,2026-01-30T21:30:00+07:00,card,success,17154000.00,seed,2026-01-30T21:30:00+07:00,2026-01-30T21:30:00+07:00
PAY003223,ORD003580,2026-06-19T19:07:00+07:00,bank_transfer,pending,2813500.00,seed,2026-06-19T19:07:00+07:00,2026-06-19T19:07:00+07:00
PAY003224,ORD003581,2026-04-26T16:41:00+07:00,e_wallet,success,11201500.00,seed,2026-04-26T16:41:00+07:00,2026-04-26T16:41:00+07:00
PAY003225,ORD003582,2026-04-22T12:40:00+07:00,card,success,11880000.00,seed,2026-04-22T12:40:00+07:00,2026-04-22T12:40:00+07:00
PAY003226,ORD003583,2026-01-09T02:18:00+07:00,bank_transfer,success,23011500.00,seed,2026-01-09T02:18:00+07:00,2026-01-09T02:18:00+07:00
PAY003227,ORD003584,2026-05-05T20:42:00+07:00,e_wallet,success,4980000.00,seed,2026-05-05T20:42:00+07:00,2026-05-05T20:42:00+07:00
PAY003228,ORD003585,2026-04-27T21:18:00+07:00,e_wallet,success,5992500.00,seed,2026-04-27T21:18:00+07:00,2026-04-27T21:18:00+07:00
PAY003229,ORD003586,2026-03-22T20:54:00+07:00,card,success,3439000.00,seed,2026-03-22T20:54:00+07:00,2026-03-22T20:54:00+07:00
PAY003230,ORD003587,2026-04-03T05:30:00+07:00,e_wallet,pending,6470000.00,seed,2026-04-03T05:30:00+07:00,2026-04-03T05:30:00+07:00
PAY003231,ORD003590,2026-04-01T00:32:00+07:00,bank_transfer,success,10242500.00,seed,2026-04-01T00:32:00+07:00,2026-04-01T00:32:00+07:00
PAY003232,ORD003591,2026-02-16T08:26:00+07:00,e_wallet,success,3496000.00,seed,2026-02-16T08:26:00+07:00,2026-02-16T08:26:00+07:00
PAY003233,ORD003592,2026-02-09T02:26:00+07:00,card,success,6664000.00,seed,2026-02-09T02:26:00+07:00,2026-02-09T02:26:00+07:00
PAY003234,ORD003593,2026-06-28T00:53:00+07:00,card,success,3670000.00,seed,2026-06-28T00:53:00+07:00,2026-06-28T00:53:00+07:00
PAY003235,ORD003594,2026-02-24T16:42:00+07:00,cash,success,15400000.00,seed,2026-02-24T16:42:00+07:00,2026-02-24T16:42:00+07:00
PAY003236,ORD003595,2026-03-19T23:12:00+07:00,e_wallet,success,12430500.00,seed,2026-03-19T23:12:00+07:00,2026-03-19T23:12:00+07:00
PAY003237,ORD003596,2026-04-02T01:27:00+07:00,card,success,657000.00,seed,2026-04-02T01:27:00+07:00,2026-04-02T01:27:00+07:00
PAY003238,ORD003597,2026-06-21T20:39:00+07:00,cash,success,4779000.00,seed,2026-06-21T20:39:00+07:00,2026-06-21T20:39:00+07:00
PAY003239,ORD003598,2026-06-08T20:36:00+07:00,e_wallet,success,16989000.00,seed,2026-06-08T20:36:00+07:00,2026-06-08T20:36:00+07:00
PAY003240,ORD003599,2026-02-05T05:48:00+07:00,e_wallet,success,9585500.00,seed,2026-02-05T05:48:00+07:00,2026-02-05T05:48:00+07:00
PAY003241,ORD003600,2026-06-03T10:29:00+07:00,bank_transfer,success,19726500.00,seed,2026-06-03T10:29:00+07:00,2026-06-03T10:29:00+07:00
PAY003242,ORD003601,2026-04-27T22:44:00+07:00,e_wallet,success,5072000.00,seed,2026-04-27T22:44:00+07:00,2026-04-27T22:44:00+07:00
PAY003243,ORD003602,2026-04-01T13:18:00+07:00,card,pending,18063000.00,seed,2026-04-01T13:18:00+07:00,2026-04-01T13:18:00+07:00
PAY003244,ORD003603,2026-04-01T12:50:00+07:00,bank_transfer,success,9967500.00,seed,2026-04-01T12:50:00+07:00,2026-04-01T12:50:00+07:00
PAY003245,ORD003604,2026-03-01T17:55:00+07:00,cash,success,9454000.00,seed,2026-03-01T17:55:00+07:00,2026-03-01T17:55:00+07:00
PAY003246,ORD003605,2026-03-29T14:28:00+07:00,bank_transfer,success,18307000.00,seed,2026-03-29T14:28:00+07:00,2026-03-29T14:28:00+07:00
PAY003247,ORD003606,2026-03-30T19:26:00+07:00,bank_transfer,success,16012000.00,seed,2026-03-30T19:26:00+07:00,2026-03-30T19:26:00+07:00
PAY003248,ORD003607,2026-05-07T13:50:00+07:00,card,success,8208000.00,seed,2026-05-07T13:50:00+07:00,2026-05-07T13:50:00+07:00
PAY003249,ORD003609,2026-03-24T23:04:00+07:00,cash,success,14922000.00,seed,2026-03-24T23:04:00+07:00,2026-03-24T23:04:00+07:00
PAY003250,ORD003610,2026-05-29T23:32:00+07:00,card,success,13426000.00,seed,2026-05-29T23:32:00+07:00,2026-05-29T23:32:00+07:00
PAY003251,ORD003612,2026-04-03T11:04:00+07:00,e_wallet,failed,11140500.00,seed,2026-04-03T11:04:00+07:00,2026-04-03T11:04:00+07:00
PAY003252,ORD003613,2026-05-07T12:18:00+07:00,e_wallet,success,16556000.00,seed,2026-05-07T12:18:00+07:00,2026-05-07T12:18:00+07:00
PAY003253,ORD003614,2026-05-19T02:02:00+07:00,cash,success,17950000.00,seed,2026-05-19T02:02:00+07:00,2026-05-19T02:02:00+07:00
PAY003254,ORD003615,2026-02-17T20:31:00+07:00,bank_transfer,success,13696000.00,seed,2026-02-17T20:31:00+07:00,2026-02-17T20:31:00+07:00
PAY003255,ORD003616,2026-04-20T13:33:00+07:00,card,success,25250500.00,seed,2026-04-20T13:33:00+07:00,2026-04-20T13:33:00+07:00
PAY003256,ORD003617,2026-01-25T13:07:00+07:00,card,success,12780000.00,seed,2026-01-25T13:07:00+07:00,2026-01-25T13:07:00+07:00
PAY003257,ORD003618,2026-06-10T13:01:00+07:00,card,success,2403000.00,seed,2026-06-10T13:01:00+07:00,2026-06-10T13:01:00+07:00
PAY003258,ORD003619,2026-02-26T12:01:00+07:00,bank_transfer,success,2027000.00,seed,2026-02-26T12:01:00+07:00,2026-02-26T12:01:00+07:00
PAY003259,ORD003620,2026-01-07T22:21:00+07:00,e_wallet,success,26034000.00,seed,2026-01-07T22:21:00+07:00,2026-01-07T22:21:00+07:00
PAY003260,ORD003621,2026-01-02T22:39:00+07:00,card,success,11694500.00,seed,2026-01-02T22:39:00+07:00,2026-01-02T22:39:00+07:00
PAY003261,ORD003622,2026-02-21T02:59:00+07:00,card,success,32828000.00,seed,2026-02-21T02:59:00+07:00,2026-02-21T02:59:00+07:00
PAY003262,ORD003623,2026-01-26T13:47:00+07:00,cash,success,15355500.00,seed,2026-01-26T13:47:00+07:00,2026-01-26T13:47:00+07:00
PAY003263,ORD003624,2026-04-11T18:15:00+07:00,cash,pending,6250000.00,seed,2026-04-11T18:15:00+07:00,2026-04-11T18:15:00+07:00
PAY003264,ORD003625,2026-03-05T19:50:00+07:00,card,success,1309000.00,seed,2026-03-05T19:50:00+07:00,2026-03-05T19:50:00+07:00
PAY003265,ORD003626,2026-03-23T23:16:00+07:00,bank_transfer,success,26318000.00,seed,2026-03-23T23:16:00+07:00,2026-03-23T23:16:00+07:00
PAY003266,ORD003627,2026-06-20T01:42:00+07:00,bank_transfer,success,5876000.00,seed,2026-06-20T01:42:00+07:00,2026-06-20T01:42:00+07:00
PAY003267,ORD003628,2026-03-20T02:29:00+07:00,e_wallet,success,4362000.00,seed,2026-03-20T02:29:00+07:00,2026-03-20T02:29:00+07:00
PAY003268,ORD003629,2026-02-26T11:08:00+07:00,e_wallet,success,30713000.00,seed,2026-02-26T11:08:00+07:00,2026-02-26T11:08:00+07:00
PAY003269,ORD003630,2026-04-30T03:47:00+07:00,cash,success,10408500.00,seed,2026-04-30T03:47:00+07:00,2026-04-30T03:47:00+07:00
PAY003270,ORD003631,2026-05-15T05:03:00+07:00,card,success,12828500.00,seed,2026-05-15T05:03:00+07:00,2026-05-15T05:03:00+07:00
PAY003271,ORD003632,2026-06-17T02:10:00+07:00,bank_transfer,success,6160000.00,seed,2026-06-17T02:10:00+07:00,2026-06-17T02:10:00+07:00
PAY003272,ORD003633,2026-01-10T18:36:00+07:00,card,success,11028000.00,seed,2026-01-10T18:36:00+07:00,2026-01-10T18:36:00+07:00
PAY003273,ORD003635,2026-01-01T14:48:00+07:00,e_wallet,success,18338000.00,seed,2026-01-01T14:48:00+07:00,2026-01-01T14:48:00+07:00
PAY003274,ORD003636,2026-01-25T21:49:00+07:00,bank_transfer,success,8151000.00,seed,2026-01-25T21:49:00+07:00,2026-01-25T21:49:00+07:00
PAY003275,ORD003637,2026-05-07T22:15:00+07:00,card,success,10747500.00,seed,2026-05-07T22:15:00+07:00,2026-05-07T22:15:00+07:00
PAY003276,ORD003638,2026-04-12T22:40:00+07:00,e_wallet,success,2380000.00,seed,2026-04-12T22:40:00+07:00,2026-04-12T22:40:00+07:00
PAY003277,ORD003639,2026-05-01T17:04:00+07:00,e_wallet,success,10678000.00,seed,2026-05-01T17:04:00+07:00,2026-05-01T17:04:00+07:00
PAY003278,ORD003640,2026-03-05T09:15:00+07:00,e_wallet,success,9912000.00,seed,2026-03-05T09:15:00+07:00,2026-03-05T09:15:00+07:00
PAY003279,ORD003641,2026-04-11T03:16:00+07:00,cash,success,23243500.00,seed,2026-04-11T03:16:00+07:00,2026-04-11T03:16:00+07:00
PAY003280,ORD003642,2026-06-09T07:59:00+07:00,e_wallet,success,36744000.00,seed,2026-06-09T07:59:00+07:00,2026-06-09T07:59:00+07:00
PAY003281,ORD003643,2026-05-28T18:25:00+07:00,cash,success,12824500.00,seed,2026-05-28T18:25:00+07:00,2026-05-28T18:25:00+07:00
PAY003282,ORD003644,2026-02-13T07:34:00+07:00,e_wallet,success,19827000.00,seed,2026-02-13T07:34:00+07:00,2026-02-13T07:34:00+07:00
PAY003283,ORD003645,2026-03-31T01:08:00+07:00,card,success,18750000.00,seed,2026-03-31T01:08:00+07:00,2026-03-31T01:08:00+07:00
PAY003284,ORD003646,2026-02-16T23:04:00+07:00,bank_transfer,success,17917000.00,seed,2026-02-16T23:04:00+07:00,2026-02-16T23:04:00+07:00
PAY003285,ORD003647,2026-06-21T19:33:00+07:00,e_wallet,success,10753500.00,seed,2026-06-21T19:33:00+07:00,2026-06-21T19:33:00+07:00
PAY003286,ORD003648,2026-04-08T16:53:00+07:00,bank_transfer,success,12693000.00,seed,2026-04-08T16:53:00+07:00,2026-04-08T16:53:00+07:00
PAY003287,ORD003649,2026-02-19T19:52:00+07:00,e_wallet,success,18370000.00,seed,2026-02-19T19:52:00+07:00,2026-02-19T19:52:00+07:00
PAY003288,ORD003650,2026-01-15T20:12:00+07:00,card,success,14931000.00,seed,2026-01-15T20:12:00+07:00,2026-01-15T20:12:00+07:00
PAY003289,ORD003651,2026-04-30T06:10:00+07:00,card,success,3439000.00,seed,2026-04-30T06:10:00+07:00,2026-04-30T06:10:00+07:00
PAY003290,ORD003652,2026-06-10T13:59:00+07:00,cash,success,22710000.00,seed,2026-06-10T13:59:00+07:00,2026-06-10T13:59:00+07:00
PAY003291,ORD003653,2026-03-04T17:08:00+07:00,card,success,14058000.00,seed,2026-03-04T17:08:00+07:00,2026-03-04T17:08:00+07:00
PAY003292,ORD003654,2026-06-03T17:10:00+07:00,bank_transfer,success,3600000.00,seed,2026-06-03T17:10:00+07:00,2026-06-03T17:10:00+07:00
PAY003293,ORD003655,2026-02-25T01:50:00+07:00,e_wallet,success,7776500.00,seed,2026-02-25T01:50:00+07:00,2026-02-25T01:50:00+07:00
PAY003294,ORD003656,2026-04-07T23:59:00+07:00,bank_transfer,success,11180000.00,seed,2026-04-07T23:59:00+07:00,2026-04-07T23:59:00+07:00
PAY003295,ORD003657,2026-06-07T12:42:00+07:00,bank_transfer,success,24088500.00,seed,2026-06-07T12:42:00+07:00,2026-06-07T12:42:00+07:00
PAY003296,ORD003658,2026-02-01T13:02:00+07:00,e_wallet,success,7921000.00,seed,2026-02-01T13:02:00+07:00,2026-02-01T13:02:00+07:00
PAY003297,ORD003659,2026-05-21T18:13:00+07:00,card,success,10329500.00,seed,2026-05-21T18:13:00+07:00,2026-05-21T18:13:00+07:00
PAY003298,ORD003660,2026-01-23T01:49:00+07:00,bank_transfer,success,8352500.00,seed,2026-01-23T01:49:00+07:00,2026-01-23T01:49:00+07:00
PAY003299,ORD003661,2026-03-24T20:05:00+07:00,cash,success,9438000.00,seed,2026-03-24T20:05:00+07:00,2026-03-24T20:05:00+07:00
PAY003300,ORD003662,2026-03-26T22:59:00+07:00,card,failed,9312000.00,seed,2026-03-26T22:59:00+07:00,2026-03-26T22:59:00+07:00
PAY003301,ORD003663,2026-06-28T22:12:00+07:00,bank_transfer,success,2058000.00,seed,2026-06-28T22:12:00+07:00,2026-06-28T22:12:00+07:00
PAY003302,ORD003664,2026-05-30T19:45:00+07:00,e_wallet,failed,14860000.00,seed,2026-05-30T19:45:00+07:00,2026-05-30T19:45:00+07:00
PAY003303,ORD003665,2026-05-10T22:43:00+07:00,card,success,16981000.00,seed,2026-05-10T22:43:00+07:00,2026-05-10T22:43:00+07:00
PAY003304,ORD003666,2026-02-23T03:51:00+07:00,card,success,5372000.00,seed,2026-02-23T03:51:00+07:00,2026-02-23T03:51:00+07:00
PAY003305,ORD003667,2026-03-12T18:46:00+07:00,e_wallet,success,26922000.00,seed,2026-03-12T18:46:00+07:00,2026-03-12T18:46:00+07:00
PAY003306,ORD003668,2026-02-08T05:26:00+07:00,cash,success,31937000.00,seed,2026-02-08T05:26:00+07:00,2026-02-08T05:26:00+07:00
PAY003307,ORD003669,2026-02-17T22:26:00+07:00,e_wallet,success,306000.00,seed,2026-02-17T22:26:00+07:00,2026-02-17T22:26:00+07:00
PAY003308,ORD003670,2026-01-23T02:30:00+07:00,cash,success,6640000.00,seed,2026-01-23T02:30:00+07:00,2026-01-23T02:30:00+07:00
PAY003309,ORD003671,2026-05-30T17:29:00+07:00,e_wallet,success,9720000.00,seed,2026-05-30T17:29:00+07:00,2026-05-30T17:29:00+07:00
PAY003310,ORD003672,2026-01-14T23:12:00+07:00,cash,failed,6970000.00,seed,2026-01-14T23:12:00+07:00,2026-01-14T23:12:00+07:00
PAY003311,ORD003673,2026-02-06T17:58:00+07:00,card,success,14070000.00,seed,2026-02-06T17:58:00+07:00,2026-02-06T17:58:00+07:00
PAY003312,ORD003674,2026-06-13T16:25:00+07:00,card,failed,9441000.00,seed,2026-06-13T16:25:00+07:00,2026-06-13T16:25:00+07:00
PAY003313,ORD003675,2026-02-22T12:21:00+07:00,card,success,17400000.00,seed,2026-02-22T12:21:00+07:00,2026-02-22T12:21:00+07:00
PAY003314,ORD003676,2026-02-10T18:32:00+07:00,bank_transfer,success,7181500.00,seed,2026-02-10T18:32:00+07:00,2026-02-10T18:32:00+07:00
PAY003315,ORD003677,2026-01-14T19:11:00+07:00,bank_transfer,success,6216500.00,seed,2026-01-14T19:11:00+07:00,2026-01-14T19:11:00+07:00
PAY003316,ORD003678,2026-04-06T11:43:00+07:00,bank_transfer,success,10106000.00,seed,2026-04-06T11:43:00+07:00,2026-04-06T11:43:00+07:00
PAY003317,ORD003679,2026-05-08T00:25:00+07:00,cash,success,7590000.00,seed,2026-05-08T00:25:00+07:00,2026-05-08T00:25:00+07:00
PAY003318,ORD003680,2026-01-28T21:47:00+07:00,cash,success,11019500.00,seed,2026-01-28T21:47:00+07:00,2026-01-28T21:47:00+07:00
PAY003319,ORD003681,2026-03-06T00:16:00+07:00,bank_transfer,success,5562000.00,seed,2026-03-06T00:16:00+07:00,2026-03-06T00:16:00+07:00
PAY003320,ORD003683,2026-01-06T22:54:00+07:00,cash,success,5010000.00,seed,2026-01-06T22:54:00+07:00,2026-01-06T22:54:00+07:00
PAY003321,ORD003684,2026-04-17T21:08:00+07:00,bank_transfer,success,29305000.00,seed,2026-04-17T21:08:00+07:00,2026-04-17T21:08:00+07:00
PAY003322,ORD003685,2026-05-21T22:48:00+07:00,bank_transfer,success,26740000.00,seed,2026-05-21T22:48:00+07:00,2026-05-21T22:48:00+07:00
PAY003323,ORD003686,2026-01-14T18:46:00+07:00,e_wallet,success,3192000.00,seed,2026-01-14T18:46:00+07:00,2026-01-14T18:46:00+07:00
PAY003324,ORD003687,2026-06-05T00:26:00+07:00,cash,success,7010000.00,seed,2026-06-05T00:26:00+07:00,2026-06-05T00:26:00+07:00
PAY003325,ORD003688,2026-04-21T04:32:00+07:00,e_wallet,success,2227000.00,seed,2026-04-21T04:32:00+07:00,2026-04-21T04:32:00+07:00
PAY003326,ORD003689,2026-01-11T01:08:00+07:00,card,success,7989000.00,seed,2026-01-11T01:08:00+07:00,2026-01-11T01:08:00+07:00
PAY003327,ORD003690,2026-02-23T10:08:00+07:00,bank_transfer,success,20076000.00,seed,2026-02-23T10:08:00+07:00,2026-02-23T10:08:00+07:00
PAY003328,ORD003691,2026-01-19T21:08:00+07:00,cash,success,2869000.00,seed,2026-01-19T21:08:00+07:00,2026-01-19T21:08:00+07:00
PAY003329,ORD003692,2026-05-20T18:33:00+07:00,bank_transfer,success,10220500.00,seed,2026-05-20T18:33:00+07:00,2026-05-20T18:33:00+07:00
PAY003330,ORD003693,2026-04-15T23:52:00+07:00,cash,success,3830000.00,seed,2026-04-15T23:52:00+07:00,2026-04-15T23:52:00+07:00
PAY003331,ORD003694,2026-04-30T15:06:00+07:00,card,success,6282000.00,seed,2026-04-30T15:06:00+07:00,2026-04-30T15:06:00+07:00
PAY003332,ORD003695,2026-04-27T02:14:00+07:00,e_wallet,success,18998000.00,seed,2026-04-27T02:14:00+07:00,2026-04-27T02:14:00+07:00
PAY003333,ORD003696,2026-04-26T19:47:00+07:00,cash,success,1380000.00,seed,2026-04-26T19:47:00+07:00,2026-04-26T19:47:00+07:00
PAY003334,ORD003697,2026-04-12T20:24:00+07:00,cash,success,14219000.00,seed,2026-04-12T20:24:00+07:00,2026-04-12T20:24:00+07:00
PAY003335,ORD003698,2026-04-13T23:43:00+07:00,card,success,26595000.00,seed,2026-04-13T23:43:00+07:00,2026-04-13T23:43:00+07:00
PAY003336,ORD003699,2026-02-22T16:34:00+07:00,bank_transfer,success,9820000.00,seed,2026-02-22T16:34:00+07:00,2026-02-22T16:34:00+07:00
PAY003337,ORD003700,2026-01-01T14:59:00+07:00,cash,success,19764000.00,seed,2026-01-01T14:59:00+07:00,2026-01-01T14:59:00+07:00
PAY003338,ORD003701,2026-01-29T14:56:00+07:00,cash,success,13145500.00,seed,2026-01-29T14:56:00+07:00,2026-01-29T14:56:00+07:00
PAY003339,ORD003702,2026-04-12T16:55:00+07:00,card,success,25485000.00,seed,2026-04-12T16:55:00+07:00,2026-04-12T16:55:00+07:00
PAY003340,ORD003703,2026-03-15T00:15:00+07:00,card,success,756000.00,seed,2026-03-15T00:15:00+07:00,2026-03-15T00:15:00+07:00
PAY003341,ORD003704,2026-06-09T18:26:00+07:00,e_wallet,success,3570000.00,seed,2026-06-09T18:26:00+07:00,2026-06-09T18:26:00+07:00
PAY003342,ORD003705,2026-02-17T19:36:00+07:00,card,success,7050000.00,seed,2026-02-17T19:36:00+07:00,2026-02-17T19:36:00+07:00
PAY003343,ORD003706,2026-03-10T19:18:00+07:00,cash,success,7980000.00,seed,2026-03-10T19:18:00+07:00,2026-03-10T19:18:00+07:00
PAY003344,ORD003707,2026-03-07T20:33:00+07:00,e_wallet,failed,7416000.00,seed,2026-03-07T20:33:00+07:00,2026-03-07T20:33:00+07:00
PAY003345,ORD003709,2026-01-22T17:40:00+07:00,card,success,18916000.00,seed,2026-01-22T17:40:00+07:00,2026-01-22T17:40:00+07:00
PAY003346,ORD003710,2026-04-21T16:12:00+07:00,bank_transfer,success,21088000.00,seed,2026-04-21T16:12:00+07:00,2026-04-21T16:12:00+07:00
PAY003347,ORD003711,2026-06-19T22:15:00+07:00,cash,success,11601000.00,seed,2026-06-19T22:15:00+07:00,2026-06-19T22:15:00+07:00
PAY003348,ORD003712,2026-04-20T02:31:00+07:00,cash,success,15118000.00,seed,2026-04-20T02:31:00+07:00,2026-04-20T02:31:00+07:00
PAY003349,ORD003713,2026-01-28T00:27:00+07:00,card,success,13303500.00,seed,2026-01-28T00:27:00+07:00,2026-01-28T00:27:00+07:00
PAY003350,ORD003714,2026-02-26T23:16:00+07:00,cash,success,25604500.00,seed,2026-02-26T23:16:00+07:00,2026-02-26T23:16:00+07:00
PAY003351,ORD003716,2026-05-06T23:10:00+07:00,e_wallet,success,15035000.00,seed,2026-05-06T23:10:00+07:00,2026-05-06T23:10:00+07:00
PAY003352,ORD003718,2026-02-07T23:08:00+07:00,e_wallet,pending,5803500.00,seed,2026-02-07T23:08:00+07:00,2026-02-07T23:08:00+07:00
PAY003353,ORD003719,2026-02-11T15:26:00+07:00,e_wallet,success,19513500.00,seed,2026-02-11T15:26:00+07:00,2026-02-11T15:26:00+07:00
PAY003354,ORD003720,2026-05-27T16:02:00+07:00,cash,success,6320000.00,seed,2026-05-27T16:02:00+07:00,2026-05-27T16:02:00+07:00
PAY003355,ORD003721,2026-03-05T02:54:00+07:00,card,success,10709500.00,seed,2026-03-05T02:54:00+07:00,2026-03-05T02:54:00+07:00
PAY003356,ORD003722,2026-02-24T22:14:00+07:00,cash,success,2190000.00,seed,2026-02-24T22:14:00+07:00,2026-02-24T22:14:00+07:00
PAY003357,ORD003723,2026-06-28T02:15:00+07:00,card,success,22752000.00,seed,2026-06-28T02:15:00+07:00,2026-06-28T02:15:00+07:00
PAY003358,ORD003724,2026-04-03T21:41:00+07:00,e_wallet,success,9934000.00,seed,2026-04-03T21:41:00+07:00,2026-04-03T21:41:00+07:00
PAY003359,ORD003725,2026-01-20T06:10:00+07:00,card,failed,6350500.00,seed,2026-01-20T06:10:00+07:00,2026-01-20T06:10:00+07:00
PAY003360,ORD003726,2026-06-14T13:00:00+07:00,e_wallet,success,6690000.00,seed,2026-06-14T13:00:00+07:00,2026-06-14T13:00:00+07:00
PAY003361,ORD003727,2026-01-02T01:02:00+07:00,cash,success,2524500.00,seed,2026-01-02T01:02:00+07:00,2026-01-02T01:02:00+07:00
PAY003362,ORD003728,2026-05-29T21:23:00+07:00,cash,success,11169000.00,seed,2026-05-29T21:23:00+07:00,2026-05-29T21:23:00+07:00
PAY003363,ORD003729,2026-03-18T16:15:00+07:00,card,failed,6690000.00,seed,2026-03-18T16:15:00+07:00,2026-03-18T16:15:00+07:00
PAY003364,ORD003730,2026-02-21T21:41:00+07:00,cash,success,12316000.00,seed,2026-02-21T21:41:00+07:00,2026-02-21T21:41:00+07:00
PAY003365,ORD003734,2026-05-18T22:37:00+07:00,cash,success,3374000.00,seed,2026-05-18T22:37:00+07:00,2026-05-18T22:37:00+07:00
PAY003366,ORD003735,2026-05-01T19:15:00+07:00,e_wallet,success,19370500.00,seed,2026-05-01T19:15:00+07:00,2026-05-01T19:15:00+07:00
PAY003367,ORD003736,2026-03-09T07:01:00+07:00,e_wallet,success,978500.00,seed,2026-03-09T07:01:00+07:00,2026-03-09T07:01:00+07:00
PAY003368,ORD003737,2026-04-24T16:25:00+07:00,cash,success,3400000.00,seed,2026-04-24T16:25:00+07:00,2026-04-24T16:25:00+07:00
PAY003369,ORD003738,2026-03-05T13:40:00+07:00,e_wallet,success,9775000.00,seed,2026-03-05T13:40:00+07:00,2026-03-05T13:40:00+07:00
PAY003370,ORD003739,2026-01-09T22:07:00+07:00,bank_transfer,success,11019500.00,seed,2026-01-09T22:07:00+07:00,2026-01-09T22:07:00+07:00
PAY003371,ORD003740,2026-03-19T16:01:00+07:00,e_wallet,pending,13643000.00,seed,2026-03-19T16:01:00+07:00,2026-03-19T16:01:00+07:00
PAY003372,ORD003741,2026-03-08T15:06:00+07:00,e_wallet,success,12403500.00,seed,2026-03-08T15:06:00+07:00,2026-03-08T15:06:00+07:00
PAY003373,ORD003742,2026-05-29T15:10:00+07:00,card,success,17802000.00,seed,2026-05-29T15:10:00+07:00,2026-05-29T15:10:00+07:00
PAY003374,ORD003743,2026-05-25T01:16:00+07:00,cash,success,16820000.00,seed,2026-05-25T01:16:00+07:00,2026-05-25T01:16:00+07:00
PAY003375,ORD003744,2026-02-03T04:13:00+07:00,cash,failed,13816000.00,seed,2026-02-03T04:13:00+07:00,2026-02-03T04:13:00+07:00
PAY003376,ORD003745,2026-03-26T21:52:00+07:00,card,success,9102000.00,seed,2026-03-26T21:52:00+07:00,2026-03-26T21:52:00+07:00
PAY003377,ORD003746,2026-02-25T18:53:00+07:00,card,success,8059500.00,seed,2026-02-25T18:53:00+07:00,2026-02-25T18:53:00+07:00
PAY003378,ORD003747,2026-03-26T20:52:00+07:00,cash,success,20641000.00,seed,2026-03-26T20:52:00+07:00,2026-03-26T20:52:00+07:00
PAY003379,ORD003748,2026-05-05T19:38:00+07:00,bank_transfer,success,7397000.00,seed,2026-05-05T19:38:00+07:00,2026-05-05T19:38:00+07:00
PAY003380,ORD003749,2026-03-26T18:37:00+07:00,cash,success,10753000.00,seed,2026-03-26T18:37:00+07:00,2026-03-26T18:37:00+07:00
PAY003381,ORD003751,2026-03-26T06:48:00+07:00,e_wallet,success,18404500.00,seed,2026-03-26T06:48:00+07:00,2026-03-26T06:48:00+07:00
PAY003382,ORD003752,2026-03-01T18:22:00+07:00,cash,success,6553500.00,seed,2026-03-01T18:22:00+07:00,2026-03-01T18:22:00+07:00
PAY003383,ORD003753,2026-01-29T05:30:00+07:00,bank_transfer,success,4721000.00,seed,2026-01-29T05:30:00+07:00,2026-01-29T05:30:00+07:00
PAY003384,ORD003754,2026-04-27T13:20:00+07:00,cash,pending,9252000.00,seed,2026-04-27T13:20:00+07:00,2026-04-27T13:20:00+07:00
PAY003385,ORD003755,2026-04-03T19:49:00+07:00,cash,success,12751000.00,seed,2026-04-03T19:49:00+07:00,2026-04-03T19:49:00+07:00
PAY003386,ORD003756,2026-02-05T00:16:00+07:00,cash,success,1079500.00,seed,2026-02-05T00:16:00+07:00,2026-02-05T00:16:00+07:00
PAY003387,ORD003757,2026-01-30T20:14:00+07:00,e_wallet,success,8360000.00,seed,2026-01-30T20:14:00+07:00,2026-01-30T20:14:00+07:00
PAY003388,ORD003758,2026-03-12T21:21:00+07:00,card,pending,19781000.00,seed,2026-03-12T21:21:00+07:00,2026-03-12T21:21:00+07:00
PAY003389,ORD003759,2026-02-27T19:49:00+07:00,cash,success,7675000.00,seed,2026-02-27T19:49:00+07:00,2026-02-27T19:49:00+07:00
PAY003390,ORD003760,2026-03-13T16:29:00+07:00,e_wallet,failed,31498500.00,seed,2026-03-13T16:29:00+07:00,2026-03-13T16:29:00+07:00
PAY003391,ORD003762,2026-02-27T22:19:00+07:00,card,success,11650000.00,seed,2026-02-27T22:19:00+07:00,2026-02-27T22:19:00+07:00
PAY003392,ORD003763,2026-01-29T02:57:00+07:00,bank_transfer,success,20079000.00,seed,2026-01-29T02:57:00+07:00,2026-01-29T02:57:00+07:00
PAY003393,ORD003764,2026-06-22T22:24:00+07:00,e_wallet,success,7710000.00,seed,2026-06-22T22:24:00+07:00,2026-06-22T22:24:00+07:00
PAY003394,ORD003765,2026-05-11T08:06:00+07:00,bank_transfer,success,24252000.00,seed,2026-05-11T08:06:00+07:00,2026-05-11T08:06:00+07:00
PAY003395,ORD003766,2026-01-15T17:17:00+07:00,bank_transfer,success,22311500.00,seed,2026-01-15T17:17:00+07:00,2026-01-15T17:17:00+07:00
PAY003396,ORD003767,2026-01-01T22:20:00+07:00,card,success,28195000.00,seed,2026-01-01T22:20:00+07:00,2026-01-01T22:20:00+07:00
PAY003397,ORD003768,2026-01-29T01:26:00+07:00,e_wallet,success,27753000.00,seed,2026-01-29T01:26:00+07:00,2026-01-29T01:26:00+07:00
PAY003398,ORD003769,2026-04-03T21:23:00+07:00,bank_transfer,failed,7780000.00,seed,2026-04-03T21:23:00+07:00,2026-04-03T21:23:00+07:00
PAY003399,ORD003770,2026-01-28T20:29:00+07:00,bank_transfer,success,15508000.00,seed,2026-01-28T20:29:00+07:00,2026-01-28T20:29:00+07:00
PAY003400,ORD003771,2026-06-02T18:51:00+07:00,cash,success,7240000.00,seed,2026-06-02T18:51:00+07:00,2026-06-02T18:51:00+07:00
PAY003401,ORD003772,2026-05-12T17:18:00+07:00,card,success,7619000.00,seed,2026-05-12T17:18:00+07:00,2026-05-12T17:18:00+07:00
PAY003402,ORD003773,2026-04-04T19:58:00+07:00,e_wallet,success,10109000.00,seed,2026-04-04T19:58:00+07:00,2026-04-04T19:58:00+07:00
PAY003403,ORD003774,2026-02-19T19:50:00+07:00,cash,success,14140000.00,seed,2026-02-19T19:50:00+07:00,2026-02-19T19:50:00+07:00
PAY003404,ORD003775,2026-03-20T18:53:00+07:00,bank_transfer,success,41167000.00,seed,2026-03-20T18:53:00+07:00,2026-03-20T18:53:00+07:00
PAY003405,ORD003776,2026-03-26T09:51:00+07:00,card,success,3350500.00,seed,2026-03-26T09:51:00+07:00,2026-03-26T09:51:00+07:00
PAY003406,ORD003777,2026-06-08T03:46:00+07:00,e_wallet,success,12729500.00,seed,2026-06-08T03:46:00+07:00,2026-06-08T03:46:00+07:00
PAY003407,ORD003778,2026-03-12T18:14:00+07:00,bank_transfer,success,7004000.00,seed,2026-03-12T18:14:00+07:00,2026-03-12T18:14:00+07:00
PAY003408,ORD003779,2026-01-14T14:24:00+07:00,bank_transfer,success,11860500.00,seed,2026-01-14T14:24:00+07:00,2026-01-14T14:24:00+07:00
PAY003409,ORD003780,2026-02-26T02:00:00+07:00,e_wallet,success,24604500.00,seed,2026-02-26T02:00:00+07:00,2026-02-26T02:00:00+07:00
PAY003410,ORD003781,2026-02-03T22:58:00+07:00,bank_transfer,success,5629500.00,seed,2026-02-03T22:58:00+07:00,2026-02-03T22:58:00+07:00
PAY003411,ORD003782,2026-04-07T06:06:00+07:00,bank_transfer,success,5970000.00,seed,2026-04-07T06:06:00+07:00,2026-04-07T06:06:00+07:00
PAY003412,ORD003784,2026-04-25T12:09:00+07:00,e_wallet,success,3873000.00,seed,2026-04-25T12:09:00+07:00,2026-04-25T12:09:00+07:00
PAY003413,ORD003785,2026-06-04T02:40:00+07:00,card,success,741000.00,seed,2026-06-04T02:40:00+07:00,2026-06-04T02:40:00+07:00
PAY003414,ORD003786,2026-01-04T08:17:00+07:00,bank_transfer,pending,8690000.00,seed,2026-01-04T08:17:00+07:00,2026-01-04T08:17:00+07:00
PAY003415,ORD003787,2026-01-03T21:56:00+07:00,card,failed,25863000.00,seed,2026-01-03T21:56:00+07:00,2026-01-03T21:56:00+07:00
PAY003416,ORD003788,2026-03-09T00:30:00+07:00,card,refunded,18786000.00,seed,2026-03-09T00:30:00+07:00,2026-03-09T00:30:00+07:00
PAY003417,ORD003789,2026-05-17T05:29:00+07:00,e_wallet,success,17757000.00,seed,2026-05-17T05:29:00+07:00,2026-05-17T05:29:00+07:00
PAY003418,ORD003790,2026-03-24T21:33:00+07:00,cash,success,2550000.00,seed,2026-03-24T21:33:00+07:00,2026-03-24T21:33:00+07:00
PAY003419,ORD003791,2026-03-18T02:06:00+07:00,bank_transfer,success,6543000.00,seed,2026-03-18T02:06:00+07:00,2026-03-18T02:06:00+07:00
PAY003420,ORD003792,2026-02-21T18:20:00+07:00,cash,success,1270000.00,seed,2026-02-21T18:20:00+07:00,2026-02-21T18:20:00+07:00
PAY003421,ORD003794,2026-05-20T20:52:00+07:00,bank_transfer,success,16851000.00,seed,2026-05-20T20:52:00+07:00,2026-05-20T20:52:00+07:00
PAY003422,ORD003795,2026-04-27T19:37:00+07:00,e_wallet,failed,4343500.00,seed,2026-04-27T19:37:00+07:00,2026-04-27T19:37:00+07:00
PAY003423,ORD003796,2026-01-11T13:57:00+07:00,e_wallet,pending,9910000.00,seed,2026-01-11T13:57:00+07:00,2026-01-11T13:57:00+07:00
PAY003424,ORD003797,2026-03-14T08:43:00+07:00,card,failed,19401500.00,seed,2026-03-14T08:43:00+07:00,2026-03-14T08:43:00+07:00
PAY003425,ORD003798,2026-04-08T15:08:00+07:00,bank_transfer,success,17888500.00,seed,2026-04-08T15:08:00+07:00,2026-04-08T15:08:00+07:00
PAY003426,ORD003799,2026-01-01T23:03:00+07:00,e_wallet,success,15457000.00,seed,2026-01-01T23:03:00+07:00,2026-01-01T23:03:00+07:00
PAY003427,ORD003800,2026-06-06T00:30:00+07:00,bank_transfer,success,11777500.00,seed,2026-06-06T00:30:00+07:00,2026-06-06T00:30:00+07:00
PAY003428,ORD003801,2026-04-23T23:08:00+07:00,cash,success,10688000.00,seed,2026-04-23T23:08:00+07:00,2026-04-23T23:08:00+07:00
PAY003429,ORD003802,2026-05-29T01:34:00+07:00,card,success,16320000.00,seed,2026-05-29T01:34:00+07:00,2026-05-29T01:34:00+07:00
PAY003430,ORD003803,2026-05-20T16:45:00+07:00,bank_transfer,success,7726500.00,seed,2026-05-20T16:45:00+07:00,2026-05-20T16:45:00+07:00
PAY003431,ORD003804,2026-03-21T13:13:00+07:00,cash,pending,9142500.00,seed,2026-03-21T13:13:00+07:00,2026-03-21T13:13:00+07:00
PAY003432,ORD003805,2026-01-05T10:33:00+07:00,cash,success,9041500.00,seed,2026-01-05T10:33:00+07:00,2026-01-05T10:33:00+07:00
PAY003433,ORD003806,2026-04-29T22:04:00+07:00,bank_transfer,success,28604000.00,seed,2026-04-29T22:04:00+07:00,2026-04-29T22:04:00+07:00
PAY003434,ORD003808,2026-04-26T04:16:00+07:00,e_wallet,success,13740000.00,seed,2026-04-26T04:16:00+07:00,2026-04-26T04:16:00+07:00
PAY003435,ORD003810,2026-05-22T00:27:00+07:00,cash,success,14875000.00,seed,2026-05-22T00:27:00+07:00,2026-05-22T00:27:00+07:00
PAY003436,ORD003811,2026-04-28T23:57:00+07:00,cash,success,5610000.00,seed,2026-04-28T23:57:00+07:00,2026-04-28T23:57:00+07:00
PAY003437,ORD003812,2026-01-10T23:58:00+07:00,bank_transfer,success,8340000.00,seed,2026-01-10T23:58:00+07:00,2026-01-10T23:58:00+07:00
PAY003438,ORD003813,2026-05-07T23:37:00+07:00,cash,success,23550000.00,seed,2026-05-07T23:37:00+07:00,2026-05-07T23:37:00+07:00
PAY003439,ORD003814,2026-05-23T18:38:00+07:00,e_wallet,success,14137000.00,seed,2026-05-23T18:38:00+07:00,2026-05-23T18:38:00+07:00
PAY003440,ORD003815,2026-06-04T20:18:00+07:00,cash,success,8957500.00,seed,2026-06-04T20:18:00+07:00,2026-06-04T20:18:00+07:00
PAY003441,ORD003816,2026-06-14T04:04:00+07:00,bank_transfer,success,14527500.00,seed,2026-06-14T04:04:00+07:00,2026-06-14T04:04:00+07:00
PAY003442,ORD003817,2026-03-09T16:36:00+07:00,e_wallet,success,5877000.00,seed,2026-03-09T16:36:00+07:00,2026-03-09T16:36:00+07:00
PAY003443,ORD003818,2026-06-04T19:26:00+07:00,bank_transfer,success,2432000.00,seed,2026-06-04T19:26:00+07:00,2026-06-04T19:26:00+07:00
PAY003444,ORD003819,2026-06-02T16:37:00+07:00,cash,success,30781500.00,seed,2026-06-02T16:37:00+07:00,2026-06-02T16:37:00+07:00
PAY003445,ORD003820,2026-04-10T21:26:00+07:00,e_wallet,success,15234000.00,seed,2026-04-10T21:26:00+07:00,2026-04-10T21:26:00+07:00
PAY003446,ORD003821,2026-04-27T23:09:00+07:00,e_wallet,success,16675500.00,seed,2026-04-27T23:09:00+07:00,2026-04-27T23:09:00+07:00
PAY003447,ORD003822,2026-03-13T08:18:00+07:00,bank_transfer,success,17177500.00,seed,2026-03-13T08:18:00+07:00,2026-03-13T08:18:00+07:00
PAY003448,ORD003824,2026-04-04T17:25:00+07:00,e_wallet,success,14964500.00,seed,2026-04-04T17:25:00+07:00,2026-04-04T17:25:00+07:00
PAY003449,ORD003825,2026-01-27T20:20:00+07:00,e_wallet,pending,11052000.00,seed,2026-01-27T20:20:00+07:00,2026-01-27T20:20:00+07:00
PAY003450,ORD003826,2026-01-07T21:37:00+07:00,card,success,20867000.00,seed,2026-01-07T21:37:00+07:00,2026-01-07T21:37:00+07:00
PAY003451,ORD003827,2026-03-17T03:34:00+07:00,cash,success,2511000.00,seed,2026-03-17T03:34:00+07:00,2026-03-17T03:34:00+07:00
PAY003452,ORD003828,2026-05-10T04:17:00+07:00,bank_transfer,success,15376000.00,seed,2026-05-10T04:17:00+07:00,2026-05-10T04:17:00+07:00
PAY003453,ORD003829,2026-05-25T20:45:00+07:00,cash,success,4700000.00,seed,2026-05-25T20:45:00+07:00,2026-05-25T20:45:00+07:00
PAY003454,ORD003830,2026-03-07T19:43:00+07:00,card,refunded,8262000.00,seed,2026-03-07T19:43:00+07:00,2026-03-07T19:43:00+07:00
PAY003455,ORD003831,2026-06-22T22:55:00+07:00,card,failed,9157000.00,seed,2026-06-22T22:55:00+07:00,2026-06-22T22:55:00+07:00
PAY003456,ORD003832,2026-05-18T04:25:00+07:00,e_wallet,failed,33810500.00,seed,2026-05-18T04:25:00+07:00,2026-05-18T04:25:00+07:00
PAY003457,ORD003833,2026-05-17T14:42:00+07:00,e_wallet,success,1170000.00,seed,2026-05-17T14:42:00+07:00,2026-05-17T14:42:00+07:00
PAY003458,ORD003834,2026-04-30T16:36:00+07:00,e_wallet,success,7685000.00,seed,2026-04-30T16:36:00+07:00,2026-04-30T16:36:00+07:00
PAY003459,ORD003835,2026-01-14T21:51:00+07:00,card,success,17031000.00,seed,2026-01-14T21:51:00+07:00,2026-01-14T21:51:00+07:00
PAY003460,ORD003836,2026-01-16T21:22:00+07:00,cash,success,18800000.00,seed,2026-01-16T21:22:00+07:00,2026-01-16T21:22:00+07:00
PAY003461,ORD003837,2026-04-23T21:09:00+07:00,e_wallet,success,9510000.00,seed,2026-04-23T21:09:00+07:00,2026-04-23T21:09:00+07:00
PAY003462,ORD003838,2026-06-04T18:20:00+07:00,cash,success,13083000.00,seed,2026-06-04T18:20:00+07:00,2026-06-04T18:20:00+07:00
PAY003463,ORD003839,2026-06-11T05:55:00+07:00,cash,failed,22491000.00,seed,2026-06-11T05:55:00+07:00,2026-06-11T05:55:00+07:00
PAY003464,ORD003841,2026-06-28T22:11:00+07:00,cash,success,19560000.00,seed,2026-06-28T22:11:00+07:00,2026-06-28T22:11:00+07:00
PAY003465,ORD003842,2026-03-02T19:39:00+07:00,e_wallet,success,25303000.00,seed,2026-03-02T19:39:00+07:00,2026-03-02T19:39:00+07:00
PAY003466,ORD003843,2026-06-29T02:57:00+07:00,bank_transfer,success,21663000.00,seed,2026-06-29T02:57:00+07:00,2026-06-29T02:57:00+07:00
PAY003467,ORD003844,2026-04-09T03:25:00+07:00,e_wallet,success,13076000.00,seed,2026-04-09T03:25:00+07:00,2026-04-09T03:25:00+07:00
PAY003468,ORD003846,2026-01-08T08:55:00+07:00,card,success,17680000.00,seed,2026-01-08T08:55:00+07:00,2026-01-08T08:55:00+07:00
PAY003469,ORD003847,2026-04-24T19:46:00+07:00,bank_transfer,success,9822000.00,seed,2026-04-24T19:46:00+07:00,2026-04-24T19:46:00+07:00
PAY003470,ORD003848,2026-05-05T03:31:00+07:00,e_wallet,success,1615000.00,seed,2026-05-05T03:31:00+07:00,2026-05-05T03:31:00+07:00
PAY003471,ORD003849,2026-01-12T20:06:00+07:00,cash,success,18288500.00,seed,2026-01-12T20:06:00+07:00,2026-01-12T20:06:00+07:00
PAY003472,ORD003850,2026-06-23T13:10:00+07:00,cash,success,1999000.00,seed,2026-06-23T13:10:00+07:00,2026-06-23T13:10:00+07:00
PAY003473,ORD003851,2026-01-16T04:04:00+07:00,card,success,13451500.00,seed,2026-01-16T04:04:00+07:00,2026-01-16T04:04:00+07:00
PAY003474,ORD003852,2026-02-08T01:48:00+07:00,card,pending,5898500.00,seed,2026-02-08T01:48:00+07:00,2026-02-08T01:48:00+07:00
PAY003475,ORD003853,2026-05-30T18:59:00+07:00,bank_transfer,success,13305000.00,seed,2026-05-30T18:59:00+07:00,2026-05-30T18:59:00+07:00
PAY003476,ORD003854,2026-05-25T02:51:00+07:00,card,success,15917500.00,seed,2026-05-25T02:51:00+07:00,2026-05-25T02:51:00+07:00
PAY003477,ORD003855,2026-04-13T22:05:00+07:00,card,success,18805500.00,seed,2026-04-13T22:05:00+07:00,2026-04-13T22:05:00+07:00
PAY003478,ORD003856,2026-06-21T19:19:00+07:00,e_wallet,success,4383000.00,seed,2026-06-21T19:19:00+07:00,2026-06-21T19:19:00+07:00
PAY003479,ORD003857,2026-01-28T07:12:00+07:00,cash,refunded,14126500.00,seed,2026-01-28T07:12:00+07:00,2026-01-28T07:12:00+07:00
PAY003480,ORD003858,2026-02-08T00:37:00+07:00,cash,success,12537000.00,seed,2026-02-08T00:37:00+07:00,2026-02-08T00:37:00+07:00
PAY003481,ORD003859,2026-02-20T00:58:00+07:00,card,success,16408000.00,seed,2026-02-20T00:58:00+07:00,2026-02-20T00:58:00+07:00
PAY003482,ORD003860,2026-02-09T19:14:00+07:00,e_wallet,success,8645000.00,seed,2026-02-09T19:14:00+07:00,2026-02-09T19:14:00+07:00
PAY003483,ORD003861,2026-04-21T04:50:00+07:00,bank_transfer,success,20099000.00,seed,2026-04-21T04:50:00+07:00,2026-04-21T04:50:00+07:00
PAY003484,ORD003862,2026-06-04T05:48:00+07:00,bank_transfer,success,9902500.00,seed,2026-06-04T05:48:00+07:00,2026-06-04T05:48:00+07:00
PAY003485,ORD003863,2026-06-05T00:57:00+07:00,e_wallet,success,16174500.00,seed,2026-06-05T00:57:00+07:00,2026-06-05T00:57:00+07:00
PAY003486,ORD003864,2026-05-05T05:21:00+07:00,cash,success,16266000.00,seed,2026-05-05T05:21:00+07:00,2026-05-05T05:21:00+07:00
PAY003487,ORD003865,2026-02-23T20:58:00+07:00,e_wallet,success,6336000.00,seed,2026-02-23T20:58:00+07:00,2026-02-23T20:58:00+07:00
PAY003488,ORD003866,2026-04-21T11:20:00+07:00,bank_transfer,failed,26976500.00,seed,2026-04-21T11:20:00+07:00,2026-04-21T11:20:00+07:00
PAY003489,ORD003867,2026-04-13T22:28:00+07:00,card,success,3978000.00,seed,2026-04-13T22:28:00+07:00,2026-04-13T22:28:00+07:00
PAY003490,ORD003868,2026-04-26T16:56:00+07:00,e_wallet,success,9360500.00,seed,2026-04-26T16:56:00+07:00,2026-04-26T16:56:00+07:00
PAY003491,ORD003869,2026-04-23T07:15:00+07:00,card,success,12269500.00,seed,2026-04-23T07:15:00+07:00,2026-04-23T07:15:00+07:00
PAY003492,ORD003870,2026-05-07T16:24:00+07:00,e_wallet,success,10565000.00,seed,2026-05-07T16:24:00+07:00,2026-05-07T16:24:00+07:00
PAY003493,ORD003871,2026-01-01T17:24:00+07:00,bank_transfer,refunded,16665500.00,seed,2026-01-01T17:24:00+07:00,2026-01-01T17:24:00+07:00
PAY003494,ORD003873,2026-03-04T13:42:00+07:00,e_wallet,success,4075500.00,seed,2026-03-04T13:42:00+07:00,2026-03-04T13:42:00+07:00
PAY003495,ORD003874,2026-04-06T19:31:00+07:00,bank_transfer,success,19033000.00,seed,2026-04-06T19:31:00+07:00,2026-04-06T19:31:00+07:00
PAY003496,ORD003876,2026-01-22T13:13:00+07:00,card,success,24876000.00,seed,2026-01-22T13:13:00+07:00,2026-01-22T13:13:00+07:00
PAY003497,ORD003877,2026-05-27T18:11:00+07:00,e_wallet,success,4828500.00,seed,2026-05-27T18:11:00+07:00,2026-05-27T18:11:00+07:00
PAY003498,ORD003878,2026-01-14T20:38:00+07:00,bank_transfer,success,26809500.00,seed,2026-01-14T20:38:00+07:00,2026-01-14T20:38:00+07:00
PAY003499,ORD003879,2026-02-25T19:47:00+07:00,e_wallet,success,3887000.00,seed,2026-02-25T19:47:00+07:00,2026-02-25T19:47:00+07:00
PAY003500,ORD003880,2026-02-16T08:01:00+07:00,cash,success,10943500.00,seed,2026-02-16T08:01:00+07:00,2026-02-16T08:01:00+07:00
PAY003501,ORD003881,2026-06-01T05:03:00+07:00,cash,success,26182000.00,seed,2026-06-01T05:03:00+07:00,2026-06-01T05:03:00+07:00
PAY003502,ORD003882,2026-03-08T20:26:00+07:00,card,success,2412000.00,seed,2026-03-08T20:26:00+07:00,2026-03-08T20:26:00+07:00
PAY003503,ORD003883,2026-06-19T04:26:00+07:00,e_wallet,success,2190000.00,seed,2026-06-19T04:26:00+07:00,2026-06-19T04:26:00+07:00
PAY003504,ORD003884,2026-04-13T06:00:00+07:00,card,success,35509500.00,seed,2026-04-13T06:00:00+07:00,2026-04-13T06:00:00+07:00
PAY003505,ORD003885,2026-05-07T19:58:00+07:00,e_wallet,success,5076000.00,seed,2026-05-07T19:58:00+07:00,2026-05-07T19:58:00+07:00
PAY003506,ORD003886,2026-04-25T04:52:00+07:00,bank_transfer,success,17150500.00,seed,2026-04-25T04:52:00+07:00,2026-04-25T04:52:00+07:00
PAY003507,ORD003887,2026-06-22T03:42:00+07:00,card,success,21140500.00,seed,2026-06-22T03:42:00+07:00,2026-06-22T03:42:00+07:00
PAY003508,ORD003888,2026-03-07T15:27:00+07:00,bank_transfer,success,30381000.00,seed,2026-03-07T15:27:00+07:00,2026-03-07T15:27:00+07:00
PAY003509,ORD003889,2026-03-02T11:57:00+07:00,card,success,8208000.00,seed,2026-03-02T11:57:00+07:00,2026-03-02T11:57:00+07:00
PAY003510,ORD003890,2026-01-16T13:43:00+07:00,card,success,10547000.00,seed,2026-01-16T13:43:00+07:00,2026-01-16T13:43:00+07:00
PAY003511,ORD003891,2026-04-07T20:05:00+07:00,bank_transfer,success,332500.00,seed,2026-04-07T20:05:00+07:00,2026-04-07T20:05:00+07:00
PAY003512,ORD003892,2026-06-13T01:00:00+07:00,cash,success,4148000.00,seed,2026-06-13T01:00:00+07:00,2026-06-13T01:00:00+07:00
PAY003513,ORD003893,2026-02-17T22:37:00+07:00,bank_transfer,success,15288000.00,seed,2026-02-17T22:37:00+07:00,2026-02-17T22:37:00+07:00
PAY003514,ORD003894,2026-06-07T23:39:00+07:00,card,success,7009500.00,seed,2026-06-07T23:39:00+07:00,2026-06-07T23:39:00+07:00
PAY003515,ORD003895,2026-03-09T04:36:00+07:00,cash,failed,18434500.00,seed,2026-03-09T04:36:00+07:00,2026-03-09T04:36:00+07:00
PAY003516,ORD003896,2026-04-14T19:30:00+07:00,bank_transfer,success,4759500.00,seed,2026-04-14T19:30:00+07:00,2026-04-14T19:30:00+07:00
PAY003517,ORD003897,2026-04-12T23:12:00+07:00,bank_transfer,success,7850000.00,seed,2026-04-12T23:12:00+07:00,2026-04-12T23:12:00+07:00
PAY003518,ORD003898,2026-03-25T00:28:00+07:00,bank_transfer,success,20040000.00,seed,2026-03-25T00:28:00+07:00,2026-03-25T00:28:00+07:00
PAY003519,ORD003899,2026-05-03T23:19:00+07:00,e_wallet,success,6700000.00,seed,2026-05-03T23:19:00+07:00,2026-05-03T23:19:00+07:00
PAY003520,ORD003901,2026-04-22T22:15:00+07:00,e_wallet,pending,19414000.00,seed,2026-04-22T22:15:00+07:00,2026-04-22T22:15:00+07:00
PAY003521,ORD003902,2026-01-08T23:14:00+07:00,card,success,25348500.00,seed,2026-01-08T23:14:00+07:00,2026-01-08T23:14:00+07:00
PAY003522,ORD003904,2026-01-29T17:45:00+07:00,card,success,16870000.00,seed,2026-01-29T17:45:00+07:00,2026-01-29T17:45:00+07:00
PAY003523,ORD003905,2026-03-09T02:52:00+07:00,cash,success,3572000.00,seed,2026-03-09T02:52:00+07:00,2026-03-09T02:52:00+07:00
PAY003524,ORD003906,2026-01-27T22:15:00+07:00,e_wallet,success,21468500.00,seed,2026-01-27T22:15:00+07:00,2026-01-27T22:15:00+07:00
PAY003525,ORD003907,2026-03-24T01:34:00+07:00,cash,success,22187000.00,seed,2026-03-24T01:34:00+07:00,2026-03-24T01:34:00+07:00
PAY003526,ORD003908,2026-02-05T04:00:00+07:00,cash,success,800000.00,seed,2026-02-05T04:00:00+07:00,2026-02-05T04:00:00+07:00
PAY003527,ORD003909,2026-06-13T02:45:00+07:00,e_wallet,success,4531500.00,seed,2026-06-13T02:45:00+07:00,2026-06-13T02:45:00+07:00
PAY003528,ORD003910,2026-06-21T00:34:00+07:00,cash,success,10505000.00,seed,2026-06-21T00:34:00+07:00,2026-06-21T00:34:00+07:00
PAY003529,ORD003911,2026-04-02T16:47:00+07:00,bank_transfer,success,10550000.00,seed,2026-04-02T16:47:00+07:00,2026-04-02T16:47:00+07:00
PAY003530,ORD003912,2026-02-20T16:48:00+07:00,e_wallet,failed,12758500.00,seed,2026-02-20T16:48:00+07:00,2026-02-20T16:48:00+07:00
PAY003531,ORD003913,2026-01-25T03:13:00+07:00,e_wallet,success,21716000.00,seed,2026-01-25T03:13:00+07:00,2026-01-25T03:13:00+07:00
PAY003532,ORD003914,2026-02-27T20:36:00+07:00,bank_transfer,success,11642000.00,seed,2026-02-27T20:36:00+07:00,2026-02-27T20:36:00+07:00
PAY003533,ORD003915,2026-04-22T21:44:00+07:00,bank_transfer,success,9431500.00,seed,2026-04-22T21:44:00+07:00,2026-04-22T21:44:00+07:00
PAY003534,ORD003916,2026-06-17T12:12:00+07:00,bank_transfer,success,23619500.00,seed,2026-06-17T12:12:00+07:00,2026-06-17T12:12:00+07:00
PAY003535,ORD003917,2026-01-05T19:50:00+07:00,cash,success,7960000.00,seed,2026-01-05T19:50:00+07:00,2026-01-05T19:50:00+07:00
PAY003536,ORD003918,2026-02-15T03:19:00+07:00,cash,success,6200000.00,seed,2026-02-15T03:19:00+07:00,2026-02-15T03:19:00+07:00
PAY003537,ORD003919,2026-06-18T13:24:00+07:00,bank_transfer,success,12780000.00,seed,2026-06-18T13:24:00+07:00,2026-06-18T13:24:00+07:00
PAY003538,ORD003920,2026-01-06T19:14:00+07:00,bank_transfer,failed,10229500.00,seed,2026-01-06T19:14:00+07:00,2026-01-06T19:14:00+07:00
PAY003539,ORD003921,2026-05-07T01:58:00+07:00,e_wallet,success,3360000.00,seed,2026-05-07T01:58:00+07:00,2026-05-07T01:58:00+07:00
PAY003540,ORD003922,2026-05-18T17:48:00+07:00,bank_transfer,success,17758500.00,seed,2026-05-18T17:48:00+07:00,2026-05-18T17:48:00+07:00
PAY003541,ORD003923,2026-03-18T19:18:00+07:00,card,success,6672000.00,seed,2026-03-18T19:18:00+07:00,2026-03-18T19:18:00+07:00
PAY003542,ORD003924,2026-06-06T22:54:00+07:00,cash,success,4674000.00,seed,2026-06-06T22:54:00+07:00,2026-06-06T22:54:00+07:00
PAY003543,ORD003925,2026-05-19T23:44:00+07:00,e_wallet,success,1909500.00,seed,2026-05-19T23:44:00+07:00,2026-05-19T23:44:00+07:00
PAY003544,ORD003926,2026-04-01T21:47:00+07:00,e_wallet,success,13895000.00,seed,2026-04-01T21:47:00+07:00,2026-04-01T21:47:00+07:00
PAY003545,ORD003927,2026-02-17T00:36:00+07:00,bank_transfer,success,14290000.00,seed,2026-02-17T00:36:00+07:00,2026-02-17T00:36:00+07:00
PAY003546,ORD003928,2026-05-03T12:38:00+07:00,card,success,2260000.00,seed,2026-05-03T12:38:00+07:00,2026-05-03T12:38:00+07:00
PAY003547,ORD003929,2026-06-21T23:10:00+07:00,e_wallet,success,22063000.00,seed,2026-06-21T23:10:00+07:00,2026-06-21T23:10:00+07:00
PAY003548,ORD003930,2026-06-09T17:38:00+07:00,cash,success,3094000.00,seed,2026-06-09T17:38:00+07:00,2026-06-09T17:38:00+07:00
PAY003549,ORD003931,2026-05-21T22:24:00+07:00,bank_transfer,success,6470000.00,seed,2026-05-21T22:24:00+07:00,2026-05-21T22:24:00+07:00
PAY003550,ORD003932,2026-06-28T21:11:00+07:00,bank_transfer,success,21055000.00,seed,2026-06-28T21:11:00+07:00,2026-06-28T21:11:00+07:00
PAY003551,ORD003934,2026-04-30T15:01:00+07:00,bank_transfer,success,24789000.00,seed,2026-04-30T15:01:00+07:00,2026-04-30T15:01:00+07:00
PAY003552,ORD003935,2026-04-18T04:47:00+07:00,bank_transfer,failed,14398000.00,seed,2026-04-18T04:47:00+07:00,2026-04-18T04:47:00+07:00
PAY003553,ORD003937,2026-04-10T03:01:00+07:00,cash,success,20846500.00,seed,2026-04-10T03:01:00+07:00,2026-04-10T03:01:00+07:00
PAY003554,ORD003938,2026-04-02T00:27:00+07:00,bank_transfer,success,6709000.00,seed,2026-04-02T00:27:00+07:00,2026-04-02T00:27:00+07:00
PAY003555,ORD003939,2026-02-23T20:12:00+07:00,e_wallet,success,13266000.00,seed,2026-02-23T20:12:00+07:00,2026-02-23T20:12:00+07:00
PAY003556,ORD003940,2026-03-05T22:18:00+07:00,e_wallet,success,20786000.00,seed,2026-03-05T22:18:00+07:00,2026-03-05T22:18:00+07:00
PAY003557,ORD003941,2026-04-20T04:13:00+07:00,card,success,7324500.00,seed,2026-04-20T04:13:00+07:00,2026-04-20T04:13:00+07:00
PAY003558,ORD003942,2026-01-18T13:18:00+07:00,card,success,8605000.00,seed,2026-01-18T13:18:00+07:00,2026-01-18T13:18:00+07:00
PAY003559,ORD003943,2026-01-05T23:47:00+07:00,cash,success,31182000.00,seed,2026-01-05T23:47:00+07:00,2026-01-05T23:47:00+07:00
PAY003560,ORD003944,2026-02-12T00:34:00+07:00,e_wallet,success,17869000.00,seed,2026-02-12T00:34:00+07:00,2026-02-12T00:34:00+07:00
PAY003561,ORD003945,2026-04-05T05:48:00+07:00,cash,success,7723000.00,seed,2026-04-05T05:48:00+07:00,2026-04-05T05:48:00+07:00
PAY003562,ORD003946,2026-03-30T20:51:00+07:00,e_wallet,success,880000.00,seed,2026-03-30T20:51:00+07:00,2026-03-30T20:51:00+07:00
PAY003563,ORD003947,2026-03-07T21:51:00+07:00,card,success,24978000.00,seed,2026-03-07T21:51:00+07:00,2026-03-07T21:51:00+07:00
PAY003564,ORD003948,2026-04-04T03:33:00+07:00,card,success,11624000.00,seed,2026-04-04T03:33:00+07:00,2026-04-04T03:33:00+07:00
PAY003565,ORD003949,2026-01-12T03:10:00+07:00,e_wallet,success,6681000.00,seed,2026-01-12T03:10:00+07:00,2026-01-12T03:10:00+07:00
PAY003566,ORD003950,2026-03-06T17:57:00+07:00,card,success,3770000.00,seed,2026-03-06T17:57:00+07:00,2026-03-06T17:57:00+07:00
PAY003567,ORD003951,2026-05-23T01:57:00+07:00,card,success,3689000.00,seed,2026-05-23T01:57:00+07:00,2026-05-23T01:57:00+07:00
PAY003568,ORD003953,2026-01-06T06:00:00+07:00,e_wallet,success,15764000.00,seed,2026-01-06T06:00:00+07:00,2026-01-06T06:00:00+07:00
PAY003569,ORD003954,2026-01-31T00:46:00+07:00,bank_transfer,success,5540000.00,seed,2026-01-31T00:46:00+07:00,2026-01-31T00:46:00+07:00
PAY003570,ORD003955,2026-02-04T18:44:00+07:00,bank_transfer,success,1800000.00,seed,2026-02-04T18:44:00+07:00,2026-02-04T18:44:00+07:00
PAY003571,ORD003956,2026-05-25T21:34:00+07:00,cash,success,11317000.00,seed,2026-05-25T21:34:00+07:00,2026-05-25T21:34:00+07:00
PAY003572,ORD003957,2026-02-24T06:37:00+07:00,cash,success,4338000.00,seed,2026-02-24T06:37:00+07:00,2026-02-24T06:37:00+07:00
PAY003573,ORD003958,2026-04-07T06:46:00+07:00,e_wallet,success,10020000.00,seed,2026-04-07T06:46:00+07:00,2026-04-07T06:46:00+07:00
PAY003574,ORD003959,2026-06-26T21:51:00+07:00,e_wallet,success,221000.00,seed,2026-06-26T21:51:00+07:00,2026-06-26T21:51:00+07:00
PAY003575,ORD003960,2026-03-22T09:12:00+07:00,bank_transfer,success,3356000.00,seed,2026-03-22T09:12:00+07:00,2026-03-22T09:12:00+07:00
PAY003576,ORD003961,2026-05-25T22:32:00+07:00,bank_transfer,success,3429500.00,seed,2026-05-25T22:32:00+07:00,2026-05-25T22:32:00+07:00
PAY003577,ORD003962,2026-03-07T19:45:00+07:00,card,success,6887500.00,seed,2026-03-07T19:45:00+07:00,2026-03-07T19:45:00+07:00
PAY003578,ORD003963,2026-06-11T23:35:00+07:00,cash,success,11634000.00,seed,2026-06-11T23:35:00+07:00,2026-06-11T23:35:00+07:00
PAY003579,ORD003964,2026-01-24T17:41:00+07:00,card,success,16740000.00,seed,2026-01-24T17:41:00+07:00,2026-01-24T17:41:00+07:00
PAY003580,ORD003965,2026-03-04T22:29:00+07:00,card,success,19540000.00,seed,2026-03-04T22:29:00+07:00,2026-03-04T22:29:00+07:00
PAY003581,ORD003966,2026-04-09T21:03:00+07:00,bank_transfer,success,15266000.00,seed,2026-04-09T21:03:00+07:00,2026-04-09T21:03:00+07:00
PAY003582,ORD003967,2026-06-19T05:57:00+07:00,e_wallet,success,6340500.00,seed,2026-06-19T05:57:00+07:00,2026-06-19T05:57:00+07:00
PAY003583,ORD003968,2026-03-09T09:25:00+07:00,e_wallet,success,5003500.00,seed,2026-03-09T09:25:00+07:00,2026-03-09T09:25:00+07:00
PAY003584,ORD003970,2026-06-12T07:41:00+07:00,cash,success,7686500.00,seed,2026-06-12T07:41:00+07:00,2026-06-12T07:41:00+07:00
PAY003585,ORD003971,2026-05-28T10:27:00+07:00,e_wallet,success,32020000.00,seed,2026-05-28T10:27:00+07:00,2026-05-28T10:27:00+07:00
PAY003586,ORD003972,2026-05-16T22:36:00+07:00,bank_transfer,success,27771500.00,seed,2026-05-16T22:36:00+07:00,2026-05-16T22:36:00+07:00
PAY003587,ORD003973,2026-06-24T06:33:00+07:00,e_wallet,success,15202000.00,seed,2026-06-24T06:33:00+07:00,2026-06-24T06:33:00+07:00
PAY003588,ORD003974,2026-04-03T23:45:00+07:00,bank_transfer,success,8917500.00,seed,2026-04-03T23:45:00+07:00,2026-04-03T23:45:00+07:00
PAY003589,ORD003975,2026-06-09T21:48:00+07:00,e_wallet,success,3809000.00,seed,2026-06-09T21:48:00+07:00,2026-06-09T21:48:00+07:00
PAY003590,ORD003976,2026-04-08T01:18:00+07:00,card,success,21390000.00,seed,2026-04-08T01:18:00+07:00,2026-04-08T01:18:00+07:00
PAY003591,ORD003977,2026-05-28T00:42:00+07:00,e_wallet,failed,6880500.00,seed,2026-05-28T00:42:00+07:00,2026-05-28T00:42:00+07:00
PAY003592,ORD003978,2026-01-25T19:55:00+07:00,cash,success,8836000.00,seed,2026-01-25T19:55:00+07:00,2026-01-25T19:55:00+07:00
PAY003593,ORD003979,2026-04-09T10:09:00+07:00,card,success,26621000.00,seed,2026-04-09T10:09:00+07:00,2026-04-09T10:09:00+07:00
PAY003594,ORD003980,2026-05-19T09:10:00+07:00,cash,success,3868000.00,seed,2026-05-19T09:10:00+07:00,2026-05-19T09:10:00+07:00
PAY003595,ORD003981,2026-06-06T02:02:00+07:00,cash,success,14465500.00,seed,2026-06-06T02:02:00+07:00,2026-06-06T02:02:00+07:00
PAY003596,ORD003982,2026-04-18T23:06:00+07:00,card,success,12426000.00,seed,2026-04-18T23:06:00+07:00,2026-04-18T23:06:00+07:00
PAY003597,ORD003983,2026-06-07T00:18:00+07:00,cash,pending,26238000.00,seed,2026-06-07T00:18:00+07:00,2026-06-07T00:18:00+07:00
PAY003598,ORD003984,2026-02-01T18:10:00+07:00,cash,success,6668000.00,seed,2026-02-01T18:10:00+07:00,2026-02-01T18:10:00+07:00
PAY003599,ORD003985,2026-06-19T18:41:00+07:00,card,success,17949000.00,seed,2026-06-19T18:41:00+07:00,2026-06-19T18:41:00+07:00
PAY003600,ORD003986,2026-02-27T23:02:00+07:00,bank_transfer,success,21878500.00,seed,2026-02-27T23:02:00+07:00,2026-02-27T23:02:00+07:00
PAY003601,ORD003987,2026-04-30T21:19:00+07:00,card,failed,16790000.00,seed,2026-04-30T21:19:00+07:00,2026-04-30T21:19:00+07:00
PAY003602,ORD003988,2026-05-30T20:59:00+07:00,card,success,8765000.00,seed,2026-05-30T20:59:00+07:00,2026-05-30T20:59:00+07:00
PAY003603,ORD003989,2026-04-30T12:46:00+07:00,cash,success,3931000.00,seed,2026-04-30T12:46:00+07:00,2026-04-30T12:46:00+07:00
PAY003604,ORD003991,2026-02-25T16:28:00+07:00,cash,pending,14609000.00,seed,2026-02-25T16:28:00+07:00,2026-02-25T16:28:00+07:00
PAY003605,ORD003992,2026-01-08T04:10:00+07:00,cash,success,7323500.00,seed,2026-01-08T04:10:00+07:00,2026-01-08T04:10:00+07:00
PAY003606,ORD003993,2026-05-05T15:40:00+07:00,cash,success,24074500.00,seed,2026-05-05T15:40:00+07:00,2026-05-05T15:40:00+07:00
PAY003607,ORD003994,2026-03-28T00:45:00+07:00,e_wallet,success,1035500.00,seed,2026-03-28T00:45:00+07:00,2026-03-28T00:45:00+07:00
PAY003608,ORD003995,2026-05-13T23:35:00+07:00,cash,success,20089000.00,seed,2026-05-13T23:35:00+07:00,2026-05-13T23:35:00+07:00
PAY003609,ORD003997,2026-05-13T19:10:00+07:00,card,success,13734000.00,seed,2026-05-13T19:10:00+07:00,2026-05-13T19:10:00+07:00
PAY003610,ORD003998,2026-03-18T19:09:00+07:00,card,success,17686500.00,seed,2026-03-18T19:09:00+07:00,2026-03-18T19:09:00+07:00
PAY003611,ORD003999,2026-03-04T23:45:00+07:00,cash,success,6162500.00,seed,2026-03-04T23:45:00+07:00,2026-03-04T23:45:00+07:00
PAY003612,ORD004000,2026-04-03T17:49:00+07:00,card,success,21538000.00,seed,2026-04-03T17:49:00+07:00,2026-04-03T17:49:00+07:00
PAY003613,ORD004001,2026-04-19T19:29:00+07:00,bank_transfer,success,19722500.00,seed,2026-04-19T19:29:00+07:00,2026-04-19T19:29:00+07:00
PAY003614,ORD004002,2026-06-24T19:30:00+07:00,e_wallet,success,769500.00,seed,2026-06-24T19:30:00+07:00,2026-06-24T19:30:00+07:00
PAY003615,ORD004003,2026-03-25T21:58:00+07:00,e_wallet,success,2250000.00,seed,2026-03-25T21:58:00+07:00,2026-03-25T21:58:00+07:00
PAY003616,ORD004004,2026-05-01T19:07:00+07:00,bank_transfer,success,14841000.00,seed,2026-05-01T19:07:00+07:00,2026-05-01T19:07:00+07:00
PAY003617,ORD004005,2026-02-07T13:07:00+07:00,e_wallet,success,5940000.00,seed,2026-02-07T13:07:00+07:00,2026-02-07T13:07:00+07:00
PAY003618,ORD004006,2026-01-25T22:22:00+07:00,e_wallet,success,9322000.00,seed,2026-01-25T22:22:00+07:00,2026-01-25T22:22:00+07:00
PAY003619,ORD004008,2026-06-18T14:26:00+07:00,bank_transfer,success,6813000.00,seed,2026-06-18T14:26:00+07:00,2026-06-18T14:26:00+07:00
PAY003620,ORD004009,2026-04-06T09:37:00+07:00,card,success,3277500.00,seed,2026-04-06T09:37:00+07:00,2026-04-06T09:37:00+07:00
PAY003621,ORD004010,2026-05-29T03:52:00+07:00,bank_transfer,failed,10800000.00,seed,2026-05-29T03:52:00+07:00,2026-05-29T03:52:00+07:00
PAY003622,ORD004011,2026-01-11T09:38:00+07:00,card,success,7710000.00,seed,2026-01-11T09:38:00+07:00,2026-01-11T09:38:00+07:00
PAY003623,ORD004012,2026-03-15T19:17:00+07:00,bank_transfer,success,22039000.00,seed,2026-03-15T19:17:00+07:00,2026-03-15T19:17:00+07:00
PAY003624,ORD004013,2026-02-21T19:14:00+07:00,card,success,9902000.00,seed,2026-02-21T19:14:00+07:00,2026-02-21T19:14:00+07:00
PAY003625,ORD004014,2026-02-12T21:07:00+07:00,e_wallet,success,7502500.00,seed,2026-02-12T21:07:00+07:00,2026-02-12T21:07:00+07:00
PAY003626,ORD004015,2026-06-09T11:56:00+07:00,e_wallet,success,23552000.00,seed,2026-06-09T11:56:00+07:00,2026-06-09T11:56:00+07:00
PAY003627,ORD004016,2026-06-29T22:00:00+07:00,cash,success,7680000.00,seed,2026-06-29T22:00:00+07:00,2026-06-29T22:00:00+07:00
PAY003628,ORD004017,2026-03-27T02:57:00+07:00,e_wallet,success,19630000.00,seed,2026-03-27T02:57:00+07:00,2026-03-27T02:57:00+07:00
PAY003629,ORD004018,2026-05-02T01:40:00+07:00,card,success,3820000.00,seed,2026-05-02T01:40:00+07:00,2026-05-02T01:40:00+07:00
PAY003630,ORD004019,2026-03-22T23:28:00+07:00,card,success,30008000.00,seed,2026-03-22T23:28:00+07:00,2026-03-22T23:28:00+07:00
PAY003631,ORD004020,2026-03-24T22:34:00+07:00,e_wallet,success,11876000.00,seed,2026-03-24T22:34:00+07:00,2026-03-24T22:34:00+07:00
PAY003632,ORD004023,2026-03-24T09:03:00+07:00,card,success,11125000.00,seed,2026-03-24T09:03:00+07:00,2026-03-24T09:03:00+07:00
PAY003633,ORD004024,2026-03-03T18:32:00+07:00,cash,success,34019000.00,seed,2026-03-03T18:32:00+07:00,2026-03-03T18:32:00+07:00
PAY003634,ORD004025,2026-06-05T00:35:00+07:00,card,failed,10564000.00,seed,2026-06-05T00:35:00+07:00,2026-06-05T00:35:00+07:00
PAY003635,ORD004026,2026-02-06T13:00:00+07:00,e_wallet,success,9220500.00,seed,2026-02-06T13:00:00+07:00,2026-02-06T13:00:00+07:00
PAY003636,ORD004027,2026-05-20T18:05:00+07:00,cash,success,10446500.00,seed,2026-05-20T18:05:00+07:00,2026-05-20T18:05:00+07:00
PAY003637,ORD004028,2026-06-09T01:41:00+07:00,card,success,8398000.00,seed,2026-06-09T01:41:00+07:00,2026-06-09T01:41:00+07:00
PAY003638,ORD004029,2026-01-07T18:38:00+07:00,cash,success,25140000.00,seed,2026-01-07T18:38:00+07:00,2026-01-07T18:38:00+07:00
PAY003639,ORD004030,2026-06-10T23:08:00+07:00,bank_transfer,failed,6470000.00,seed,2026-06-10T23:08:00+07:00,2026-06-10T23:08:00+07:00
PAY003640,ORD004031,2026-06-21T14:31:00+07:00,bank_transfer,refunded,18523000.00,seed,2026-06-21T14:31:00+07:00,2026-06-21T14:31:00+07:00
PAY003641,ORD004032,2026-02-21T00:57:00+07:00,cash,success,7189000.00,seed,2026-02-21T00:57:00+07:00,2026-02-21T00:57:00+07:00
PAY003642,ORD004033,2026-02-23T18:21:00+07:00,card,success,6961000.00,seed,2026-02-23T18:21:00+07:00,2026-02-23T18:21:00+07:00
PAY003643,ORD004034,2026-05-18T18:33:00+07:00,bank_transfer,success,17948000.00,seed,2026-05-18T18:33:00+07:00,2026-05-18T18:33:00+07:00
PAY003644,ORD004035,2026-03-25T20:24:00+07:00,cash,success,6547500.00,seed,2026-03-25T20:24:00+07:00,2026-03-25T20:24:00+07:00
PAY003645,ORD004036,2026-03-26T19:10:00+07:00,bank_transfer,success,6204000.00,seed,2026-03-26T19:10:00+07:00,2026-03-26T19:10:00+07:00
PAY003646,ORD004037,2026-04-07T18:02:00+07:00,card,success,3663000.00,seed,2026-04-07T18:02:00+07:00,2026-04-07T18:02:00+07:00
PAY003647,ORD004038,2026-04-11T22:39:00+07:00,card,success,18829000.00,seed,2026-04-11T22:39:00+07:00,2026-04-11T22:39:00+07:00
PAY003648,ORD004039,2026-02-12T17:13:00+07:00,bank_transfer,failed,9891000.00,seed,2026-02-12T17:13:00+07:00,2026-02-12T17:13:00+07:00
PAY003649,ORD004040,2026-01-18T21:33:00+07:00,bank_transfer,success,12800000.00,seed,2026-01-18T21:33:00+07:00,2026-01-18T21:33:00+07:00
PAY003650,ORD004041,2026-03-30T00:45:00+07:00,card,success,14869500.00,seed,2026-03-30T00:45:00+07:00,2026-03-30T00:45:00+07:00
PAY003651,ORD004042,2026-06-13T22:48:00+07:00,card,success,22122500.00,seed,2026-06-13T22:48:00+07:00,2026-06-13T22:48:00+07:00
PAY003652,ORD004043,2026-04-26T04:01:00+07:00,card,success,8779000.00,seed,2026-04-26T04:01:00+07:00,2026-04-26T04:01:00+07:00
PAY003653,ORD004044,2026-01-23T13:58:00+07:00,bank_transfer,success,6192000.00,seed,2026-01-23T13:58:00+07:00,2026-01-23T13:58:00+07:00
PAY003654,ORD004045,2026-01-25T20:34:00+07:00,card,success,6820000.00,seed,2026-01-25T20:34:00+07:00,2026-01-25T20:34:00+07:00
PAY003655,ORD004046,2026-06-29T22:48:00+07:00,e_wallet,success,21370000.00,seed,2026-06-29T22:48:00+07:00,2026-06-29T22:48:00+07:00
PAY003656,ORD004047,2026-06-15T02:05:00+07:00,e_wallet,success,10134000.00,seed,2026-06-15T02:05:00+07:00,2026-06-15T02:05:00+07:00
PAY003657,ORD004048,2026-02-06T15:41:00+07:00,e_wallet,pending,9425500.00,seed,2026-02-06T15:41:00+07:00,2026-02-06T15:41:00+07:00
PAY003658,ORD004049,2026-04-03T19:46:00+07:00,cash,success,7805000.00,seed,2026-04-03T19:46:00+07:00,2026-04-03T19:46:00+07:00
PAY003659,ORD004050,2026-05-04T03:05:00+07:00,card,success,22471000.00,seed,2026-05-04T03:05:00+07:00,2026-05-04T03:05:00+07:00
PAY003660,ORD004051,2026-03-25T23:39:00+07:00,card,success,1017000.00,seed,2026-03-25T23:39:00+07:00,2026-03-25T23:39:00+07:00
PAY003661,ORD004052,2026-01-01T13:46:00+07:00,card,success,15010000.00,seed,2026-01-01T13:46:00+07:00,2026-01-01T13:46:00+07:00
PAY003662,ORD004053,2026-03-27T03:10:00+07:00,card,success,2448000.00,seed,2026-03-27T03:10:00+07:00,2026-03-27T03:10:00+07:00
PAY003663,ORD004054,2026-06-10T14:58:00+07:00,e_wallet,success,6157000.00,seed,2026-06-10T14:58:00+07:00,2026-06-10T14:58:00+07:00
PAY003664,ORD004055,2026-01-30T01:58:00+07:00,cash,success,1360000.00,seed,2026-01-30T01:58:00+07:00,2026-01-30T01:58:00+07:00
PAY003665,ORD004056,2026-01-28T03:41:00+07:00,card,success,4189500.00,seed,2026-01-28T03:41:00+07:00,2026-01-28T03:41:00+07:00
PAY003666,ORD004057,2026-03-30T00:46:00+07:00,card,success,16438500.00,seed,2026-03-30T00:46:00+07:00,2026-03-30T00:46:00+07:00
PAY003667,ORD004058,2026-01-07T06:57:00+07:00,bank_transfer,success,44992000.00,seed,2026-01-07T06:57:00+07:00,2026-01-07T06:57:00+07:00
PAY003668,ORD004059,2026-02-02T07:41:00+07:00,e_wallet,success,10361500.00,seed,2026-02-02T07:41:00+07:00,2026-02-02T07:41:00+07:00
PAY003669,ORD004060,2026-02-21T04:57:00+07:00,bank_transfer,success,14050500.00,seed,2026-02-21T04:57:00+07:00,2026-02-21T04:57:00+07:00
PAY003670,ORD004061,2026-02-01T20:48:00+07:00,card,success,13383000.00,seed,2026-02-01T20:48:00+07:00,2026-02-01T20:48:00+07:00
PAY003671,ORD004063,2026-01-28T00:45:00+07:00,e_wallet,success,18483000.00,seed,2026-01-28T00:45:00+07:00,2026-01-28T00:45:00+07:00
PAY003672,ORD004064,2026-03-23T14:51:00+07:00,card,success,470000.00,seed,2026-03-23T14:51:00+07:00,2026-03-23T14:51:00+07:00
PAY003673,ORD004065,2026-03-02T20:50:00+07:00,card,success,21806000.00,seed,2026-03-02T20:50:00+07:00,2026-03-02T20:50:00+07:00
PAY003674,ORD004067,2026-01-03T19:25:00+07:00,bank_transfer,success,21185000.00,seed,2026-01-03T19:25:00+07:00,2026-01-03T19:25:00+07:00
PAY003675,ORD004068,2026-04-12T11:13:00+07:00,bank_transfer,success,3950000.00,seed,2026-04-12T11:13:00+07:00,2026-04-12T11:13:00+07:00
PAY003676,ORD004070,2026-04-26T17:14:00+07:00,card,success,17506000.00,seed,2026-04-26T17:14:00+07:00,2026-04-26T17:14:00+07:00
PAY003677,ORD004071,2026-06-09T22:10:00+07:00,cash,success,7512500.00,seed,2026-06-09T22:10:00+07:00,2026-06-09T22:10:00+07:00
PAY003678,ORD004072,2026-01-11T06:18:00+07:00,cash,success,13580000.00,seed,2026-01-11T06:18:00+07:00,2026-01-11T06:18:00+07:00
PAY003679,ORD004073,2026-05-02T16:49:00+07:00,bank_transfer,success,4136500.00,seed,2026-05-02T16:49:00+07:00,2026-05-02T16:49:00+07:00
PAY003680,ORD004074,2026-02-22T16:41:00+07:00,bank_transfer,success,19725500.00,seed,2026-02-22T16:41:00+07:00,2026-02-22T16:41:00+07:00
PAY003681,ORD004075,2026-03-24T22:00:00+07:00,e_wallet,success,12628000.00,seed,2026-03-24T22:00:00+07:00,2026-03-24T22:00:00+07:00
PAY003682,ORD004076,2026-05-18T13:45:00+07:00,e_wallet,success,25636500.00,seed,2026-05-18T13:45:00+07:00,2026-05-18T13:45:00+07:00
PAY003683,ORD004077,2026-04-29T17:55:00+07:00,card,success,11405500.00,seed,2026-04-29T17:55:00+07:00,2026-04-29T17:55:00+07:00
PAY003684,ORD004078,2026-01-21T18:41:00+07:00,card,success,17867500.00,seed,2026-01-21T18:41:00+07:00,2026-01-21T18:41:00+07:00
PAY003685,ORD004079,2026-06-09T20:12:00+07:00,e_wallet,success,26627500.00,seed,2026-06-09T20:12:00+07:00,2026-06-09T20:12:00+07:00
PAY003686,ORD004080,2026-04-08T12:43:00+07:00,bank_transfer,success,8541000.00,seed,2026-04-08T12:43:00+07:00,2026-04-08T12:43:00+07:00
PAY003687,ORD004081,2026-06-24T07:10:00+07:00,card,pending,4400000.00,seed,2026-06-24T07:10:00+07:00,2026-06-24T07:10:00+07:00
PAY003688,ORD004082,2026-01-20T21:32:00+07:00,bank_transfer,failed,7341000.00,seed,2026-01-20T21:32:00+07:00,2026-01-20T21:32:00+07:00
PAY003689,ORD004084,2026-06-18T22:11:00+07:00,cash,success,18815000.00,seed,2026-06-18T22:11:00+07:00,2026-06-18T22:11:00+07:00
PAY003690,ORD004086,2026-05-28T03:16:00+07:00,cash,success,15550500.00,seed,2026-05-28T03:16:00+07:00,2026-05-28T03:16:00+07:00
PAY003691,ORD004087,2026-01-24T08:39:00+07:00,cash,success,12189000.00,seed,2026-01-24T08:39:00+07:00,2026-01-24T08:39:00+07:00
PAY003692,ORD004088,2026-05-16T03:53:00+07:00,e_wallet,success,30667500.00,seed,2026-05-16T03:53:00+07:00,2026-05-16T03:53:00+07:00
PAY003693,ORD004090,2026-05-20T13:15:00+07:00,bank_transfer,success,6298500.00,seed,2026-05-20T13:15:00+07:00,2026-05-20T13:15:00+07:00
PAY003694,ORD004091,2026-05-22T01:12:00+07:00,cash,success,10573000.00,seed,2026-05-22T01:12:00+07:00,2026-05-22T01:12:00+07:00
PAY003695,ORD004092,2026-01-10T00:46:00+07:00,e_wallet,success,8736000.00,seed,2026-01-10T00:46:00+07:00,2026-01-10T00:46:00+07:00
PAY003696,ORD004093,2026-04-13T18:19:00+07:00,bank_transfer,success,1368000.00,seed,2026-04-13T18:19:00+07:00,2026-04-13T18:19:00+07:00
PAY003697,ORD004095,2026-06-10T02:07:00+07:00,e_wallet,success,5626500.00,seed,2026-06-10T02:07:00+07:00,2026-06-10T02:07:00+07:00
PAY003698,ORD004097,2026-02-26T21:25:00+07:00,bank_transfer,failed,11206000.00,seed,2026-02-26T21:25:00+07:00,2026-02-26T21:25:00+07:00
PAY003699,ORD004098,2026-01-19T22:36:00+07:00,cash,success,12511500.00,seed,2026-01-19T22:36:00+07:00,2026-01-19T22:36:00+07:00
PAY003700,ORD004099,2026-05-08T22:01:00+07:00,e_wallet,success,5860000.00,seed,2026-05-08T22:01:00+07:00,2026-05-08T22:01:00+07:00
PAY003701,ORD004100,2026-04-08T05:10:00+07:00,e_wallet,success,3600000.00,seed,2026-04-08T05:10:00+07:00,2026-04-08T05:10:00+07:00
PAY003702,ORD004101,2026-06-05T22:22:00+07:00,bank_transfer,success,17058000.00,seed,2026-06-05T22:22:00+07:00,2026-06-05T22:22:00+07:00
PAY003703,ORD004102,2026-05-14T21:19:00+07:00,bank_transfer,failed,12535500.00,seed,2026-05-14T21:19:00+07:00,2026-05-14T21:19:00+07:00
PAY003704,ORD004103,2026-03-17T21:15:00+07:00,bank_transfer,success,20788500.00,seed,2026-03-17T21:15:00+07:00,2026-03-17T21:15:00+07:00
PAY003705,ORD004104,2026-05-25T15:07:00+07:00,cash,success,11293000.00,seed,2026-05-25T15:07:00+07:00,2026-05-25T15:07:00+07:00
PAY003706,ORD004105,2026-05-25T18:24:00+07:00,e_wallet,success,12660000.00,seed,2026-05-25T18:24:00+07:00,2026-05-25T18:24:00+07:00
PAY003707,ORD004106,2026-02-16T02:31:00+07:00,e_wallet,success,11723000.00,seed,2026-02-16T02:31:00+07:00,2026-02-16T02:31:00+07:00
PAY003708,ORD004107,2026-02-20T21:29:00+07:00,card,success,2394000.00,seed,2026-02-20T21:29:00+07:00,2026-02-20T21:29:00+07:00
PAY003709,ORD004108,2026-04-28T20:08:00+07:00,card,success,5800000.00,seed,2026-04-28T20:08:00+07:00,2026-04-28T20:08:00+07:00
PAY003710,ORD004109,2026-01-08T10:59:00+07:00,cash,success,18396500.00,seed,2026-01-08T10:59:00+07:00,2026-01-08T10:59:00+07:00
PAY003711,ORD004110,2026-06-21T03:06:00+07:00,cash,success,5038500.00,seed,2026-06-21T03:06:00+07:00,2026-06-21T03:06:00+07:00
PAY003712,ORD004111,2026-06-24T23:17:00+07:00,bank_transfer,success,9960000.00,seed,2026-06-24T23:17:00+07:00,2026-06-24T23:17:00+07:00
PAY003713,ORD004112,2026-02-17T16:33:00+07:00,cash,success,170000.00,seed,2026-02-17T16:33:00+07:00,2026-02-17T16:33:00+07:00
PAY003714,ORD004113,2026-05-29T20:08:00+07:00,cash,success,10749500.00,seed,2026-05-29T20:08:00+07:00,2026-05-29T20:08:00+07:00
PAY003715,ORD004114,2026-06-18T17:51:00+07:00,e_wallet,success,33889500.00,seed,2026-06-18T17:51:00+07:00,2026-06-18T17:51:00+07:00
PAY003716,ORD004115,2026-01-05T03:37:00+07:00,bank_transfer,success,4010000.00,seed,2026-01-05T03:37:00+07:00,2026-01-05T03:37:00+07:00
PAY003717,ORD004116,2026-03-30T19:50:00+07:00,cash,success,13607000.00,seed,2026-03-30T19:50:00+07:00,2026-03-30T19:50:00+07:00
PAY003718,ORD004117,2026-01-31T00:25:00+07:00,cash,success,14070000.00,seed,2026-01-31T00:25:00+07:00,2026-01-31T00:25:00+07:00
PAY003719,ORD004118,2026-06-06T17:38:00+07:00,card,success,6550000.00,seed,2026-06-06T17:38:00+07:00,2026-06-06T17:38:00+07:00
PAY003720,ORD004119,2026-03-24T14:34:00+07:00,bank_transfer,success,21022000.00,seed,2026-03-24T14:34:00+07:00,2026-03-24T14:34:00+07:00
PAY003721,ORD004120,2026-02-15T06:37:00+07:00,card,success,11492500.00,seed,2026-02-15T06:37:00+07:00,2026-02-15T06:37:00+07:00
PAY003722,ORD004121,2026-05-14T23:54:00+07:00,cash,success,3730000.00,seed,2026-05-14T23:54:00+07:00,2026-05-14T23:54:00+07:00
PAY003723,ORD004122,2026-02-25T06:14:00+07:00,bank_transfer,success,370000.00,seed,2026-02-25T06:14:00+07:00,2026-02-25T06:14:00+07:00
PAY003724,ORD004123,2026-03-24T02:38:00+07:00,e_wallet,success,16321000.00,seed,2026-03-24T02:38:00+07:00,2026-03-24T02:38:00+07:00
PAY003725,ORD004124,2026-01-18T20:56:00+07:00,cash,success,13628000.00,seed,2026-01-18T20:56:00+07:00,2026-01-18T20:56:00+07:00
PAY003726,ORD004125,2026-04-18T21:58:00+07:00,cash,success,4752000.00,seed,2026-04-18T21:58:00+07:00,2026-04-18T21:58:00+07:00
PAY003727,ORD004126,2026-02-23T00:51:00+07:00,cash,success,23061000.00,seed,2026-02-23T00:51:00+07:00,2026-02-23T00:51:00+07:00
PAY003728,ORD004127,2026-04-03T17:51:00+07:00,card,success,7867000.00,seed,2026-04-03T17:51:00+07:00,2026-04-03T17:51:00+07:00
PAY003729,ORD004128,2026-05-24T03:33:00+07:00,cash,success,12487500.00,seed,2026-05-24T03:33:00+07:00,2026-05-24T03:33:00+07:00
PAY003730,ORD004129,2026-01-24T19:19:00+07:00,e_wallet,success,5301000.00,seed,2026-01-24T19:19:00+07:00,2026-01-24T19:19:00+07:00
PAY003731,ORD004130,2026-05-04T22:21:00+07:00,card,success,3456000.00,seed,2026-05-04T22:21:00+07:00,2026-05-04T22:21:00+07:00
PAY003732,ORD004131,2026-05-11T20:35:00+07:00,bank_transfer,success,8070000.00,seed,2026-05-11T20:35:00+07:00,2026-05-11T20:35:00+07:00
PAY003733,ORD004132,2026-01-21T00:42:00+07:00,card,success,7828000.00,seed,2026-01-21T00:42:00+07:00,2026-01-21T00:42:00+07:00
PAY003734,ORD004134,2026-04-08T18:51:00+07:00,e_wallet,success,36997000.00,seed,2026-04-08T18:51:00+07:00,2026-04-08T18:51:00+07:00
PAY003735,ORD004135,2026-06-12T00:02:00+07:00,cash,success,24988500.00,seed,2026-06-12T00:02:00+07:00,2026-06-12T00:02:00+07:00
PAY003736,ORD004136,2026-01-22T16:59:00+07:00,bank_transfer,success,10889000.00,seed,2026-01-22T16:59:00+07:00,2026-01-22T16:59:00+07:00
PAY003737,ORD004137,2026-03-20T00:43:00+07:00,e_wallet,success,5610000.00,seed,2026-03-20T00:43:00+07:00,2026-03-20T00:43:00+07:00
PAY003738,ORD004138,2026-03-29T21:44:00+07:00,e_wallet,success,14534000.00,seed,2026-03-29T21:44:00+07:00,2026-03-29T21:44:00+07:00
PAY003739,ORD004139,2026-04-13T13:48:00+07:00,bank_transfer,success,15539500.00,seed,2026-04-13T13:48:00+07:00,2026-04-13T13:48:00+07:00
PAY003740,ORD004140,2026-03-05T06:15:00+07:00,e_wallet,success,2660000.00,seed,2026-03-05T06:15:00+07:00,2026-03-05T06:15:00+07:00
PAY003741,ORD004141,2026-03-05T02:04:00+07:00,cash,success,5996000.00,seed,2026-03-05T02:04:00+07:00,2026-03-05T02:04:00+07:00
PAY003742,ORD004142,2026-04-24T22:48:00+07:00,cash,success,6094500.00,seed,2026-04-24T22:48:00+07:00,2026-04-24T22:48:00+07:00
PAY003743,ORD004143,2026-03-11T01:11:00+07:00,bank_transfer,failed,867000.00,seed,2026-03-11T01:11:00+07:00,2026-03-11T01:11:00+07:00
PAY003744,ORD004144,2026-04-16T10:51:00+07:00,card,success,30654500.00,seed,2026-04-16T10:51:00+07:00,2026-04-16T10:51:00+07:00
PAY003745,ORD004145,2026-05-27T09:55:00+07:00,bank_transfer,success,17360000.00,seed,2026-05-27T09:55:00+07:00,2026-05-27T09:55:00+07:00
PAY003746,ORD004146,2026-01-22T22:37:00+07:00,cash,success,8704000.00,seed,2026-01-22T22:37:00+07:00,2026-01-22T22:37:00+07:00
PAY003747,ORD004148,2026-06-08T15:12:00+07:00,cash,success,27750000.00,seed,2026-06-08T15:12:00+07:00,2026-06-08T15:12:00+07:00
PAY003748,ORD004149,2026-01-03T19:40:00+07:00,bank_transfer,success,4680000.00,seed,2026-01-03T19:40:00+07:00,2026-01-03T19:40:00+07:00
PAY003749,ORD004150,2026-01-02T00:05:00+07:00,e_wallet,success,8818000.00,seed,2026-01-02T00:05:00+07:00,2026-01-02T00:05:00+07:00
PAY003750,ORD004151,2026-01-06T16:06:00+07:00,cash,success,21918000.00,seed,2026-01-06T16:06:00+07:00,2026-01-06T16:06:00+07:00
PAY003751,ORD004152,2026-05-20T23:31:00+07:00,bank_transfer,success,10848000.00,seed,2026-05-20T23:31:00+07:00,2026-05-20T23:31:00+07:00
PAY003752,ORD004153,2026-06-11T14:02:00+07:00,bank_transfer,success,3312000.00,seed,2026-06-11T14:02:00+07:00,2026-06-11T14:02:00+07:00
PAY003753,ORD004155,2026-06-12T18:46:00+07:00,e_wallet,failed,16728000.00,seed,2026-06-12T18:46:00+07:00,2026-06-12T18:46:00+07:00
PAY003754,ORD004156,2026-03-12T12:54:00+07:00,cash,success,24765500.00,seed,2026-03-12T12:54:00+07:00,2026-03-12T12:54:00+07:00
PAY003755,ORD004157,2026-02-25T22:37:00+07:00,cash,success,2088000.00,seed,2026-02-25T22:37:00+07:00,2026-02-25T22:37:00+07:00
PAY003756,ORD004159,2026-05-12T22:12:00+07:00,cash,failed,22893000.00,seed,2026-05-12T22:12:00+07:00,2026-05-12T22:12:00+07:00
PAY003757,ORD004160,2026-05-15T14:16:00+07:00,bank_transfer,success,20871500.00,seed,2026-05-15T14:16:00+07:00,2026-05-15T14:16:00+07:00
PAY003758,ORD004161,2026-04-06T11:10:00+07:00,cash,success,230000.00,seed,2026-04-06T11:10:00+07:00,2026-04-06T11:10:00+07:00
PAY003759,ORD004162,2026-06-05T13:22:00+07:00,e_wallet,success,4620000.00,seed,2026-06-05T13:22:00+07:00,2026-06-05T13:22:00+07:00
PAY003760,ORD004163,2026-02-24T14:12:00+07:00,bank_transfer,success,2460500.00,seed,2026-02-24T14:12:00+07:00,2026-02-24T14:12:00+07:00
PAY003761,ORD004164,2026-05-26T14:52:00+07:00,cash,success,5661000.00,seed,2026-05-26T14:52:00+07:00,2026-05-26T14:52:00+07:00
PAY003762,ORD004165,2026-04-28T21:20:00+07:00,e_wallet,success,1358500.00,seed,2026-04-28T21:20:00+07:00,2026-04-28T21:20:00+07:00
PAY003763,ORD004166,2026-03-26T19:03:00+07:00,cash,failed,8221000.00,seed,2026-03-26T19:03:00+07:00,2026-03-26T19:03:00+07:00
PAY003764,ORD004167,2026-04-09T06:08:00+07:00,e_wallet,success,3790500.00,seed,2026-04-09T06:08:00+07:00,2026-04-09T06:08:00+07:00
PAY003765,ORD004168,2026-03-15T19:34:00+07:00,card,success,4212000.00,seed,2026-03-15T19:34:00+07:00,2026-03-15T19:34:00+07:00
PAY003766,ORD004169,2026-03-24T21:11:00+07:00,e_wallet,success,6820000.00,seed,2026-03-24T21:11:00+07:00,2026-03-24T21:11:00+07:00
PAY003767,ORD004170,2026-02-17T02:53:00+07:00,e_wallet,failed,4550000.00,seed,2026-02-17T02:53:00+07:00,2026-02-17T02:53:00+07:00
PAY003768,ORD004171,2026-04-04T01:32:00+07:00,cash,success,5630000.00,seed,2026-04-04T01:32:00+07:00,2026-04-04T01:32:00+07:00
PAY003769,ORD004172,2026-05-09T14:29:00+07:00,card,success,17019000.00,seed,2026-05-09T14:29:00+07:00,2026-05-09T14:29:00+07:00
PAY003770,ORD004173,2026-01-10T06:44:00+07:00,e_wallet,success,9241000.00,seed,2026-01-10T06:44:00+07:00,2026-01-10T06:44:00+07:00
PAY003771,ORD004175,2026-04-29T11:40:00+07:00,card,success,9078500.00,seed,2026-04-29T11:40:00+07:00,2026-04-29T11:40:00+07:00
PAY003772,ORD004176,2026-03-01T21:36:00+07:00,bank_transfer,success,16678500.00,seed,2026-03-01T21:36:00+07:00,2026-03-01T21:36:00+07:00
PAY003773,ORD004177,2026-05-27T22:45:00+07:00,card,success,15452000.00,seed,2026-05-27T22:45:00+07:00,2026-05-27T22:45:00+07:00
PAY003774,ORD004178,2026-04-28T00:12:00+07:00,e_wallet,success,10929000.00,seed,2026-04-28T00:12:00+07:00,2026-04-28T00:12:00+07:00
PAY003775,ORD004179,2026-04-17T09:46:00+07:00,cash,success,5599000.00,seed,2026-04-17T09:46:00+07:00,2026-04-17T09:46:00+07:00
PAY003776,ORD004180,2026-03-28T18:13:00+07:00,e_wallet,success,5346000.00,seed,2026-03-28T18:13:00+07:00,2026-03-28T18:13:00+07:00
PAY003777,ORD004181,2026-04-28T04:30:00+07:00,e_wallet,success,3206000.00,seed,2026-04-28T04:30:00+07:00,2026-04-28T04:30:00+07:00
PAY003778,ORD004182,2026-04-24T01:48:00+07:00,e_wallet,refunded,1240000.00,seed,2026-04-24T01:48:00+07:00,2026-04-24T01:48:00+07:00
PAY003779,ORD004183,2026-01-27T15:32:00+07:00,e_wallet,success,11988000.00,seed,2026-01-27T15:32:00+07:00,2026-01-27T15:32:00+07:00
PAY003780,ORD004184,2026-04-18T10:48:00+07:00,bank_transfer,success,760000.00,seed,2026-04-18T10:48:00+07:00,2026-04-18T10:48:00+07:00
PAY003781,ORD004185,2026-06-26T18:09:00+07:00,bank_transfer,success,10440000.00,seed,2026-06-26T18:09:00+07:00,2026-06-26T18:09:00+07:00
PAY003782,ORD004186,2026-03-18T17:05:00+07:00,bank_transfer,success,7737500.00,seed,2026-03-18T17:05:00+07:00,2026-03-18T17:05:00+07:00
PAY003783,ORD004187,2026-02-13T18:10:00+07:00,card,failed,9620000.00,seed,2026-02-13T18:10:00+07:00,2026-02-13T18:10:00+07:00
PAY003784,ORD004188,2026-06-21T18:53:00+07:00,e_wallet,success,17538000.00,seed,2026-06-21T18:53:00+07:00,2026-06-21T18:53:00+07:00
PAY003785,ORD004189,2026-02-02T22:08:00+07:00,e_wallet,success,1520000.00,seed,2026-02-02T22:08:00+07:00,2026-02-02T22:08:00+07:00
PAY003786,ORD004190,2026-02-13T04:31:00+07:00,e_wallet,success,16107500.00,seed,2026-02-13T04:31:00+07:00,2026-02-13T04:31:00+07:00
PAY003787,ORD004191,2026-04-06T15:44:00+07:00,card,success,10120000.00,seed,2026-04-06T15:44:00+07:00,2026-04-06T15:44:00+07:00
PAY003788,ORD004192,2026-04-04T18:12:00+07:00,e_wallet,success,36437000.00,seed,2026-04-04T18:12:00+07:00,2026-04-04T18:12:00+07:00
PAY003789,ORD004193,2026-04-06T20:38:00+07:00,cash,success,19618000.00,seed,2026-04-06T20:38:00+07:00,2026-04-06T20:38:00+07:00
PAY003790,ORD004194,2026-03-31T02:19:00+07:00,cash,failed,6230000.00,seed,2026-03-31T02:19:00+07:00,2026-03-31T02:19:00+07:00
PAY003791,ORD004196,2026-03-04T02:38:00+07:00,e_wallet,failed,24521500.00,seed,2026-03-04T02:38:00+07:00,2026-03-04T02:38:00+07:00
PAY003792,ORD004197,2026-03-12T21:30:00+07:00,card,failed,16416000.00,seed,2026-03-12T21:30:00+07:00,2026-03-12T21:30:00+07:00
PAY003793,ORD004198,2026-02-12T20:03:00+07:00,card,success,310000.00,seed,2026-02-12T20:03:00+07:00,2026-02-12T20:03:00+07:00
PAY003794,ORD004199,2026-05-05T23:52:00+07:00,cash,success,8762500.00,seed,2026-05-05T23:52:00+07:00,2026-05-05T23:52:00+07:00
PAY003795,ORD004200,2026-04-19T09:49:00+07:00,bank_transfer,failed,6183000.00,seed,2026-04-19T09:49:00+07:00,2026-04-19T09:49:00+07:00
PAY003796,ORD004201,2026-06-29T10:51:00+07:00,e_wallet,success,5312500.00,seed,2026-06-29T10:51:00+07:00,2026-06-29T10:51:00+07:00
PAY003797,ORD004202,2026-04-01T00:00:00+07:00,card,success,23680000.00,seed,2026-04-01T00:00:00+07:00,2026-04-01T00:00:00+07:00
PAY003798,ORD004203,2026-03-07T01:29:00+07:00,card,success,20232500.00,seed,2026-03-07T01:29:00+07:00,2026-03-07T01:29:00+07:00
PAY003799,ORD004204,2026-04-28T02:41:00+07:00,e_wallet,refunded,3204000.00,seed,2026-04-28T02:41:00+07:00,2026-04-28T02:41:00+07:00
PAY003800,ORD004205,2026-03-23T00:39:00+07:00,bank_transfer,success,13410000.00,seed,2026-03-23T00:39:00+07:00,2026-03-23T00:39:00+07:00
PAY003801,ORD004206,2026-01-20T14:59:00+07:00,bank_transfer,success,17938000.00,seed,2026-01-20T14:59:00+07:00,2026-01-20T14:59:00+07:00
PAY003802,ORD004208,2026-05-17T17:15:00+07:00,card,success,15239500.00,seed,2026-05-17T17:15:00+07:00,2026-05-17T17:15:00+07:00
PAY003803,ORD004209,2026-06-18T18:43:00+07:00,card,success,9677000.00,seed,2026-06-18T18:43:00+07:00,2026-06-18T18:43:00+07:00
PAY003804,ORD004210,2026-02-20T16:49:00+07:00,card,success,11178500.00,seed,2026-02-20T16:49:00+07:00,2026-02-20T16:49:00+07:00
PAY003805,ORD004211,2026-05-27T00:21:00+07:00,e_wallet,success,4890000.00,seed,2026-05-27T00:21:00+07:00,2026-05-27T00:21:00+07:00
PAY003806,ORD004212,2026-03-11T04:35:00+07:00,e_wallet,success,1430000.00,seed,2026-03-11T04:35:00+07:00,2026-03-11T04:35:00+07:00
PAY003807,ORD004213,2026-04-26T21:39:00+07:00,card,success,21431500.00,seed,2026-04-26T21:39:00+07:00,2026-04-26T21:39:00+07:00
PAY003808,ORD004215,2026-02-15T20:49:00+07:00,e_wallet,success,2050000.00,seed,2026-02-15T20:49:00+07:00,2026-02-15T20:49:00+07:00
PAY003809,ORD004216,2026-05-25T19:59:00+07:00,bank_transfer,success,2187000.00,seed,2026-05-25T19:59:00+07:00,2026-05-25T19:59:00+07:00
PAY003810,ORD004217,2026-06-11T15:10:00+07:00,card,success,26805000.00,seed,2026-06-11T15:10:00+07:00,2026-06-11T15:10:00+07:00
PAY003811,ORD004218,2026-04-19T21:12:00+07:00,cash,success,10660000.00,seed,2026-04-19T21:12:00+07:00,2026-04-19T21:12:00+07:00
PAY003812,ORD004219,2026-06-01T18:30:00+07:00,cash,success,13560000.00,seed,2026-06-01T18:30:00+07:00,2026-06-01T18:30:00+07:00
PAY003813,ORD004220,2026-04-23T17:53:00+07:00,cash,success,13230000.00,seed,2026-04-23T17:53:00+07:00,2026-04-23T17:53:00+07:00
PAY003814,ORD004222,2026-06-07T02:27:00+07:00,card,success,11149000.00,seed,2026-06-07T02:27:00+07:00,2026-06-07T02:27:00+07:00
PAY003815,ORD004223,2026-03-22T22:49:00+07:00,cash,success,12228000.00,seed,2026-03-22T22:49:00+07:00,2026-03-22T22:49:00+07:00
PAY003816,ORD004225,2026-01-20T22:55:00+07:00,card,success,20688500.00,seed,2026-01-20T22:55:00+07:00,2026-01-20T22:55:00+07:00
PAY003817,ORD004226,2026-01-12T01:17:00+07:00,e_wallet,success,25726000.00,seed,2026-01-12T01:17:00+07:00,2026-01-12T01:17:00+07:00
PAY003818,ORD004227,2026-06-06T17:39:00+07:00,e_wallet,success,24970000.00,seed,2026-06-06T17:39:00+07:00,2026-06-06T17:39:00+07:00
PAY003819,ORD004228,2026-04-27T11:31:00+07:00,card,pending,920000.00,seed,2026-04-27T11:31:00+07:00,2026-04-27T11:31:00+07:00
PAY003820,ORD004230,2026-06-07T03:53:00+07:00,bank_transfer,success,24380500.00,seed,2026-06-07T03:53:00+07:00,2026-06-07T03:53:00+07:00
PAY003821,ORD004231,2026-06-26T18:48:00+07:00,bank_transfer,success,20490000.00,seed,2026-06-26T18:48:00+07:00,2026-06-26T18:48:00+07:00
PAY003822,ORD004232,2026-06-18T18:07:00+07:00,cash,pending,13349500.00,seed,2026-06-18T18:07:00+07:00,2026-06-18T18:07:00+07:00
PAY003823,ORD004233,2026-04-15T09:05:00+07:00,e_wallet,success,24624000.00,seed,2026-04-15T09:05:00+07:00,2026-04-15T09:05:00+07:00
PAY003824,ORD004234,2026-04-24T04:24:00+07:00,bank_transfer,success,10270000.00,seed,2026-04-24T04:24:00+07:00,2026-04-24T04:24:00+07:00
PAY003825,ORD004235,2026-05-20T10:18:00+07:00,e_wallet,success,3218000.00,seed,2026-05-20T10:18:00+07:00,2026-05-20T10:18:00+07:00
PAY003826,ORD004237,2026-05-30T21:59:00+07:00,cash,success,11978500.00,seed,2026-05-30T21:59:00+07:00,2026-05-30T21:59:00+07:00
PAY003827,ORD004238,2026-02-07T18:39:00+07:00,e_wallet,success,4479500.00,seed,2026-02-07T18:39:00+07:00,2026-02-07T18:39:00+07:00
PAY003828,ORD004239,2026-06-26T22:55:00+07:00,cash,success,10820000.00,seed,2026-06-26T22:55:00+07:00,2026-06-26T22:55:00+07:00
PAY003829,ORD004240,2026-02-14T07:51:00+07:00,bank_transfer,success,18330000.00,seed,2026-02-14T07:51:00+07:00,2026-02-14T07:51:00+07:00
PAY003830,ORD004241,2026-03-23T03:25:00+07:00,card,success,1953000.00,seed,2026-03-23T03:25:00+07:00,2026-03-23T03:25:00+07:00
PAY003831,ORD004242,2026-03-22T16:01:00+07:00,bank_transfer,failed,1639000.00,seed,2026-03-22T16:01:00+07:00,2026-03-22T16:01:00+07:00
PAY003832,ORD004243,2026-05-12T16:41:00+07:00,e_wallet,success,30795000.00,seed,2026-05-12T16:41:00+07:00,2026-05-12T16:41:00+07:00
PAY003833,ORD004245,2026-05-31T19:24:00+07:00,bank_transfer,success,20791500.00,seed,2026-05-31T19:24:00+07:00,2026-05-31T19:24:00+07:00
PAY003834,ORD004246,2026-01-27T00:43:00+07:00,bank_transfer,success,10918500.00,seed,2026-01-27T00:43:00+07:00,2026-01-27T00:43:00+07:00
PAY003835,ORD004248,2026-04-19T18:26:00+07:00,card,success,12512500.00,seed,2026-04-19T18:26:00+07:00,2026-04-19T18:26:00+07:00
PAY003836,ORD004249,2026-03-09T07:28:00+07:00,cash,success,18695000.00,seed,2026-03-09T07:28:00+07:00,2026-03-09T07:28:00+07:00
PAY003837,ORD004251,2026-05-03T21:12:00+07:00,cash,success,32867500.00,seed,2026-05-03T21:12:00+07:00,2026-05-03T21:12:00+07:00
PAY003838,ORD004252,2026-02-23T22:53:00+07:00,cash,success,27814500.00,seed,2026-02-23T22:53:00+07:00,2026-02-23T22:53:00+07:00
PAY003839,ORD004253,2026-04-27T04:14:00+07:00,cash,success,10321500.00,seed,2026-04-27T04:14:00+07:00,2026-04-27T04:14:00+07:00
PAY003840,ORD004254,2026-03-07T17:47:00+07:00,bank_transfer,success,25035000.00,seed,2026-03-07T17:47:00+07:00,2026-03-07T17:47:00+07:00
PAY003841,ORD004255,2026-02-22T20:58:00+07:00,cash,success,14628000.00,seed,2026-02-22T20:58:00+07:00,2026-02-22T20:58:00+07:00
PAY003842,ORD004256,2026-06-13T14:28:00+07:00,cash,success,3581500.00,seed,2026-06-13T14:28:00+07:00,2026-06-13T14:28:00+07:00
PAY003843,ORD004257,2026-06-27T16:10:00+07:00,bank_transfer,success,8979500.00,seed,2026-06-27T16:10:00+07:00,2026-06-27T16:10:00+07:00
PAY003844,ORD004258,2026-03-08T00:41:00+07:00,bank_transfer,failed,23530000.00,seed,2026-03-08T00:41:00+07:00,2026-03-08T00:41:00+07:00
PAY003845,ORD004259,2026-04-05T02:31:00+07:00,card,success,6721000.00,seed,2026-04-05T02:31:00+07:00,2026-04-05T02:31:00+07:00
PAY003846,ORD004260,2026-01-05T17:24:00+07:00,e_wallet,success,7452000.00,seed,2026-01-05T17:24:00+07:00,2026-01-05T17:24:00+07:00
PAY003847,ORD004261,2026-05-06T13:33:00+07:00,cash,success,13939000.00,seed,2026-05-06T13:33:00+07:00,2026-05-06T13:33:00+07:00
PAY003848,ORD004262,2026-01-02T18:51:00+07:00,cash,success,6883500.00,seed,2026-01-02T18:51:00+07:00,2026-01-02T18:51:00+07:00
PAY003849,ORD004263,2026-04-30T01:23:00+07:00,bank_transfer,success,32609000.00,seed,2026-04-30T01:23:00+07:00,2026-04-30T01:23:00+07:00
PAY003850,ORD004264,2026-04-24T00:42:00+07:00,card,success,6832000.00,seed,2026-04-24T00:42:00+07:00,2026-04-24T00:42:00+07:00
PAY003851,ORD004265,2026-03-19T12:58:00+07:00,cash,success,7765500.00,seed,2026-03-19T12:58:00+07:00,2026-03-19T12:58:00+07:00
PAY003852,ORD004266,2026-01-22T05:31:00+07:00,bank_transfer,success,3686000.00,seed,2026-01-22T05:31:00+07:00,2026-01-22T05:31:00+07:00
PAY003853,ORD004267,2026-03-18T00:24:00+07:00,card,success,10412000.00,seed,2026-03-18T00:24:00+07:00,2026-03-18T00:24:00+07:00
PAY003854,ORD004269,2026-05-22T20:26:00+07:00,e_wallet,success,22996500.00,seed,2026-05-22T20:26:00+07:00,2026-05-22T20:26:00+07:00
PAY003855,ORD004270,2026-02-14T20:26:00+07:00,cash,success,37153500.00,seed,2026-02-14T20:26:00+07:00,2026-02-14T20:26:00+07:00
PAY003856,ORD004271,2026-05-22T03:59:00+07:00,bank_transfer,success,18693500.00,seed,2026-05-22T03:59:00+07:00,2026-05-22T03:59:00+07:00
PAY003857,ORD004272,2026-03-27T10:31:00+07:00,bank_transfer,success,15520000.00,seed,2026-03-27T10:31:00+07:00,2026-03-27T10:31:00+07:00
PAY003858,ORD004273,2026-01-02T23:53:00+07:00,bank_transfer,success,10385500.00,seed,2026-01-02T23:53:00+07:00,2026-01-02T23:53:00+07:00
PAY003859,ORD004274,2026-02-18T14:52:00+07:00,cash,success,8900000.00,seed,2026-02-18T14:52:00+07:00,2026-02-18T14:52:00+07:00
PAY003860,ORD004275,2026-01-15T14:39:00+07:00,cash,success,3383000.00,seed,2026-01-15T14:39:00+07:00,2026-01-15T14:39:00+07:00
PAY003861,ORD004276,2026-02-02T01:02:00+07:00,bank_transfer,success,1214000.00,seed,2026-02-02T01:02:00+07:00,2026-02-02T01:02:00+07:00
PAY003862,ORD004279,2026-05-26T22:16:00+07:00,e_wallet,success,26334000.00,seed,2026-05-26T22:16:00+07:00,2026-05-26T22:16:00+07:00
PAY003863,ORD004280,2026-06-21T15:56:00+07:00,cash,success,5860000.00,seed,2026-06-21T15:56:00+07:00,2026-06-21T15:56:00+07:00
PAY003864,ORD004281,2026-03-23T23:06:00+07:00,bank_transfer,success,10103500.00,seed,2026-03-23T23:06:00+07:00,2026-03-23T23:06:00+07:00
PAY003865,ORD004282,2026-02-14T18:03:00+07:00,bank_transfer,success,15819000.00,seed,2026-02-14T18:03:00+07:00,2026-02-14T18:03:00+07:00
PAY003866,ORD004283,2026-03-09T15:19:00+07:00,cash,success,11570000.00,seed,2026-03-09T15:19:00+07:00,2026-03-09T15:19:00+07:00
PAY003867,ORD004284,2026-03-11T17:45:00+07:00,bank_transfer,success,1491000.00,seed,2026-03-11T17:45:00+07:00,2026-03-11T17:45:00+07:00
PAY003868,ORD004285,2026-04-06T19:44:00+07:00,e_wallet,success,37487500.00,seed,2026-04-06T19:44:00+07:00,2026-04-06T19:44:00+07:00
PAY003869,ORD004287,2026-03-06T22:01:00+07:00,bank_transfer,success,6483000.00,seed,2026-03-06T22:01:00+07:00,2026-03-06T22:01:00+07:00
PAY003870,ORD004288,2026-02-01T22:32:00+07:00,bank_transfer,success,16208000.00,seed,2026-02-01T22:32:00+07:00,2026-02-01T22:32:00+07:00
PAY003871,ORD004289,2026-05-28T09:46:00+07:00,bank_transfer,success,19088000.00,seed,2026-05-28T09:46:00+07:00,2026-05-28T09:46:00+07:00
PAY003872,ORD004290,2026-06-19T09:10:00+07:00,bank_transfer,success,4820500.00,seed,2026-06-19T09:10:00+07:00,2026-06-19T09:10:00+07:00
PAY003873,ORD004291,2026-05-28T16:12:00+07:00,bank_transfer,success,18413000.00,seed,2026-05-28T16:12:00+07:00,2026-05-28T16:12:00+07:00
PAY003874,ORD004292,2026-05-03T20:12:00+07:00,card,success,15080500.00,seed,2026-05-03T20:12:00+07:00,2026-05-03T20:12:00+07:00
PAY003875,ORD004293,2026-05-02T23:03:00+07:00,cash,success,5064500.00,seed,2026-05-02T23:03:00+07:00,2026-05-02T23:03:00+07:00
PAY003876,ORD004294,2026-03-21T00:38:00+07:00,bank_transfer,success,1309000.00,seed,2026-03-21T00:38:00+07:00,2026-03-21T00:38:00+07:00
PAY003877,ORD004295,2026-03-29T06:30:00+07:00,e_wallet,success,646000.00,seed,2026-03-29T06:30:00+07:00,2026-03-29T06:30:00+07:00
PAY003878,ORD004296,2026-03-22T02:15:00+07:00,cash,success,18903500.00,seed,2026-03-22T02:15:00+07:00,2026-03-22T02:15:00+07:00
PAY003879,ORD004297,2026-01-31T05:04:00+07:00,e_wallet,success,12439000.00,seed,2026-01-31T05:04:00+07:00,2026-01-31T05:04:00+07:00
PAY003880,ORD004298,2026-02-19T18:08:00+07:00,card,failed,11377000.00,seed,2026-02-19T18:08:00+07:00,2026-02-19T18:08:00+07:00
PAY003881,ORD004299,2026-03-08T05:26:00+07:00,e_wallet,success,7309500.00,seed,2026-03-08T05:26:00+07:00,2026-03-08T05:26:00+07:00
PAY003882,ORD004300,2026-06-27T22:41:00+07:00,e_wallet,success,4340000.00,seed,2026-06-27T22:41:00+07:00,2026-06-27T22:41:00+07:00
PAY003883,ORD004301,2026-02-20T04:02:00+07:00,bank_transfer,success,12267000.00,seed,2026-02-20T04:02:00+07:00,2026-02-20T04:02:00+07:00
PAY003884,ORD004302,2026-05-03T00:43:00+07:00,e_wallet,success,15082000.00,seed,2026-05-03T00:43:00+07:00,2026-05-03T00:43:00+07:00
PAY003885,ORD004303,2026-05-20T19:59:00+07:00,e_wallet,failed,8949000.00,seed,2026-05-20T19:59:00+07:00,2026-05-20T19:59:00+07:00
PAY003886,ORD004305,2026-01-09T08:51:00+07:00,bank_transfer,success,25203000.00,seed,2026-01-09T08:51:00+07:00,2026-01-09T08:51:00+07:00
PAY003887,ORD004306,2026-01-19T20:09:00+07:00,card,success,12518000.00,seed,2026-01-19T20:09:00+07:00,2026-01-19T20:09:00+07:00
PAY003888,ORD004307,2026-06-15T11:38:00+07:00,bank_transfer,success,35978500.00,seed,2026-06-15T11:38:00+07:00,2026-06-15T11:38:00+07:00
PAY003889,ORD004308,2026-03-13T22:47:00+07:00,e_wallet,failed,11214500.00,seed,2026-03-13T22:47:00+07:00,2026-03-13T22:47:00+07:00
PAY003890,ORD004309,2026-06-11T05:46:00+07:00,e_wallet,success,23957000.00,seed,2026-06-11T05:46:00+07:00,2026-06-11T05:46:00+07:00
PAY003891,ORD004310,2026-01-16T14:32:00+07:00,card,success,3820000.00,seed,2026-01-16T14:32:00+07:00,2026-01-16T14:32:00+07:00
PAY003892,ORD004311,2026-05-17T16:12:00+07:00,cash,success,8653000.00,seed,2026-05-17T16:12:00+07:00,2026-05-17T16:12:00+07:00
PAY003893,ORD004312,2026-04-25T02:57:00+07:00,bank_transfer,success,4751500.00,seed,2026-04-25T02:57:00+07:00,2026-04-25T02:57:00+07:00
PAY003894,ORD004313,2026-06-13T04:43:00+07:00,e_wallet,success,14010000.00,seed,2026-06-13T04:43:00+07:00,2026-06-13T04:43:00+07:00
PAY003895,ORD004314,2026-05-18T17:15:00+07:00,card,success,13050000.00,seed,2026-05-18T17:15:00+07:00,2026-05-18T17:15:00+07:00
PAY003896,ORD004315,2026-04-06T13:45:00+07:00,card,success,13013000.00,seed,2026-04-06T13:45:00+07:00,2026-04-06T13:45:00+07:00
PAY003897,ORD004316,2026-05-03T15:50:00+07:00,card,success,27716500.00,seed,2026-05-03T15:50:00+07:00,2026-05-03T15:50:00+07:00
PAY003898,ORD004317,2026-05-03T01:00:00+07:00,e_wallet,success,6651000.00,seed,2026-05-03T01:00:00+07:00,2026-05-03T01:00:00+07:00
PAY003899,ORD004318,2026-06-25T01:32:00+07:00,cash,success,2337000.00,seed,2026-06-25T01:32:00+07:00,2026-06-25T01:32:00+07:00
PAY003900,ORD004319,2026-01-22T10:37:00+07:00,e_wallet,refunded,14596000.00,seed,2026-01-22T10:37:00+07:00,2026-01-22T10:37:00+07:00
PAY003901,ORD004320,2026-02-17T02:38:00+07:00,e_wallet,success,24930000.00,seed,2026-02-17T02:38:00+07:00,2026-02-17T02:38:00+07:00
PAY003902,ORD004321,2026-04-30T09:27:00+07:00,cash,success,24661500.00,seed,2026-04-30T09:27:00+07:00,2026-04-30T09:27:00+07:00
PAY003903,ORD004322,2026-04-17T19:04:00+07:00,cash,success,9047500.00,seed,2026-04-17T19:04:00+07:00,2026-04-17T19:04:00+07:00
PAY003904,ORD004323,2026-02-24T16:12:00+07:00,card,success,1479000.00,seed,2026-02-24T16:12:00+07:00,2026-02-24T16:12:00+07:00
PAY003905,ORD004324,2026-01-15T14:20:00+07:00,cash,success,7000000.00,seed,2026-01-15T14:20:00+07:00,2026-01-15T14:20:00+07:00
PAY003906,ORD004325,2026-04-13T11:28:00+07:00,bank_transfer,success,43517000.00,seed,2026-04-13T11:28:00+07:00,2026-04-13T11:28:00+07:00
PAY003907,ORD004326,2026-01-02T19:00:00+07:00,cash,success,9596500.00,seed,2026-01-02T19:00:00+07:00,2026-01-02T19:00:00+07:00
PAY003908,ORD004328,2026-03-07T00:05:00+07:00,e_wallet,failed,6940000.00,seed,2026-03-07T00:05:00+07:00,2026-03-07T00:05:00+07:00
PAY003909,ORD004329,2026-05-07T03:12:00+07:00,e_wallet,success,13873000.00,seed,2026-05-07T03:12:00+07:00,2026-05-07T03:12:00+07:00
PAY003910,ORD004330,2026-01-15T09:45:00+07:00,e_wallet,success,17294000.00,seed,2026-01-15T09:45:00+07:00,2026-01-15T09:45:00+07:00
PAY003911,ORD004331,2026-03-06T17:41:00+07:00,e_wallet,success,9202500.00,seed,2026-03-06T17:41:00+07:00,2026-03-06T17:41:00+07:00
PAY003912,ORD004332,2026-02-07T01:27:00+07:00,bank_transfer,success,24107000.00,seed,2026-02-07T01:27:00+07:00,2026-02-07T01:27:00+07:00
PAY003913,ORD004333,2026-03-03T19:54:00+07:00,card,success,15997500.00,seed,2026-03-03T19:54:00+07:00,2026-03-03T19:54:00+07:00
PAY003914,ORD004335,2026-06-27T15:36:00+07:00,bank_transfer,success,4161000.00,seed,2026-06-27T15:36:00+07:00,2026-06-27T15:36:00+07:00
PAY003915,ORD004336,2026-01-16T17:38:00+07:00,cash,success,11685000.00,seed,2026-01-16T17:38:00+07:00,2026-01-16T17:38:00+07:00
PAY003916,ORD004337,2026-05-03T22:19:00+07:00,bank_transfer,success,15741500.00,seed,2026-05-03T22:19:00+07:00,2026-05-03T22:19:00+07:00
PAY003917,ORD004338,2026-03-07T23:07:00+07:00,cash,success,11244500.00,seed,2026-03-07T23:07:00+07:00,2026-03-07T23:07:00+07:00
PAY003918,ORD004339,2026-02-12T18:34:00+07:00,e_wallet,success,23134000.00,seed,2026-02-12T18:34:00+07:00,2026-02-12T18:34:00+07:00
PAY003919,ORD004340,2026-02-01T18:20:00+07:00,e_wallet,success,11866500.00,seed,2026-02-01T18:20:00+07:00,2026-02-01T18:20:00+07:00
PAY003920,ORD004341,2026-03-17T13:20:00+07:00,card,success,10886500.00,seed,2026-03-17T13:20:00+07:00,2026-03-17T13:20:00+07:00
PAY003921,ORD004342,2026-04-13T00:28:00+07:00,card,success,23731500.00,seed,2026-04-13T00:28:00+07:00,2026-04-13T00:28:00+07:00
PAY003922,ORD004343,2026-03-28T06:52:00+07:00,e_wallet,success,8730000.00,seed,2026-03-28T06:52:00+07:00,2026-03-28T06:52:00+07:00
PAY003923,ORD004344,2026-06-26T01:01:00+07:00,cash,success,6036500.00,seed,2026-06-26T01:01:00+07:00,2026-06-26T01:01:00+07:00
PAY003924,ORD004345,2026-02-28T03:29:00+07:00,e_wallet,success,12901500.00,seed,2026-02-28T03:29:00+07:00,2026-02-28T03:29:00+07:00
PAY003925,ORD004347,2026-01-03T22:16:00+07:00,e_wallet,pending,8262000.00,seed,2026-01-03T22:16:00+07:00,2026-01-03T22:16:00+07:00
PAY003926,ORD004348,2026-01-14T16:07:00+07:00,cash,success,5540000.00,seed,2026-01-14T16:07:00+07:00,2026-01-14T16:07:00+07:00
PAY003927,ORD004349,2026-02-04T05:18:00+07:00,e_wallet,success,6540000.00,seed,2026-02-04T05:18:00+07:00,2026-02-04T05:18:00+07:00
PAY003928,ORD004351,2026-05-07T11:02:00+07:00,e_wallet,success,18508000.00,seed,2026-05-07T11:02:00+07:00,2026-05-07T11:02:00+07:00
PAY003929,ORD004352,2026-02-06T22:11:00+07:00,card,success,12236000.00,seed,2026-02-06T22:11:00+07:00,2026-02-06T22:11:00+07:00
PAY003930,ORD004353,2026-02-13T16:50:00+07:00,bank_transfer,success,5044500.00,seed,2026-02-13T16:50:00+07:00,2026-02-13T16:50:00+07:00
PAY003931,ORD004354,2026-04-28T04:24:00+07:00,cash,success,36204000.00,seed,2026-04-28T04:24:00+07:00,2026-04-28T04:24:00+07:00
PAY003932,ORD004355,2026-06-24T05:15:00+07:00,card,success,25535000.00,seed,2026-06-24T05:15:00+07:00,2026-06-24T05:15:00+07:00
PAY003933,ORD004356,2026-03-09T05:13:00+07:00,bank_transfer,success,14400500.00,seed,2026-03-09T05:13:00+07:00,2026-03-09T05:13:00+07:00
PAY003934,ORD004357,2026-02-21T19:42:00+07:00,e_wallet,success,20880000.00,seed,2026-02-21T19:42:00+07:00,2026-02-21T19:42:00+07:00
PAY003935,ORD004358,2026-01-26T02:41:00+07:00,cash,success,6860000.00,seed,2026-01-26T02:41:00+07:00,2026-01-26T02:41:00+07:00
PAY003936,ORD004359,2026-03-11T06:27:00+07:00,bank_transfer,failed,16714500.00,seed,2026-03-11T06:27:00+07:00,2026-03-11T06:27:00+07:00
PAY003937,ORD004360,2026-05-07T18:52:00+07:00,bank_transfer,success,11694000.00,seed,2026-05-07T18:52:00+07:00,2026-05-07T18:52:00+07:00
PAY003938,ORD004361,2026-03-29T23:41:00+07:00,cash,success,4290000.00,seed,2026-03-29T23:41:00+07:00,2026-03-29T23:41:00+07:00
PAY003939,ORD004362,2026-06-10T21:40:00+07:00,bank_transfer,success,8059500.00,seed,2026-06-10T21:40:00+07:00,2026-06-10T21:40:00+07:00
PAY003940,ORD004363,2026-06-17T16:29:00+07:00,card,success,12863500.00,seed,2026-06-17T16:29:00+07:00,2026-06-17T16:29:00+07:00
PAY003941,ORD004364,2026-03-02T16:07:00+07:00,cash,success,22840000.00,seed,2026-03-02T16:07:00+07:00,2026-03-02T16:07:00+07:00
PAY003942,ORD004365,2026-06-09T16:12:00+07:00,bank_transfer,refunded,6992000.00,seed,2026-06-09T16:12:00+07:00,2026-06-09T16:12:00+07:00
PAY003943,ORD004366,2026-01-02T05:40:00+07:00,cash,success,18054000.00,seed,2026-01-02T05:40:00+07:00,2026-01-02T05:40:00+07:00
PAY003944,ORD004367,2026-06-24T21:51:00+07:00,bank_transfer,success,15667000.00,seed,2026-06-24T21:51:00+07:00,2026-06-24T21:51:00+07:00
PAY003945,ORD004368,2026-01-14T06:08:00+07:00,card,success,18085000.00,seed,2026-01-14T06:08:00+07:00,2026-01-14T06:08:00+07:00
PAY003946,ORD004369,2026-01-02T20:22:00+07:00,card,success,4513500.00,seed,2026-01-02T20:22:00+07:00,2026-01-02T20:22:00+07:00
PAY003947,ORD004370,2026-05-01T20:05:00+07:00,card,success,22344000.00,seed,2026-05-01T20:05:00+07:00,2026-05-01T20:05:00+07:00
PAY003948,ORD004371,2026-01-10T05:22:00+07:00,bank_transfer,success,11779500.00,seed,2026-01-10T05:22:00+07:00,2026-01-10T05:22:00+07:00
PAY003949,ORD004372,2026-06-23T01:51:00+07:00,e_wallet,success,18719500.00,seed,2026-06-23T01:51:00+07:00,2026-06-23T01:51:00+07:00
PAY003950,ORD004373,2026-05-04T09:17:00+07:00,e_wallet,success,10924000.00,seed,2026-05-04T09:17:00+07:00,2026-05-04T09:17:00+07:00
PAY003951,ORD004375,2026-06-13T13:10:00+07:00,e_wallet,success,5985000.00,seed,2026-06-13T13:10:00+07:00,2026-06-13T13:10:00+07:00
PAY003952,ORD004376,2026-01-07T01:43:00+07:00,cash,success,18612000.00,seed,2026-01-07T01:43:00+07:00,2026-01-07T01:43:00+07:00
PAY003953,ORD004377,2026-06-14T04:49:00+07:00,e_wallet,success,2932500.00,seed,2026-06-14T04:49:00+07:00,2026-06-14T04:49:00+07:00
PAY003954,ORD004378,2026-02-25T07:08:00+07:00,cash,failed,27168000.00,seed,2026-02-25T07:08:00+07:00,2026-02-25T07:08:00+07:00
PAY003955,ORD004379,2026-01-16T19:06:00+07:00,bank_transfer,success,34856000.00,seed,2026-01-16T19:06:00+07:00,2026-01-16T19:06:00+07:00
PAY003956,ORD004380,2026-03-30T22:19:00+07:00,card,failed,8100000.00,seed,2026-03-30T22:19:00+07:00,2026-03-30T22:19:00+07:00
PAY003957,ORD004381,2026-01-12T16:05:00+07:00,card,success,23766000.00,seed,2026-01-12T16:05:00+07:00,2026-01-12T16:05:00+07:00
PAY003958,ORD004382,2026-06-28T15:31:00+07:00,cash,failed,1823000.00,seed,2026-06-28T15:31:00+07:00,2026-06-28T15:31:00+07:00
PAY003959,ORD004383,2026-02-26T22:11:00+07:00,bank_transfer,success,8066500.00,seed,2026-02-26T22:11:00+07:00,2026-02-26T22:11:00+07:00
PAY003960,ORD004384,2026-01-19T21:29:00+07:00,card,success,4192500.00,seed,2026-01-19T21:29:00+07:00,2026-01-19T21:29:00+07:00
PAY003961,ORD004385,2026-01-26T03:11:00+07:00,bank_transfer,failed,14101000.00,seed,2026-01-26T03:11:00+07:00,2026-01-26T03:11:00+07:00
PAY003962,ORD004386,2026-05-16T14:26:00+07:00,cash,pending,3220500.00,seed,2026-05-16T14:26:00+07:00,2026-05-16T14:26:00+07:00
PAY003963,ORD004387,2026-02-10T15:16:00+07:00,e_wallet,success,9731000.00,seed,2026-02-10T15:16:00+07:00,2026-02-10T15:16:00+07:00
PAY003964,ORD004388,2026-01-17T22:36:00+07:00,e_wallet,success,13731500.00,seed,2026-01-17T22:36:00+07:00,2026-01-17T22:36:00+07:00
PAY003965,ORD004389,2026-06-24T16:14:00+07:00,e_wallet,success,12573000.00,seed,2026-06-24T16:14:00+07:00,2026-06-24T16:14:00+07:00
PAY003966,ORD004390,2026-05-27T17:52:00+07:00,card,success,19280000.00,seed,2026-05-27T17:52:00+07:00,2026-05-27T17:52:00+07:00
PAY003967,ORD004392,2026-02-09T18:44:00+07:00,card,success,3411000.00,seed,2026-02-09T18:44:00+07:00,2026-02-09T18:44:00+07:00
PAY003968,ORD004393,2026-02-13T20:32:00+07:00,cash,success,6241500.00,seed,2026-02-13T20:32:00+07:00,2026-02-13T20:32:00+07:00
PAY003969,ORD004394,2026-01-30T18:54:00+07:00,cash,success,2862000.00,seed,2026-01-30T18:54:00+07:00,2026-01-30T18:54:00+07:00
PAY003970,ORD004395,2026-02-22T03:51:00+07:00,card,success,11712500.00,seed,2026-02-22T03:51:00+07:00,2026-02-22T03:51:00+07:00
PAY003971,ORD004396,2026-05-29T08:12:00+07:00,card,success,25934500.00,seed,2026-05-29T08:12:00+07:00,2026-05-29T08:12:00+07:00
PAY003972,ORD004397,2026-05-27T23:34:00+07:00,e_wallet,success,3041500.00,seed,2026-05-27T23:34:00+07:00,2026-05-27T23:34:00+07:00
PAY003973,ORD004398,2026-05-22T13:19:00+07:00,bank_transfer,refunded,22211000.00,seed,2026-05-22T13:19:00+07:00,2026-05-22T13:19:00+07:00
PAY003974,ORD004399,2026-01-29T15:02:00+07:00,card,success,20160500.00,seed,2026-01-29T15:02:00+07:00,2026-01-29T15:02:00+07:00
PAY003975,ORD004401,2026-03-23T07:15:00+07:00,bank_transfer,success,10333500.00,seed,2026-03-23T07:15:00+07:00,2026-03-23T07:15:00+07:00
PAY003976,ORD004402,2026-03-16T23:25:00+07:00,card,success,8078500.00,seed,2026-03-16T23:25:00+07:00,2026-03-16T23:25:00+07:00
PAY003977,ORD004403,2026-05-07T14:30:00+07:00,cash,success,1716000.00,seed,2026-05-07T14:30:00+07:00,2026-05-07T14:30:00+07:00
PAY003978,ORD004404,2026-05-22T18:09:00+07:00,cash,pending,12204000.00,seed,2026-05-22T18:09:00+07:00,2026-05-22T18:09:00+07:00
PAY003979,ORD004405,2026-03-15T18:06:00+07:00,card,success,11678000.00,seed,2026-03-15T18:06:00+07:00,2026-03-15T18:06:00+07:00
PAY003980,ORD004406,2026-02-02T14:17:00+07:00,bank_transfer,success,11551000.00,seed,2026-02-02T14:17:00+07:00,2026-02-02T14:17:00+07:00
PAY003981,ORD004407,2026-06-08T01:02:00+07:00,e_wallet,success,22918000.00,seed,2026-06-08T01:02:00+07:00,2026-06-08T01:02:00+07:00
PAY003982,ORD004408,2026-02-20T14:42:00+07:00,bank_transfer,success,18572000.00,seed,2026-02-20T14:42:00+07:00,2026-02-20T14:42:00+07:00
PAY003983,ORD004409,2026-01-06T04:09:00+07:00,card,success,24903000.00,seed,2026-01-06T04:09:00+07:00,2026-01-06T04:09:00+07:00
PAY003984,ORD004410,2026-04-01T21:04:00+07:00,card,success,7810000.00,seed,2026-04-01T21:04:00+07:00,2026-04-01T21:04:00+07:00
PAY003985,ORD004411,2026-05-04T01:27:00+07:00,card,failed,5508000.00,seed,2026-05-04T01:27:00+07:00,2026-05-04T01:27:00+07:00
PAY003986,ORD004412,2026-06-06T02:04:00+07:00,bank_transfer,success,3951000.00,seed,2026-06-06T02:04:00+07:00,2026-06-06T02:04:00+07:00
PAY003987,ORD004413,2026-04-25T18:02:00+07:00,bank_transfer,failed,900000.00,seed,2026-04-25T18:02:00+07:00,2026-04-25T18:02:00+07:00
PAY003988,ORD004414,2026-05-21T23:27:00+07:00,card,success,9591000.00,seed,2026-05-21T23:27:00+07:00,2026-05-21T23:27:00+07:00
PAY003989,ORD004415,2026-03-02T21:45:00+07:00,cash,success,27767000.00,seed,2026-03-02T21:45:00+07:00,2026-03-02T21:45:00+07:00
PAY003990,ORD004416,2026-04-29T03:30:00+07:00,card,success,2870000.00,seed,2026-04-29T03:30:00+07:00,2026-04-29T03:30:00+07:00
PAY003991,ORD004417,2026-03-22T19:27:00+07:00,cash,success,5800000.00,seed,2026-03-22T19:27:00+07:00,2026-03-22T19:27:00+07:00
PAY003992,ORD004418,2026-01-02T21:36:00+07:00,cash,success,12316500.00,seed,2026-01-02T21:36:00+07:00,2026-01-02T21:36:00+07:00
PAY003993,ORD004419,2026-05-28T22:40:00+07:00,bank_transfer,success,459000.00,seed,2026-05-28T22:40:00+07:00,2026-05-28T22:40:00+07:00
PAY003994,ORD004421,2026-02-27T13:17:00+07:00,bank_transfer,success,2260000.00,seed,2026-02-27T13:17:00+07:00,2026-02-27T13:17:00+07:00
PAY003995,ORD004422,2026-03-22T21:53:00+07:00,e_wallet,success,22416000.00,seed,2026-03-22T21:53:00+07:00,2026-03-22T21:53:00+07:00
PAY003996,ORD004423,2026-04-07T21:41:00+07:00,e_wallet,success,9412000.00,seed,2026-04-07T21:41:00+07:00,2026-04-07T21:41:00+07:00
PAY003997,ORD004424,2026-05-08T19:48:00+07:00,bank_transfer,success,5760000.00,seed,2026-05-08T19:48:00+07:00,2026-05-08T19:48:00+07:00
PAY003998,ORD004425,2026-04-04T20:38:00+07:00,cash,success,582500.00,seed,2026-04-04T20:38:00+07:00,2026-04-04T20:38:00+07:00
PAY003999,ORD004426,2026-03-05T01:17:00+07:00,e_wallet,success,12903000.00,seed,2026-03-05T01:17:00+07:00,2026-03-05T01:17:00+07:00
PAY004000,ORD004427,2026-02-28T20:41:00+07:00,e_wallet,success,2140000.00,seed,2026-02-28T20:41:00+07:00,2026-02-28T20:41:00+07:00
PAY004001,ORD004428,2026-04-15T16:58:00+07:00,bank_transfer,success,20920000.00,seed,2026-04-15T16:58:00+07:00,2026-04-15T16:58:00+07:00
PAY004002,ORD004429,2026-02-08T18:47:00+07:00,e_wallet,success,5123000.00,seed,2026-02-08T18:47:00+07:00,2026-02-08T18:47:00+07:00
PAY004003,ORD004430,2026-04-06T03:09:00+07:00,e_wallet,success,11390000.00,seed,2026-04-06T03:09:00+07:00,2026-04-06T03:09:00+07:00
PAY004004,ORD004431,2026-01-01T22:05:00+07:00,bank_transfer,success,1490000.00,seed,2026-01-01T22:05:00+07:00,2026-01-01T22:05:00+07:00
PAY004005,ORD004432,2026-05-01T23:33:00+07:00,bank_transfer,success,23970000.00,seed,2026-05-01T23:33:00+07:00,2026-05-01T23:33:00+07:00
PAY004006,ORD004433,2026-06-22T22:08:00+07:00,e_wallet,success,5690500.00,seed,2026-06-22T22:08:00+07:00,2026-06-22T22:08:00+07:00
PAY004007,ORD004434,2026-06-03T08:56:00+07:00,card,success,21572000.00,seed,2026-06-03T08:56:00+07:00,2026-06-03T08:56:00+07:00
PAY004008,ORD004435,2026-01-27T17:09:00+07:00,e_wallet,success,14755500.00,seed,2026-01-27T17:09:00+07:00,2026-01-27T17:09:00+07:00
PAY004009,ORD004436,2026-01-31T03:53:00+07:00,bank_transfer,success,20813000.00,seed,2026-01-31T03:53:00+07:00,2026-01-31T03:53:00+07:00
PAY004010,ORD004437,2026-05-30T00:25:00+07:00,card,failed,9502000.00,seed,2026-05-30T00:25:00+07:00,2026-05-30T00:25:00+07:00
PAY004011,ORD004438,2026-06-18T19:04:00+07:00,e_wallet,success,11514000.00,seed,2026-06-18T19:04:00+07:00,2026-06-18T19:04:00+07:00
PAY004012,ORD004439,2026-01-10T16:37:00+07:00,card,success,6142500.00,seed,2026-01-10T16:37:00+07:00,2026-01-10T16:37:00+07:00
PAY004013,ORD004440,2026-06-29T07:59:00+07:00,e_wallet,success,7140000.00,seed,2026-06-29T07:59:00+07:00,2026-06-29T07:59:00+07:00
PAY004014,ORD004441,2026-03-18T20:14:00+07:00,card,failed,230000.00,seed,2026-03-18T20:14:00+07:00,2026-03-18T20:14:00+07:00
PAY004015,ORD004442,2026-04-23T22:50:00+07:00,card,success,21836000.00,seed,2026-04-23T22:50:00+07:00,2026-04-23T22:50:00+07:00
PAY004016,ORD004443,2026-03-04T11:57:00+07:00,bank_transfer,success,5530000.00,seed,2026-03-04T11:57:00+07:00,2026-03-04T11:57:00+07:00
PAY004017,ORD004444,2026-05-26T01:48:00+07:00,card,pending,49494000.00,seed,2026-05-26T01:48:00+07:00,2026-05-26T01:48:00+07:00
PAY004018,ORD004445,2026-05-29T19:11:00+07:00,cash,success,12309000.00,seed,2026-05-29T19:11:00+07:00,2026-05-29T19:11:00+07:00
PAY004019,ORD004446,2026-05-31T15:26:00+07:00,card,success,3393000.00,seed,2026-05-31T15:26:00+07:00,2026-05-31T15:26:00+07:00
PAY004020,ORD004447,2026-02-14T21:43:00+07:00,bank_transfer,failed,18189000.00,seed,2026-02-14T21:43:00+07:00,2026-02-14T21:43:00+07:00
PAY004021,ORD004448,2026-01-22T03:35:00+07:00,card,failed,28542000.00,seed,2026-01-22T03:35:00+07:00,2026-01-22T03:35:00+07:00
PAY004022,ORD004449,2026-03-13T17:51:00+07:00,cash,pending,15002500.00,seed,2026-03-13T17:51:00+07:00,2026-03-13T17:51:00+07:00
PAY004023,ORD004452,2026-02-08T00:20:00+07:00,bank_transfer,success,13984500.00,seed,2026-02-08T00:20:00+07:00,2026-02-08T00:20:00+07:00
PAY004024,ORD004453,2026-03-22T00:42:00+07:00,card,success,4995000.00,seed,2026-03-22T00:42:00+07:00,2026-03-22T00:42:00+07:00
PAY004025,ORD004454,2026-04-29T19:12:00+07:00,card,success,7513500.00,seed,2026-04-29T19:12:00+07:00,2026-04-29T19:12:00+07:00
PAY004026,ORD004455,2026-06-28T09:45:00+07:00,bank_transfer,pending,10906000.00,seed,2026-06-28T09:45:00+07:00,2026-06-28T09:45:00+07:00
PAY004027,ORD004456,2026-05-22T22:12:00+07:00,bank_transfer,success,8630500.00,seed,2026-05-22T22:12:00+07:00,2026-05-22T22:12:00+07:00
PAY004028,ORD004457,2026-02-16T20:48:00+07:00,bank_transfer,success,12804000.00,seed,2026-02-16T20:48:00+07:00,2026-02-16T20:48:00+07:00
PAY004029,ORD004458,2026-03-20T23:23:00+07:00,e_wallet,success,243000.00,seed,2026-03-20T23:23:00+07:00,2026-03-20T23:23:00+07:00
PAY004030,ORD004460,2026-01-31T05:46:00+07:00,bank_transfer,failed,4636000.00,seed,2026-01-31T05:46:00+07:00,2026-01-31T05:46:00+07:00
PAY004031,ORD004462,2026-05-05T03:14:00+07:00,cash,success,12706000.00,seed,2026-05-05T03:14:00+07:00,2026-05-05T03:14:00+07:00
PAY004032,ORD004463,2026-03-19T03:15:00+07:00,card,success,14973000.00,seed,2026-03-19T03:15:00+07:00,2026-03-19T03:15:00+07:00
PAY004033,ORD004464,2026-04-01T06:31:00+07:00,cash,success,13797000.00,seed,2026-04-01T06:31:00+07:00,2026-04-01T06:31:00+07:00
PAY004034,ORD004465,2026-01-07T01:47:00+07:00,cash,success,7597000.00,seed,2026-01-07T01:47:00+07:00,2026-01-07T01:47:00+07:00
PAY004035,ORD004466,2026-03-29T07:27:00+07:00,card,success,5780000.00,seed,2026-03-29T07:27:00+07:00,2026-03-29T07:27:00+07:00
PAY004036,ORD004467,2026-04-06T20:26:00+07:00,cash,success,4940000.00,seed,2026-04-06T20:26:00+07:00,2026-04-06T20:26:00+07:00
PAY004037,ORD004468,2026-05-08T02:59:00+07:00,card,success,3459500.00,seed,2026-05-08T02:59:00+07:00,2026-05-08T02:59:00+07:00
PAY004038,ORD004469,2026-04-19T12:34:00+07:00,bank_transfer,success,10112000.00,seed,2026-04-19T12:34:00+07:00,2026-04-19T12:34:00+07:00
PAY004039,ORD004470,2026-06-13T01:44:00+07:00,bank_transfer,success,14745500.00,seed,2026-06-13T01:44:00+07:00,2026-06-13T01:44:00+07:00
PAY004040,ORD004471,2026-06-19T16:03:00+07:00,e_wallet,success,7920000.00,seed,2026-06-19T16:03:00+07:00,2026-06-19T16:03:00+07:00
PAY004041,ORD004472,2026-02-25T05:34:00+07:00,e_wallet,failed,18480000.00,seed,2026-02-25T05:34:00+07:00,2026-02-25T05:34:00+07:00
PAY004042,ORD004473,2026-04-15T03:46:00+07:00,e_wallet,success,15148500.00,seed,2026-04-15T03:46:00+07:00,2026-04-15T03:46:00+07:00
PAY004043,ORD004474,2026-04-11T13:37:00+07:00,card,failed,11549500.00,seed,2026-04-11T13:37:00+07:00,2026-04-11T13:37:00+07:00
PAY004044,ORD004475,2026-02-03T20:42:00+07:00,cash,failed,16518000.00,seed,2026-02-03T20:42:00+07:00,2026-02-03T20:42:00+07:00
PAY004045,ORD004476,2026-03-18T18:15:00+07:00,card,success,2006000.00,seed,2026-03-18T18:15:00+07:00,2026-03-18T18:15:00+07:00
PAY004046,ORD004477,2026-04-13T06:36:00+07:00,cash,success,9499500.00,seed,2026-04-13T06:36:00+07:00,2026-04-13T06:36:00+07:00
PAY004047,ORD004478,2026-02-09T20:27:00+07:00,bank_transfer,success,5882000.00,seed,2026-02-09T20:27:00+07:00,2026-02-09T20:27:00+07:00
PAY004048,ORD004479,2026-04-08T06:47:00+07:00,card,success,9620000.00,seed,2026-04-08T06:47:00+07:00,2026-04-08T06:47:00+07:00
PAY004049,ORD004480,2026-06-10T09:54:00+07:00,cash,success,2780000.00,seed,2026-06-10T09:54:00+07:00,2026-06-10T09:54:00+07:00
PAY004050,ORD004481,2026-04-07T12:46:00+07:00,e_wallet,pending,6180000.00,seed,2026-04-07T12:46:00+07:00,2026-04-07T12:46:00+07:00
PAY004051,ORD004482,2026-06-04T04:14:00+07:00,card,success,11469000.00,seed,2026-06-04T04:14:00+07:00,2026-06-04T04:14:00+07:00
PAY004052,ORD004483,2026-04-17T18:54:00+07:00,card,success,8227000.00,seed,2026-04-17T18:54:00+07:00,2026-04-17T18:54:00+07:00
PAY004053,ORD004484,2026-05-17T04:16:00+07:00,cash,success,12486500.00,seed,2026-05-17T04:16:00+07:00,2026-05-17T04:16:00+07:00
PAY004054,ORD004486,2026-04-02T22:04:00+07:00,card,success,874000.00,seed,2026-04-02T22:04:00+07:00,2026-04-02T22:04:00+07:00
PAY004055,ORD004487,2026-01-08T01:45:00+07:00,bank_transfer,success,7138000.00,seed,2026-01-08T01:45:00+07:00,2026-01-08T01:45:00+07:00
PAY004056,ORD004488,2026-01-12T21:21:00+07:00,card,success,24855500.00,seed,2026-01-12T21:21:00+07:00,2026-01-12T21:21:00+07:00
PAY004057,ORD004489,2026-06-05T21:01:00+07:00,cash,success,14065000.00,seed,2026-06-05T21:01:00+07:00,2026-06-05T21:01:00+07:00
PAY004058,ORD004490,2026-06-10T15:07:00+07:00,cash,success,18050000.00,seed,2026-06-10T15:07:00+07:00,2026-06-10T15:07:00+07:00
PAY004059,ORD004491,2026-02-19T00:18:00+07:00,cash,success,3141000.00,seed,2026-02-19T00:18:00+07:00,2026-02-19T00:18:00+07:00
PAY004060,ORD004492,2026-03-13T04:28:00+07:00,card,success,22581000.00,seed,2026-03-13T04:28:00+07:00,2026-03-13T04:28:00+07:00
PAY004061,ORD004494,2026-03-10T08:35:00+07:00,card,success,14012000.00,seed,2026-03-10T08:35:00+07:00,2026-03-10T08:35:00+07:00
PAY004062,ORD004495,2026-02-21T11:55:00+07:00,cash,failed,830000.00,seed,2026-02-21T11:55:00+07:00,2026-02-21T11:55:00+07:00
PAY004063,ORD004496,2026-02-15T21:02:00+07:00,card,success,2559500.00,seed,2026-02-15T21:02:00+07:00,2026-02-15T21:02:00+07:00
PAY004064,ORD004497,2026-01-01T18:13:00+07:00,card,success,6798000.00,seed,2026-01-01T18:13:00+07:00,2026-01-01T18:13:00+07:00
PAY004065,ORD004498,2026-03-15T04:03:00+07:00,cash,success,26550000.00,seed,2026-03-15T04:03:00+07:00,2026-03-15T04:03:00+07:00
PAY004066,ORD004499,2026-01-12T23:46:00+07:00,cash,success,11423000.00,seed,2026-01-12T23:46:00+07:00,2026-01-12T23:46:00+07:00
PAY004067,ORD004500,2026-01-12T08:02:00+07:00,card,success,6570000.00,seed,2026-01-12T08:02:00+07:00,2026-01-12T08:02:00+07:00
PAY004068,ORD004501,2026-03-18T20:13:00+07:00,e_wallet,success,26454000.00,seed,2026-03-18T20:13:00+07:00,2026-03-18T20:13:00+07:00
PAY004069,ORD004502,2026-05-20T09:04:00+07:00,cash,success,9797000.00,seed,2026-05-20T09:04:00+07:00,2026-05-20T09:04:00+07:00
PAY004070,ORD004503,2026-04-07T01:37:00+07:00,card,success,15361500.00,seed,2026-04-07T01:37:00+07:00,2026-04-07T01:37:00+07:00
PAY004071,ORD004504,2026-03-09T04:01:00+07:00,card,success,760000.00,seed,2026-03-09T04:01:00+07:00,2026-03-09T04:01:00+07:00
PAY004072,ORD004505,2026-02-09T20:17:00+07:00,cash,success,3060000.00,seed,2026-02-09T20:17:00+07:00,2026-02-09T20:17:00+07:00
PAY004073,ORD004506,2026-02-26T00:27:00+07:00,e_wallet,success,19911500.00,seed,2026-02-26T00:27:00+07:00,2026-02-26T00:27:00+07:00
PAY004074,ORD004508,2026-03-07T16:28:00+07:00,bank_transfer,success,15888000.00,seed,2026-03-07T16:28:00+07:00,2026-03-07T16:28:00+07:00
PAY004075,ORD004509,2026-01-14T13:11:00+07:00,cash,success,4604500.00,seed,2026-01-14T13:11:00+07:00,2026-01-14T13:11:00+07:00
PAY004076,ORD004511,2026-04-27T04:04:00+07:00,bank_transfer,success,15891000.00,seed,2026-04-27T04:04:00+07:00,2026-04-27T04:04:00+07:00
PAY004077,ORD004512,2026-05-25T01:16:00+07:00,e_wallet,failed,7506000.00,seed,2026-05-25T01:16:00+07:00,2026-05-25T01:16:00+07:00
PAY004078,ORD004513,2026-06-19T22:53:00+07:00,cash,success,8176500.00,seed,2026-06-19T22:53:00+07:00,2026-06-19T22:53:00+07:00
PAY004079,ORD004514,2026-01-27T16:30:00+07:00,card,success,7528000.00,seed,2026-01-27T16:30:00+07:00,2026-01-27T16:30:00+07:00
PAY004080,ORD004515,2026-01-03T20:54:00+07:00,card,success,19216000.00,seed,2026-01-03T20:54:00+07:00,2026-01-03T20:54:00+07:00
PAY004081,ORD004516,2026-03-13T05:55:00+07:00,card,success,19496000.00,seed,2026-03-13T05:55:00+07:00,2026-03-13T05:55:00+07:00
PAY004082,ORD004517,2026-02-09T08:36:00+07:00,cash,success,15330500.00,seed,2026-02-09T08:36:00+07:00,2026-02-09T08:36:00+07:00
PAY004083,ORD004519,2026-06-03T22:51:00+07:00,card,success,12845000.00,seed,2026-06-03T22:51:00+07:00,2026-06-03T22:51:00+07:00
PAY004084,ORD004520,2026-01-31T18:15:00+07:00,card,success,6094000.00,seed,2026-01-31T18:15:00+07:00,2026-01-31T18:15:00+07:00
PAY004085,ORD004521,2026-06-29T12:00:00+07:00,card,success,3156000.00,seed,2026-06-29T12:00:00+07:00,2026-06-29T12:00:00+07:00
PAY004086,ORD004522,2026-06-26T00:50:00+07:00,card,success,5047000.00,seed,2026-06-26T00:50:00+07:00,2026-06-26T00:50:00+07:00
PAY004087,ORD004523,2026-04-01T01:48:00+07:00,cash,success,3413000.00,seed,2026-04-01T01:48:00+07:00,2026-04-01T01:48:00+07:00
PAY004088,ORD004524,2026-03-28T21:42:00+07:00,bank_transfer,success,5644000.00,seed,2026-03-28T21:42:00+07:00,2026-03-28T21:42:00+07:00
PAY004089,ORD004525,2026-02-05T23:17:00+07:00,bank_transfer,success,12192500.00,seed,2026-02-05T23:17:00+07:00,2026-02-05T23:17:00+07:00
PAY004090,ORD004526,2026-04-04T18:51:00+07:00,bank_transfer,failed,17538000.00,seed,2026-04-04T18:51:00+07:00,2026-04-04T18:51:00+07:00
PAY004091,ORD004527,2026-02-24T14:16:00+07:00,cash,success,11397000.00,seed,2026-02-24T14:16:00+07:00,2026-02-24T14:16:00+07:00
PAY004092,ORD004529,2026-01-10T17:43:00+07:00,card,success,21800500.00,seed,2026-01-10T17:43:00+07:00,2026-01-10T17:43:00+07:00
PAY004093,ORD004530,2026-02-25T01:41:00+07:00,card,success,17850000.00,seed,2026-02-25T01:41:00+07:00,2026-02-25T01:41:00+07:00
PAY004094,ORD004531,2026-03-02T00:46:00+07:00,bank_transfer,success,10490500.00,seed,2026-03-02T00:46:00+07:00,2026-03-02T00:46:00+07:00
PAY004095,ORD004532,2026-03-04T16:16:00+07:00,cash,success,380000.00,seed,2026-03-04T16:16:00+07:00,2026-03-04T16:16:00+07:00
PAY004096,ORD004533,2026-03-14T11:16:00+07:00,bank_transfer,success,6035000.00,seed,2026-03-14T11:16:00+07:00,2026-03-14T11:16:00+07:00
PAY004097,ORD004534,2026-04-07T00:43:00+07:00,e_wallet,success,10697500.00,seed,2026-04-07T00:43:00+07:00,2026-04-07T00:43:00+07:00
PAY004098,ORD004535,2026-05-27T20:02:00+07:00,bank_transfer,success,33189000.00,seed,2026-05-27T20:02:00+07:00,2026-05-27T20:02:00+07:00
PAY004099,ORD004536,2026-01-11T00:36:00+07:00,card,success,7970000.00,seed,2026-01-11T00:36:00+07:00,2026-01-11T00:36:00+07:00
PAY004100,ORD004537,2026-03-23T01:55:00+07:00,bank_transfer,success,7419000.00,seed,2026-03-23T01:55:00+07:00,2026-03-23T01:55:00+07:00
PAY004101,ORD004538,2026-01-12T02:08:00+07:00,card,success,16020500.00,seed,2026-01-12T02:08:00+07:00,2026-01-12T02:08:00+07:00
PAY004102,ORD004539,2026-02-24T23:31:00+07:00,cash,success,26985000.00,seed,2026-02-24T23:31:00+07:00,2026-02-24T23:31:00+07:00
PAY004103,ORD004540,2026-01-24T06:11:00+07:00,e_wallet,failed,11910000.00,seed,2026-01-24T06:11:00+07:00,2026-01-24T06:11:00+07:00
PAY004104,ORD004541,2026-06-06T00:19:00+07:00,e_wallet,success,10681500.00,seed,2026-06-06T00:19:00+07:00,2026-06-06T00:19:00+07:00
PAY004105,ORD004542,2026-02-19T02:25:00+07:00,bank_transfer,success,9522500.00,seed,2026-02-19T02:25:00+07:00,2026-02-19T02:25:00+07:00
PAY004106,ORD004543,2026-03-19T10:54:00+07:00,card,success,10187500.00,seed,2026-03-19T10:54:00+07:00,2026-03-19T10:54:00+07:00
PAY004107,ORD004544,2026-04-27T02:39:00+07:00,bank_transfer,success,10101000.00,seed,2026-04-27T02:39:00+07:00,2026-04-27T02:39:00+07:00
PAY004108,ORD004545,2026-01-08T05:17:00+07:00,cash,success,2060000.00,seed,2026-01-08T05:17:00+07:00,2026-01-08T05:17:00+07:00
PAY004109,ORD004546,2026-03-27T17:07:00+07:00,card,success,7453000.00,seed,2026-03-27T17:07:00+07:00,2026-03-27T17:07:00+07:00
PAY004110,ORD004547,2026-01-13T23:55:00+07:00,e_wallet,success,5134000.00,seed,2026-01-13T23:55:00+07:00,2026-01-13T23:55:00+07:00
PAY004111,ORD004548,2026-06-03T22:15:00+07:00,cash,success,27842000.00,seed,2026-06-03T22:15:00+07:00,2026-06-03T22:15:00+07:00
PAY004112,ORD004549,2026-02-21T18:34:00+07:00,e_wallet,success,6444000.00,seed,2026-02-21T18:34:00+07:00,2026-02-21T18:34:00+07:00
PAY004113,ORD004551,2026-06-20T01:30:00+07:00,card,success,14310000.00,seed,2026-06-20T01:30:00+07:00,2026-06-20T01:30:00+07:00
PAY004114,ORD004552,2026-05-31T12:40:00+07:00,card,success,6444000.00,seed,2026-05-31T12:40:00+07:00,2026-05-31T12:40:00+07:00
PAY004115,ORD004553,2026-05-28T13:02:00+07:00,card,success,16002500.00,seed,2026-05-28T13:02:00+07:00,2026-05-28T13:02:00+07:00
PAY004116,ORD004554,2026-04-28T17:27:00+07:00,bank_transfer,success,6823000.00,seed,2026-04-28T17:27:00+07:00,2026-04-28T17:27:00+07:00
PAY004117,ORD004555,2026-06-19T15:29:00+07:00,card,success,4208500.00,seed,2026-06-19T15:29:00+07:00,2026-06-19T15:29:00+07:00
PAY004118,ORD004557,2026-03-28T03:51:00+07:00,card,success,1079500.00,seed,2026-03-28T03:51:00+07:00,2026-03-28T03:51:00+07:00
PAY004119,ORD004558,2026-04-21T03:48:00+07:00,card,success,12964000.00,seed,2026-04-21T03:48:00+07:00,2026-04-21T03:48:00+07:00
PAY004120,ORD004560,2026-04-16T06:04:00+07:00,cash,success,12625500.00,seed,2026-04-16T06:04:00+07:00,2026-04-16T06:04:00+07:00
PAY004121,ORD004561,2026-01-15T08:15:00+07:00,card,success,12209500.00,seed,2026-01-15T08:15:00+07:00,2026-01-15T08:15:00+07:00
PAY004122,ORD004563,2026-05-23T02:18:00+07:00,card,failed,8389000.00,seed,2026-05-23T02:18:00+07:00,2026-05-23T02:18:00+07:00
PAY004123,ORD004565,2026-03-09T22:00:00+07:00,card,success,13332500.00,seed,2026-03-09T22:00:00+07:00,2026-03-09T22:00:00+07:00
PAY004124,ORD004566,2026-06-06T02:53:00+07:00,e_wallet,success,14849500.00,seed,2026-06-06T02:53:00+07:00,2026-06-06T02:53:00+07:00
PAY004125,ORD004567,2026-02-15T19:27:00+07:00,bank_transfer,success,6315500.00,seed,2026-02-15T19:27:00+07:00,2026-02-15T19:27:00+07:00
PAY004126,ORD004568,2026-05-04T09:08:00+07:00,bank_transfer,success,6012000.00,seed,2026-05-04T09:08:00+07:00,2026-05-04T09:08:00+07:00
PAY004127,ORD004569,2026-06-10T14:40:00+07:00,e_wallet,success,4119500.00,seed,2026-06-10T14:40:00+07:00,2026-06-10T14:40:00+07:00
PAY004128,ORD004570,2026-05-30T04:38:00+07:00,cash,success,17910000.00,seed,2026-05-30T04:38:00+07:00,2026-05-30T04:38:00+07:00
PAY004129,ORD004571,2026-02-02T14:39:00+07:00,card,success,20189000.00,seed,2026-02-02T14:39:00+07:00,2026-02-02T14:39:00+07:00
PAY004130,ORD004573,2026-03-26T03:38:00+07:00,cash,success,5516500.00,seed,2026-03-26T03:38:00+07:00,2026-03-26T03:38:00+07:00
PAY004131,ORD004574,2026-03-08T05:55:00+07:00,e_wallet,success,26866000.00,seed,2026-03-08T05:55:00+07:00,2026-03-08T05:55:00+07:00
PAY004132,ORD004575,2026-04-08T22:02:00+07:00,bank_transfer,success,17593000.00,seed,2026-04-08T22:02:00+07:00,2026-04-08T22:02:00+07:00
PAY004133,ORD004576,2026-05-22T00:26:00+07:00,card,success,551000.00,seed,2026-05-22T00:26:00+07:00,2026-05-22T00:26:00+07:00
PAY004134,ORD004578,2026-01-31T00:06:00+07:00,bank_transfer,success,2448000.00,seed,2026-01-31T00:06:00+07:00,2026-01-31T00:06:00+07:00
PAY004135,ORD004579,2026-05-24T02:37:00+07:00,e_wallet,success,2680000.00,seed,2026-05-24T02:37:00+07:00,2026-05-24T02:37:00+07:00
PAY004136,ORD004580,2026-05-27T20:32:00+07:00,cash,success,8645000.00,seed,2026-05-27T20:32:00+07:00,2026-05-27T20:32:00+07:00
PAY004137,ORD004582,2026-04-22T17:57:00+07:00,bank_transfer,success,12277000.00,seed,2026-04-22T17:57:00+07:00,2026-04-22T17:57:00+07:00
PAY004138,ORD004584,2026-01-26T20:43:00+07:00,cash,success,5790000.00,seed,2026-01-26T20:43:00+07:00,2026-01-26T20:43:00+07:00
PAY004139,ORD004585,2026-02-03T00:09:00+07:00,card,success,7047000.00,seed,2026-02-03T00:09:00+07:00,2026-02-03T00:09:00+07:00
PAY004140,ORD004586,2026-04-07T05:51:00+07:00,bank_transfer,success,399500.00,seed,2026-04-07T05:51:00+07:00,2026-04-07T05:51:00+07:00
PAY004141,ORD004587,2026-05-12T14:58:00+07:00,card,success,15593500.00,seed,2026-05-12T14:58:00+07:00,2026-05-12T14:58:00+07:00
PAY004142,ORD004588,2026-05-07T19:41:00+07:00,bank_transfer,success,16371000.00,seed,2026-05-07T19:41:00+07:00,2026-05-07T19:41:00+07:00
PAY004143,ORD004589,2026-04-14T23:11:00+07:00,cash,success,3033000.00,seed,2026-04-14T23:11:00+07:00,2026-04-14T23:11:00+07:00
PAY004144,ORD004590,2026-01-23T13:36:00+07:00,e_wallet,success,5494500.00,seed,2026-01-23T13:36:00+07:00,2026-01-23T13:36:00+07:00
PAY004145,ORD004591,2026-06-29T23:32:00+07:00,bank_transfer,success,8243000.00,seed,2026-06-29T23:32:00+07:00,2026-06-29T23:32:00+07:00
PAY004146,ORD004592,2026-03-08T05:39:00+07:00,e_wallet,success,18113000.00,seed,2026-03-08T05:39:00+07:00,2026-03-08T05:39:00+07:00
PAY004147,ORD004594,2026-03-20T19:52:00+07:00,card,success,11607000.00,seed,2026-03-20T19:52:00+07:00,2026-03-20T19:52:00+07:00
PAY004148,ORD004595,2026-05-16T16:40:00+07:00,card,success,5355000.00,seed,2026-05-16T16:40:00+07:00,2026-05-16T16:40:00+07:00
PAY004149,ORD004596,2026-06-28T21:09:00+07:00,bank_transfer,success,27663500.00,seed,2026-06-28T21:09:00+07:00,2026-06-28T21:09:00+07:00
PAY004150,ORD004597,2026-02-08T18:08:00+07:00,bank_transfer,success,41483000.00,seed,2026-02-08T18:08:00+07:00,2026-02-08T18:08:00+07:00
PAY004151,ORD004598,2026-06-06T18:52:00+07:00,bank_transfer,success,22917000.00,seed,2026-06-06T18:52:00+07:00,2026-06-06T18:52:00+07:00
PAY004152,ORD004599,2026-03-09T01:11:00+07:00,e_wallet,success,905500.00,seed,2026-03-09T01:11:00+07:00,2026-03-09T01:11:00+07:00
PAY004153,ORD004600,2026-01-06T08:45:00+07:00,e_wallet,success,399500.00,seed,2026-01-06T08:45:00+07:00,2026-01-06T08:45:00+07:00
PAY004154,ORD004602,2026-01-29T09:23:00+07:00,e_wallet,success,17887000.00,seed,2026-01-29T09:23:00+07:00,2026-01-29T09:23:00+07:00
PAY004155,ORD004603,2026-02-27T16:28:00+07:00,cash,success,15764000.00,seed,2026-02-27T16:28:00+07:00,2026-02-27T16:28:00+07:00
PAY004156,ORD004604,2026-04-12T03:19:00+07:00,cash,success,2281500.00,seed,2026-04-12T03:19:00+07:00,2026-04-12T03:19:00+07:00
PAY004157,ORD004605,2026-01-03T09:46:00+07:00,bank_transfer,success,11989500.00,seed,2026-01-03T09:46:00+07:00,2026-01-03T09:46:00+07:00
PAY004158,ORD004606,2026-05-06T21:42:00+07:00,bank_transfer,success,22208500.00,seed,2026-05-06T21:42:00+07:00,2026-05-06T21:42:00+07:00
PAY004159,ORD004607,2026-05-23T23:20:00+07:00,cash,success,17347000.00,seed,2026-05-23T23:20:00+07:00,2026-05-23T23:20:00+07:00
PAY004160,ORD004608,2026-04-08T11:20:00+07:00,cash,pending,22371500.00,seed,2026-04-08T11:20:00+07:00,2026-04-08T11:20:00+07:00
PAY004161,ORD004609,2026-04-16T15:26:00+07:00,cash,success,15478000.00,seed,2026-04-16T15:26:00+07:00,2026-04-16T15:26:00+07:00
PAY004162,ORD004610,2026-06-13T06:39:00+07:00,e_wallet,success,6165500.00,seed,2026-06-13T06:39:00+07:00,2026-06-13T06:39:00+07:00
PAY004163,ORD004611,2026-04-07T02:47:00+07:00,card,success,6336000.00,seed,2026-04-07T02:47:00+07:00,2026-04-07T02:47:00+07:00
PAY004164,ORD004612,2026-04-23T22:55:00+07:00,bank_transfer,success,9618500.00,seed,2026-04-23T22:55:00+07:00,2026-04-23T22:55:00+07:00
PAY004165,ORD004613,2026-03-27T17:05:00+07:00,cash,success,2583000.00,seed,2026-03-27T17:05:00+07:00,2026-03-27T17:05:00+07:00
PAY004166,ORD004614,2026-03-20T08:02:00+07:00,e_wallet,success,14286500.00,seed,2026-03-20T08:02:00+07:00,2026-03-20T08:02:00+07:00
PAY004167,ORD004616,2026-04-18T22:38:00+07:00,card,success,14100000.00,seed,2026-04-18T22:38:00+07:00,2026-04-18T22:38:00+07:00
PAY004168,ORD004617,2026-01-31T21:46:00+07:00,card,success,15049000.00,seed,2026-01-31T21:46:00+07:00,2026-01-31T21:46:00+07:00
PAY004169,ORD004618,2026-05-16T18:28:00+07:00,bank_transfer,success,6861000.00,seed,2026-05-16T18:28:00+07:00,2026-05-16T18:28:00+07:00
PAY004170,ORD004619,2026-03-23T15:43:00+07:00,cash,success,6293000.00,seed,2026-03-23T15:43:00+07:00,2026-03-23T15:43:00+07:00
PAY004171,ORD004620,2026-05-01T01:09:00+07:00,cash,success,5380000.00,seed,2026-05-01T01:09:00+07:00,2026-05-01T01:09:00+07:00
PAY004172,ORD004621,2026-02-20T15:13:00+07:00,bank_transfer,success,19559000.00,seed,2026-02-20T15:13:00+07:00,2026-02-20T15:13:00+07:00
PAY004173,ORD004622,2026-02-06T01:55:00+07:00,e_wallet,success,13040000.00,seed,2026-02-06T01:55:00+07:00,2026-02-06T01:55:00+07:00
PAY004174,ORD004623,2026-02-17T23:23:00+07:00,bank_transfer,success,1292000.00,seed,2026-02-17T23:23:00+07:00,2026-02-17T23:23:00+07:00
PAY004175,ORD004624,2026-03-29T03:41:00+07:00,card,success,6097500.00,seed,2026-03-29T03:41:00+07:00,2026-03-29T03:41:00+07:00
PAY004176,ORD004626,2026-03-09T12:59:00+07:00,e_wallet,success,20019500.00,seed,2026-03-09T12:59:00+07:00,2026-03-09T12:59:00+07:00
PAY004177,ORD004627,2026-03-18T19:01:00+07:00,cash,failed,5560000.00,seed,2026-03-18T19:01:00+07:00,2026-03-18T19:01:00+07:00
PAY004178,ORD004629,2026-06-05T01:32:00+07:00,e_wallet,success,11117000.00,seed,2026-06-05T01:32:00+07:00,2026-06-05T01:32:00+07:00
PAY004179,ORD004630,2026-01-20T22:41:00+07:00,card,success,15674500.00,seed,2026-01-20T22:41:00+07:00,2026-01-20T22:41:00+07:00
PAY004180,ORD004631,2026-05-05T02:09:00+07:00,cash,success,8980000.00,seed,2026-05-05T02:09:00+07:00,2026-05-05T02:09:00+07:00
PAY004181,ORD004633,2026-04-27T07:42:00+07:00,e_wallet,success,6840000.00,seed,2026-04-27T07:42:00+07:00,2026-04-27T07:42:00+07:00
PAY004182,ORD004634,2026-04-13T00:48:00+07:00,card,pending,12441000.00,seed,2026-04-13T00:48:00+07:00,2026-04-13T00:48:00+07:00
PAY004183,ORD004635,2026-04-11T02:38:00+07:00,e_wallet,success,12510000.00,seed,2026-04-11T02:38:00+07:00,2026-04-11T02:38:00+07:00
PAY004184,ORD004636,2026-02-10T22:20:00+07:00,card,success,4830000.00,seed,2026-02-10T22:20:00+07:00,2026-02-10T22:20:00+07:00
PAY004185,ORD004637,2026-06-13T21:11:00+07:00,cash,failed,20107500.00,seed,2026-06-13T21:11:00+07:00,2026-06-13T21:11:00+07:00
PAY004186,ORD004638,2026-01-19T00:36:00+07:00,e_wallet,failed,26315000.00,seed,2026-01-19T00:36:00+07:00,2026-01-19T00:36:00+07:00
PAY004187,ORD004639,2026-06-22T13:58:00+07:00,card,success,7860500.00,seed,2026-06-22T13:58:00+07:00,2026-06-22T13:58:00+07:00
PAY004188,ORD004641,2026-05-27T02:08:00+07:00,cash,success,2790000.00,seed,2026-05-27T02:08:00+07:00,2026-05-27T02:08:00+07:00
PAY004189,ORD004642,2026-03-19T17:29:00+07:00,bank_transfer,success,1674000.00,seed,2026-03-19T17:29:00+07:00,2026-03-19T17:29:00+07:00
PAY004190,ORD004643,2026-03-02T14:33:00+07:00,cash,success,10630500.00,seed,2026-03-02T14:33:00+07:00,2026-03-02T14:33:00+07:00
PAY004191,ORD004644,2026-06-20T12:40:00+07:00,card,success,20240000.00,seed,2026-06-20T12:40:00+07:00,2026-06-20T12:40:00+07:00
PAY004192,ORD004645,2026-03-27T06:11:00+07:00,cash,success,17142000.00,seed,2026-03-27T06:11:00+07:00,2026-03-27T06:11:00+07:00
PAY004193,ORD004646,2026-01-04T06:38:00+07:00,e_wallet,success,5712500.00,seed,2026-01-04T06:38:00+07:00,2026-01-04T06:38:00+07:00
PAY004194,ORD004647,2026-03-21T22:39:00+07:00,bank_transfer,success,5544000.00,seed,2026-03-21T22:39:00+07:00,2026-03-21T22:39:00+07:00
PAY004195,ORD004648,2026-03-04T10:10:00+07:00,e_wallet,success,22482000.00,seed,2026-03-04T10:10:00+07:00,2026-03-04T10:10:00+07:00
PAY004196,ORD004649,2026-03-28T19:17:00+07:00,cash,success,2940000.00,seed,2026-03-28T19:17:00+07:00,2026-03-28T19:17:00+07:00
PAY004197,ORD004650,2026-01-29T02:49:00+07:00,e_wallet,success,7760500.00,seed,2026-01-29T02:49:00+07:00,2026-01-29T02:49:00+07:00
PAY004198,ORD004651,2026-04-22T00:12:00+07:00,e_wallet,success,24306000.00,seed,2026-04-22T00:12:00+07:00,2026-04-22T00:12:00+07:00
PAY004199,ORD004653,2026-03-02T02:52:00+07:00,cash,success,1296000.00,seed,2026-03-02T02:52:00+07:00,2026-03-02T02:52:00+07:00
PAY004200,ORD004654,2026-02-20T22:53:00+07:00,card,success,9471500.00,seed,2026-02-20T22:53:00+07:00,2026-02-20T22:53:00+07:00
PAY004201,ORD004655,2026-03-31T04:03:00+07:00,bank_transfer,success,12400000.00,seed,2026-03-31T04:03:00+07:00,2026-03-31T04:03:00+07:00
PAY004202,ORD004656,2026-01-26T22:20:00+07:00,card,success,2540000.00,seed,2026-01-26T22:20:00+07:00,2026-01-26T22:20:00+07:00
PAY004203,ORD004657,2026-06-02T02:54:00+07:00,e_wallet,success,22573000.00,seed,2026-06-02T02:54:00+07:00,2026-06-02T02:54:00+07:00
PAY004204,ORD004658,2026-02-15T21:38:00+07:00,bank_transfer,failed,7700000.00,seed,2026-02-15T21:38:00+07:00,2026-02-15T21:38:00+07:00
PAY004205,ORD004659,2026-06-04T02:03:00+07:00,e_wallet,success,20355500.00,seed,2026-06-04T02:03:00+07:00,2026-06-04T02:03:00+07:00
PAY004206,ORD004660,2026-03-31T19:13:00+07:00,e_wallet,success,15391500.00,seed,2026-03-31T19:13:00+07:00,2026-03-31T19:13:00+07:00
PAY004207,ORD004661,2026-02-19T20:23:00+07:00,e_wallet,success,8208000.00,seed,2026-02-19T20:23:00+07:00,2026-02-19T20:23:00+07:00
PAY004208,ORD004662,2026-05-28T18:32:00+07:00,cash,success,11050000.00,seed,2026-05-28T18:32:00+07:00,2026-05-28T18:32:00+07:00
PAY004209,ORD004663,2026-03-21T17:40:00+07:00,e_wallet,success,7638000.00,seed,2026-03-21T17:40:00+07:00,2026-03-21T17:40:00+07:00
PAY004210,ORD004664,2026-04-28T13:56:00+07:00,e_wallet,success,10550000.00,seed,2026-04-28T13:56:00+07:00,2026-04-28T13:56:00+07:00
PAY004211,ORD004665,2026-05-19T08:32:00+07:00,e_wallet,success,7571500.00,seed,2026-05-19T08:32:00+07:00,2026-05-19T08:32:00+07:00
PAY004212,ORD004666,2026-05-29T16:40:00+07:00,bank_transfer,success,6966500.00,seed,2026-05-29T16:40:00+07:00,2026-05-29T16:40:00+07:00
PAY004213,ORD004667,2026-05-20T16:34:00+07:00,bank_transfer,success,5992500.00,seed,2026-05-20T16:34:00+07:00,2026-05-20T16:34:00+07:00
PAY004214,ORD004668,2026-05-20T20:53:00+07:00,cash,success,3669000.00,seed,2026-05-20T20:53:00+07:00,2026-05-20T20:53:00+07:00
PAY004215,ORD004669,2026-02-25T02:33:00+07:00,card,success,9870000.00,seed,2026-02-25T02:33:00+07:00,2026-02-25T02:33:00+07:00
PAY004216,ORD004670,2026-05-07T01:08:00+07:00,cash,success,675000.00,seed,2026-05-07T01:08:00+07:00,2026-05-07T01:08:00+07:00
PAY004217,ORD004671,2026-01-07T23:42:00+07:00,cash,success,6857000.00,seed,2026-01-07T23:42:00+07:00,2026-01-07T23:42:00+07:00
PAY004218,ORD004672,2026-04-22T17:48:00+07:00,e_wallet,success,5786000.00,seed,2026-04-22T17:48:00+07:00,2026-04-22T17:48:00+07:00
PAY004219,ORD004673,2026-06-18T00:00:00+07:00,bank_transfer,failed,22112000.00,seed,2026-06-18T00:00:00+07:00,2026-06-18T00:00:00+07:00
PAY004220,ORD004674,2026-01-06T16:16:00+07:00,card,success,9136000.00,seed,2026-01-06T16:16:00+07:00,2026-01-06T16:16:00+07:00
PAY004221,ORD004675,2026-01-25T09:36:00+07:00,e_wallet,success,6417000.00,seed,2026-01-25T09:36:00+07:00,2026-01-25T09:36:00+07:00
PAY004222,ORD004676,2026-01-19T04:00:00+07:00,cash,success,27224000.00,seed,2026-01-19T04:00:00+07:00,2026-01-19T04:00:00+07:00
PAY004223,ORD004677,2026-05-03T11:49:00+07:00,cash,success,6761500.00,seed,2026-05-03T11:49:00+07:00,2026-05-03T11:49:00+07:00
PAY004224,ORD004678,2026-01-05T01:04:00+07:00,bank_transfer,success,7033000.00,seed,2026-01-05T01:04:00+07:00,2026-01-05T01:04:00+07:00
PAY004225,ORD004679,2026-01-31T23:00:00+07:00,bank_transfer,success,14656000.00,seed,2026-01-31T23:00:00+07:00,2026-01-31T23:00:00+07:00
PAY004226,ORD004680,2026-04-06T08:38:00+07:00,cash,success,1908000.00,seed,2026-04-06T08:38:00+07:00,2026-04-06T08:38:00+07:00
PAY004227,ORD004682,2026-04-13T06:04:00+07:00,cash,success,5829500.00,seed,2026-04-13T06:04:00+07:00,2026-04-13T06:04:00+07:00
PAY004228,ORD004683,2026-03-03T10:30:00+07:00,bank_transfer,success,29099500.00,seed,2026-03-03T10:30:00+07:00,2026-03-03T10:30:00+07:00
PAY004229,ORD004684,2026-06-19T01:09:00+07:00,bank_transfer,pending,4785500.00,seed,2026-06-19T01:09:00+07:00,2026-06-19T01:09:00+07:00
PAY004230,ORD004685,2026-06-29T02:13:00+07:00,cash,success,14290500.00,seed,2026-06-29T02:13:00+07:00,2026-06-29T02:13:00+07:00
PAY004231,ORD004686,2026-03-11T20:35:00+07:00,card,success,3648000.00,seed,2026-03-11T20:35:00+07:00,2026-03-11T20:35:00+07:00
PAY004232,ORD004687,2026-01-12T18:12:00+07:00,e_wallet,success,17080000.00,seed,2026-01-12T18:12:00+07:00,2026-01-12T18:12:00+07:00
PAY004233,ORD004688,2026-06-12T17:43:00+07:00,e_wallet,success,10604000.00,seed,2026-06-12T17:43:00+07:00,2026-06-12T17:43:00+07:00
PAY004234,ORD004689,2026-05-26T19:02:00+07:00,e_wallet,success,8096000.00,seed,2026-05-26T19:02:00+07:00,2026-05-26T19:02:00+07:00
PAY004235,ORD004690,2026-01-12T05:15:00+07:00,card,success,7898500.00,seed,2026-01-12T05:15:00+07:00,2026-01-12T05:15:00+07:00
PAY004236,ORD004691,2026-05-02T20:44:00+07:00,bank_transfer,success,1900000.00,seed,2026-05-02T20:44:00+07:00,2026-05-02T20:44:00+07:00
PAY004237,ORD004692,2026-02-05T23:47:00+07:00,e_wallet,success,8160000.00,seed,2026-02-05T23:47:00+07:00,2026-02-05T23:47:00+07:00
PAY004238,ORD004693,2026-01-21T00:44:00+07:00,cash,success,5886000.00,seed,2026-01-21T00:44:00+07:00,2026-01-21T00:44:00+07:00
PAY004239,ORD004694,2026-03-17T21:40:00+07:00,e_wallet,success,6679500.00,seed,2026-03-17T21:40:00+07:00,2026-03-17T21:40:00+07:00
PAY004240,ORD004695,2026-02-13T01:47:00+07:00,e_wallet,success,15839500.00,seed,2026-02-13T01:47:00+07:00,2026-02-13T01:47:00+07:00
PAY004241,ORD004697,2026-01-17T22:38:00+07:00,card,success,13022000.00,seed,2026-01-17T22:38:00+07:00,2026-01-17T22:38:00+07:00
PAY004242,ORD004698,2026-02-03T21:33:00+07:00,card,success,12782000.00,seed,2026-02-03T21:33:00+07:00,2026-02-03T21:33:00+07:00
PAY004243,ORD004699,2026-02-05T12:26:00+07:00,cash,success,3470000.00,seed,2026-02-05T12:26:00+07:00,2026-02-05T12:26:00+07:00
PAY004244,ORD004700,2026-04-12T11:20:00+07:00,e_wallet,pending,16160000.00,seed,2026-04-12T11:20:00+07:00,2026-04-12T11:20:00+07:00
PAY004245,ORD004702,2026-02-15T08:59:00+07:00,card,success,13119000.00,seed,2026-02-15T08:59:00+07:00,2026-02-15T08:59:00+07:00
PAY004246,ORD004703,2026-01-16T01:45:00+07:00,e_wallet,success,7552500.00,seed,2026-01-16T01:45:00+07:00,2026-01-16T01:45:00+07:00
PAY004247,ORD004704,2026-01-30T04:58:00+07:00,card,success,8781000.00,seed,2026-01-30T04:58:00+07:00,2026-01-30T04:58:00+07:00
PAY004248,ORD004705,2026-06-30T01:41:00+07:00,cash,success,1790000.00,seed,2026-06-30T01:41:00+07:00,2026-06-30T01:41:00+07:00
PAY004249,ORD004706,2026-03-18T00:51:00+07:00,cash,success,11770000.00,seed,2026-03-18T00:51:00+07:00,2026-03-18T00:51:00+07:00
PAY004250,ORD004708,2026-03-21T03:59:00+07:00,cash,success,6655000.00,seed,2026-03-21T03:59:00+07:00,2026-03-21T03:59:00+07:00
PAY004251,ORD004709,2026-03-22T05:05:00+07:00,cash,success,11301000.00,seed,2026-03-22T05:05:00+07:00,2026-03-22T05:05:00+07:00
PAY004252,ORD004710,2026-01-03T09:14:00+07:00,e_wallet,success,5018000.00,seed,2026-01-03T09:14:00+07:00,2026-01-03T09:14:00+07:00
PAY004253,ORD004711,2026-02-11T02:45:00+07:00,bank_transfer,failed,5995000.00,seed,2026-02-11T02:45:00+07:00,2026-02-11T02:45:00+07:00
PAY004254,ORD004712,2026-04-27T22:15:00+07:00,cash,success,26208000.00,seed,2026-04-27T22:15:00+07:00,2026-04-27T22:15:00+07:00
PAY004255,ORD004713,2026-03-27T08:27:00+07:00,e_wallet,success,5893500.00,seed,2026-03-27T08:27:00+07:00,2026-03-27T08:27:00+07:00
PAY004256,ORD004714,2026-02-10T22:46:00+07:00,card,success,3272000.00,seed,2026-02-10T22:46:00+07:00,2026-02-10T22:46:00+07:00
PAY004257,ORD004715,2026-06-25T17:06:00+07:00,cash,success,4720000.00,seed,2026-06-25T17:06:00+07:00,2026-06-25T17:06:00+07:00
PAY004258,ORD004716,2026-03-26T23:50:00+07:00,cash,success,23180500.00,seed,2026-03-26T23:50:00+07:00,2026-03-26T23:50:00+07:00
PAY004259,ORD004717,2026-04-18T15:11:00+07:00,bank_transfer,success,19946000.00,seed,2026-04-18T15:11:00+07:00,2026-04-18T15:11:00+07:00
PAY004260,ORD004718,2026-02-14T18:35:00+07:00,cash,success,2060000.00,seed,2026-02-14T18:35:00+07:00,2026-02-14T18:35:00+07:00
PAY004261,ORD004719,2026-01-28T01:21:00+07:00,bank_transfer,failed,9088000.00,seed,2026-01-28T01:21:00+07:00,2026-01-28T01:21:00+07:00
PAY004262,ORD004720,2026-05-13T15:44:00+07:00,cash,success,14738000.00,seed,2026-05-13T15:44:00+07:00,2026-05-13T15:44:00+07:00
PAY004263,ORD004721,2026-03-30T18:23:00+07:00,card,success,5559000.00,seed,2026-03-30T18:23:00+07:00,2026-03-30T18:23:00+07:00
PAY004264,ORD004722,2026-05-23T23:16:00+07:00,bank_transfer,success,13763000.00,seed,2026-05-23T23:16:00+07:00,2026-05-23T23:16:00+07:00
PAY004265,ORD004723,2026-03-11T04:57:00+07:00,e_wallet,success,14145000.00,seed,2026-03-11T04:57:00+07:00,2026-03-11T04:57:00+07:00
PAY004266,ORD004724,2026-03-18T19:31:00+07:00,card,failed,3816000.00,seed,2026-03-18T19:31:00+07:00,2026-03-18T19:31:00+07:00
PAY004267,ORD004725,2026-02-03T06:12:00+07:00,bank_transfer,failed,11184000.00,seed,2026-02-03T06:12:00+07:00,2026-02-03T06:12:00+07:00
PAY004268,ORD004726,2026-02-23T15:32:00+07:00,e_wallet,pending,9856000.00,seed,2026-02-23T15:32:00+07:00,2026-02-23T15:32:00+07:00
PAY004269,ORD004727,2026-01-04T20:20:00+07:00,cash,success,8506000.00,seed,2026-01-04T20:20:00+07:00,2026-01-04T20:20:00+07:00
PAY004270,ORD004728,2026-02-17T17:19:00+07:00,bank_transfer,success,6917000.00,seed,2026-02-17T17:19:00+07:00,2026-02-17T17:19:00+07:00
PAY004271,ORD004729,2026-04-28T02:21:00+07:00,cash,success,12047500.00,seed,2026-04-28T02:21:00+07:00,2026-04-28T02:21:00+07:00
PAY004272,ORD004730,2026-03-05T01:36:00+07:00,cash,success,3294000.00,seed,2026-03-05T01:36:00+07:00,2026-03-05T01:36:00+07:00
PAY004273,ORD004731,2026-01-27T22:29:00+07:00,card,success,13238500.00,seed,2026-01-27T22:29:00+07:00,2026-01-27T22:29:00+07:00
PAY004274,ORD004732,2026-05-04T21:40:00+07:00,bank_transfer,success,17940500.00,seed,2026-05-04T21:40:00+07:00,2026-05-04T21:40:00+07:00
PAY004275,ORD004733,2026-06-13T00:20:00+07:00,cash,failed,6451500.00,seed,2026-06-13T00:20:00+07:00,2026-06-13T00:20:00+07:00
PAY004276,ORD004734,2026-01-21T21:50:00+07:00,bank_transfer,success,11937500.00,seed,2026-01-21T21:50:00+07:00,2026-01-21T21:50:00+07:00
PAY004277,ORD004735,2026-02-02T22:37:00+07:00,e_wallet,success,7324000.00,seed,2026-02-02T22:37:00+07:00,2026-02-02T22:37:00+07:00
PAY004278,ORD004736,2026-02-16T23:41:00+07:00,e_wallet,success,14669000.00,seed,2026-02-16T23:41:00+07:00,2026-02-16T23:41:00+07:00
PAY004279,ORD004737,2026-01-27T23:05:00+07:00,bank_transfer,failed,1597000.00,seed,2026-01-27T23:05:00+07:00,2026-01-27T23:05:00+07:00
PAY004280,ORD004738,2026-02-21T12:58:00+07:00,cash,success,6317500.00,seed,2026-02-21T12:58:00+07:00,2026-02-21T12:58:00+07:00
PAY004281,ORD004739,2026-02-06T13:50:00+07:00,bank_transfer,success,12134000.00,seed,2026-02-06T13:50:00+07:00,2026-02-06T13:50:00+07:00
PAY004282,ORD004740,2026-05-06T03:32:00+07:00,e_wallet,success,10891500.00,seed,2026-05-06T03:32:00+07:00,2026-05-06T03:32:00+07:00
PAY004283,ORD004741,2026-03-19T14:32:00+07:00,bank_transfer,success,8145000.00,seed,2026-03-19T14:32:00+07:00,2026-03-19T14:32:00+07:00
PAY004284,ORD004742,2026-03-30T01:43:00+07:00,bank_transfer,success,10940000.00,seed,2026-03-30T01:43:00+07:00,2026-03-30T01:43:00+07:00
PAY004285,ORD004743,2026-01-14T18:59:00+07:00,card,success,7837000.00,seed,2026-01-14T18:59:00+07:00,2026-01-14T18:59:00+07:00
PAY004286,ORD004744,2026-05-26T00:49:00+07:00,e_wallet,success,7433500.00,seed,2026-05-26T00:49:00+07:00,2026-05-26T00:49:00+07:00
PAY004287,ORD004745,2026-06-19T03:04:00+07:00,bank_transfer,success,9061000.00,seed,2026-06-19T03:04:00+07:00,2026-06-19T03:04:00+07:00
PAY004288,ORD004746,2026-04-24T14:48:00+07:00,card,success,6160000.00,seed,2026-04-24T14:48:00+07:00,2026-04-24T14:48:00+07:00
PAY004289,ORD004747,2026-04-09T22:58:00+07:00,card,success,11560500.00,seed,2026-04-09T22:58:00+07:00,2026-04-09T22:58:00+07:00
PAY004290,ORD004748,2026-06-08T08:16:00+07:00,e_wallet,success,9481000.00,seed,2026-06-08T08:16:00+07:00,2026-06-08T08:16:00+07:00
PAY004291,ORD004749,2026-06-12T18:44:00+07:00,cash,success,11331500.00,seed,2026-06-12T18:44:00+07:00,2026-06-12T18:44:00+07:00
PAY004292,ORD004750,2026-06-28T15:39:00+07:00,card,success,3706500.00,seed,2026-06-28T15:39:00+07:00,2026-06-28T15:39:00+07:00
PAY004293,ORD004751,2026-01-04T19:23:00+07:00,cash,success,9557000.00,seed,2026-01-04T19:23:00+07:00,2026-01-04T19:23:00+07:00
PAY004294,ORD004752,2026-04-21T03:20:00+07:00,cash,success,391000.00,seed,2026-04-21T03:20:00+07:00,2026-04-21T03:20:00+07:00
PAY004295,ORD004753,2026-01-18T20:13:00+07:00,card,success,1120000.00,seed,2026-01-18T20:13:00+07:00,2026-01-18T20:13:00+07:00
PAY004296,ORD004754,2026-05-01T21:31:00+07:00,e_wallet,success,9497500.00,seed,2026-05-01T21:31:00+07:00,2026-05-01T21:31:00+07:00
PAY004297,ORD004755,2026-04-23T23:27:00+07:00,bank_transfer,success,5348500.00,seed,2026-04-23T23:27:00+07:00,2026-04-23T23:27:00+07:00
PAY004298,ORD004756,2026-06-09T08:41:00+07:00,cash,pending,19510000.00,seed,2026-06-09T08:41:00+07:00,2026-06-09T08:41:00+07:00
PAY004299,ORD004757,2026-03-31T01:39:00+07:00,cash,success,11531500.00,seed,2026-03-31T01:39:00+07:00,2026-03-31T01:39:00+07:00
PAY004300,ORD004758,2026-05-09T21:16:00+07:00,bank_transfer,refunded,18943000.00,seed,2026-05-09T21:16:00+07:00,2026-05-09T21:16:00+07:00
PAY004301,ORD004759,2026-01-11T21:36:00+07:00,card,failed,15238000.00,seed,2026-01-11T21:36:00+07:00,2026-01-11T21:36:00+07:00
PAY004302,ORD004760,2026-06-02T21:36:00+07:00,card,success,9780000.00,seed,2026-06-02T21:36:00+07:00,2026-06-02T21:36:00+07:00
PAY004303,ORD004761,2026-06-07T22:22:00+07:00,cash,failed,15088500.00,seed,2026-06-07T22:22:00+07:00,2026-06-07T22:22:00+07:00
PAY004304,ORD004762,2026-04-10T02:48:00+07:00,cash,success,1910000.00,seed,2026-04-10T02:48:00+07:00,2026-04-10T02:48:00+07:00
PAY004305,ORD004763,2026-02-14T03:42:00+07:00,e_wallet,success,8355000.00,seed,2026-02-14T03:42:00+07:00,2026-02-14T03:42:00+07:00
PAY004306,ORD004764,2026-03-10T08:33:00+07:00,e_wallet,failed,7043000.00,seed,2026-03-10T08:33:00+07:00,2026-03-10T08:33:00+07:00
PAY004307,ORD004765,2026-05-23T04:39:00+07:00,card,success,3612500.00,seed,2026-05-23T04:39:00+07:00,2026-05-23T04:39:00+07:00
PAY004308,ORD004766,2026-01-23T20:42:00+07:00,e_wallet,success,7718000.00,seed,2026-01-23T20:42:00+07:00,2026-01-23T20:42:00+07:00
PAY004309,ORD004767,2026-06-18T22:20:00+07:00,card,success,13223500.00,seed,2026-06-18T22:20:00+07:00,2026-06-18T22:20:00+07:00
PAY004310,ORD004768,2026-02-10T21:51:00+07:00,cash,success,16884000.00,seed,2026-02-10T21:51:00+07:00,2026-02-10T21:51:00+07:00
PAY004311,ORD004769,2026-05-23T18:02:00+07:00,bank_transfer,success,8120000.00,seed,2026-05-23T18:02:00+07:00,2026-05-23T18:02:00+07:00
PAY004312,ORD004770,2026-03-30T04:19:00+07:00,cash,success,5686500.00,seed,2026-03-30T04:19:00+07:00,2026-03-30T04:19:00+07:00
PAY004313,ORD004771,2026-06-16T00:59:00+07:00,card,success,6431500.00,seed,2026-06-16T00:59:00+07:00,2026-06-16T00:59:00+07:00
PAY004314,ORD004772,2026-02-23T23:04:00+07:00,cash,success,30565000.00,seed,2026-02-23T23:04:00+07:00,2026-02-23T23:04:00+07:00
PAY004315,ORD004773,2026-02-05T23:04:00+07:00,e_wallet,success,6309000.00,seed,2026-02-05T23:04:00+07:00,2026-02-05T23:04:00+07:00
PAY004316,ORD004774,2026-05-14T20:08:00+07:00,e_wallet,success,19727000.00,seed,2026-05-14T20:08:00+07:00,2026-05-14T20:08:00+07:00
PAY004317,ORD004776,2026-05-06T21:49:00+07:00,bank_transfer,success,6770000.00,seed,2026-05-06T21:49:00+07:00,2026-05-06T21:49:00+07:00
PAY004318,ORD004778,2026-03-09T12:00:00+07:00,e_wallet,success,27770000.00,seed,2026-03-09T12:00:00+07:00,2026-03-09T12:00:00+07:00
PAY004319,ORD004779,2026-05-01T00:26:00+07:00,bank_transfer,success,12031000.00,seed,2026-05-01T00:26:00+07:00,2026-05-01T00:26:00+07:00
PAY004320,ORD004780,2026-05-02T22:49:00+07:00,bank_transfer,success,16701500.00,seed,2026-05-02T22:49:00+07:00,2026-05-02T22:49:00+07:00
PAY004321,ORD004781,2026-01-04T04:12:00+07:00,bank_transfer,success,9382500.00,seed,2026-01-04T04:12:00+07:00,2026-01-04T04:12:00+07:00
PAY004322,ORD004782,2026-01-29T01:44:00+07:00,cash,success,24704500.00,seed,2026-01-29T01:44:00+07:00,2026-01-29T01:44:00+07:00
PAY004323,ORD004783,2026-01-31T05:04:00+07:00,e_wallet,success,3950000.00,seed,2026-01-31T05:04:00+07:00,2026-01-31T05:04:00+07:00
PAY004324,ORD004785,2026-03-16T01:39:00+07:00,card,success,25438500.00,seed,2026-03-16T01:39:00+07:00,2026-03-16T01:39:00+07:00
PAY004325,ORD004786,2026-01-13T20:48:00+07:00,e_wallet,success,13989500.00,seed,2026-01-13T20:48:00+07:00,2026-01-13T20:48:00+07:00
PAY004326,ORD004787,2026-03-05T22:01:00+07:00,card,success,3240000.00,seed,2026-03-05T22:01:00+07:00,2026-03-05T22:01:00+07:00
PAY004327,ORD004788,2026-03-09T03:03:00+07:00,card,success,7353000.00,seed,2026-03-09T03:03:00+07:00,2026-03-09T03:03:00+07:00
PAY004328,ORD004789,2026-03-31T17:53:00+07:00,cash,success,11410000.00,seed,2026-03-31T17:53:00+07:00,2026-03-31T17:53:00+07:00
PAY004329,ORD004790,2026-05-05T15:50:00+07:00,card,success,8919000.00,seed,2026-05-05T15:50:00+07:00,2026-05-05T15:50:00+07:00
PAY004330,ORD004791,2026-04-29T05:50:00+07:00,e_wallet,success,11844000.00,seed,2026-04-29T05:50:00+07:00,2026-04-29T05:50:00+07:00
PAY004331,ORD004792,2026-05-29T19:35:00+07:00,cash,success,15156000.00,seed,2026-05-29T19:35:00+07:00,2026-05-29T19:35:00+07:00
PAY004332,ORD004793,2026-06-28T18:03:00+07:00,bank_transfer,success,1593000.00,seed,2026-06-28T18:03:00+07:00,2026-06-28T18:03:00+07:00
PAY004333,ORD004794,2026-06-17T04:51:00+07:00,card,success,18043000.00,seed,2026-06-17T04:51:00+07:00,2026-06-17T04:51:00+07:00
PAY004334,ORD004795,2026-05-06T19:33:00+07:00,cash,success,3800000.00,seed,2026-05-06T19:33:00+07:00,2026-05-06T19:33:00+07:00
PAY004335,ORD004797,2026-03-05T21:37:00+07:00,cash,success,332500.00,seed,2026-03-05T21:37:00+07:00,2026-03-05T21:37:00+07:00
PAY004336,ORD004798,2026-02-07T10:37:00+07:00,bank_transfer,failed,5582500.00,seed,2026-02-07T10:37:00+07:00,2026-02-07T10:37:00+07:00
PAY004337,ORD004799,2026-05-03T18:08:00+07:00,e_wallet,success,4533000.00,seed,2026-05-03T18:08:00+07:00,2026-05-03T18:08:00+07:00
PAY004338,ORD004800,2026-02-05T22:47:00+07:00,e_wallet,failed,15640000.00,seed,2026-02-05T22:47:00+07:00,2026-02-05T22:47:00+07:00
PAY004339,ORD004801,2026-05-20T18:30:00+07:00,card,success,16920000.00,seed,2026-05-20T18:30:00+07:00,2026-05-20T18:30:00+07:00
PAY004340,ORD004802,2026-02-12T23:09:00+07:00,bank_transfer,success,25403000.00,seed,2026-02-12T23:09:00+07:00,2026-02-12T23:09:00+07:00
PAY004341,ORD004803,2026-04-04T04:26:00+07:00,bank_transfer,success,25511000.00,seed,2026-04-04T04:26:00+07:00,2026-04-04T04:26:00+07:00
PAY004342,ORD004805,2026-04-24T23:40:00+07:00,cash,success,12118500.00,seed,2026-04-24T23:40:00+07:00,2026-04-24T23:40:00+07:00
PAY004343,ORD004806,2026-03-18T18:25:00+07:00,e_wallet,failed,11222500.00,seed,2026-03-18T18:25:00+07:00,2026-03-18T18:25:00+07:00
PAY004344,ORD004808,2026-02-19T03:47:00+07:00,card,success,7250000.00,seed,2026-02-19T03:47:00+07:00,2026-02-19T03:47:00+07:00
PAY004345,ORD004809,2026-01-30T06:57:00+07:00,bank_transfer,success,13347000.00,seed,2026-01-30T06:57:00+07:00,2026-01-30T06:57:00+07:00
PAY004346,ORD004810,2026-06-05T07:18:00+07:00,card,success,25368500.00,seed,2026-06-05T07:18:00+07:00,2026-06-05T07:18:00+07:00
PAY004347,ORD004811,2026-06-28T19:10:00+07:00,cash,success,33297000.00,seed,2026-06-28T19:10:00+07:00,2026-06-28T19:10:00+07:00
PAY004348,ORD004812,2026-06-01T19:21:00+07:00,cash,success,18909500.00,seed,2026-06-01T19:21:00+07:00,2026-06-01T19:21:00+07:00
PAY004349,ORD004813,2026-02-14T20:55:00+07:00,card,success,9653000.00,seed,2026-02-14T20:55:00+07:00,2026-02-14T20:55:00+07:00
PAY004350,ORD004814,2026-01-05T04:27:00+07:00,e_wallet,success,10500000.00,seed,2026-01-05T04:27:00+07:00,2026-01-05T04:27:00+07:00
PAY004351,ORD004815,2026-06-21T02:07:00+07:00,bank_transfer,failed,19136000.00,seed,2026-06-21T02:07:00+07:00,2026-06-21T02:07:00+07:00
PAY004352,ORD004817,2026-06-17T19:49:00+07:00,bank_transfer,success,24440000.00,seed,2026-06-17T19:49:00+07:00,2026-06-17T19:49:00+07:00
PAY004353,ORD004818,2026-02-21T19:39:00+07:00,cash,success,2761000.00,seed,2026-02-21T19:39:00+07:00,2026-02-21T19:39:00+07:00
PAY004354,ORD004819,2026-01-15T22:41:00+07:00,e_wallet,success,6885000.00,seed,2026-01-15T22:41:00+07:00,2026-01-15T22:41:00+07:00
PAY004355,ORD004820,2026-04-21T18:15:00+07:00,e_wallet,refunded,4785000.00,seed,2026-04-21T18:15:00+07:00,2026-04-21T18:15:00+07:00
PAY004356,ORD004821,2026-02-08T02:01:00+07:00,bank_transfer,success,7305500.00,seed,2026-02-08T02:01:00+07:00,2026-02-08T02:01:00+07:00
PAY004357,ORD004822,2026-03-28T18:09:00+07:00,card,success,7966000.00,seed,2026-03-28T18:09:00+07:00,2026-03-28T18:09:00+07:00
PAY004358,ORD004823,2026-04-27T15:35:00+07:00,card,success,10758000.00,seed,2026-04-27T15:35:00+07:00,2026-04-27T15:35:00+07:00
PAY004359,ORD004824,2026-04-05T23:38:00+07:00,bank_transfer,success,8903000.00,seed,2026-04-05T23:38:00+07:00,2026-04-05T23:38:00+07:00
PAY004360,ORD004825,2026-05-24T01:20:00+07:00,e_wallet,success,4860000.00,seed,2026-05-24T01:20:00+07:00,2026-05-24T01:20:00+07:00
PAY004361,ORD004826,2026-03-08T23:55:00+07:00,e_wallet,success,11490500.00,seed,2026-03-08T23:55:00+07:00,2026-03-08T23:55:00+07:00
PAY004362,ORD004827,2026-06-09T04:53:00+07:00,e_wallet,success,28505000.00,seed,2026-06-09T04:53:00+07:00,2026-06-09T04:53:00+07:00
PAY004363,ORD004828,2026-01-20T21:12:00+07:00,bank_transfer,success,425000.00,seed,2026-01-20T21:12:00+07:00,2026-01-20T21:12:00+07:00
PAY004364,ORD004830,2026-04-10T20:02:00+07:00,cash,success,7796500.00,seed,2026-04-10T20:02:00+07:00,2026-04-10T20:02:00+07:00
PAY004365,ORD004831,2026-02-09T23:35:00+07:00,e_wallet,success,14860000.00,seed,2026-02-09T23:35:00+07:00,2026-02-09T23:35:00+07:00
PAY004366,ORD004832,2026-04-10T19:51:00+07:00,e_wallet,success,14548000.00,seed,2026-04-10T19:51:00+07:00,2026-04-10T19:51:00+07:00
PAY004367,ORD004833,2026-02-26T17:27:00+07:00,bank_transfer,failed,2745500.00,seed,2026-02-26T17:27:00+07:00,2026-02-26T17:27:00+07:00
PAY004368,ORD004834,2026-01-30T11:41:00+07:00,cash,success,18995000.00,seed,2026-01-30T11:41:00+07:00,2026-01-30T11:41:00+07:00
PAY004369,ORD004835,2026-05-14T11:36:00+07:00,card,success,17294000.00,seed,2026-05-14T11:36:00+07:00,2026-05-14T11:36:00+07:00
PAY004370,ORD004836,2026-02-22T19:52:00+07:00,bank_transfer,success,5393500.00,seed,2026-02-22T19:52:00+07:00,2026-02-22T19:52:00+07:00
PAY004371,ORD004837,2026-06-02T18:26:00+07:00,e_wallet,success,17545000.00,seed,2026-06-02T18:26:00+07:00,2026-06-02T18:26:00+07:00
PAY004372,ORD004838,2026-04-10T19:17:00+07:00,bank_transfer,success,25411000.00,seed,2026-04-10T19:17:00+07:00,2026-04-10T19:17:00+07:00
PAY004373,ORD004839,2026-04-10T07:39:00+07:00,cash,success,11404000.00,seed,2026-04-10T07:39:00+07:00,2026-04-10T07:39:00+07:00
PAY004374,ORD004840,2026-06-14T22:05:00+07:00,e_wallet,success,4120000.00,seed,2026-06-14T22:05:00+07:00,2026-06-14T22:05:00+07:00
PAY004375,ORD004841,2026-05-29T13:52:00+07:00,cash,pending,25411500.00,seed,2026-05-29T13:52:00+07:00,2026-05-29T13:52:00+07:00
PAY004376,ORD004842,2026-03-10T22:53:00+07:00,e_wallet,success,5790000.00,seed,2026-03-10T22:53:00+07:00,2026-03-10T22:53:00+07:00
PAY004377,ORD004843,2026-06-28T19:47:00+07:00,e_wallet,success,5182500.00,seed,2026-06-28T19:47:00+07:00,2026-06-28T19:47:00+07:00
PAY004378,ORD004844,2026-02-21T18:48:00+07:00,cash,success,5214000.00,seed,2026-02-21T18:48:00+07:00,2026-02-21T18:48:00+07:00
PAY004379,ORD004845,2026-03-30T21:15:00+07:00,cash,success,21306000.00,seed,2026-03-30T21:15:00+07:00,2026-03-30T21:15:00+07:00
PAY004380,ORD004847,2026-06-20T14:11:00+07:00,cash,success,12877000.00,seed,2026-06-20T14:11:00+07:00,2026-06-20T14:11:00+07:00
PAY004381,ORD004848,2026-01-08T01:21:00+07:00,cash,success,1990000.00,seed,2026-01-08T01:21:00+07:00,2026-01-08T01:21:00+07:00
PAY004382,ORD004849,2026-01-03T18:26:00+07:00,cash,success,27027500.00,seed,2026-01-03T18:26:00+07:00,2026-01-03T18:26:00+07:00
PAY004383,ORD004851,2026-01-11T22:20:00+07:00,card,success,40732500.00,seed,2026-01-11T22:20:00+07:00,2026-01-11T22:20:00+07:00
PAY004384,ORD004852,2026-01-23T16:36:00+07:00,bank_transfer,success,14098500.00,seed,2026-01-23T16:36:00+07:00,2026-01-23T16:36:00+07:00
PAY004385,ORD004853,2026-02-11T03:57:00+07:00,e_wallet,success,6462000.00,seed,2026-02-11T03:57:00+07:00,2026-02-11T03:57:00+07:00
PAY004386,ORD004854,2026-01-05T18:29:00+07:00,e_wallet,success,15810000.00,seed,2026-01-05T18:29:00+07:00,2026-01-05T18:29:00+07:00
PAY004387,ORD004855,2026-01-22T12:49:00+07:00,cash,success,20646500.00,seed,2026-01-22T12:49:00+07:00,2026-01-22T12:49:00+07:00
PAY004388,ORD004857,2026-03-31T22:28:00+07:00,e_wallet,success,27835000.00,seed,2026-03-31T22:28:00+07:00,2026-03-31T22:28:00+07:00
PAY004389,ORD004858,2026-06-17T15:34:00+07:00,card,success,11841000.00,seed,2026-06-17T15:34:00+07:00,2026-06-17T15:34:00+07:00
PAY004390,ORD004859,2026-05-11T20:07:00+07:00,card,success,10871000.00,seed,2026-05-11T20:07:00+07:00,2026-05-11T20:07:00+07:00
PAY004391,ORD004860,2026-01-05T16:39:00+07:00,bank_transfer,success,8346000.00,seed,2026-01-05T16:39:00+07:00,2026-01-05T16:39:00+07:00
PAY004392,ORD004861,2026-03-12T01:42:00+07:00,card,success,7739000.00,seed,2026-03-12T01:42:00+07:00,2026-03-12T01:42:00+07:00
PAY004393,ORD004862,2026-02-12T01:01:00+07:00,e_wallet,success,25751000.00,seed,2026-02-12T01:01:00+07:00,2026-02-12T01:01:00+07:00
PAY004394,ORD004863,2026-02-13T19:48:00+07:00,cash,pending,15048000.00,seed,2026-02-13T19:48:00+07:00,2026-02-13T19:48:00+07:00
PAY004395,ORD004864,2026-04-13T22:58:00+07:00,card,success,7981000.00,seed,2026-04-13T22:58:00+07:00,2026-04-13T22:58:00+07:00
PAY004396,ORD004866,2026-06-10T14:25:00+07:00,card,success,25000500.00,seed,2026-06-10T14:25:00+07:00,2026-06-10T14:25:00+07:00
PAY004397,ORD004867,2026-01-06T02:28:00+07:00,card,success,11313500.00,seed,2026-01-06T02:28:00+07:00,2026-01-06T02:28:00+07:00
PAY004398,ORD004868,2026-03-10T20:03:00+07:00,cash,success,14280000.00,seed,2026-03-10T20:03:00+07:00,2026-03-10T20:03:00+07:00
PAY004399,ORD004869,2026-02-17T16:59:00+07:00,cash,success,9680500.00,seed,2026-02-17T16:59:00+07:00,2026-02-17T16:59:00+07:00
PAY004400,ORD004870,2026-03-11T17:59:00+07:00,cash,success,15970000.00,seed,2026-03-11T17:59:00+07:00,2026-03-11T17:59:00+07:00
PAY004401,ORD004871,2026-06-06T16:54:00+07:00,card,success,16926000.00,seed,2026-06-06T16:54:00+07:00,2026-06-06T16:54:00+07:00
PAY004402,ORD004872,2026-05-31T01:09:00+07:00,card,success,15328500.00,seed,2026-05-31T01:09:00+07:00,2026-05-31T01:09:00+07:00
PAY004403,ORD004875,2026-05-07T00:03:00+07:00,cash,success,13423500.00,seed,2026-05-07T00:03:00+07:00,2026-05-07T00:03:00+07:00
PAY004404,ORD004876,2026-01-06T22:51:00+07:00,card,success,23511000.00,seed,2026-01-06T22:51:00+07:00,2026-01-06T22:51:00+07:00
PAY004405,ORD004877,2026-06-24T05:58:00+07:00,e_wallet,success,17247500.00,seed,2026-06-24T05:58:00+07:00,2026-06-24T05:58:00+07:00
PAY004406,ORD004878,2026-02-26T17:49:00+07:00,card,success,12618000.00,seed,2026-02-26T17:49:00+07:00,2026-02-26T17:49:00+07:00
PAY004407,ORD004879,2026-02-26T12:39:00+07:00,bank_transfer,success,3937000.00,seed,2026-02-26T12:39:00+07:00,2026-02-26T12:39:00+07:00
PAY004408,ORD004880,2026-01-25T00:56:00+07:00,e_wallet,success,5880000.00,seed,2026-01-25T00:56:00+07:00,2026-01-25T00:56:00+07:00
PAY004409,ORD004881,2026-06-14T05:00:00+07:00,e_wallet,success,25121500.00,seed,2026-06-14T05:00:00+07:00,2026-06-14T05:00:00+07:00
PAY004410,ORD004882,2026-02-25T18:34:00+07:00,e_wallet,success,11831000.00,seed,2026-02-25T18:34:00+07:00,2026-02-25T18:34:00+07:00
PAY004411,ORD004883,2026-01-01T21:51:00+07:00,cash,success,10646500.00,seed,2026-01-01T21:51:00+07:00,2026-01-01T21:51:00+07:00
PAY004412,ORD004884,2026-05-30T14:31:00+07:00,card,success,7792500.00,seed,2026-05-30T14:31:00+07:00,2026-05-30T14:31:00+07:00
PAY004413,ORD004885,2026-05-25T21:17:00+07:00,e_wallet,success,10341000.00,seed,2026-05-25T21:17:00+07:00,2026-05-25T21:17:00+07:00
PAY004414,ORD004886,2026-04-15T02:14:00+07:00,e_wallet,success,16220000.00,seed,2026-04-15T02:14:00+07:00,2026-04-15T02:14:00+07:00
PAY004415,ORD004887,2026-02-08T06:39:00+07:00,bank_transfer,success,9282000.00,seed,2026-02-08T06:39:00+07:00,2026-02-08T06:39:00+07:00
PAY004416,ORD004888,2026-06-05T05:58:00+07:00,cash,success,2856000.00,seed,2026-06-05T05:58:00+07:00,2026-06-05T05:58:00+07:00
PAY004417,ORD004890,2026-06-10T20:18:00+07:00,cash,success,6999500.00,seed,2026-06-10T20:18:00+07:00,2026-06-10T20:18:00+07:00
PAY004418,ORD004891,2026-03-12T08:40:00+07:00,cash,success,4113500.00,seed,2026-03-12T08:40:00+07:00,2026-03-12T08:40:00+07:00
PAY004419,ORD004892,2026-05-30T22:31:00+07:00,cash,success,8401500.00,seed,2026-05-30T22:31:00+07:00,2026-05-30T22:31:00+07:00
PAY004420,ORD004893,2026-02-25T04:34:00+07:00,bank_transfer,success,15310000.00,seed,2026-02-25T04:34:00+07:00,2026-02-25T04:34:00+07:00
PAY004421,ORD004894,2026-01-23T20:18:00+07:00,e_wallet,refunded,5913000.00,seed,2026-01-23T20:18:00+07:00,2026-01-23T20:18:00+07:00
PAY004422,ORD004896,2026-06-26T04:41:00+07:00,card,success,13296000.00,seed,2026-06-26T04:41:00+07:00,2026-06-26T04:41:00+07:00
PAY004423,ORD004897,2026-02-11T23:39:00+07:00,bank_transfer,success,27995000.00,seed,2026-02-11T23:39:00+07:00,2026-02-11T23:39:00+07:00
PAY004424,ORD004898,2026-06-18T06:25:00+07:00,e_wallet,success,22273000.00,seed,2026-06-18T06:25:00+07:00,2026-06-18T06:25:00+07:00
PAY004425,ORD004899,2026-03-06T17:52:00+07:00,cash,failed,13860500.00,seed,2026-03-06T17:52:00+07:00,2026-03-06T17:52:00+07:00
PAY004426,ORD004900,2026-01-22T21:40:00+07:00,bank_transfer,success,6323500.00,seed,2026-01-22T21:40:00+07:00,2026-01-22T21:40:00+07:00
PAY004427,ORD004902,2026-01-27T17:31:00+07:00,bank_transfer,success,7879500.00,seed,2026-01-27T17:31:00+07:00,2026-01-27T17:31:00+07:00
PAY004428,ORD004903,2026-04-21T11:13:00+07:00,card,success,32857000.00,seed,2026-04-21T11:13:00+07:00,2026-04-21T11:13:00+07:00
PAY004429,ORD004904,2026-05-30T20:25:00+07:00,bank_transfer,success,5263000.00,seed,2026-05-30T20:25:00+07:00,2026-05-30T20:25:00+07:00
PAY004430,ORD004905,2026-02-07T01:55:00+07:00,bank_transfer,success,14050500.00,seed,2026-02-07T01:55:00+07:00,2026-02-07T01:55:00+07:00
PAY004431,ORD004906,2026-06-06T19:20:00+07:00,cash,success,4809500.00,seed,2026-06-06T19:20:00+07:00,2026-06-06T19:20:00+07:00
PAY004432,ORD004907,2026-01-17T01:14:00+07:00,e_wallet,success,22620000.00,seed,2026-01-17T01:14:00+07:00,2026-01-17T01:14:00+07:00
PAY004433,ORD004908,2026-02-02T19:51:00+07:00,cash,success,290000.00,seed,2026-02-02T19:51:00+07:00,2026-02-02T19:51:00+07:00
PAY004434,ORD004909,2026-04-26T20:56:00+07:00,bank_transfer,success,9540000.00,seed,2026-04-26T20:56:00+07:00,2026-04-26T20:56:00+07:00
PAY004435,ORD004910,2026-06-14T22:19:00+07:00,bank_transfer,success,2060000.00,seed,2026-06-14T22:19:00+07:00,2026-06-14T22:19:00+07:00
PAY004436,ORD004911,2026-05-20T19:38:00+07:00,card,success,17255000.00,seed,2026-05-20T19:38:00+07:00,2026-05-20T19:38:00+07:00
PAY004437,ORD004913,2026-01-12T23:38:00+07:00,bank_transfer,success,19260000.00,seed,2026-01-12T23:38:00+07:00,2026-01-12T23:38:00+07:00
PAY004438,ORD004914,2026-03-26T05:16:00+07:00,card,success,15400000.00,seed,2026-03-26T05:16:00+07:00,2026-03-26T05:16:00+07:00
PAY004439,ORD004915,2026-06-23T17:04:00+07:00,bank_transfer,success,3502000.00,seed,2026-06-23T17:04:00+07:00,2026-06-23T17:04:00+07:00
PAY004440,ORD004916,2026-05-30T14:15:00+07:00,card,success,11641500.00,seed,2026-05-30T14:15:00+07:00,2026-05-30T14:15:00+07:00
PAY004441,ORD004917,2026-05-01T15:03:00+07:00,bank_transfer,success,15900000.00,seed,2026-05-01T15:03:00+07:00,2026-05-01T15:03:00+07:00
PAY004442,ORD004918,2026-03-27T10:22:00+07:00,cash,success,19830000.00,seed,2026-03-27T10:22:00+07:00,2026-03-27T10:22:00+07:00
PAY004443,ORD004919,2026-02-21T21:00:00+07:00,e_wallet,success,29270500.00,seed,2026-02-21T21:00:00+07:00,2026-02-21T21:00:00+07:00
PAY004444,ORD004920,2026-03-21T01:28:00+07:00,cash,success,6011000.00,seed,2026-03-21T01:28:00+07:00,2026-03-21T01:28:00+07:00
PAY004445,ORD004921,2026-02-18T15:52:00+07:00,cash,success,7560000.00,seed,2026-02-18T15:52:00+07:00,2026-02-18T15:52:00+07:00
PAY004446,ORD004922,2026-03-27T04:10:00+07:00,bank_transfer,success,17652000.00,seed,2026-03-27T04:10:00+07:00,2026-03-27T04:10:00+07:00
PAY004447,ORD004923,2026-04-16T15:38:00+07:00,e_wallet,success,15757500.00,seed,2026-04-16T15:38:00+07:00,2026-04-16T15:38:00+07:00
PAY004448,ORD004924,2026-02-12T01:49:00+07:00,bank_transfer,success,4404000.00,seed,2026-02-12T01:49:00+07:00,2026-02-12T01:49:00+07:00
PAY004449,ORD004925,2026-05-23T07:28:00+07:00,bank_transfer,success,19407000.00,seed,2026-05-23T07:28:00+07:00,2026-05-23T07:28:00+07:00
PAY004450,ORD004926,2026-01-09T23:14:00+07:00,bank_transfer,success,8206000.00,seed,2026-01-09T23:14:00+07:00,2026-01-09T23:14:00+07:00
PAY004451,ORD004927,2026-05-28T04:11:00+07:00,cash,success,13259000.00,seed,2026-05-28T04:11:00+07:00,2026-05-28T04:11:00+07:00
PAY004452,ORD004929,2026-01-06T00:28:00+07:00,bank_transfer,success,3730000.00,seed,2026-01-06T00:28:00+07:00,2026-01-06T00:28:00+07:00
PAY004453,ORD004930,2026-03-01T22:12:00+07:00,e_wallet,success,41141500.00,seed,2026-03-01T22:12:00+07:00,2026-03-01T22:12:00+07:00
PAY004454,ORD004931,2026-02-03T20:46:00+07:00,e_wallet,success,12193000.00,seed,2026-02-03T20:46:00+07:00,2026-02-03T20:46:00+07:00
PAY004455,ORD004932,2026-01-17T04:51:00+07:00,card,success,21215500.00,seed,2026-01-17T04:51:00+07:00,2026-01-17T04:51:00+07:00
PAY004456,ORD004933,2026-01-19T15:48:00+07:00,bank_transfer,success,26231000.00,seed,2026-01-19T15:48:00+07:00,2026-01-19T15:48:00+07:00
PAY004457,ORD004934,2026-04-13T13:13:00+07:00,cash,success,7416000.00,seed,2026-04-13T13:13:00+07:00,2026-04-13T13:13:00+07:00
PAY004458,ORD004935,2026-03-30T23:44:00+07:00,card,success,8113500.00,seed,2026-03-30T23:44:00+07:00,2026-03-30T23:44:00+07:00
PAY004459,ORD004936,2026-06-14T00:25:00+07:00,e_wallet,failed,8727500.00,seed,2026-06-14T00:25:00+07:00,2026-06-14T00:25:00+07:00
PAY004460,ORD004937,2026-05-07T15:02:00+07:00,e_wallet,success,10192500.00,seed,2026-05-07T15:02:00+07:00,2026-05-07T15:02:00+07:00
PAY004461,ORD004938,2026-01-03T17:58:00+07:00,card,success,920000.00,seed,2026-01-03T17:58:00+07:00,2026-01-03T17:58:00+07:00
PAY004462,ORD004939,2026-02-22T17:21:00+07:00,cash,success,12052500.00,seed,2026-02-22T17:21:00+07:00,2026-02-22T17:21:00+07:00
PAY004463,ORD004941,2026-04-07T08:30:00+07:00,cash,success,21856000.00,seed,2026-04-07T08:30:00+07:00,2026-04-07T08:30:00+07:00
PAY004464,ORD004942,2026-01-18T13:18:00+07:00,card,success,15492000.00,seed,2026-01-18T13:18:00+07:00,2026-01-18T13:18:00+07:00
PAY004465,ORD004943,2026-05-22T01:29:00+07:00,cash,success,19642500.00,seed,2026-05-22T01:29:00+07:00,2026-05-22T01:29:00+07:00
PAY004466,ORD004944,2026-01-16T22:57:00+07:00,e_wallet,success,4771000.00,seed,2026-01-16T22:57:00+07:00,2026-01-16T22:57:00+07:00
PAY004467,ORD004945,2026-01-17T02:50:00+07:00,bank_transfer,success,16200500.00,seed,2026-01-17T02:50:00+07:00,2026-01-17T02:50:00+07:00
PAY004468,ORD004946,2026-01-17T14:36:00+07:00,e_wallet,success,17152000.00,seed,2026-01-17T14:36:00+07:00,2026-01-17T14:36:00+07:00
PAY004469,ORD004947,2026-02-16T03:09:00+07:00,card,success,6774500.00,seed,2026-02-16T03:09:00+07:00,2026-02-16T03:09:00+07:00
PAY004470,ORD004948,2026-03-25T02:26:00+07:00,card,success,7794000.00,seed,2026-03-25T02:26:00+07:00,2026-03-25T02:26:00+07:00
PAY004471,ORD004949,2026-04-08T17:19:00+07:00,e_wallet,success,7047000.00,seed,2026-04-08T17:19:00+07:00,2026-04-08T17:19:00+07:00
PAY004472,ORD004950,2026-03-17T15:18:00+07:00,e_wallet,pending,11040000.00,seed,2026-03-17T15:18:00+07:00,2026-03-17T15:18:00+07:00
PAY004473,ORD004951,2026-06-19T02:01:00+07:00,e_wallet,success,7258000.00,seed,2026-06-19T02:01:00+07:00,2026-06-19T02:01:00+07:00
PAY004474,ORD004952,2026-03-20T01:46:00+07:00,e_wallet,success,14922000.00,seed,2026-03-20T01:46:00+07:00,2026-03-20T01:46:00+07:00
PAY004475,ORD004953,2026-06-07T02:10:00+07:00,e_wallet,success,9964000.00,seed,2026-06-07T02:10:00+07:00,2026-06-07T02:10:00+07:00
PAY004476,ORD004954,2026-01-29T01:10:00+07:00,cash,success,18224500.00,seed,2026-01-29T01:10:00+07:00,2026-01-29T01:10:00+07:00
PAY004477,ORD004955,2026-02-20T00:05:00+07:00,cash,success,10142000.00,seed,2026-02-20T00:05:00+07:00,2026-02-20T00:05:00+07:00
PAY004478,ORD004956,2026-05-08T21:36:00+07:00,e_wallet,success,7708000.00,seed,2026-05-08T21:36:00+07:00,2026-05-08T21:36:00+07:00
PAY004479,ORD004957,2026-01-20T08:51:00+07:00,bank_transfer,success,25437000.00,seed,2026-01-20T08:51:00+07:00,2026-01-20T08:51:00+07:00
PAY004480,ORD004958,2026-06-03T03:58:00+07:00,card,success,12789000.00,seed,2026-06-03T03:58:00+07:00,2026-06-03T03:58:00+07:00
PAY004481,ORD004959,2026-04-09T00:46:00+07:00,bank_transfer,success,950000.00,seed,2026-04-09T00:46:00+07:00,2026-04-09T00:46:00+07:00
PAY004482,ORD004960,2026-02-11T19:52:00+07:00,bank_transfer,success,19689000.00,seed,2026-02-11T19:52:00+07:00,2026-02-11T19:52:00+07:00
PAY004483,ORD004961,2026-03-09T22:06:00+07:00,card,success,14460000.00,seed,2026-03-09T22:06:00+07:00,2026-03-09T22:06:00+07:00
PAY004484,ORD004962,2026-01-13T02:49:00+07:00,bank_transfer,success,23290000.00,seed,2026-01-13T02:49:00+07:00,2026-01-13T02:49:00+07:00
PAY004485,ORD004963,2026-05-16T20:04:00+07:00,card,success,11803500.00,seed,2026-05-16T20:04:00+07:00,2026-05-16T20:04:00+07:00
PAY004486,ORD004965,2026-06-22T04:36:00+07:00,e_wallet,success,17632000.00,seed,2026-06-22T04:36:00+07:00,2026-06-22T04:36:00+07:00
PAY004487,ORD004966,2026-03-11T22:04:00+07:00,card,success,5439500.00,seed,2026-03-11T22:04:00+07:00,2026-03-11T22:04:00+07:00
PAY004488,ORD004967,2026-04-28T22:14:00+07:00,card,success,14949000.00,seed,2026-04-28T22:14:00+07:00,2026-04-28T22:14:00+07:00
PAY004489,ORD004968,2026-01-25T19:24:00+07:00,e_wallet,success,26684500.00,seed,2026-01-25T19:24:00+07:00,2026-01-25T19:24:00+07:00
PAY004490,ORD004969,2026-05-09T04:14:00+07:00,e_wallet,pending,7182000.00,seed,2026-05-09T04:14:00+07:00,2026-05-09T04:14:00+07:00
PAY004491,ORD004970,2026-01-06T03:33:00+07:00,e_wallet,success,6180000.00,seed,2026-01-06T03:33:00+07:00,2026-01-06T03:33:00+07:00
PAY004492,ORD004971,2026-05-15T20:52:00+07:00,bank_transfer,success,17912000.00,seed,2026-05-15T20:52:00+07:00,2026-05-15T20:52:00+07:00
PAY004493,ORD004972,2026-04-01T00:48:00+07:00,cash,success,27298000.00,seed,2026-04-01T00:48:00+07:00,2026-04-01T00:48:00+07:00
PAY004494,ORD004976,2026-03-05T03:57:00+07:00,card,success,3620000.00,seed,2026-03-05T03:57:00+07:00,2026-03-05T03:57:00+07:00
PAY004495,ORD004977,2026-05-26T02:26:00+07:00,cash,success,14587000.00,seed,2026-05-26T02:26:00+07:00,2026-05-26T02:26:00+07:00
PAY004496,ORD004978,2026-02-21T21:58:00+07:00,e_wallet,pending,14677000.00,seed,2026-02-21T21:58:00+07:00,2026-02-21T21:58:00+07:00
PAY004497,ORD004980,2026-01-09T15:42:00+07:00,e_wallet,success,433500.00,seed,2026-01-09T15:42:00+07:00,2026-01-09T15:42:00+07:00
PAY004498,ORD004981,2026-05-27T01:08:00+07:00,e_wallet,success,8046500.00,seed,2026-05-27T01:08:00+07:00,2026-05-27T01:08:00+07:00
PAY004499,ORD004982,2026-06-29T03:39:00+07:00,cash,success,7333500.00,seed,2026-06-29T03:39:00+07:00,2026-06-29T03:39:00+07:00
PAY004500,ORD004983,2026-02-01T01:13:00+07:00,cash,success,15046000.00,seed,2026-02-01T01:13:00+07:00,2026-02-01T01:13:00+07:00
PAY004501,ORD004984,2026-02-26T16:33:00+07:00,bank_transfer,success,9998500.00,seed,2026-02-26T16:33:00+07:00,2026-02-26T16:33:00+07:00
PAY004502,ORD004985,2026-03-01T01:16:00+07:00,e_wallet,success,1444000.00,seed,2026-03-01T01:16:00+07:00,2026-03-01T01:16:00+07:00
PAY004503,ORD004986,2026-03-22T02:21:00+07:00,card,success,29478000.00,seed,2026-03-22T02:21:00+07:00,2026-03-22T02:21:00+07:00
PAY004504,ORD004987,2026-04-05T20:56:00+07:00,bank_transfer,success,16942500.00,seed,2026-04-05T20:56:00+07:00,2026-04-05T20:56:00+07:00
PAY004505,ORD004988,2026-03-01T02:00:00+07:00,e_wallet,success,22369000.00,seed,2026-03-01T02:00:00+07:00,2026-03-01T02:00:00+07:00
PAY004506,ORD004989,2026-06-03T17:01:00+07:00,cash,success,3760500.00,seed,2026-06-03T17:01:00+07:00,2026-06-03T17:01:00+07:00
PAY004507,ORD004990,2026-06-19T15:21:00+07:00,bank_transfer,success,4240000.00,seed,2026-06-19T15:21:00+07:00,2026-06-19T15:21:00+07:00
PAY004508,ORD004991,2026-02-07T13:42:00+07:00,card,success,9254000.00,seed,2026-02-07T13:42:00+07:00,2026-02-07T13:42:00+07:00
PAY004509,ORD004992,2026-03-20T15:52:00+07:00,e_wallet,success,18602500.00,seed,2026-03-20T15:52:00+07:00,2026-03-20T15:52:00+07:00
PAY004510,ORD004993,2026-02-02T20:10:00+07:00,e_wallet,pending,17095500.00,seed,2026-02-02T20:10:00+07:00,2026-02-02T20:10:00+07:00
PAY004511,ORD004994,2026-05-29T00:07:00+07:00,e_wallet,success,12347500.00,seed,2026-05-29T00:07:00+07:00,2026-05-29T00:07:00+07:00
PAY004512,ORD004995,2026-01-15T16:16:00+07:00,cash,success,7456000.00,seed,2026-01-15T16:16:00+07:00,2026-01-15T16:16:00+07:00
PAY004513,ORD004996,2026-02-10T20:10:00+07:00,cash,success,18350000.00,seed,2026-02-10T20:10:00+07:00,2026-02-10T20:10:00+07:00
PAY004514,ORD004997,2026-04-21T22:28:00+07:00,cash,success,15625000.00,seed,2026-04-21T22:28:00+07:00,2026-04-21T22:28:00+07:00
PAY004515,ORD004998,2026-01-10T19:52:00+07:00,bank_transfer,success,11717500.00,seed,2026-01-10T19:52:00+07:00,2026-01-10T19:52:00+07:00
PAY004516,ORD004999,2026-01-27T19:51:00+07:00,e_wallet,success,10882000.00,seed,2026-01-27T19:51:00+07:00,2026-01-27T19:51:00+07:00
PAY004517,ORD005000,2026-04-28T18:22:00+07:00,e_wallet,success,6697500.00,seed,2026-04-28T18:22:00+07:00,2026-04-28T18:22:00+07:00
